statistic,label,family,source,axis,normal_mode_axis,sides,question,line_at,place,km_from_population,toward,closest_other,closest_km,n_within_min_gap,within_min_gap
census-carers-50h,Carers giving 50+ hours a week,Health & care,unified_census,ns,ns,North/South,Find the line that puts 50% of people giving 50 or more hours of unpaid care a week north of it,52.60°N,Walsall,20,North,census-job-operatives,0,28,census-cars-none census-commute-car census-health-verybad census-heat-gas census-heat-renewable census-home-detached census-home-semi census-home-terraced census-job-operatives census-job-trades census-qual-apprentice census-qual-none census-sick census-tenure-outright census-tenure-social ge24-labour ge24-nonvoters ge24-reform hmrc-pension osm-chippies osm-greggs osm-iceland osm-lidl osm-mcdonalds osm-pubs osm-stations osm-wetherspoon repd-battery
census-cars-3plus,Households with 3+ cars,Owning & renting,unified_census,ns,ns,North/South,Find the line that puts 50% of households with three or more cars or vans north of it,52.33°N,Stratford-on-Avon,11,South,census-heat-bottled,1,16,census-cars-none census-commute-foot census-heat-bottled census-heat-gas census-job-trades census-population census-qual-degree census-tenure-private ge24-reform hmrc-employed hmrc-taxpayers osm-breweries osm-starbucks osm-wetherspoon osm-windmills pop-all
census-cars-none,Households with no car,Owning & renting,unified_census,ns,ns,North/South,Find the line that puts 50% of households with no car or van north of it,52.47°N,Birmingham,6,North,osm-wetherspoon,0,33,census-carers-50h census-cars-3plus census-commute-car census-commute-foot census-heat-bottled census-heat-gas census-heat-renewable census-home-detached census-home-semi census-home-terraced census-job-operatives census-job-trades census-population census-qual-none census-tenure-outright census-tenure-social ge24-labour ge24-nonvoters ge24-reform hmrc-employed hmrc-pension hmrc-taxpayers osm-breweries osm-iceland osm-lidl osm-mcdonalds osm-pubs osm-starbucks osm-stations osm-wetherspoon osm-windmills pop-all repd-battery
census-commute-bike,Commuters by bicycle,Getting to work,unified_census,ns,ns,North/South,Find the line that puts 50% of people who cycle to work north of it,51.93°N,Tendring,55,South,census-job-managers,2,13,census-heat-electric census-home-caravan census-hours-49plus census-job-managers census-work-from-home ge24-con ge24-green hmrc-higher-rate hmrc-self-employed osm-costa osm-mands osm-tesco repd-solar
census-commute-car,Commuters by car or van,Getting to work,unified_census,ns,ns,North/South,Find the line that puts 50% of people who drive to work north of it,52.57°N,South Norfolk,17,North,census-heat-renewable,0,30,census-carers-50h census-cars-none census-health-verybad census-heat-gas census-heat-renewable census-home-detached census-home-semi census-home-terraced census-job-operatives census-job-trades census-population census-qual-apprentice census-qual-none census-tenure-outright census-tenure-social ge24-labour ge24-nonvoters ge24-reform hmrc-pension osm-breweries osm-chippies osm-greggs osm-iceland osm-lidl osm-mcdonalds osm-pubs osm-stations osm-wetherspoon pop-all repd-battery
census-commute-foot,Commuters on foot,Getting to work,unified_census,ns,ns,North/South,Find the line that puts 50% of people who walk to work north of it,52.40°N,North Northamptonshire,3,South,osm-starbucks,1,28,census-cars-3plus census-cars-none census-heat-bottled census-heat-gas census-home-detached census-home-terraced census-job-trades census-population census-qual-none census-tenure-outright census-tenure-social ge24-labour ge24-nonvoters ge24-reform hmrc-employed hmrc-pension hmrc-taxpayers osm-breweries osm-iceland osm-lidl osm-mcdonalds osm-pubs osm-starbucks osm-stations osm-wetherspoon osm-windmills pop-all repd-battery
census-commute-metro,"Commuters by underground, metro or tram",Getting to work,unified_census,ns,ns,North/South,"Find the line that puts 50% of people who commute by underground, metro or tram north of it",51.54°N,Newham,98,South,census-home-converted,0,8,census-commute-motorbike census-commute-train census-home-converted ge24-libdem hmrc-additional-rate hmrc-tax-amount osm-pret osm-waitrose
census-commute-motorbike,Commuters by motorbike or moped,Getting to work,unified_census,ns,ns,North/South,Find the line that puts 50% of people who ride a motorbike or moped to work north of it,51.61°N,Harrow,90,South,ge24-libdem,1,12,census-commute-metro census-commute-train census-home-commercial census-home-converted census-home-flat ge24-libdem hmrc-additional-rate hmrc-tax-amount osm-nandos osm-pret osm-sainsburys osm-waitrose
census-commute-taxi,Commuters by taxi,Getting to work,unified_census,ns,ns,North/South,Find the line that puts 50% of people who get to work by taxi north of it,52.98°N,Stoke-on-Trent,63,North,osm-aldi,2,4,census-heat-oil census-heat-wood osm-aldi osm-morrisons
census-commute-train,Commuters by train,Getting to work,unified_census,ns,ns,North/South,Find the line that puts 50% of people who commute by train north of it,51.56°N,Barking and Dagenham,96,South,hmrc-additional-rate,1,8,census-commute-metro census-commute-motorbike census-home-converted ge24-libdem hmrc-additional-rate hmrc-tax-amount osm-pret osm-waitrose
census-health-verybad,Very bad health,Health & care,unified_census,ns,ns,North/South,Find the line that puts 50% of people in very bad health north of it,52.67°N,Leicester,28,North,census-qual-apprentice,1,20,census-carers-50h census-commute-car census-heat-renewable census-home-detached census-home-semi census-job-operatives census-qual-apprentice census-qual-none census-sick census-tenure-outright census-tenure-social ge24-labour ge24-nonvoters osm-chippies osm-golf osm-greggs osm-iceland osm-mcdonalds repd-battery repd-solar-pipeline
census-heat-bottled,Homes heated only by tank or bottled gas,Heating,unified_census,ns,ns,North/South,Find the line that puts 50% of homes heated only by tank or bottled gas north of it,52.34°N,Warwick,10,South,census-cars-3plus,1,19,census-cars-3plus census-cars-none census-commute-foot census-heat-gas census-home-terraced census-job-trades census-population census-qual-degree census-tenure-private ge24-reform hmrc-employed hmrc-pension hmrc-taxpayers osm-breweries osm-pubs osm-starbucks osm-wetherspoon osm-windmills pop-all
census-heat-electric,Homes heated only by electricity,Heating,unified_census,ns,ns,North/South,Find the line that puts 50% of homes heated only by electricity north of it,51.90°N,Cheltenham,58,South,osm-tesco,1,17,census-commute-bike census-home-caravan census-home-commercial census-home-flat census-hours-49plus census-job-managers census-work-from-home ge24-con ge24-green hmrc-higher-rate hmrc-self-employed osm-costa osm-mands osm-nandos osm-sainsburys osm-tesco repd-solar
census-heat-gas,Homes heated only by mains gas,Heating,unified_census,ns,ns,North/South,Find the line that puts 50% of homes heated only by mains gas north of it,52.48°N,Sandwell,6,North,osm-wetherspoon,0,34,census-carers-50h census-cars-3plus census-cars-none census-commute-car census-commute-foot census-heat-bottled census-heat-renewable census-home-detached census-home-semi census-home-terraced census-job-operatives census-job-trades census-population census-qual-none census-tenure-outright census-tenure-social ge24-labour ge24-nonvoters ge24-reform hmrc-employed hmrc-pension hmrc-taxpayers osm-breweries osm-chippies osm-iceland osm-lidl osm-mcdonalds osm-pubs osm-starbucks osm-stations osm-wetherspoon osm-windmills pop-all repd-battery
census-heat-oil,Homes heated only by oil,Heating,unified_census,ns,ns,North/South,Find the line that puts 50% of homes heated only by oil north of it,53.00°N,Boston,65,North,census-commute-taxi,2,4,census-commute-taxi census-heat-wood osm-aldi osm-morrisons
census-heat-renewable,Homes heated only by renewables,Heating,unified_census,ns,ns,North/South,Find the line that puts 50% of homes heated only by renewable energy north of it,52.57°N,South Norfolk,17,North,census-commute-car,0,30,census-carers-50h census-cars-none census-commute-car census-health-verybad census-heat-gas census-home-detached census-home-semi census-home-terraced census-job-operatives census-job-trades census-population census-qual-apprentice census-qual-none census-tenure-outright census-tenure-social ge24-labour ge24-nonvoters ge24-reform hmrc-pension osm-breweries osm-chippies osm-greggs osm-iceland osm-lidl osm-mcdonalds osm-pubs osm-stations osm-wetherspoon pop-all repd-battery
census-heat-solid,Homes heated only by solid fuel,Heating,unified_census,ns,ns,North/South,"Find the line that puts 50% of homes heated only by solid fuel (coal, peat) north of it",53.27°N,Bolsover,94,North,census-heat-oil,30,0,
census-heat-wood,Homes heated only by wood,Heating,unified_census,ns,ns,North/South,Find the line that puts 50% of homes heated only by wood north of it,52.93°N,Gwynedd,56,North,osm-morrisons,0,6,census-commute-taxi census-heat-oil osm-aldi osm-golf osm-morrisons repd-solar-pipeline
census-home-caravan,Households in a caravan or mobile home,Homes,unified_census,ns,ns,North/South,Find the line that puts 50% of households living in a caravan or mobile home north of it,51.82°N,Tendring,67,South,repd-solar,2,13,census-commute-bike census-heat-electric census-home-commercial census-home-flat census-job-managers census-work-from-home hmrc-higher-rate hmrc-self-employed osm-mands osm-nandos osm-sainsburys osm-tesco repd-solar
census-home-commercial,Households in a commercial building,Homes,unified_census,ns,ns,North/South,"Find the line that puts 50% of households living above a shop, in an office building or hotel north of it",51.75°N,St Albans,75,South,osm-sainsburys,0,15,census-commute-motorbike census-heat-electric census-home-caravan census-home-flat census-job-managers census-work-from-home ge24-libdem hmrc-higher-rate hmrc-self-employed hmrc-tax-amount osm-mands osm-nandos osm-sainsburys osm-tesco repd-solar
census-home-converted,Households in converted or shared houses,Homes,unified_census,ns,ns,North/South,"Find the line that puts 50% of households in converted or shared houses, including bedsits north of it",51.55°N,Camden,97,South,census-commute-metro,0,8,census-commute-metro census-commute-motorbike census-commute-train ge24-libdem hmrc-additional-rate hmrc-tax-amount osm-pret osm-waitrose
census-home-detached,Households in detached houses,Homes,unified_census,ns,ns,North/South,Find the line that puts 50% of households in a detached house north of it,52.54°N,Shropshire,13,North,ge24-labour,0,32,census-carers-50h census-cars-none census-commute-car census-commute-foot census-health-verybad census-heat-gas census-heat-renewable census-home-semi census-home-terraced census-job-operatives census-job-trades census-population census-qual-apprentice census-qual-none census-tenure-outright census-tenure-social ge24-labour ge24-nonvoters ge24-reform hmrc-pension osm-breweries osm-chippies osm-greggs osm-iceland osm-lidl osm-mcdonalds osm-pubs osm-starbucks osm-stations osm-wetherspoon pop-all repd-battery
census-home-flat,Households in purpose-built flats,Homes,unified_census,ns,ns,North/South,Find the line that puts 50% of households in a purpose-built block of flats north of it,51.76°N,Welwyn Hatfield,73,South,census-home-commercial,2,15,census-commute-motorbike census-heat-electric census-home-caravan census-home-commercial census-job-managers census-work-from-home ge24-libdem hmrc-higher-rate hmrc-self-employed hmrc-tax-amount osm-mands osm-nandos osm-sainsburys osm-tesco repd-solar
census-home-semi,Households in semi-detached houses,Homes,unified_census,ns,ns,North/South,Find the line that puts 50% of households in a semi-detached house north of it,52.63°N,Blaby,23,North,osm-chippies,2,28,census-carers-50h census-cars-none census-commute-car census-health-verybad census-heat-gas census-heat-renewable census-home-detached census-home-terraced census-job-operatives census-job-trades census-qual-apprentice census-qual-none census-sick census-tenure-outright census-tenure-social ge24-labour ge24-nonvoters ge24-reform hmrc-pension osm-chippies osm-greggs osm-iceland osm-lidl osm-mcdonalds osm-pubs osm-stations osm-wetherspoon repd-battery
census-home-terraced,Households in terraced houses,Homes,unified_census,ns,ns,North/South,Find the line that puts 50% of households in a terraced house north of it,52.49°N,East Suffolk,7,North,osm-pubs,0,33,census-carers-50h census-cars-none census-commute-car census-commute-foot census-heat-bottled census-heat-gas census-heat-renewable census-home-detached census-home-semi census-job-operatives census-job-trades census-population census-qual-none census-tenure-outright census-tenure-social ge24-labour ge24-nonvoters ge24-reform hmrc-employed hmrc-pension hmrc-taxpayers osm-breweries osm-chippies osm-iceland osm-lidl osm-mcdonalds osm-pubs osm-starbucks osm-stations osm-wetherspoon osm-windmills pop-all repd-battery
census-hours-49plus,People working 49+ hours a week,Work & qualifications,unified_census,ns,ns,North/South,Find the line that puts 50% of people working 49 or more hours a week north of it,52.04°N,West Northamptonshire,42,South,osm-costa,2,9,census-commute-bike census-heat-electric census-job-managers census-tenure-private ge24-con ge24-green hmrc-self-employed osm-costa osm-tesco
census-job-managers,"Managers, directors and senior officials",Work & qualifications,unified_census,ns,ns,North/South,"Find the line that puts 50% of managers, directors and senior officials north of it",51.91°N,Cherwell,57,South,osm-tesco,0,16,census-commute-bike census-heat-electric census-home-caravan census-home-commercial census-home-flat census-hours-49plus census-work-from-home ge24-con ge24-green hmrc-higher-rate hmrc-self-employed osm-costa osm-mands osm-sainsburys osm-tesco repd-solar
census-job-operatives,"Process, plant and machine operatives",Work & qualifications,unified_census,ns,ns,North/South,"Find the line that puts 50% of process, plant and machine operatives north of it",52.60°N,Great Yarmouth,20,North,census-carers-50h,0,28,census-carers-50h census-cars-none census-commute-car census-health-verybad census-heat-gas census-heat-renewable census-home-detached census-home-semi census-home-terraced census-job-trades census-qual-apprentice census-qual-none census-sick census-tenure-outright census-tenure-social ge24-labour ge24-nonvoters ge24-reform hmrc-pension osm-chippies osm-greggs osm-iceland osm-lidl osm-mcdonalds osm-pubs osm-stations osm-wetherspoon repd-battery
census-job-trades,Skilled trades,Work & qualifications,unified_census,ns,ns,North/South,Find the line that puts 50% of people working in skilled trades north of it,52.47°N,Dudley,5,North,census-cars-none,0,33,census-carers-50h census-cars-3plus census-cars-none census-commute-car census-commute-foot census-heat-bottled census-heat-gas census-heat-renewable census-home-detached census-home-semi census-home-terraced census-job-operatives census-population census-qual-none census-tenure-outright census-tenure-social ge24-labour ge24-nonvoters ge24-reform hmrc-employed hmrc-pension hmrc-taxpayers osm-breweries osm-iceland osm-lidl osm-mcdonalds osm-pubs osm-starbucks osm-stations osm-wetherspoon osm-windmills pop-all repd-battery
census-population,Usual residents (census),Population,unified_census,ns,ns,North/South,Find the line that puts 50% of the UK's residents north of it,52.42°N,North Northamptonshire,0,,pop-all,0,30,census-cars-3plus census-cars-none census-commute-car census-commute-foot census-heat-bottled census-heat-gas census-heat-renewable census-home-detached census-home-terraced census-job-trades census-qual-none census-tenure-outright census-tenure-social ge24-labour ge24-nonvoters ge24-reform hmrc-employed hmrc-pension hmrc-taxpayers osm-breweries osm-iceland osm-lidl osm-mcdonalds osm-pubs osm-starbucks osm-stations osm-wetherspoon osm-windmills pop-all repd-battery
census-qual-apprentice,Apprenticeships,Work & qualifications,unified_census,ns,ns,North/South,Find the line that puts 50% of people whose highest qualification is an apprenticeship north of it,52.66°N,Broadland,26,North,osm-greggs,0,22,census-carers-50h census-commute-car census-health-verybad census-heat-renewable census-home-detached census-home-semi census-job-operatives census-qual-none census-sick census-tenure-outright census-tenure-social ge24-labour ge24-nonvoters osm-chippies osm-golf osm-greggs osm-iceland osm-lidl osm-mcdonalds osm-stations repd-battery repd-solar-pipeline
census-qual-degree,Degree-level qualifications,Work & qualifications,unified_census,ns,ns,North/South,Find the line that puts 50% of people with a degree-level qualification or above north of it,52.20°N,Cambridge,24,South,census-tenure-private,2,7,census-cars-3plus census-heat-bottled census-tenure-private hmrc-employed hmrc-taxpayers osm-costa osm-windmills
census-qual-none,No qualifications,Work & qualifications,unified_census,ns,ns,North/South,Find the line that puts 50% of adults with no qualifications north of it,52.55°N,Sandwell,15,North,repd-battery,0,31,census-carers-50h census-cars-none census-commute-car census-commute-foot census-health-verybad census-heat-gas census-heat-renewable census-home-detached census-home-semi census-home-terraced census-job-operatives census-job-trades census-population census-qual-apprentice census-tenure-outright census-tenure-social ge24-labour ge24-nonvoters ge24-reform hmrc-pension osm-breweries osm-chippies osm-greggs osm-iceland osm-lidl osm-mcdonalds osm-pubs osm-stations osm-wetherspoon pop-all repd-battery
census-sick,Long-term sick or disabled,Health & care,unified_census,ns,ns,North/South,Find the line that puts 50% of people out of work because they are long-term sick or disabled north of it,52.74°N,Shropshire,35,North,repd-solar-pipeline,7,9,census-carers-50h census-health-verybad census-home-semi census-job-operatives census-qual-apprentice osm-chippies osm-golf osm-greggs repd-solar-pipeline
census-tenure-outright,Households that own outright,Owning & renting,unified_census,ns,ns,North/South,Find the line that puts 50% of households that own their home outright north of it,52.53°N,Powys,12,North,ge24-nonvoters,0,32,census-carers-50h census-cars-none census-commute-car census-commute-foot census-health-verybad census-heat-gas census-heat-renewable census-home-detached census-home-semi census-home-terraced census-job-operatives census-job-trades census-population census-qual-apprentice census-qual-none census-tenure-social ge24-labour ge24-nonvoters ge24-reform hmrc-pension osm-breweries osm-chippies osm-greggs osm-iceland osm-lidl osm-mcdonalds osm-pubs osm-starbucks osm-stations osm-wetherspoon pop-all repd-battery
census-tenure-private,Households renting privately,Owning & renting,unified_census,ns,ns,North/South,Find the line that puts 50% of households renting privately north of it,52.19°N,Stratford-on-Avon,26,South,census-qual-degree,2,5,census-cars-3plus census-heat-bottled census-hours-49plus census-qual-degree osm-costa
census-tenure-social,Households renting socially,Owning & renting,unified_census,ns,ns,North/South,Find the line that puts 50% of households in social housing north of it,52.54°N,Sandwell,13,North,ge24-labour,0,32,census-carers-50h census-cars-none census-commute-car census-commute-foot census-health-verybad census-heat-gas census-heat-renewable census-home-detached census-home-semi census-home-terraced census-job-operatives census-job-trades census-population census-qual-apprentice census-qual-none census-tenure-outright ge24-labour ge24-nonvoters ge24-reform hmrc-pension osm-breweries osm-chippies osm-greggs osm-iceland osm-lidl osm-mcdonalds osm-pubs osm-starbucks osm-stations osm-wetherspoon pop-all repd-battery
census-work-from-home,People working mainly from home,Getting to work,unified_census,ns,ns,North/South,Find the line that puts 50% of people who work mainly from home north of it,51.88°N,Cherwell,60,South,hmrc-self-employed,1,15,census-commute-bike census-heat-electric census-home-caravan census-home-commercial census-home-flat census-job-managers ge24-con ge24-green hmrc-higher-rate hmrc-self-employed osm-mands osm-nandos osm-sainsburys osm-tesco repd-solar
ge24-con,"Conservative votes, 2024",Election night,ge2024,ns,ns,North/South,Find the line that puts 50% of votes cast for the Conservatives in 2024 north of it,52.00°N,North West Essex,47,South,ge24-green,2,11,census-commute-bike census-heat-electric census-hours-49plus census-job-managers census-work-from-home ge24-green hmrc-higher-rate hmrc-self-employed osm-costa osm-mands osm-tesco
ge24-green,"Green votes, 2024",Election night,ge2024,ns,ns,North/South,Find the line that puts 50% of votes cast for the Greens in 2024 north of it,52.02°N,Forest of Dean,45,South,ge24-con,2,11,census-commute-bike census-heat-electric census-hours-49plus census-job-managers census-work-from-home ge24-con hmrc-higher-rate hmrc-self-employed osm-costa osm-mands osm-tesco
ge24-labour,"Labour votes, 2024",Election night,ge2024,ns,ns,North/South,Find the line that puts 50% of votes cast for Labour in 2024 north of it,52.54°N,Wolverhampton West,13,North,census-tenure-social,0,32,census-carers-50h census-cars-none census-commute-car census-commute-foot census-health-verybad census-heat-gas census-heat-renewable census-home-detached census-home-semi census-home-terraced census-job-operatives census-job-trades census-population census-qual-apprentice census-qual-none census-tenure-outright census-tenure-social ge24-nonvoters ge24-reform hmrc-pension osm-breweries osm-chippies osm-greggs osm-iceland osm-lidl osm-mcdonalds osm-pubs osm-starbucks osm-stations osm-wetherspoon pop-all repd-battery
ge24-libdem,"Liberal Democrat votes, 2024",Election night,ge2024,ns,ns,North/South,Find the line that puts 50% of votes cast for the Liberal Democrats in 2024 north of it,51.60°N,Henley and Thame,91,South,census-commute-motorbike,1,12,census-commute-metro census-commute-motorbike census-commute-train census-home-commercial census-home-converted census-home-flat hmrc-additional-rate hmrc-tax-amount osm-nandos osm-pret osm-sainsburys osm-waitrose
ge24-nonvoters,"Registered voters who did not vote, 2024",Election night,ge2024,ns,ns,North/South,Find the line that puts 50% of registered voters who stayed at home in 2024 north of it,52.53°N,Wolverhampton South East,12,North,census-tenure-outright,0,32,census-carers-50h census-cars-none census-commute-car census-commute-foot census-health-verybad census-heat-gas census-heat-renewable census-home-detached census-home-semi census-home-terraced census-job-operatives census-job-trades census-population census-qual-apprentice census-qual-none census-tenure-outright census-tenure-social ge24-labour ge24-reform hmrc-pension osm-breweries osm-chippies osm-greggs osm-iceland osm-lidl osm-mcdonalds osm-pubs osm-starbucks osm-stations osm-wetherspoon pop-all repd-battery
ge24-reform,"Reform UK votes, 2024",Election night,ge2024,ns,ns,North/South,Find the line that puts 50% of votes cast for Reform UK in 2024 north of it,52.46°N,South Leicestershire,5,North,census-job-trades,1,33,census-carers-50h census-cars-3plus census-cars-none census-commute-car census-commute-foot census-heat-bottled census-heat-gas census-heat-renewable census-home-detached census-home-semi census-home-terraced census-job-operatives census-job-trades census-population census-qual-none census-tenure-outright census-tenure-social ge24-labour ge24-nonvoters hmrc-employed hmrc-pension hmrc-taxpayers osm-breweries osm-iceland osm-lidl osm-mcdonalds osm-pubs osm-starbucks osm-stations osm-wetherspoon osm-windmills pop-all repd-battery
hmrc-additional-rate,Additional-rate (top-rate) taxpayers,Income & tax,hmrc,ns,ns,North/South,Find the line that puts 50% of top-rate taxpayers north of it,51.55°N,Westminster,97,South,census-home-converted,0,8,census-commute-metro census-commute-motorbike census-commute-train census-home-converted ge24-libdem hmrc-tax-amount osm-pret osm-waitrose
hmrc-employed,Taxpayers with a job,Income & tax,hmrc,ns,ns,North/South,Find the line that puts 50% of taxpayers with income from a job north of it,52.35°N,Birmingham,8,South,hmrc-taxpayers,0,22,census-cars-3plus census-cars-none census-commute-foot census-heat-bottled census-heat-gas census-home-terraced census-job-trades census-population census-qual-degree ge24-reform hmrc-pension hmrc-taxpayers osm-breweries osm-iceland osm-lidl osm-mcdonalds osm-pubs osm-starbucks osm-stations osm-wetherspoon osm-windmills pop-all
hmrc-higher-rate,Higher-rate taxpayers,Income & tax,hmrc,ns,ns,North/South,Find the line that puts 50% of higher-rate taxpayers north of it,51.86°N,Buckinghamshire,62,South,osm-mands,1,15,census-commute-bike census-heat-electric census-home-caravan census-home-commercial census-home-flat census-job-managers census-work-from-home ge24-con ge24-green hmrc-self-employed osm-mands osm-nandos osm-sainsburys osm-tesco repd-solar
hmrc-pension,Taxpayers with pension income,Income & tax,hmrc,ns,ns,North/South,Find the line that puts 50% of taxpayers drawing a pension north of it,52.49°N,Birmingham,7,North,osm-pubs,0,33,census-carers-50h census-cars-none census-commute-car census-commute-foot census-heat-bottled census-heat-gas census-heat-renewable census-home-detached census-home-semi census-home-terraced census-job-operatives census-job-trades census-population census-qual-none census-tenure-outright census-tenure-social ge24-labour ge24-nonvoters ge24-reform hmrc-employed hmrc-taxpayers osm-breweries osm-chippies osm-iceland osm-lidl osm-mcdonalds osm-pubs osm-starbucks osm-stations osm-wetherspoon osm-windmills pop-all repd-battery
hmrc-self-employed,Self-employed taxpayers,Income & tax,hmrc,ns,ns,North/South,Find the line that puts 50% of self-employed taxpayers north of it,51.89°N,Central Bedfordshire,59,South,census-work-from-home,1,16,census-commute-bike census-heat-electric census-home-caravan census-home-commercial census-home-flat census-hours-49plus census-job-managers census-work-from-home ge24-con ge24-green hmrc-higher-rate osm-mands osm-nandos osm-sainsburys osm-tesco repd-solar
hmrc-tax-amount,Income tax paid,Income & tax,hmrc,ns,ns,North/South,Find the line that puts 50% of all income tax paid north of it,51.65°N,Barnet,86,South,census-commute-motorbike,5,13,census-commute-metro census-commute-motorbike census-commute-train census-home-commercial census-home-converted census-home-flat ge24-libdem hmrc-additional-rate osm-nandos osm-pret osm-sainsburys osm-waitrose repd-solar
hmrc-taxpayers,Income taxpayers,Income & tax,hmrc,ns,ns,North/South,Find the line that puts 50% of income taxpayers north of it,52.35°N,Birmingham,8,South,hmrc-employed,0,22,census-cars-3plus census-cars-none census-commute-foot census-heat-bottled census-heat-gas census-home-terraced census-job-trades census-population census-qual-degree ge24-reform hmrc-employed hmrc-pension osm-breweries osm-iceland osm-lidl osm-mcdonalds osm-pubs osm-starbucks osm-stations osm-wetherspoon osm-windmills pop-all
osm-aldi,Aldi shops,Supermarket sweep,osm,ns,ns,North/South,Find the line that puts 50% of Aldi shops north of it,52.96°N,Nottingham,60,North,census-commute-taxi,2,6,census-commute-taxi census-heat-oil census-heat-wood osm-golf osm-morrisons repd-solar-pipeline
osm-breweries,Breweries,Out and about,osm,ns,ns,North/South,Find the line that puts 50% of breweries north of it,52.44°N,East Suffolk,2,North,census-population,2,30,census-cars-3plus census-cars-none census-commute-car census-commute-foot census-heat-bottled census-heat-gas census-heat-renewable census-home-detached census-home-terraced census-job-trades census-population census-qual-none census-tenure-outright census-tenure-social ge24-labour ge24-nonvoters ge24-reform hmrc-employed hmrc-pension hmrc-taxpayers osm-iceland osm-lidl osm-mcdonalds osm-pubs osm-starbucks osm-stations osm-wetherspoon osm-windmills pop-all repd-battery
osm-castles,Castles,Heritage & coast,osm,ns,ns,North/South,Find the line that puts 50% of castles north of it,54.40°N,North Yorkshire,220,North,osm-standing-stones,20,0,
osm-chippies,Fish and chip shops,Out and about,osm,ns,ns,North/South,Find the line that puts 50% of fish and chip shops north of it,52.64°N,Leicester,24,North,osm-greggs,2,25,census-carers-50h census-commute-car census-health-verybad census-heat-gas census-heat-renewable census-home-detached census-home-semi census-home-terraced census-job-operatives census-qual-apprentice census-qual-none census-sick census-tenure-outright census-tenure-social ge24-labour ge24-nonvoters hmrc-pension osm-greggs osm-iceland osm-lidl osm-mcdonalds osm-pubs osm-stations repd-battery repd-solar-pipeline
osm-costa,Costa Coffee shops,High street,osm,ns,ns,North/South,Find the line that puts 50% of Costa Coffee shops north of it,52.06°N,Ipswich,41,South,census-hours-49plus,2,9,census-commute-bike census-heat-electric census-hours-49plus census-job-managers census-qual-degree census-tenure-private ge24-con ge24-green osm-tesco
osm-distilleries,Distilleries,Out and about,osm,ns,ns,North/South,Find the line that puts 50% of distilleries north of it,55.97°N,City of Edinburgh,395,North,repd-wind-onshore,53,0,
osm-golf,Golf courses,Out and about,osm,ns,ns,North/South,Find the line that puts 50% of golf courses north of it,52.81°N,North West Leicestershire,43,North,repd-solar-pipeline,1,8,census-health-verybad census-heat-wood census-qual-apprentice census-sick osm-aldi osm-greggs osm-morrisons repd-solar-pipeline
osm-greggs,Greggs shops,High street,osm,ns,ns,North/South,Find the line that puts 50% of Greggs shops north of it,52.66°N,Broadland,26,North,census-qual-apprentice,0,22,census-carers-50h census-commute-car census-health-verybad census-heat-renewable census-home-detached census-home-semi census-job-operatives census-qual-apprentice census-qual-none census-sick census-tenure-outright census-tenure-social ge24-labour ge24-nonvoters osm-chippies osm-golf osm-iceland osm-lidl osm-mcdonalds osm-stations repd-battery repd-solar-pipeline
osm-iceland,Iceland shops,Supermarket sweep,osm,ns,ns,North/South,Find the line that puts 50% of Iceland shops north of it,52.51°N,Powys,10,North,osm-mcdonalds,0,34,census-carers-50h census-cars-none census-commute-car census-commute-foot census-health-verybad census-heat-gas census-heat-renewable census-home-detached census-home-semi census-home-terraced census-job-operatives census-job-trades census-population census-qual-apprentice census-qual-none census-tenure-outright census-tenure-social ge24-labour ge24-nonvoters ge24-reform hmrc-employed hmrc-pension hmrc-taxpayers osm-breweries osm-chippies osm-greggs osm-lidl osm-mcdonalds osm-pubs osm-starbucks osm-stations osm-wetherspoon pop-all repd-battery
osm-lidl,Lidl shops,Supermarket sweep,osm,ns,ns,North/South,Find the line that puts 50% of Lidl shops north of it,52.51°N,Dudley,9,North,osm-mcdonalds,0,34,census-carers-50h census-cars-none census-commute-car census-commute-foot census-heat-gas census-heat-renewable census-home-detached census-home-semi census-home-terraced census-job-operatives census-job-trades census-population census-qual-apprentice census-qual-none census-tenure-outright census-tenure-social ge24-labour ge24-nonvoters ge24-reform hmrc-employed hmrc-pension hmrc-taxpayers osm-breweries osm-chippies osm-greggs osm-iceland osm-mcdonalds osm-pubs osm-starbucks osm-stations osm-wetherspoon osm-windmills pop-all repd-battery
osm-lighthouses,Lighthouses,Heritage & coast,osm,ns,ns,North/South,Find the line that puts 50% of lighthouses north of it,55.12°N,Northumberland,300,North,repd-wind-onshore,42,0,
osm-mands,M&S shops,Supermarket sweep,osm,ns,ns,North/South,Find the line that puts 50% of Marks & Spencer shops north of it,51.85°N,Cherwell,63,South,hmrc-higher-rate,1,15,census-commute-bike census-heat-electric census-home-caravan census-home-commercial census-home-flat census-job-managers census-work-from-home ge24-con ge24-green hmrc-higher-rate hmrc-self-employed osm-nandos osm-sainsburys osm-tesco repd-solar
osm-mcdonalds,McDonald's restaurants,High street,osm,ns,ns,North/South,Find the line that puts 50% of McDonald's restaurants north of it,52.51°N,Harborough,10,North,osm-iceland,0,35,census-carers-50h census-cars-none census-commute-car census-commute-foot census-health-verybad census-heat-gas census-heat-renewable census-home-detached census-home-semi census-home-terraced census-job-operatives census-job-trades census-population census-qual-apprentice census-qual-none census-tenure-outright census-tenure-social ge24-labour ge24-nonvoters ge24-reform hmrc-employed hmrc-pension hmrc-taxpayers osm-breweries osm-chippies osm-greggs osm-iceland osm-lidl osm-pubs osm-starbucks osm-stations osm-wetherspoon osm-windmills pop-all repd-battery
osm-morrisons,Morrisons supermarkets,Supermarket sweep,osm,ns,ns,North/South,Find the line that puts 50% of Morrisons supermarkets north of it,52.93°N,North Norfolk,56,North,census-heat-wood,0,6,census-commute-taxi census-heat-oil census-heat-wood osm-aldi osm-golf repd-solar-pipeline
osm-nandos,Nando's restaurants,High street,osm,ns,ns,North/South,Find the line that puts 50% of Nando's restaurants north of it,51.75°N,Oxford,75,South,osm-sainsburys,0,14,census-commute-motorbike census-heat-electric census-home-caravan census-home-commercial census-home-flat census-work-from-home ge24-libdem hmrc-higher-rate hmrc-self-employed hmrc-tax-amount osm-mands osm-sainsburys osm-tesco repd-solar
osm-pret,Pret A Manger shops,High street,osm,ns,ns,North/South,Find the line that puts 50% of Pret A Manger shops north of it,51.52°N,City of London,101,South,osm-waitrose,3,8,census-commute-metro census-commute-motorbike census-commute-train census-home-converted ge24-libdem hmrc-additional-rate hmrc-tax-amount osm-waitrose
osm-pubs,Pubs,Out and about,osm,ns,ns,North/South,Find the line that puts 50% of pubs north of it,52.49°N,Huntingdonshire,7,North,hmrc-pension,0,33,census-carers-50h census-cars-none census-commute-car census-commute-foot census-heat-bottled census-heat-gas census-heat-renewable census-home-detached census-home-semi census-home-terraced census-job-operatives census-job-trades census-population census-qual-none census-tenure-outright census-tenure-social ge24-labour ge24-nonvoters ge24-reform hmrc-employed hmrc-pension hmrc-taxpayers osm-breweries osm-chippies osm-iceland osm-lidl osm-mcdonalds osm-starbucks osm-stations osm-wetherspoon osm-windmills pop-all repd-battery
osm-sainsburys,Sainsbury's shops (all formats),Supermarket sweep,osm,ns,ns,North/South,Find the line that puts 50% of Sainsbury's shops of every size north of it,51.75°N,Oxford,75,South,census-home-commercial,0,15,census-commute-motorbike census-heat-electric census-home-caravan census-home-commercial census-home-flat census-job-managers census-work-from-home ge24-libdem hmrc-higher-rate hmrc-self-employed hmrc-tax-amount osm-mands osm-nandos osm-tesco repd-solar
osm-standing-stones,Standing stones and other megaliths,Heritage & coast,osm,ns,ns,North/South,Find the line that puts 50% of standing stones and other megaliths north of it,54.22°N,Cumberland,200,North,osm-castles,20,0,
osm-starbucks,Starbucks shops,High street,osm,ns,ns,North/South,Find the line that puts 50% of Starbucks shops north of it,52.39°N,East Cambridgeshire,3,South,census-commute-foot,1,26,census-cars-3plus census-cars-none census-commute-foot census-heat-bottled census-heat-gas census-home-detached census-home-terraced census-job-trades census-population census-tenure-outright census-tenure-social ge24-labour ge24-nonvoters ge24-reform hmrc-employed hmrc-pension hmrc-taxpayers osm-breweries osm-iceland osm-lidl osm-mcdonalds osm-pubs osm-stations osm-wetherspoon osm-windmills pop-all
osm-stations,Railway stations,Out and about,osm,ns,ns,North/South,Find the line that puts 50% of railway stations north of it,52.50°N,Fenland,9,North,osm-lidl,1,34,census-carers-50h census-cars-none census-commute-car census-commute-foot census-heat-gas census-heat-renewable census-home-detached census-home-semi census-home-terraced census-job-operatives census-job-trades census-population census-qual-apprentice census-qual-none census-tenure-outright census-tenure-social ge24-labour ge24-nonvoters ge24-reform hmrc-employed hmrc-pension hmrc-taxpayers osm-breweries osm-chippies osm-greggs osm-iceland osm-lidl osm-mcdonalds osm-pubs osm-starbucks osm-wetherspoon osm-windmills pop-all repd-battery
osm-tesco,Tesco shops (all formats),Supermarket sweep,osm,ns,ns,North/South,Find the line that puts 50% of Tesco shops of every size north of it,51.91°N,Cherwell,57,South,census-job-managers,0,17,census-commute-bike census-heat-electric census-home-caravan census-home-commercial census-home-flat census-hours-49plus census-job-managers census-work-from-home ge24-con ge24-green hmrc-higher-rate hmrc-self-employed osm-costa osm-mands osm-nandos osm-sainsburys repd-solar
osm-waitrose,Waitrose shops,Supermarket sweep,osm,ns,ns,North/South,Find the line that puts 50% of Waitrose shops north of it,51.54°N,South Oxfordshire,98,South,census-commute-metro,1,8,census-commute-metro census-commute-motorbike census-commute-train census-home-converted ge24-libdem hmrc-additional-rate hmrc-tax-amount osm-pret
osm-wetherspoon,Wetherspoon pubs,High street,osm,ns,ns,North/South,Find the line that puts 50% of Wetherspoon pubs north of it,52.48°N,Birmingham,6,North,census-cars-none,0,33,census-carers-50h census-cars-3plus census-cars-none census-commute-car census-commute-foot census-heat-bottled census-heat-gas census-heat-renewable census-home-detached census-home-semi census-home-terraced census-job-operatives census-job-trades census-population census-qual-none census-tenure-outright census-tenure-social ge24-labour ge24-nonvoters ge24-reform hmrc-employed hmrc-pension hmrc-taxpayers osm-breweries osm-iceland osm-lidl osm-mcdonalds osm-pubs osm-starbucks osm-stations osm-windmills pop-all repd-battery
osm-windmills,Windmills (historic),Heritage & coast,osm,ns,ns,North/South,Find the line that puts 50% of old windmills north of it,52.35°N,East Cambridgeshire,8,South,hmrc-employed,0,21,census-cars-3plus census-cars-none census-commute-foot census-heat-bottled census-heat-gas census-home-terraced census-job-trades census-population census-qual-degree ge24-reform hmrc-employed hmrc-pension hmrc-taxpayers osm-breweries osm-lidl osm-mcdonalds osm-pubs osm-starbucks osm-stations osm-wetherspoon pop-all
pop-all,Population,Population,population,ns,ns,North/South,Find the line that puts 50% of the UK's population north of it,52.42°N,Birmingham,0,South,census-population,0,30,census-cars-3plus census-cars-none census-commute-car census-commute-foot census-heat-bottled census-heat-gas census-heat-renewable census-home-detached census-home-terraced census-job-trades census-population census-qual-none census-tenure-outright census-tenure-social ge24-labour ge24-nonvoters ge24-reform hmrc-employed hmrc-pension hmrc-taxpayers osm-breweries osm-iceland osm-lidl osm-mcdonalds osm-pubs osm-starbucks osm-stations osm-wetherspoon osm-windmills repd-battery
repd-battery,Battery storage capacity (MW),Power,repd,ns,ns,North/South,Find the line that puts 50% of grid battery storage capacity north of it,52.56°N,Sandwell,15,North,census-qual-none,0,31,census-carers-50h census-cars-none census-commute-car census-commute-foot census-health-verybad census-heat-gas census-heat-renewable census-home-detached census-home-semi census-home-terraced census-job-operatives census-job-trades census-population census-qual-apprentice census-qual-none census-tenure-outright census-tenure-social ge24-labour ge24-nonvoters ge24-reform hmrc-pension osm-breweries osm-chippies osm-greggs osm-iceland osm-lidl osm-mcdonalds osm-pubs osm-stations osm-wetherspoon pop-all
repd-battery-pipeline,Battery storage consented or being built (MW),Power,repd,ns,ns,North/South,Find the line that puts 50% of battery storage capacity that is consented or under construction north of it,53.57°N,Doncaster,127,North,repd-wind-offshore,2,1,repd-wind-offshore
repd-hydro,Hydro-electric schemes,Power,repd,ns,ns,North/South,Find the line that puts 50% of hydro-electric schemes north of it,56.76°N,Highland,482,North,osm-distilleries,87,0,
repd-solar,Solar farm capacity (MW),Power,repd,ns,ns,North/South,Find the line that puts 50% of solar farm capacity north of it,51.81°N,Pembrokeshire,68,South,census-home-caravan,2,14,census-commute-bike census-heat-electric census-home-caravan census-home-commercial census-home-flat census-job-managers census-work-from-home hmrc-higher-rate hmrc-self-employed hmrc-tax-amount osm-mands osm-nandos osm-sainsburys osm-tesco
repd-solar-pipeline,Solar capacity consented or being built (MW),Power,repd,ns,ns,North/South,Find the line that puts 50% of solar capacity that is consented or under construction north of it,52.80°N,Charnwood,42,North,osm-golf,1,9,census-health-verybad census-heat-wood census-qual-apprentice census-sick osm-aldi osm-chippies osm-golf osm-greggs osm-morrisons
repd-wind-offshore,Offshore wind capacity (MW),Power,repd,ns,ns,North/South,Find the line that puts 50% of offshore wind power capacity north of it,53.58°N,North Norfolk,129,North,repd-battery-pipeline,2,1,repd-battery-pipeline
repd-wind-onshore,Onshore wind capacity (MW),Power,repd,ns,ns,North/South,Find the line that puts 50% of onshore wind power capacity north of it,55.50°N,South Lanarkshire,342,North,osm-lighthouses,42,0,
census-carers-50h,Carers giving 50+ hours a week,Health & care,unified_census,we,we,West/East,Find the line that puts 50% of people giving 50 or more hours of unpaid care a week west of it,1.68°W,Newcastle upon Tyne,12,West,census-qual-apprentice,0,41,census-cars-3plus census-cars-none census-commute-car census-commute-foot census-commute-taxi census-health-verybad census-heat-bottled census-heat-gas census-home-detached census-home-semi census-home-terraced census-job-operatives census-job-trades census-population census-qual-apprentice census-qual-degree census-qual-none census-sick census-tenure-outright census-tenure-social ge24-labour ge24-nonvoters ge24-reform hmrc-employed hmrc-pension hmrc-taxpayers osm-aldi osm-breweries osm-chippies osm-greggs osm-iceland osm-lidl osm-mcdonalds osm-morrisons osm-pubs osm-starbucks osm-stations osm-wetherspoon pop-all repd-battery repd-solar
census-cars-3plus,Households with 3+ cars,Owning & renting,unified_census,we,we,West/East,Find the line that puts 50% of households with three or more cars or vans west of it,1.55°W,North Warwickshire,3,West,repd-battery,0,48,census-carers-50h census-cars-none census-commute-car census-commute-foot census-commute-taxi census-health-verybad census-heat-electric census-heat-gas census-home-caravan census-home-detached census-home-semi census-home-terraced census-hours-49plus census-job-operatives census-job-trades census-population census-qual-apprentice census-qual-degree census-qual-none census-sick census-tenure-outright census-tenure-private census-tenure-social ge24-green ge24-labour ge24-libdem ge24-nonvoters ge24-reform hmrc-employed hmrc-pension hmrc-self-employed hmrc-taxpayers osm-aldi osm-breweries osm-chippies osm-costa osm-greggs osm-iceland osm-lidl osm-mcdonalds osm-morrisons osm-pubs osm-starbucks osm-tesco osm-wetherspoon pop-all repd-battery repd-solar
census-cars-none,Households with no car,Owning & renting,unified_census,we,we,West/East,Find the line that puts 50% of households with no car or van west of it,1.47°W,Derby,2,East,census-qual-degree,0,49,census-carers-50h census-cars-3plus census-commute-car census-commute-foot census-commute-taxi census-heat-electric census-heat-gas census-home-caravan census-home-commercial census-home-detached census-home-flat census-home-semi census-home-terraced census-hours-49plus census-job-managers census-job-operatives census-job-trades census-population census-qual-apprentice census-qual-degree census-qual-none census-tenure-outright census-tenure-private census-tenure-social census-work-from-home ge24-con ge24-green ge24-labour ge24-libdem ge24-nonvoters ge24-reform hmrc-employed hmrc-higher-rate hmrc-pension hmrc-self-employed hmrc-taxpayers osm-breweries osm-chippies osm-costa osm-greggs osm-iceland osm-mcdonalds osm-pubs osm-starbucks osm-tesco osm-wetherspoon pop-all repd-battery repd-solar
census-commute-bike,Commuters by bicycle,Getting to work,unified_census,we,we,West/East,Find the line that puts 50% of people who cycle to work west of it,1.11°W,York,26,East,osm-nandos,0,20,census-commute-motorbike census-heat-electric census-home-caravan census-home-commercial census-home-flat census-hours-49plus census-job-managers census-tenure-private census-work-from-home ge24-con ge24-green ge24-libdem hmrc-higher-rate hmrc-self-employed osm-costa osm-mands osm-nandos osm-sainsburys osm-tesco repd-solar-pipeline
census-commute-car,Commuters by car or van,Getting to work,unified_census,we,we,West/East,Find the line that puts 50% of people who drive to work west of it,1.64°W,Kirklees,9,West,census-home-detached,0,43,census-carers-50h census-cars-3plus census-cars-none census-commute-foot census-commute-taxi census-health-verybad census-heat-electric census-heat-gas census-home-detached census-home-semi census-home-terraced census-job-operatives census-job-trades census-population census-qual-apprentice census-qual-degree census-qual-none census-sick census-tenure-outright census-tenure-private census-tenure-social ge24-labour ge24-nonvoters ge24-reform hmrc-employed hmrc-pension hmrc-taxpayers osm-aldi osm-breweries osm-chippies osm-costa osm-greggs osm-iceland osm-lidl osm-mcdonalds osm-morrisons osm-pubs osm-starbucks osm-stations osm-wetherspoon pop-all repd-battery repd-solar
census-commute-foot,Commuters on foot,Getting to work,unified_census,we,we,West/East,Find the line that puts 50% of people who walk to work west of it,1.51°W,Sheffield,0,West,hmrc-employed,0,46,census-carers-50h census-cars-3plus census-cars-none census-commute-car census-commute-taxi census-heat-electric census-heat-gas census-home-caravan census-home-detached census-home-semi census-home-terraced census-hours-49plus census-job-managers census-job-operatives census-job-trades census-population census-qual-apprentice census-qual-degree census-qual-none census-tenure-outright census-tenure-private census-tenure-social census-work-from-home ge24-con ge24-green ge24-labour ge24-libdem ge24-nonvoters ge24-reform hmrc-employed hmrc-pension hmrc-self-employed hmrc-taxpayers osm-breweries osm-chippies osm-costa osm-greggs osm-iceland osm-mcdonalds osm-pubs osm-starbucks osm-tesco osm-wetherspoon pop-all repd-battery repd-solar
census-commute-metro,"Commuters by underground, metro or tram",Getting to work,unified_census,we,we,West/East,"Find the line that puts 50% of people who commute by underground, metro or tram west of it",0.12°W,Haringey,95,East,osm-pret,1,3,census-commute-train census-home-converted osm-pret
census-commute-motorbike,Commuters by motorbike or moped,Getting to work,unified_census,we,we,West/East,Find the line that puts 50% of people who ride a motorbike or moped to work west of it,1.09°W,York,28,East,osm-sainsburys,0,15,census-commute-bike census-home-caravan census-home-commercial census-home-flat census-hours-49plus census-job-managers census-work-from-home ge24-con ge24-libdem hmrc-higher-rate hmrc-self-employed osm-mands osm-nandos osm-sainsburys repd-solar-pipeline
census-commute-taxi,Commuters by taxi,Getting to work,unified_census,we,we,West/East,Find the line that puts 50% of people who get to work by taxi west of it,1.73°W,Bradford,15,West,osm-greggs,3,41,census-carers-50h census-cars-3plus census-cars-none census-commute-car census-commute-foot census-health-verybad census-heat-bottled census-heat-gas census-heat-renewable census-home-detached census-home-semi census-home-terraced census-job-operatives census-job-trades census-population census-qual-apprentice census-qual-degree census-qual-none census-sick census-tenure-outright census-tenure-social ge24-labour ge24-nonvoters ge24-reform hmrc-employed hmrc-pension hmrc-taxpayers osm-aldi osm-breweries osm-chippies osm-greggs osm-iceland osm-lidl osm-mcdonalds osm-morrisons osm-pubs osm-stations osm-wetherspoon pop-all repd-battery repd-solar
census-commute-train,Commuters by train,Getting to work,unified_census,we,we,West/East,Find the line that puts 50% of people who commute by train west of it,0.24°W,Epsom and Ewell,86,East,osm-pret,7,5,census-commute-metro census-home-converted hmrc-additional-rate osm-pret osm-windmills
census-health-verybad,Very bad health,Health & care,unified_census,we,we,West/East,Find the line that puts 50% of people in very bad health west of it,1.78°W,Birmingham,19,West,osm-aldi,0,32,census-carers-50h census-cars-3plus census-commute-car census-commute-taxi census-heat-bottled census-heat-gas census-heat-renewable census-home-detached census-home-semi census-home-terraced census-job-operatives census-job-trades census-qual-apprentice census-qual-none census-sick census-tenure-outright census-tenure-social ge24-labour ge24-nonvoters hmrc-pension osm-aldi osm-breweries osm-chippies osm-golf osm-greggs osm-iceland osm-lidl osm-morrisons osm-pubs osm-stations osm-wetherspoon repd-battery
census-heat-bottled,Homes heated only by tank or bottled gas,Heating,unified_census,we,we,West/East,Find the line that puts 50% of homes heated only by tank or bottled gas west of it,1.93°W,Cannock Chase,29,West,census-heat-renewable,3,14,census-carers-50h census-commute-taxi census-health-verybad census-heat-renewable census-heat-solid census-qual-apprentice census-sick osm-aldi osm-golf osm-greggs osm-lidl osm-morrisons osm-stations repd-battery-pipeline
census-heat-electric,Homes heated only by electricity,Heating,unified_census,we,we,West/East,Find the line that puts 50% of homes heated only by electricity west of it,1.37°W,Southampton,9,East,census-tenure-private,0,46,census-cars-3plus census-cars-none census-commute-bike census-commute-car census-commute-foot census-heat-gas census-home-caravan census-home-commercial census-home-detached census-home-flat census-home-semi census-home-terraced census-hours-49plus census-job-managers census-job-operatives census-job-trades census-population census-qual-degree census-qual-none census-tenure-private census-tenure-social census-work-from-home ge24-con ge24-green ge24-labour ge24-libdem ge24-nonvoters ge24-reform hmrc-employed hmrc-higher-rate hmrc-pension hmrc-self-employed hmrc-taxpayers osm-chippies osm-costa osm-iceland osm-mands osm-mcdonalds osm-nandos osm-pubs osm-starbucks osm-tesco osm-wetherspoon pop-all repd-battery repd-solar
census-heat-gas,Homes heated only by mains gas,Heating,unified_census,we,we,West/East,Find the line that puts 50% of homes heated only by mains gas west of it,1.52°W,Northumberland,1,West,pop-all,0,48,census-carers-50h census-cars-3plus census-cars-none census-commute-car census-commute-foot census-commute-taxi census-heat-electric census-home-caravan census-home-detached census-home-semi census-home-terraced census-hours-49plus census-job-managers census-job-operatives census-job-trades census-population census-qual-apprentice census-qual-degree census-qual-none census-tenure-outright census-tenure-private census-tenure-social census-work-from-home ge24-con ge24-green ge24-labour ge24-libdem ge24-nonvoters ge24-reform hmrc-employed hmrc-pension hmrc-self-employed hmrc-taxpayers osm-aldi osm-breweries osm-chippies osm-costa osm-greggs osm-iceland osm-lidl osm-mcdonalds osm-pubs osm-starbucks osm-tesco osm-wetherspoon pop-all repd-battery repd-solar
census-heat-oil,Homes heated only by oil,Heating,unified_census,we,we,West/East,Find the line that puts 50% of homes heated only by oil west of it,2.83°W,Monmouthshire,88,West,osm-castles,13,2,census-heat-wood osm-castles
census-heat-renewable,Homes heated only by renewables,Heating,unified_census,we,we,West/East,Find the line that puts 50% of homes heated only by renewable energy west of it,1.98°W,Walsall,32,West,osm-golf,2,11,census-commute-taxi census-health-verybad census-heat-bottled census-heat-solid census-sick osm-aldi osm-golf osm-lidl osm-morrisons osm-stations repd-battery-pipeline
census-heat-solid,Homes heated only by solid fuel,Heating,unified_census,we,we,West/East,"Find the line that puts 50% of homes heated only by solid fuel (coal, peat) west of it",2.16°W,Cheshire East,44,West,repd-battery-pipeline,4,4,census-heat-bottled census-heat-renewable osm-golf repd-battery-pipeline
census-heat-wood,Homes heated only by wood,Heating,unified_census,we,we,West/East,Find the line that puts 50% of homes heated only by wood west of it,2.62°W,Angus,74,West,census-heat-oil,14,1,census-heat-oil
census-home-caravan,Households in a caravan or mobile home,Homes,unified_census,we,we,West/East,Find the line that puts 50% of households living in a caravan or mobile home west of it,1.33°W,North West Leicestershire,12,East,ge24-libdem,1,43,census-cars-3plus census-cars-none census-commute-bike census-commute-foot census-commute-motorbike census-heat-electric census-heat-gas census-home-commercial census-home-flat census-home-semi census-hours-49plus census-job-managers census-job-operatives census-job-trades census-population census-qual-degree census-qual-none census-tenure-private census-tenure-social census-work-from-home ge24-con ge24-green ge24-labour ge24-libdem ge24-nonvoters ge24-reform hmrc-employed hmrc-higher-rate hmrc-pension hmrc-self-employed hmrc-taxpayers osm-costa osm-iceland osm-mands osm-mcdonalds osm-nandos osm-sainsburys osm-starbucks osm-tesco osm-wetherspoon pop-all repd-battery repd-solar
census-home-commercial,Households in a commercial building,Homes,unified_census,we,we,West/East,"Find the line that puts 50% of households living above a shop, in an office building or hotel west of it",1.24°W,Oxford,18,East,hmrc-higher-rate,1,24,census-cars-none census-commute-bike census-commute-motorbike census-heat-electric census-home-caravan census-home-flat census-hours-49plus census-job-managers census-qual-degree census-tenure-private census-work-from-home ge24-con ge24-green ge24-libdem ge24-reform hmrc-higher-rate hmrc-self-employed osm-costa osm-mands osm-nandos osm-sainsburys osm-starbucks osm-tesco repd-solar-pipeline
census-home-converted,Households in converted or shared houses,Homes,unified_census,we,we,West/East,"Find the line that puts 50% of households in converted or shared houses, including bedsits west of it",0.35°W,Richmond upon Thames,79,East,hmrc-additional-rate,3,5,census-commute-metro census-commute-train hmrc-additional-rate osm-pret osm-windmills
census-home-detached,Households in detached houses,Homes,unified_census,we,we,West/East,Find the line that puts 50% of households in a detached house west of it,1.63°W,Stratford-on-Avon,9,West,census-commute-car,0,45,census-carers-50h census-cars-3plus census-cars-none census-commute-car census-commute-foot census-commute-taxi census-health-verybad census-heat-electric census-heat-gas census-home-semi census-home-terraced census-job-operatives census-job-trades census-population census-qual-apprentice census-qual-degree census-qual-none census-sick census-tenure-outright census-tenure-private census-tenure-social ge24-green ge24-labour ge24-nonvoters ge24-reform hmrc-employed hmrc-pension hmrc-taxpayers osm-aldi osm-breweries osm-chippies osm-costa osm-greggs osm-iceland osm-lidl osm-mcdonalds osm-morrisons osm-pubs osm-starbucks osm-stations osm-tesco osm-wetherspoon pop-all repd-battery repd-solar
census-home-flat,Households in purpose-built flats,Homes,unified_census,we,we,West/East,Find the line that puts 50% of households in a purpose-built block of flats west of it,1.22°W,Winchester,19,East,hmrc-higher-rate,1,24,census-cars-none census-commute-bike census-commute-motorbike census-heat-electric census-home-caravan census-home-commercial census-hours-49plus census-job-managers census-qual-degree census-tenure-private census-work-from-home ge24-con ge24-green ge24-libdem ge24-reform hmrc-higher-rate hmrc-self-employed osm-costa osm-mands osm-nandos osm-sainsburys osm-starbucks osm-tesco repd-solar-pipeline
census-home-semi,Households in semi-detached houses,Homes,unified_census,we,we,West/East,Find the line that puts 50% of households in a semi-detached house west of it,1.59°W,County Durham,6,West,hmrc-pension,0,46,census-carers-50h census-cars-3plus census-cars-none census-commute-car census-commute-foot census-commute-taxi census-health-verybad census-heat-electric census-heat-gas census-home-caravan census-home-detached census-home-terraced census-job-operatives census-job-trades census-population census-qual-apprentice census-qual-degree census-qual-none census-sick census-tenure-outright census-tenure-private census-tenure-social ge24-green ge24-labour ge24-libdem ge24-nonvoters ge24-reform hmrc-employed hmrc-pension hmrc-taxpayers osm-aldi osm-breweries osm-chippies osm-costa osm-greggs osm-iceland osm-lidl osm-mcdonalds osm-morrisons osm-pubs osm-starbucks osm-tesco osm-wetherspoon pop-all repd-battery repd-solar
census-home-terraced,Households in terraced houses,Homes,unified_census,we,we,West/East,Find the line that puts 50% of households in a terraced house west of it,1.59°W,Leeds,6,West,osm-pubs,0,46,census-carers-50h census-cars-3plus census-cars-none census-commute-car census-commute-foot census-commute-taxi census-health-verybad census-heat-electric census-heat-gas census-home-caravan census-home-detached census-home-semi census-job-operatives census-job-trades census-population census-qual-apprentice census-qual-degree census-qual-none census-sick census-tenure-outright census-tenure-private census-tenure-social ge24-green ge24-labour ge24-libdem ge24-nonvoters ge24-reform hmrc-employed hmrc-pension hmrc-taxpayers osm-aldi osm-breweries osm-chippies osm-costa osm-greggs osm-iceland osm-lidl osm-mcdonalds osm-morrisons osm-pubs osm-starbucks osm-tesco osm-wetherspoon pop-all repd-battery repd-solar
census-hours-49plus,People working 49+ hours a week,Work & qualifications,unified_census,we,we,West/East,Find the line that puts 50% of people working 49 or more hours a week west of it,1.29°W,North Yorkshire,14,East,hmrc-self-employed,0,38,census-cars-3plus census-cars-none census-commute-bike census-commute-foot census-commute-motorbike census-heat-electric census-heat-gas census-home-caravan census-home-commercial census-home-flat census-job-managers census-population census-qual-degree census-qual-none census-tenure-private census-tenure-social census-work-from-home ge24-con ge24-green ge24-labour ge24-libdem ge24-reform hmrc-employed hmrc-higher-rate hmrc-self-employed hmrc-taxpayers osm-costa osm-iceland osm-mands osm-mcdonalds osm-nandos osm-sainsburys osm-starbucks osm-tesco osm-wetherspoon pop-all repd-battery repd-solar
census-job-managers,"Managers, directors and senior officials",Work & qualifications,unified_census,we,we,West/East,"Find the line that puts 50% of managers, directors and senior officials west of it",1.25°W,North Yorkshire,17,East,census-work-from-home,1,32,census-cars-none census-commute-bike census-commute-foot census-commute-motorbike census-heat-electric census-heat-gas census-home-caravan census-home-commercial census-home-flat census-hours-49plus census-population census-qual-degree census-tenure-private census-work-from-home ge24-con ge24-green ge24-libdem ge24-reform hmrc-employed hmrc-higher-rate hmrc-self-employed hmrc-taxpayers osm-costa osm-mands osm-mcdonalds osm-nandos osm-sainsburys osm-starbucks osm-tesco pop-all repd-solar repd-solar-pipeline
census-job-operatives,"Process, plant and machine operatives",Work & qualifications,unified_census,we,we,West/East,"Find the line that puts 50% of process, plant and machine operatives west of it",1.57°W,South Derbyshire,4,West,ge24-nonvoters,0,46,census-carers-50h census-cars-3plus census-cars-none census-commute-car census-commute-foot census-commute-taxi census-health-verybad census-heat-electric census-heat-gas census-home-caravan census-home-detached census-home-semi census-home-terraced census-job-trades census-population census-qual-apprentice census-qual-degree census-qual-none census-sick census-tenure-outright census-tenure-private census-tenure-social ge24-green ge24-labour ge24-libdem ge24-nonvoters ge24-reform hmrc-employed hmrc-pension hmrc-taxpayers osm-aldi osm-breweries osm-chippies osm-costa osm-greggs osm-iceland osm-lidl osm-mcdonalds osm-morrisons osm-pubs osm-starbucks osm-tesco osm-wetherspoon pop-all repd-battery repd-solar
census-job-trades,Skilled trades,Work & qualifications,unified_census,we,we,West/East,Find the line that puts 50% of people working in skilled trades west of it,1.57°W,Test Valley,5,West,ge24-nonvoters,0,46,census-carers-50h census-cars-3plus census-cars-none census-commute-car census-commute-foot census-commute-taxi census-health-verybad census-heat-electric census-heat-gas census-home-caravan census-home-detached census-home-semi census-home-terraced census-job-operatives census-population census-qual-apprentice census-qual-degree census-qual-none census-sick census-tenure-outright census-tenure-private census-tenure-social ge24-green ge24-labour ge24-libdem ge24-nonvoters ge24-reform hmrc-employed hmrc-pension hmrc-taxpayers osm-aldi osm-breweries osm-chippies osm-costa osm-greggs osm-iceland osm-lidl osm-mcdonalds osm-morrisons osm-pubs osm-starbucks osm-tesco osm-wetherspoon pop-all repd-battery repd-solar
census-population,Usual residents (census),Population,unified_census,we,we,West/East,Find the line that puts 50% of the UK's residents west of it,1.50°W,Coventry,0,,hmrc-employed,0,47,census-carers-50h census-cars-3plus census-cars-none census-commute-car census-commute-foot census-commute-taxi census-heat-electric census-heat-gas census-home-caravan census-home-commercial census-home-detached census-home-semi census-home-terraced census-hours-49plus census-job-managers census-job-operatives census-job-trades census-qual-apprentice census-qual-degree census-qual-none census-tenure-outright census-tenure-private census-tenure-social census-work-from-home ge24-con ge24-green ge24-labour ge24-libdem ge24-nonvoters ge24-reform hmrc-employed hmrc-pension hmrc-self-employed hmrc-taxpayers osm-breweries osm-chippies osm-costa osm-greggs osm-iceland osm-mcdonalds osm-pubs osm-starbucks osm-tesco osm-wetherspoon pop-all repd-battery repd-solar
census-qual-apprentice,Apprenticeships,Work & qualifications,unified_census,we,we,West/East,Find the line that puts 50% of people whose highest qualification is an apprenticeship west of it,1.68°W,County Durham,12,West,osm-greggs,0,40,census-carers-50h census-cars-3plus census-cars-none census-commute-car census-commute-foot census-commute-taxi census-health-verybad census-heat-bottled census-heat-gas census-home-detached census-home-semi census-home-terraced census-job-operatives census-job-trades census-population census-qual-degree census-qual-none census-sick census-tenure-outright census-tenure-social ge24-labour ge24-nonvoters ge24-reform hmrc-employed hmrc-pension hmrc-taxpayers osm-aldi osm-breweries osm-chippies osm-greggs osm-iceland osm-lidl osm-mcdonalds osm-morrisons osm-pubs osm-stations osm-wetherspoon pop-all repd-battery repd-solar
census-qual-degree,Degree-level qualifications,Work & qualifications,unified_census,we,we,West/East,Find the line that puts 50% of people with a degree-level qualification or above west of it,1.47°W,Chesterfield,2,East,census-cars-none,0,49,census-carers-50h census-cars-3plus census-cars-none census-commute-car census-commute-foot census-commute-taxi census-heat-electric census-heat-gas census-home-caravan census-home-commercial census-home-detached census-home-flat census-home-semi census-home-terraced census-hours-49plus census-job-managers census-job-operatives census-job-trades census-population census-qual-apprentice census-qual-none census-tenure-outright census-tenure-private census-tenure-social census-work-from-home ge24-con ge24-green ge24-labour ge24-libdem ge24-nonvoters ge24-reform hmrc-employed hmrc-higher-rate hmrc-pension hmrc-self-employed hmrc-taxpayers osm-breweries osm-chippies osm-costa osm-greggs osm-iceland osm-mcdonalds osm-pubs osm-starbucks osm-tesco osm-wetherspoon pop-all repd-battery repd-solar
census-qual-none,No qualifications,Work & qualifications,unified_census,we,we,West/East,Find the line that puts 50% of adults with no qualifications west of it,1.55°W,County Durham,4,West,osm-iceland,0,48,census-carers-50h census-cars-3plus census-cars-none census-commute-car census-commute-foot census-commute-taxi census-health-verybad census-heat-electric census-heat-gas census-home-caravan census-home-detached census-home-semi census-home-terraced census-hours-49plus census-job-operatives census-job-trades census-population census-qual-apprentice census-qual-degree census-sick census-tenure-outright census-tenure-private census-tenure-social ge24-green ge24-labour ge24-libdem ge24-nonvoters ge24-reform hmrc-employed hmrc-pension hmrc-self-employed hmrc-taxpayers osm-aldi osm-breweries osm-chippies osm-costa osm-greggs osm-iceland osm-lidl osm-mcdonalds osm-morrisons osm-pubs osm-starbucks osm-tesco osm-wetherspoon pop-all repd-battery repd-solar
census-sick,Long-term sick or disabled,Health & care,unified_census,we,we,West/East,Find the line that puts 50% of people out of work because they are long-term sick or disabled west of it,1.80°W,Kirklees,20,West,osm-morrisons,0,30,census-carers-50h census-cars-3plus census-commute-car census-commute-taxi census-health-verybad census-heat-bottled census-heat-renewable census-home-detached census-home-semi census-home-terraced census-job-operatives census-job-trades census-qual-apprentice census-qual-none census-tenure-outright census-tenure-social ge24-nonvoters hmrc-pension osm-aldi osm-breweries osm-chippies osm-golf osm-greggs osm-iceland osm-lidl osm-morrisons osm-pubs osm-stations osm-wetherspoon repd-battery
census-tenure-outright,Households that own outright,Owning & renting,unified_census,we,we,West/East,Find the line that puts 50% of households that own their home outright west of it,1.65°W,New Forest,10,West,census-commute-car,1,42,census-carers-50h census-cars-3plus census-cars-none census-commute-car census-commute-foot census-commute-taxi census-health-verybad census-heat-gas census-home-detached census-home-semi census-home-terraced census-job-operatives census-job-trades census-population census-qual-apprentice census-qual-degree census-qual-none census-sick census-tenure-private census-tenure-social ge24-labour ge24-nonvoters ge24-reform hmrc-employed hmrc-pension hmrc-taxpayers osm-aldi osm-breweries osm-chippies osm-costa osm-greggs osm-iceland osm-lidl osm-mcdonalds osm-morrisons osm-pubs osm-starbucks osm-stations osm-wetherspoon pop-all repd-battery repd-solar
census-tenure-private,Households renting privately,Owning & renting,unified_census,we,we,West/East,Find the line that puts 50% of households renting privately west of it,1.38°W,Sunderland,8,East,osm-costa,0,46,census-cars-3plus census-cars-none census-commute-bike census-commute-car census-commute-foot census-heat-electric census-heat-gas census-home-caravan census-home-commercial census-home-detached census-home-flat census-home-semi census-home-terraced census-hours-49plus census-job-managers census-job-operatives census-job-trades census-population census-qual-degree census-qual-none census-tenure-social census-work-from-home ge24-con ge24-green ge24-labour ge24-libdem ge24-nonvoters ge24-reform hmrc-employed hmrc-higher-rate hmrc-pension hmrc-self-employed hmrc-taxpayers osm-chippies osm-costa osm-iceland osm-mands osm-mcdonalds osm-nandos osm-pubs osm-starbucks osm-tesco osm-wetherspoon pop-all repd-battery repd-solar
census-tenure-social,Households renting socially,Owning & renting,unified_census,we,we,West/East,Find the line that puts 50% of households in social housing west of it,1.54°W,Darlington,2,West,repd-battery,0,49,census-carers-50h census-cars-3plus census-cars-none census-commute-car census-commute-foot census-commute-taxi census-health-verybad census-heat-electric census-heat-gas census-home-caravan census-home-detached census-home-semi census-home-terraced census-hours-49plus census-job-operatives census-job-trades census-population census-qual-apprentice census-qual-degree census-qual-none census-sick census-tenure-outright census-tenure-private ge24-con ge24-green ge24-labour ge24-libdem ge24-nonvoters ge24-reform hmrc-employed hmrc-pension hmrc-self-employed hmrc-taxpayers osm-aldi osm-breweries osm-chippies osm-costa osm-greggs osm-iceland osm-lidl osm-mcdonalds osm-morrisons osm-pubs osm-starbucks osm-tesco osm-wetherspoon pop-all repd-battery repd-solar
census-work-from-home,People working mainly from home,Getting to work,unified_census,we,we,West/East,Find the line that puts 50% of people who work mainly from home west of it,1.26°W,Oxford,16,East,census-job-managers,1,33,census-cars-none census-commute-bike census-commute-foot census-commute-motorbike census-heat-electric census-heat-gas census-home-caravan census-home-commercial census-home-flat census-hours-49plus census-job-managers census-population census-qual-degree census-tenure-private ge24-con ge24-green ge24-labour ge24-libdem ge24-reform hmrc-employed hmrc-higher-rate hmrc-self-employed hmrc-taxpayers osm-costa osm-mands osm-mcdonalds osm-nandos osm-sainsburys osm-starbucks osm-tesco pop-all repd-solar repd-solar-pipeline
ge24-con,"Conservative votes, 2024",Election night,ge2024,we,we,West/East,Find the line that puts 50% of votes cast for the Conservatives in 2024 west of it,1.28°W,Wetherby and Easingwold,15,East,census-work-from-home,1,35,census-cars-none census-commute-bike census-commute-foot census-commute-motorbike census-heat-electric census-heat-gas census-home-caravan census-home-commercial census-home-flat census-hours-49plus census-job-managers census-population census-qual-degree census-tenure-private census-tenure-social census-work-from-home ge24-green ge24-labour ge24-libdem ge24-reform hmrc-employed hmrc-higher-rate hmrc-self-employed hmrc-taxpayers osm-costa osm-mands osm-mcdonalds osm-nandos osm-sainsburys osm-starbucks osm-tesco pop-all repd-battery repd-solar repd-solar-pipeline
ge24-green,"Green votes, 2024",Election night,ge2024,we,we,West/East,Find the line that puts 50% of votes cast for the Greens in 2024 west of it,1.37°W,South Shields,9,East,osm-tesco,0,45,census-cars-3plus census-cars-none census-commute-bike census-commute-foot census-heat-electric census-heat-gas census-home-caravan census-home-commercial census-home-detached census-home-flat census-home-semi census-home-terraced census-hours-49plus census-job-managers census-job-operatives census-job-trades census-population census-qual-degree census-qual-none census-tenure-private census-tenure-social census-work-from-home ge24-con ge24-labour ge24-libdem ge24-nonvoters ge24-reform hmrc-employed hmrc-higher-rate hmrc-pension hmrc-self-employed hmrc-taxpayers osm-chippies osm-costa osm-iceland osm-mands osm-mcdonalds osm-nandos osm-pubs osm-starbucks osm-tesco osm-wetherspoon pop-all repd-battery repd-solar
ge24-labour,"Labour votes, 2024",Election night,ge2024,we,we,West/East,Find the line that puts 50% of votes cast for Labour in 2024 west of it,1.52°W,Warwick and Leamington,1,West,census-heat-gas,1,48,census-carers-50h census-cars-3plus census-cars-none census-commute-car census-commute-foot census-commute-taxi census-health-verybad census-heat-electric census-heat-gas census-home-caravan census-home-detached census-home-semi census-home-terraced census-hours-49plus census-job-operatives census-job-trades census-population census-qual-apprentice census-qual-degree census-qual-none census-tenure-outright census-tenure-private census-tenure-social census-work-from-home ge24-con ge24-green ge24-libdem ge24-nonvoters ge24-reform hmrc-employed hmrc-pension hmrc-self-employed hmrc-taxpayers osm-aldi osm-breweries osm-chippies osm-costa osm-greggs osm-iceland osm-lidl osm-mcdonalds osm-pubs osm-starbucks osm-tesco osm-wetherspoon pop-all repd-battery repd-solar
ge24-libdem,"Liberal Democrat votes, 2024",Election night,ge2024,we,we,West/East,Find the line that puts 50% of votes cast for the Liberal Democrats in 2024 west of it,1.35°W,Oxford West and Abingdon,11,East,osm-tesco,1,45,census-cars-3plus census-cars-none census-commute-bike census-commute-foot census-commute-motorbike census-heat-electric census-heat-gas census-home-caravan census-home-commercial census-home-flat census-home-semi census-home-terraced census-hours-49plus census-job-managers census-job-operatives census-job-trades census-population census-qual-degree census-qual-none census-tenure-private census-tenure-social census-work-from-home ge24-con ge24-green ge24-labour ge24-nonvoters ge24-reform hmrc-employed hmrc-higher-rate hmrc-pension hmrc-self-employed hmrc-taxpayers osm-costa osm-iceland osm-mands osm-mcdonalds osm-nandos osm-pubs osm-sainsburys osm-starbucks osm-tesco osm-wetherspoon pop-all repd-battery repd-solar
ge24-nonvoters,"Registered voters who did not vote, 2024",Election night,ge2024,we,we,West/East,Find the line that puts 50% of registered voters who stayed at home in 2024 west of it,1.57°W,Leeds South,4,West,census-job-operatives,0,46,census-carers-50h census-cars-3plus census-cars-none census-commute-car census-commute-foot census-commute-taxi census-health-verybad census-heat-electric census-heat-gas census-home-caravan census-home-detached census-home-semi census-home-terraced census-job-operatives census-job-trades census-population census-qual-apprentice census-qual-degree census-qual-none census-sick census-tenure-outright census-tenure-private census-tenure-social ge24-green ge24-labour ge24-libdem ge24-reform hmrc-employed hmrc-pension hmrc-taxpayers osm-aldi osm-breweries osm-chippies osm-costa osm-greggs osm-iceland osm-lidl osm-mcdonalds osm-morrisons osm-pubs osm-starbucks osm-tesco osm-wetherspoon pop-all repd-battery repd-solar
ge24-reform,"Reform UK votes, 2024",Election night,ge2024,we,we,West/East,Find the line that puts 50% of votes cast for Reform UK in 2024 west of it,1.47°W,Houghton and Sunderland South,2,East,census-cars-none,0,49,census-carers-50h census-cars-3plus census-cars-none census-commute-car census-commute-foot census-commute-taxi census-heat-electric census-heat-gas census-home-caravan census-home-commercial census-home-detached census-home-flat census-home-semi census-home-terraced census-hours-49plus census-job-managers census-job-operatives census-job-trades census-population census-qual-apprentice census-qual-degree census-qual-none census-tenure-outright census-tenure-private census-tenure-social census-work-from-home ge24-con ge24-green ge24-labour ge24-libdem ge24-nonvoters hmrc-employed hmrc-higher-rate hmrc-pension hmrc-self-employed hmrc-taxpayers osm-breweries osm-chippies osm-costa osm-greggs osm-iceland osm-mcdonalds osm-pubs osm-starbucks osm-tesco osm-wetherspoon pop-all repd-battery repd-solar
hmrc-additional-rate,Additional-rate (top-rate) taxpayers,Income & tax,hmrc,we,we,West/East,Find the line that puts 50% of top-rate taxpayers west of it,0.39°W,Richmond upon Thames,76,East,osm-windmills,2,4,census-commute-train census-home-converted osm-pret osm-windmills
hmrc-employed,Taxpayers with a job,Income & tax,hmrc,we,we,West/East,Find the line that puts 50% of taxpayers with income from a job west of it,1.51°W,Leeds,0,West,census-commute-foot,0,46,census-carers-50h census-cars-3plus census-cars-none census-commute-car census-commute-foot census-commute-taxi census-heat-electric census-heat-gas census-home-caravan census-home-detached census-home-semi census-home-terraced census-hours-49plus census-job-managers census-job-operatives census-job-trades census-population census-qual-apprentice census-qual-degree census-qual-none census-tenure-outright census-tenure-private census-tenure-social census-work-from-home ge24-con ge24-green ge24-labour ge24-libdem ge24-nonvoters ge24-reform hmrc-pension hmrc-self-employed hmrc-taxpayers osm-breweries osm-chippies osm-costa osm-greggs osm-iceland osm-mcdonalds osm-pubs osm-starbucks osm-tesco osm-wetherspoon pop-all repd-battery repd-solar
hmrc-higher-rate,Higher-rate taxpayers,Income & tax,hmrc,we,we,West/East,Find the line that puts 50% of higher-rate taxpayers west of it,1.23°W,Basingstoke and Deane,18,East,census-home-commercial,1,24,census-cars-none census-commute-bike census-commute-motorbike census-heat-electric census-home-caravan census-home-commercial census-home-flat census-hours-49plus census-job-managers census-qual-degree census-tenure-private census-work-from-home ge24-con ge24-green ge24-libdem ge24-reform hmrc-self-employed osm-costa osm-mands osm-nandos osm-sainsburys osm-starbucks osm-tesco repd-solar-pipeline
hmrc-pension,Taxpayers with pension income,Income & tax,hmrc,we,we,West/East,Find the line that puts 50% of taxpayers drawing a pension west of it,1.59°W,North Yorkshire,6,West,census-home-semi,0,46,census-carers-50h census-cars-3plus census-cars-none census-commute-car census-commute-foot census-commute-taxi census-health-verybad census-heat-electric census-heat-gas census-home-caravan census-home-detached census-home-semi census-home-terraced census-job-operatives census-job-trades census-population census-qual-apprentice census-qual-degree census-qual-none census-sick census-tenure-outright census-tenure-private census-tenure-social ge24-green ge24-labour ge24-libdem ge24-nonvoters ge24-reform hmrc-employed hmrc-taxpayers osm-aldi osm-breweries osm-chippies osm-costa osm-greggs osm-iceland osm-lidl osm-mcdonalds osm-morrisons osm-pubs osm-starbucks osm-tesco osm-wetherspoon pop-all repd-battery repd-solar
hmrc-self-employed,Self-employed taxpayers,Income & tax,hmrc,we,we,West/East,Find the line that puts 50% of self-employed taxpayers west of it,1.30°W,Southampton,14,East,census-hours-49plus,0,38,census-cars-3plus census-cars-none census-commute-bike census-commute-foot census-commute-motorbike census-heat-electric census-heat-gas census-home-caravan census-home-commercial census-home-flat census-hours-49plus census-job-managers census-population census-qual-degree census-qual-none census-tenure-private census-tenure-social census-work-from-home ge24-con ge24-green ge24-labour ge24-libdem ge24-reform hmrc-employed hmrc-higher-rate hmrc-taxpayers osm-costa osm-iceland osm-mands osm-mcdonalds osm-nandos osm-sainsburys osm-starbucks osm-tesco osm-wetherspoon pop-all repd-battery repd-solar
hmrc-tax-amount,Income tax paid,Income & tax,hmrc,we,we,West/East,Find the line that puts 50% of all income tax paid west of it,0.79°W,Buckinghamshire,49,East,osm-waitrose,5,2,osm-waitrose repd-solar-pipeline
hmrc-taxpayers,Income taxpayers,Income & tax,hmrc,we,we,West/East,Find the line that puts 50% of income taxpayers west of it,1.51°W,Leeds,0,West,repd-solar,0,46,census-carers-50h census-cars-3plus census-cars-none census-commute-car census-commute-foot census-commute-taxi census-heat-electric census-heat-gas census-home-caravan census-home-detached census-home-semi census-home-terraced census-hours-49plus census-job-managers census-job-operatives census-job-trades census-population census-qual-apprentice census-qual-degree census-qual-none census-tenure-outright census-tenure-private census-tenure-social census-work-from-home ge24-con ge24-green ge24-labour ge24-libdem ge24-nonvoters ge24-reform hmrc-employed hmrc-pension hmrc-self-employed osm-breweries osm-chippies osm-costa osm-greggs osm-iceland osm-mcdonalds osm-pubs osm-starbucks osm-tesco osm-wetherspoon pop-all repd-battery repd-solar
osm-aldi,Aldi shops,Supermarket sweep,osm,we,we,West/East,Find the line that puts 50% of Aldi shops west of it,1.78°W,Solihull,19,West,census-health-verybad,0,33,census-carers-50h census-cars-3plus census-commute-car census-commute-taxi census-health-verybad census-heat-bottled census-heat-gas census-heat-renewable census-home-detached census-home-semi census-home-terraced census-job-operatives census-job-trades census-qual-apprentice census-qual-none census-sick census-tenure-outright census-tenure-social ge24-labour ge24-nonvoters hmrc-pension osm-breweries osm-chippies osm-golf osm-greggs osm-iceland osm-lidl osm-morrisons osm-pubs osm-stations osm-wetherspoon pop-all repd-battery
osm-breweries,Breweries,Out and about,osm,we,we,West/East,Find the line that puts 50% of breweries west of it,1.66°W,North Yorkshire,11,West,census-tenure-outright,1,40,census-carers-50h census-cars-3plus census-cars-none census-commute-car census-commute-foot census-commute-taxi census-health-verybad census-heat-gas census-home-detached census-home-semi census-home-terraced census-job-operatives census-job-trades census-population census-qual-apprentice census-qual-degree census-qual-none census-sick census-tenure-outright census-tenure-social ge24-labour ge24-nonvoters ge24-reform hmrc-employed hmrc-pension hmrc-taxpayers osm-aldi osm-chippies osm-greggs osm-iceland osm-lidl osm-mcdonalds osm-morrisons osm-pubs osm-starbucks osm-stations osm-wetherspoon pop-all repd-battery repd-solar
osm-castles,Castles,Heritage & coast,osm,we,we,West/East,Find the line that puts 50% of castles west of it,3.03°W,Shropshire,99,West,census-heat-oil,13,3,census-heat-oil osm-distilleries osm-lighthouses
osm-chippies,Fish and chip shops,Out and about,osm,we,we,West/East,Find the line that puts 50% of fish and chip shops west of it,1.62°W,Kirklees,8,West,census-home-detached,0,45,census-carers-50h census-cars-3plus census-cars-none census-commute-car census-commute-foot census-commute-taxi census-health-verybad census-heat-electric census-heat-gas census-home-detached census-home-semi census-home-terraced census-job-operatives census-job-trades census-population census-qual-apprentice census-qual-degree census-qual-none census-sick census-tenure-outright census-tenure-private census-tenure-social ge24-green ge24-labour ge24-nonvoters ge24-reform hmrc-employed hmrc-pension hmrc-taxpayers osm-aldi osm-breweries osm-costa osm-greggs osm-iceland osm-lidl osm-mcdonalds osm-morrisons osm-pubs osm-starbucks osm-stations osm-tesco osm-wetherspoon pop-all repd-battery repd-solar
osm-costa,Costa Coffee shops,High street,osm,we,we,West/East,Find the line that puts 50% of Costa Coffee shops west of it,1.38°W,Sunderland,8,East,census-tenure-private,0,47,census-cars-3plus census-cars-none census-commute-bike census-commute-car census-commute-foot census-heat-electric census-heat-gas census-home-caravan census-home-commercial census-home-detached census-home-flat census-home-semi census-home-terraced census-hours-49plus census-job-managers census-job-operatives census-job-trades census-population census-qual-degree census-qual-none census-tenure-outright census-tenure-private census-tenure-social census-work-from-home ge24-con ge24-green ge24-labour ge24-libdem ge24-nonvoters ge24-reform hmrc-employed hmrc-higher-rate hmrc-pension hmrc-self-employed hmrc-taxpayers osm-chippies osm-iceland osm-mands osm-mcdonalds osm-nandos osm-pubs osm-starbucks osm-tesco osm-wetherspoon pop-all repd-battery repd-solar
osm-distilleries,Distilleries,Out and about,osm,we,we,West/East,Find the line that puts 50% of distilleries west of it,3.24°W,Moray,110,West,osm-lighthouses,1,2,osm-castles osm-lighthouses
osm-golf,Golf courses,Out and about,osm,we,we,West/East,Find the line that puts 50% of golf courses west of it,2.00°W,Wychavon,33,West,census-heat-renewable,2,10,census-health-verybad census-heat-bottled census-heat-renewable census-heat-solid census-sick osm-aldi osm-lidl osm-morrisons osm-stations repd-battery-pipeline
osm-greggs,Greggs shops,High street,osm,we,we,West/East,Find the line that puts 50% of Greggs shops west of it,1.69°W,Northumberland,12,West,census-qual-apprentice,0,40,census-carers-50h census-cars-3plus census-cars-none census-commute-car census-commute-foot census-commute-taxi census-health-verybad census-heat-bottled census-heat-gas census-home-detached census-home-semi census-home-terraced census-job-operatives census-job-trades census-population census-qual-apprentice census-qual-degree census-qual-none census-sick census-tenure-outright census-tenure-social ge24-labour ge24-nonvoters ge24-reform hmrc-employed hmrc-pension hmrc-taxpayers osm-aldi osm-breweries osm-chippies osm-iceland osm-lidl osm-mcdonalds osm-morrisons osm-pubs osm-stations osm-wetherspoon pop-all repd-battery repd-solar
osm-iceland,Iceland shops,Supermarket sweep,osm,we,we,West/East,Find the line that puts 50% of Iceland shops west of it,1.55°W,Derbyshire Dales,4,West,census-qual-none,0,48,census-carers-50h census-cars-3plus census-cars-none census-commute-car census-commute-foot census-commute-taxi census-health-verybad census-heat-electric census-heat-gas census-home-caravan census-home-detached census-home-semi census-home-terraced census-hours-49plus census-job-operatives census-job-trades census-population census-qual-apprentice census-qual-degree census-qual-none census-sick census-tenure-outright census-tenure-private census-tenure-social ge24-green ge24-labour ge24-libdem ge24-nonvoters ge24-reform hmrc-employed hmrc-pension hmrc-self-employed hmrc-taxpayers osm-aldi osm-breweries osm-chippies osm-costa osm-greggs osm-lidl osm-mcdonalds osm-morrisons osm-pubs osm-starbucks osm-tesco osm-wetherspoon pop-all repd-battery repd-solar
osm-lidl,Lidl shops,Supermarket sweep,osm,we,we,West/East,Find the line that puts 50% of Lidl shops west of it,1.78°W,Wiltshire,18,West,osm-aldi,0,36,census-carers-50h census-cars-3plus census-commute-car census-commute-taxi census-health-verybad census-heat-bottled census-heat-gas census-heat-renewable census-home-detached census-home-semi census-home-terraced census-job-operatives census-job-trades census-qual-apprentice census-qual-none census-sick census-tenure-outright census-tenure-social ge24-labour ge24-nonvoters hmrc-pension hmrc-taxpayers osm-aldi osm-breweries osm-chippies osm-golf osm-greggs osm-iceland osm-mcdonalds osm-morrisons osm-pubs osm-stations osm-wetherspoon pop-all repd-battery repd-solar
osm-lighthouses,Lighthouses,Heritage & coast,osm,we,we,West/East,Find the line that puts 50% of lighthouses west of it,3.26°W,Cumberland,112,West,osm-distilleries,1,2,osm-castles osm-distilleries
osm-mands,M&S shops,Supermarket sweep,osm,we,we,West/East,Find the line that puts 50% of Marks & Spencer shops west of it,1.15°W,Nottingham,24,East,osm-nandos,2,21,census-commute-bike census-commute-motorbike census-heat-electric census-home-caravan census-home-commercial census-home-flat census-hours-49plus census-job-managers census-tenure-private census-work-from-home ge24-con ge24-green ge24-libdem hmrc-higher-rate hmrc-self-employed osm-costa osm-nandos osm-sainsburys osm-starbucks osm-tesco repd-solar-pipeline
osm-mcdonalds,McDonald's restaurants,High street,osm,we,we,West/East,Find the line that puts 50% of McDonald's restaurants west of it,1.51°W,Coventry,1,West,repd-solar,0,47,census-carers-50h census-cars-3plus census-cars-none census-commute-car census-commute-foot census-commute-taxi census-heat-electric census-heat-gas census-home-caravan census-home-detached census-home-semi census-home-terraced census-hours-49plus census-job-managers census-job-operatives census-job-trades census-population census-qual-apprentice census-qual-degree census-qual-none census-tenure-outright census-tenure-private census-tenure-social census-work-from-home ge24-con ge24-green ge24-labour ge24-libdem ge24-nonvoters ge24-reform hmrc-employed hmrc-pension hmrc-self-employed hmrc-taxpayers osm-breweries osm-chippies osm-costa osm-greggs osm-iceland osm-lidl osm-pubs osm-starbucks osm-tesco osm-wetherspoon pop-all repd-battery repd-solar
osm-morrisons,Morrisons supermarkets,Supermarket sweep,osm,we,we,West/East,Find the line that puts 50% of Morrisons supermarkets west of it,1.80°W,Bradford,20,West,census-sick,0,30,census-carers-50h census-cars-3plus census-commute-car census-commute-taxi census-health-verybad census-heat-bottled census-heat-renewable census-home-detached census-home-semi census-home-terraced census-job-operatives census-job-trades census-qual-apprentice census-qual-none census-sick census-tenure-outright census-tenure-social ge24-nonvoters hmrc-pension osm-aldi osm-breweries osm-chippies osm-golf osm-greggs osm-iceland osm-lidl osm-pubs osm-stations osm-wetherspoon repd-battery
osm-nandos,Nando's restaurants,High street,osm,we,we,West/East,Find the line that puts 50% of Nando's restaurants west of it,1.12°W,Leicester,26,East,census-commute-bike,0,20,census-commute-bike census-commute-motorbike census-heat-electric census-home-caravan census-home-commercial census-home-flat census-hours-49plus census-job-managers census-tenure-private census-work-from-home ge24-con ge24-green ge24-libdem hmrc-higher-rate hmrc-self-employed osm-costa osm-mands osm-sainsburys osm-tesco repd-solar-pipeline
osm-pret,Pret A Manger shops,High street,osm,we,we,West/East,Find the line that puts 50% of Pret A Manger shops west of it,0.14°W,Westminster,93,East,census-commute-metro,1,4,census-commute-metro census-commute-train census-home-converted hmrc-additional-rate
osm-pubs,Pubs,Out and about,osm,we,we,West/East,Find the line that puts 50% of pubs west of it,1.59°W,Northumberland,6,West,census-home-terraced,0,45,census-carers-50h census-cars-3plus census-cars-none census-commute-car census-commute-foot census-commute-taxi census-health-verybad census-heat-electric census-heat-gas census-home-detached census-home-semi census-home-terraced census-job-operatives census-job-trades census-population census-qual-apprentice census-qual-degree census-qual-none census-sick census-tenure-outright census-tenure-private census-tenure-social ge24-green ge24-labour ge24-libdem ge24-nonvoters ge24-reform hmrc-employed hmrc-pension hmrc-taxpayers osm-aldi osm-breweries osm-chippies osm-costa osm-greggs osm-iceland osm-lidl osm-mcdonalds osm-morrisons osm-starbucks osm-tesco osm-wetherspoon pop-all repd-battery repd-solar
osm-sainsburys,Sainsbury's shops (all formats),Supermarket sweep,osm,we,we,West/East,Find the line that puts 50% of Sainsbury's shops of every size west of it,1.09°W,Portsmouth,28,East,census-commute-motorbike,0,15,census-commute-bike census-commute-motorbike census-home-caravan census-home-commercial census-home-flat census-hours-49plus census-job-managers census-work-from-home ge24-con ge24-libdem hmrc-higher-rate hmrc-self-employed osm-mands osm-nandos repd-solar-pipeline
osm-standing-stones,Standing stones and other megaliths,Heritage & coast,osm,we,we,West/East,Find the line that puts 50% of standing stones and other megaliths west of it,3.62°W,West Lothian,138,West,repd-wind-onshore,8,1,repd-wind-onshore
osm-starbucks,Starbucks shops,High street,osm,we,we,West/East,Find the line that puts 50% of Starbucks shops west of it,1.41°W,North East Derbyshire,6,East,osm-costa,2,46,census-cars-3plus census-cars-none census-commute-car census-commute-foot census-heat-electric census-heat-gas census-home-caravan census-home-commercial census-home-detached census-home-flat census-home-semi census-home-terraced census-hours-49plus census-job-managers census-job-operatives census-job-trades census-population census-qual-degree census-qual-none census-tenure-outright census-tenure-private census-tenure-social census-work-from-home ge24-con ge24-green ge24-labour ge24-libdem ge24-nonvoters ge24-reform hmrc-employed hmrc-higher-rate hmrc-pension hmrc-self-employed hmrc-taxpayers osm-breweries osm-chippies osm-costa osm-iceland osm-mands osm-mcdonalds osm-pubs osm-tesco osm-wetherspoon pop-all repd-battery repd-solar
osm-stations,Railway stations,Out and about,osm,we,we,West/East,Find the line that puts 50% of railway stations west of it,1.87°W,Birmingham,25,West,census-heat-bottled,4,18,census-carers-50h census-commute-car census-commute-taxi census-health-verybad census-heat-bottled census-heat-renewable census-home-detached census-qual-apprentice census-sick census-tenure-outright osm-aldi osm-breweries osm-chippies osm-golf osm-greggs osm-lidl osm-morrisons repd-battery-pipeline
osm-tesco,Tesco shops (all formats),Supermarket sweep,osm,we,we,West/East,Find the line that puts 50% of Tesco shops of every size west of it,1.36°W,Southampton,9,East,ge24-green,0,44,census-cars-3plus census-cars-none census-commute-bike census-commute-foot census-heat-electric census-heat-gas census-home-caravan census-home-commercial census-home-flat census-home-semi census-home-terraced census-hours-49plus census-job-managers census-job-operatives census-job-trades census-population census-qual-degree census-qual-none census-tenure-private census-tenure-social census-work-from-home ge24-con ge24-green ge24-labour ge24-libdem ge24-nonvoters ge24-reform hmrc-employed hmrc-higher-rate hmrc-pension hmrc-self-employed hmrc-taxpayers osm-chippies osm-costa osm-iceland osm-mands osm-mcdonalds osm-nandos osm-pubs osm-starbucks osm-wetherspoon pop-all repd-battery repd-solar
osm-waitrose,Waitrose shops,Supermarket sweep,osm,we,we,West/East,Find the line that puts 50% of Waitrose shops west of it,0.71°W,Milton Keynes,54,East,hmrc-tax-amount,5,1,hmrc-tax-amount
osm-wetherspoon,Wetherspoon pubs,High street,osm,we,we,West/East,Find the line that puts 50% of Wetherspoon pubs west of it,1.56°W,Darlington,4,West,census-qual-none,0,48,census-carers-50h census-cars-3plus census-cars-none census-commute-car census-commute-foot census-commute-taxi census-health-verybad census-heat-electric census-heat-gas census-home-caravan census-home-detached census-home-semi census-home-terraced census-hours-49plus census-job-operatives census-job-trades census-population census-qual-apprentice census-qual-degree census-qual-none census-sick census-tenure-outright census-tenure-private census-tenure-social ge24-green ge24-labour ge24-libdem ge24-nonvoters ge24-reform hmrc-employed hmrc-pension hmrc-self-employed hmrc-taxpayers osm-aldi osm-breweries osm-chippies osm-costa osm-greggs osm-iceland osm-lidl osm-mcdonalds osm-morrisons osm-pubs osm-starbucks osm-tesco pop-all repd-battery repd-solar
osm-windmills,Windmills (historic),Heritage & coast,osm,we,we,West/East,Find the line that puts 50% of old windmills west of it,0.42°W,Peterborough,73,East,hmrc-additional-rate,2,3,census-commute-train census-home-converted hmrc-additional-rate
pop-all,Population,Population,population,we,we,West/East,Find the line that puts 50% of the UK's population west of it,1.51°W,Leeds,1,West,census-heat-gas,0,47,census-carers-50h census-cars-3plus census-cars-none census-commute-car census-commute-foot census-commute-taxi census-heat-electric census-heat-gas census-home-caravan census-home-detached census-home-semi census-home-terraced census-hours-49plus census-job-managers census-job-operatives census-job-trades census-population census-qual-apprentice census-qual-degree census-qual-none census-tenure-outright census-tenure-private census-tenure-social census-work-from-home ge24-con ge24-green ge24-labour ge24-libdem ge24-nonvoters ge24-reform hmrc-employed hmrc-pension hmrc-self-employed hmrc-taxpayers osm-breweries osm-chippies osm-costa osm-greggs osm-iceland osm-lidl osm-mcdonalds osm-pubs osm-starbucks osm-tesco osm-wetherspoon repd-battery repd-solar
repd-battery,Battery storage capacity (MW),Power,repd,we,we,West/East,Find the line that puts 50% of grid battery storage capacity west of it,1.54°W,North Yorkshire,3,West,census-cars-3plus,0,49,census-carers-50h census-cars-3plus census-cars-none census-commute-car census-commute-foot census-commute-taxi census-health-verybad census-heat-electric census-heat-gas census-home-caravan census-home-detached census-home-semi census-home-terraced census-hours-49plus census-job-operatives census-job-trades census-population census-qual-apprentice census-qual-degree census-qual-none census-sick census-tenure-outright census-tenure-private census-tenure-social ge24-con ge24-green ge24-labour ge24-libdem ge24-nonvoters ge24-reform hmrc-employed hmrc-pension hmrc-self-employed hmrc-taxpayers osm-aldi osm-breweries osm-chippies osm-costa osm-greggs osm-iceland osm-lidl osm-mcdonalds osm-morrisons osm-pubs osm-starbucks osm-tesco osm-wetherspoon pop-all repd-solar
repd-battery-pipeline,Battery storage consented or being built (MW),Power,repd,we,we,West/East,Find the line that puts 50% of battery storage capacity that is consented or under construction west of it,2.10°W,Staffordshire Moorlands,39,West,census-heat-solid,4,5,census-heat-bottled census-heat-renewable census-heat-solid osm-golf osm-stations
repd-hydro,Hydro-electric schemes,Power,repd,we,we,West/East,Find the line that puts 50% of hydro-electric schemes west of it,4.72°W,Highland,197,West,repd-wind-onshore,60,0,
repd-solar,Solar farm capacity (MW),Power,repd,we,we,West/East,Find the line that puts 50% of solar farm capacity west of it,1.51°W,Test Valley,1,West,osm-mcdonalds,0,46,census-carers-50h census-cars-3plus census-cars-none census-commute-car census-commute-foot census-commute-taxi census-heat-electric census-heat-gas census-home-caravan census-home-detached census-home-semi census-home-terraced census-hours-49plus census-job-managers census-job-operatives census-job-trades census-population census-qual-apprentice census-qual-degree census-qual-none census-tenure-outright census-tenure-private census-tenure-social census-work-from-home ge24-con ge24-green ge24-labour ge24-libdem ge24-nonvoters ge24-reform hmrc-employed hmrc-pension hmrc-self-employed hmrc-taxpayers osm-breweries osm-chippies osm-costa osm-greggs osm-iceland osm-mcdonalds osm-pubs osm-starbucks osm-tesco osm-wetherspoon pop-all repd-battery
repd-solar-pipeline,Solar capacity consented or being built (MW),Power,repd,we,we,West/East,Find the line that puts 50% of solar capacity that is consented or under construction west of it,1.01°W,South Oxfordshire,33,East,census-commute-motorbike,5,12,census-commute-bike census-commute-motorbike census-home-commercial census-home-flat census-job-managers census-work-from-home ge24-con hmrc-higher-rate hmrc-tax-amount osm-mands osm-nandos osm-sainsburys
repd-wind-offshore,Offshore wind capacity (MW),Power,repd,we,we,West/East,Find the line that puts 50% of offshore wind power capacity west of it,0.50°E,North Norfolk,130,East,census-commute-metro,40,0,
repd-wind-onshore,Onshore wind capacity (MW),Power,repd,we,we,West/East,Find the line that puts 50% of onshore wind power capacity west of it,3.74°W,Perth and Kinross,141,West,osm-standing-stones,8,1,osm-standing-stones
census-carers-50h,Carers giving 50+ hours a week,Health & care,unified_census,15,ns,North/South,Find the line that puts 50% of people giving 50 or more hours of unpaid care a week north of it,(diagonal),Shropshire,21,North,census-job-operatives,2,26,census-commute-car census-health-verybad census-heat-gas census-heat-renewable census-home-detached census-home-semi census-home-terraced census-job-operatives census-job-trades census-qual-apprentice census-qual-none census-tenure-outright census-tenure-social ge24-labour ge24-nonvoters ge24-reform hmrc-pension osm-breweries osm-chippies osm-greggs osm-iceland osm-lidl osm-mcdonalds osm-pubs osm-windmills repd-battery
census-cars-3plus,Households with 3+ cars,Owning & renting,unified_census,15,ns,North/South,Find the line that puts 50% of households with three or more cars or vans north of it,(diagonal),West Northamptonshire,5,South,census-heat-bottled,3,28,census-cars-none census-commute-foot census-heat-bottled census-heat-gas census-home-terraced census-job-trades census-population census-qual-degree census-qual-none census-tenure-outright census-tenure-private census-tenure-social ge24-labour ge24-nonvoters ge24-reform hmrc-employed hmrc-pension hmrc-taxpayers osm-breweries osm-iceland osm-lidl osm-mcdonalds osm-pubs osm-starbucks osm-stations osm-wetherspoon pop-all repd-battery
census-cars-none,Households with no car,Owning & renting,unified_census,15,ns,North/South,Find the line that puts 50% of households with no car or van north of it,(diagonal),Sandwell,2,North,osm-stations,1,31,census-cars-3plus census-commute-car census-commute-foot census-heat-bottled census-heat-gas census-home-detached census-home-terraced census-job-trades census-population census-qual-degree census-qual-none census-tenure-outright census-tenure-private census-tenure-social ge24-labour ge24-nonvoters ge24-reform hmrc-employed hmrc-pension hmrc-taxpayers osm-breweries osm-iceland osm-lidl osm-mcdonalds osm-pubs osm-starbucks osm-stations osm-wetherspoon osm-windmills pop-all repd-battery
census-commute-bike,Commuters by bicycle,Getting to work,unified_census,15,ns,North/South,Find the line that puts 50% of people who cycle to work north of it,(diagonal),Worcester,38,South,ge24-green,0,13,census-heat-electric census-home-caravan census-home-flat census-hours-49plus census-job-managers census-work-from-home ge24-con ge24-green hmrc-higher-rate hmrc-self-employed osm-costa osm-mands osm-tesco
census-commute-car,Commuters by car or van,Getting to work,unified_census,15,ns,North/South,Find the line that puts 50% of people who drive to work north of it,(diagonal),Cannock Chase,17,North,census-home-detached,2,28,census-carers-50h census-cars-none census-heat-gas census-heat-renewable census-home-detached census-home-semi census-home-terraced census-job-operatives census-job-trades census-population census-qual-apprentice census-qual-none census-tenure-outright census-tenure-social ge24-labour ge24-nonvoters ge24-reform hmrc-pension osm-breweries osm-greggs osm-iceland osm-lidl osm-mcdonalds osm-pubs osm-stations osm-wetherspoon osm-windmills repd-battery
census-commute-foot,Commuters on foot,Getting to work,unified_census,15,ns,North/South,Find the line that puts 50% of people who walk to work north of it,(diagonal),Huntingdonshire,1,South,osm-starbucks,0,30,census-cars-3plus census-cars-none census-heat-bottled census-heat-gas census-home-detached census-home-terraced census-job-trades census-population census-qual-degree census-qual-none census-tenure-outright census-tenure-private census-tenure-social ge24-labour ge24-nonvoters ge24-reform hmrc-employed hmrc-pension hmrc-taxpayers osm-breweries osm-iceland osm-lidl osm-mcdonalds osm-pubs osm-starbucks osm-stations osm-wetherspoon osm-windmills pop-all repd-battery
census-commute-metro,"Commuters by underground, metro or tram",Getting to work,unified_census,15,ns,North/South,"Find the line that puts 50% of people who commute by underground, metro or tram north of it",(diagonal),Harrow,71,South,census-home-converted,1,14,census-commute-motorbike census-commute-train census-home-caravan census-home-commercial census-home-converted census-home-flat ge24-libdem hmrc-additional-rate hmrc-tax-amount osm-nandos osm-pret osm-sainsburys osm-waitrose repd-solar
census-commute-motorbike,Commuters by motorbike or moped,Getting to work,unified_census,15,ns,North/South,Find the line that puts 50% of people who ride a motorbike or moped to work north of it,(diagonal),Haringey,66,South,census-commute-train,2,14,census-commute-metro census-commute-train census-home-caravan census-home-commercial census-home-converted census-home-flat ge24-libdem hmrc-additional-rate hmrc-tax-amount osm-nandos osm-pret osm-sainsburys osm-waitrose repd-solar
census-commute-taxi,Commuters by taxi,Getting to work,unified_census,15,ns,North/South,Find the line that puts 50% of people who get to work by taxi north of it,(diagonal),Stoke-on-Trent,53,North,osm-aldi,1,9,census-health-verybad census-heat-oil census-heat-wood census-sick osm-aldi osm-chippies osm-golf osm-morrisons repd-solar-pipeline
census-commute-train,Commuters by train,Getting to work,unified_census,15,ns,North/South,Find the line that puts 50% of people who commute by train north of it,(diagonal),Newham,68,South,census-commute-motorbike,2,14,census-commute-metro census-commute-motorbike census-home-caravan census-home-commercial census-home-converted census-home-flat ge24-libdem hmrc-additional-rate hmrc-tax-amount osm-nandos osm-pret osm-sainsburys osm-waitrose repd-solar
census-health-verybad,Very bad health,Health & care,unified_census,15,ns,North/South,Find the line that puts 50% of people in very bad health north of it,(diagonal),Charnwood,36,North,osm-chippies,0,11,census-carers-50h census-commute-taxi census-heat-renewable census-home-semi census-job-operatives census-qual-apprentice census-sick osm-chippies osm-golf osm-greggs repd-solar-pipeline
census-heat-bottled,Homes heated only by tank or bottled gas,Heating,unified_census,15,ns,North/South,Find the line that puts 50% of homes heated only by tank or bottled gas north of it,(diagonal),West Northamptonshire,7,South,census-cars-3plus,3,24,census-cars-3plus census-cars-none census-commute-foot census-heat-gas census-home-terraced census-job-trades census-population census-qual-degree census-tenure-private census-tenure-social ge24-nonvoters ge24-reform hmrc-employed hmrc-pension hmrc-taxpayers osm-costa osm-iceland osm-lidl osm-mcdonalds osm-pubs osm-starbucks osm-stations osm-wetherspoon pop-all
census-heat-electric,Homes heated only by electricity,Heating,unified_census,15,ns,North/South,Find the line that puts 50% of homes heated only by electricity north of it,(diagonal),Worcester,39,South,census-job-managers,0,16,census-commute-bike census-home-caravan census-home-commercial census-home-flat census-hours-49plus census-job-managers census-work-from-home ge24-con ge24-green hmrc-higher-rate hmrc-self-employed osm-costa osm-mands osm-nandos osm-sainsburys osm-tesco
census-heat-gas,Homes heated only by mains gas,Heating,unified_census,15,ns,North/South,Find the line that puts 50% of homes heated only by mains gas north of it,(diagonal),Ipswich,5,North,census-job-trades,0,32,census-carers-50h census-cars-3plus census-cars-none census-commute-car census-commute-foot census-heat-bottled census-home-detached census-home-terraced census-job-operatives census-job-trades census-population census-qual-degree census-qual-none census-tenure-outright census-tenure-social ge24-labour ge24-nonvoters ge24-reform hmrc-employed hmrc-pension hmrc-taxpayers osm-breweries osm-iceland osm-lidl osm-mcdonalds osm-pubs osm-starbucks osm-stations osm-wetherspoon osm-windmills pop-all repd-battery
census-heat-oil,Homes heated only by oil,Heating,unified_census,15,ns,North/South,Find the line that puts 50% of homes heated only by oil north of it,(diagonal),South Kesteven,69,North,osm-morrisons,13,4,census-commute-taxi census-heat-wood osm-aldi osm-morrisons
census-heat-renewable,Homes heated only by renewables,Heating,unified_census,15,ns,North/South,Find the line that puts 50% of homes heated only by renewable energy north of it,(diagonal),West Suffolk,31,North,osm-greggs,2,12,census-carers-50h census-commute-car census-health-verybad census-home-detached census-home-semi census-job-operatives census-qual-apprentice census-sick osm-chippies osm-golf osm-greggs osm-windmills
census-heat-solid,Homes heated only by solid fuel,Heating,unified_census,15,ns,North/South,"Find the line that puts 50% of homes heated only by solid fuel (coal, peat) north of it",(diagonal),North Norfolk,92,North,census-heat-oil,23,0,
census-heat-wood,Homes heated only by wood,Heating,unified_census,15,ns,North/South,Find the line that puts 50% of homes heated only by wood north of it,(diagonal),Denbighshire,55,North,osm-morrisons,1,7,census-commute-taxi census-heat-oil census-sick osm-aldi osm-golf osm-morrisons repd-solar-pipeline
census-home-caravan,Households in a caravan or mobile home,Homes,unified_census,15,ns,North/South,Find the line that puts 50% of households living in a caravan or mobile home north of it,(diagonal),Epping Forest,52,South,census-home-flat,2,18,census-commute-bike census-commute-metro census-commute-motorbike census-commute-train census-heat-electric census-home-commercial census-home-flat census-job-managers census-work-from-home ge24-green hmrc-higher-rate hmrc-self-employed hmrc-tax-amount osm-mands osm-nandos osm-sainsburys osm-tesco repd-solar
census-home-commercial,Households in a commercial building,Homes,unified_census,15,ns,North/South,"Find the line that puts 50% of households living above a shop, in an office building or hotel north of it",(diagonal),Castle Point,57,South,osm-nandos,1,17,census-commute-metro census-commute-motorbike census-commute-train census-heat-electric census-home-caravan census-home-converted census-home-flat census-work-from-home hmrc-additional-rate hmrc-higher-rate hmrc-self-employed hmrc-tax-amount osm-mands osm-nandos osm-pret osm-sainsburys repd-solar
census-home-converted,Households in converted or shared houses,Homes,unified_census,15,ns,North/South,"Find the line that puts 50% of households in converted or shared houses, including bedsits north of it",(diagonal),Camden,71,South,hmrc-additional-rate,0,13,census-commute-metro census-commute-motorbike census-commute-train census-home-commercial census-home-flat ge24-libdem hmrc-additional-rate hmrc-tax-amount osm-nandos osm-pret osm-sainsburys osm-waitrose repd-solar
census-home-detached,Households in detached houses,Homes,unified_census,15,ns,North/South,Find the line that puts 50% of households in a detached house north of it,(diagonal),Harborough,16,North,osm-windmills,0,32,census-carers-50h census-cars-none census-commute-car census-commute-foot census-heat-gas census-heat-renewable census-home-semi census-home-terraced census-job-operatives census-job-trades census-population census-qual-none census-tenure-outright census-tenure-social ge24-labour ge24-nonvoters ge24-reform hmrc-employed hmrc-pension hmrc-taxpayers osm-breweries osm-greggs osm-iceland osm-lidl osm-mcdonalds osm-pubs osm-starbucks osm-stations osm-wetherspoon osm-windmills pop-all repd-battery
census-home-flat,Households in purpose-built flats,Homes,unified_census,15,ns,North/South,Find the line that puts 50% of households in a purpose-built block of flats north of it,(diagonal),Buckinghamshire,54,South,census-home-caravan,2,20,census-commute-bike census-commute-metro census-commute-motorbike census-commute-train census-heat-electric census-home-caravan census-home-commercial census-home-converted census-job-managers census-work-from-home ge24-green hmrc-additional-rate hmrc-higher-rate hmrc-self-employed hmrc-tax-amount osm-mands osm-nandos osm-sainsburys osm-tesco repd-solar
census-home-semi,Households in semi-detached houses,Homes,unified_census,15,ns,North/South,Find the line that puts 50% of households in a semi-detached house north of it,(diagonal),Blaby,26,North,census-job-operatives,3,19,census-carers-50h census-commute-car census-health-verybad census-heat-renewable census-home-detached census-job-operatives census-qual-apprentice census-qual-none census-tenure-outright census-tenure-social ge24-labour ge24-nonvoters osm-breweries osm-chippies osm-golf osm-greggs osm-mcdonalds osm-windmills repd-battery
census-home-terraced,Households in terraced houses,Homes,unified_census,15,ns,North/South,Find the line that puts 50% of households in a terraced house north of it,(diagonal),Telford and Wrekin,6,North,osm-iceland,0,31,census-carers-50h census-cars-3plus census-cars-none census-commute-car census-commute-foot census-heat-bottled census-heat-gas census-home-detached census-job-operatives census-job-trades census-population census-qual-none census-tenure-outright census-tenure-social ge24-labour ge24-nonvoters ge24-reform hmrc-employed hmrc-pension hmrc-taxpayers osm-breweries osm-iceland osm-lidl osm-mcdonalds osm-pubs osm-starbucks osm-stations osm-wetherspoon osm-windmills pop-all repd-battery
census-hours-49plus,People working 49+ hours a week,Work & qualifications,unified_census,15,ns,North/South,Find the line that puts 50% of people working 49 or more hours a week north of it,(diagonal),Central Bedfordshire,28,South,ge24-con,2,11,census-commute-bike census-heat-electric census-job-managers census-qual-degree census-tenure-private census-work-from-home ge24-con ge24-green hmrc-self-employed osm-costa osm-tesco
census-job-managers,"Managers, directors and senior officials",Work & qualifications,unified_census,15,ns,North/South,"Find the line that puts 50% of managers, directors and senior officials north of it",(diagonal),Chelmsford,39,South,census-heat-electric,0,15,census-commute-bike census-heat-electric census-home-caravan census-home-flat census-hours-49plus census-work-from-home ge24-con ge24-green hmrc-higher-rate hmrc-self-employed osm-costa osm-mands osm-nandos osm-sainsburys osm-tesco
census-job-operatives,"Process, plant and machine operatives",Work & qualifications,unified_census,15,ns,North/South,"Find the line that puts 50% of process, plant and machine operatives north of it",(diagonal),North Northamptonshire,23,North,census-carers-50h,2,26,census-carers-50h census-commute-car census-health-verybad census-heat-gas census-heat-renewable census-home-detached census-home-semi census-home-terraced census-job-trades census-qual-apprentice census-qual-none census-tenure-outright census-tenure-social ge24-labour ge24-nonvoters ge24-reform hmrc-pension osm-breweries osm-chippies osm-greggs osm-iceland osm-lidl osm-mcdonalds osm-pubs osm-windmills repd-battery
census-job-trades,Skilled trades,Work & qualifications,unified_census,15,ns,North/South,Find the line that puts 50% of people working in skilled trades north of it,(diagonal),Birmingham,5,North,ge24-reform,0,32,census-carers-50h census-cars-3plus census-cars-none census-commute-car census-commute-foot census-heat-bottled census-heat-gas census-home-detached census-home-terraced census-job-operatives census-population census-qual-degree census-qual-none census-tenure-outright census-tenure-social ge24-labour ge24-nonvoters ge24-reform hmrc-employed hmrc-pension hmrc-taxpayers osm-breweries osm-iceland osm-lidl osm-mcdonalds osm-pubs osm-starbucks osm-stations osm-wetherspoon osm-windmills pop-all repd-battery
census-population,Usual residents (census),Population,unified_census,15,ns,North/South,Find the line that puts 50% of the UK's residents north of it,(diagonal),Birmingham,0,,osm-wetherspoon,0,31,census-cars-3plus census-cars-none census-commute-car census-commute-foot census-heat-bottled census-heat-gas census-home-detached census-home-terraced census-job-trades census-qual-degree census-qual-none census-tenure-outright census-tenure-private census-tenure-social ge24-labour ge24-nonvoters ge24-reform hmrc-employed hmrc-pension hmrc-taxpayers osm-breweries osm-iceland osm-lidl osm-mcdonalds osm-pubs osm-starbucks osm-stations osm-wetherspoon osm-windmills pop-all repd-battery
census-qual-apprentice,Apprenticeships,Work & qualifications,unified_census,15,ns,North/South,Find the line that puts 50% of people whose highest qualification is an apprenticeship north of it,(diagonal),Fenland,34,North,osm-greggs,1,11,census-carers-50h census-commute-car census-health-verybad census-heat-renewable census-home-semi census-job-operatives census-sick osm-chippies osm-golf osm-greggs repd-solar-pipeline
census-qual-degree,Degree-level qualifications,Work & qualifications,unified_census,15,ns,North/South,Find the line that puts 50% of people with a degree-level qualification or above north of it,(diagonal),West Northamptonshire,13,South,census-tenure-private,1,18,census-cars-3plus census-cars-none census-commute-foot census-heat-bottled census-heat-gas census-hours-49plus census-job-trades census-population census-tenure-private ge24-con ge24-reform hmrc-employed hmrc-taxpayers osm-costa osm-starbucks osm-stations osm-wetherspoon pop-all
census-qual-none,No qualifications,Work & qualifications,unified_census,15,ns,North/South,Find the line that puts 50% of adults with no qualifications north of it,(diagonal),North Warwickshire,12,North,repd-battery,0,31,census-carers-50h census-cars-3plus census-cars-none census-commute-car census-commute-foot census-heat-gas census-home-detached census-home-semi census-home-terraced census-job-operatives census-job-trades census-population census-tenure-outright census-tenure-social ge24-labour ge24-nonvoters ge24-reform hmrc-employed hmrc-pension hmrc-taxpayers osm-breweries osm-iceland osm-lidl osm-mcdonalds osm-pubs osm-starbucks osm-stations osm-wetherspoon osm-windmills pop-all repd-battery
census-sick,Long-term sick or disabled,Health & care,unified_census,15,ns,North/South,Find the line that puts 50% of people out of work because they are long-term sick or disabled north of it,(diagonal),East Staffordshire,45,North,osm-golf,1,11,census-commute-taxi census-health-verybad census-heat-renewable census-heat-wood census-qual-apprentice osm-aldi osm-chippies osm-golf osm-greggs osm-morrisons repd-solar-pipeline
census-tenure-outright,Households that own outright,Owning & renting,unified_census,15,ns,North/South,Find the line that puts 50% of households that own their home outright north of it,(diagonal),Telford and Wrekin,11,North,ge24-labour,1,31,census-carers-50h census-cars-3plus census-cars-none census-commute-car census-commute-foot census-heat-gas census-home-detached census-home-semi census-home-terraced census-job-operatives census-job-trades census-population census-qual-none census-tenure-social ge24-labour ge24-nonvoters ge24-reform hmrc-employed hmrc-pension hmrc-taxpayers osm-breweries osm-iceland osm-lidl osm-mcdonalds osm-pubs osm-starbucks osm-stations osm-wetherspoon osm-windmills pop-all repd-battery
census-tenure-private,Households renting privately,Owning & renting,unified_census,15,ns,North/South,Find the line that puts 50% of households renting privately north of it,(diagonal),Bedford,14,South,census-qual-degree,1,15,census-cars-3plus census-cars-none census-commute-foot census-heat-bottled census-hours-49plus census-population census-qual-degree ge24-con hmrc-employed hmrc-taxpayers osm-costa osm-starbucks osm-stations osm-wetherspoon pop-all
census-tenure-social,Households renting socially,Owning & renting,unified_census,15,ns,North/South,Find the line that puts 50% of households in social housing north of it,(diagonal),Ipswich,9,North,ge24-nonvoters,0,32,census-carers-50h census-cars-3plus census-cars-none census-commute-car census-commute-foot census-heat-bottled census-heat-gas census-home-detached census-home-semi census-home-terraced census-job-operatives census-job-trades census-population census-qual-none census-tenure-outright ge24-labour ge24-nonvoters ge24-reform hmrc-employed hmrc-pension hmrc-taxpayers osm-breweries osm-iceland osm-lidl osm-mcdonalds osm-pubs osm-starbucks osm-stations osm-wetherspoon osm-windmills pop-all repd-battery
census-work-from-home,People working mainly from home,Getting to work,unified_census,15,ns,North/South,Find the line that puts 50% of people who work mainly from home north of it,(diagonal),Epping Forest,43,South,hmrc-self-employed,2,15,census-commute-bike census-heat-electric census-home-caravan census-home-commercial census-home-flat census-hours-49plus census-job-managers ge24-con ge24-green hmrc-higher-rate hmrc-self-employed osm-mands osm-nandos osm-sainsburys osm-tesco
ge24-con,"Conservative votes, 2024",Election night,ge2024,15,ns,North/South,Find the line that puts 50% of votes cast for the Conservatives in 2024 north of it,(diagonal),Droitwich and Evesham,30,South,census-hours-49plus,2,13,census-commute-bike census-heat-electric census-hours-49plus census-job-managers census-qual-degree census-tenure-private census-work-from-home ge24-green hmrc-higher-rate hmrc-self-employed osm-costa osm-mands osm-tesco
ge24-green,"Green votes, 2024",Election night,ge2024,15,ns,North/South,Find the line that puts 50% of votes cast for the Greens in 2024 north of it,(diagonal),West Worcestershire,38,South,osm-tesco,0,13,census-commute-bike census-heat-electric census-home-caravan census-home-flat census-hours-49plus census-job-managers census-work-from-home ge24-con hmrc-higher-rate hmrc-self-employed osm-costa osm-mands osm-tesco
ge24-labour,"Labour votes, 2024",Election night,ge2024,15,ns,North/South,Find the line that puts 50% of votes cast for Labour in 2024 north of it,(diagonal),Shrewsbury,12,North,repd-battery,0,31,census-carers-50h census-cars-3plus census-cars-none census-commute-car census-commute-foot census-heat-gas census-home-detached census-home-semi census-home-terraced census-job-operatives census-job-trades census-population census-qual-none census-tenure-outright census-tenure-social ge24-nonvoters ge24-reform hmrc-employed hmrc-pension hmrc-taxpayers osm-breweries osm-iceland osm-lidl osm-mcdonalds osm-pubs osm-starbucks osm-stations osm-wetherspoon osm-windmills pop-all repd-battery
ge24-libdem,"Liberal Democrat votes, 2024",Election night,ge2024,15,ns,North/South,Find the line that puts 50% of votes cast for the Liberal Democrats in 2024 north of it,(diagonal),Witney,76,South,osm-waitrose,0,9,census-commute-metro census-commute-motorbike census-commute-train census-home-converted hmrc-additional-rate hmrc-tax-amount osm-pret osm-waitrose repd-solar
ge24-nonvoters,"Registered voters who did not vote, 2024",Election night,ge2024,15,ns,North/South,Find the line that puts 50% of registered voters who stayed at home in 2024 north of it,(diagonal),Wolverhampton South East,9,North,census-tenure-social,0,32,census-carers-50h census-cars-3plus census-cars-none census-commute-car census-commute-foot census-heat-bottled census-heat-gas census-home-detached census-home-semi census-home-terraced census-job-operatives census-job-trades census-population census-qual-none census-tenure-outright census-tenure-social ge24-labour ge24-reform hmrc-employed hmrc-pension hmrc-taxpayers osm-breweries osm-iceland osm-lidl osm-mcdonalds osm-pubs osm-starbucks osm-stations osm-wetherspoon osm-windmills pop-all repd-battery
ge24-reform,"Reform UK votes, 2024",Election night,ge2024,15,ns,North/South,Find the line that puts 50% of votes cast for Reform UK in 2024 north of it,(diagonal),Telford,5,North,census-job-trades,0,31,census-carers-50h census-cars-3plus census-cars-none census-commute-car census-commute-foot census-heat-bottled census-heat-gas census-home-detached census-home-terraced census-job-trades census-population census-qual-degree census-qual-none census-tenure-outright census-tenure-social ge24-labour ge24-nonvoters hmrc-employed hmrc-pension hmrc-taxpayers osm-breweries osm-iceland osm-lidl osm-mcdonalds osm-pubs osm-starbucks osm-stations osm-wetherspoon osm-windmills pop-all repd-battery
hmrc-additional-rate,Additional-rate (top-rate) taxpayers,Income & tax,hmrc,15,ns,North/South,Find the line that puts 50% of top-rate taxpayers north of it,(diagonal),Westminster,71,South,census-home-converted,0,13,census-commute-metro census-commute-motorbike census-commute-train census-home-commercial census-home-converted census-home-flat ge24-libdem hmrc-tax-amount osm-nandos osm-pret osm-sainsburys osm-waitrose repd-solar
hmrc-employed,Taxpayers with a job,Income & tax,hmrc,15,ns,North/South,Find the line that puts 50% of taxpayers with income from a job north of it,(diagonal),Birmingham,2,South,hmrc-taxpayers,0,30,census-cars-3plus census-cars-none census-commute-foot census-heat-bottled census-heat-gas census-home-detached census-home-terraced census-job-trades census-population census-qual-degree census-qual-none census-tenure-outright census-tenure-private census-tenure-social ge24-labour ge24-nonvoters ge24-reform hmrc-pension hmrc-taxpayers osm-breweries osm-iceland osm-lidl osm-mcdonalds osm-pubs osm-starbucks osm-stations osm-wetherspoon osm-windmills pop-all repd-battery
hmrc-higher-rate,Higher-rate taxpayers,Income & tax,hmrc,15,ns,North/South,Find the line that puts 50% of higher-rate taxpayers north of it,(diagonal),Buckinghamshire,48,South,osm-mands,2,16,census-commute-bike census-heat-electric census-home-caravan census-home-commercial census-home-flat census-job-managers census-work-from-home ge24-con ge24-green hmrc-self-employed hmrc-tax-amount osm-mands osm-nandos osm-sainsburys osm-tesco repd-solar
hmrc-pension,Taxpayers with pension income,Income & tax,hmrc,15,ns,North/South,Find the line that puts 50% of taxpayers drawing a pension north of it,(diagonal),Birmingham,7,North,osm-pubs,0,31,census-carers-50h census-cars-3plus census-cars-none census-commute-car census-commute-foot census-heat-bottled census-heat-gas census-home-detached census-home-terraced census-job-operatives census-job-trades census-population census-qual-none census-tenure-outright census-tenure-social ge24-labour ge24-nonvoters ge24-reform hmrc-employed hmrc-taxpayers osm-breweries osm-iceland osm-lidl osm-mcdonalds osm-pubs osm-starbucks osm-stations osm-wetherspoon osm-windmills pop-all repd-battery
hmrc-self-employed,Self-employed taxpayers,Income & tax,hmrc,15,ns,North/South,Find the line that puts 50% of self-employed taxpayers north of it,(diagonal),Luton,45,South,osm-mands,1,15,census-commute-bike census-heat-electric census-home-caravan census-home-commercial census-home-flat census-hours-49plus census-job-managers census-work-from-home ge24-con ge24-green hmrc-higher-rate osm-mands osm-nandos osm-sainsburys osm-tesco
hmrc-tax-amount,Income tax paid,Income & tax,hmrc,15,ns,North/South,Find the line that puts 50% of all income tax paid north of it,(diagonal),Buckinghamshire,63,South,repd-solar,1,16,census-commute-metro census-commute-motorbike census-commute-train census-home-caravan census-home-commercial census-home-converted census-home-flat ge24-libdem hmrc-additional-rate hmrc-higher-rate osm-mands osm-nandos osm-pret osm-sainsburys osm-waitrose repd-solar
hmrc-taxpayers,Income taxpayers,Income & tax,hmrc,15,ns,North/South,Find the line that puts 50% of income taxpayers north of it,(diagonal),Birmingham,2,South,hmrc-employed,0,30,census-cars-3plus census-cars-none census-commute-foot census-heat-bottled census-heat-gas census-home-detached census-home-terraced census-job-trades census-population census-qual-degree census-qual-none census-tenure-outright census-tenure-private census-tenure-social ge24-labour ge24-nonvoters ge24-reform hmrc-employed hmrc-pension osm-breweries osm-iceland osm-lidl osm-mcdonalds osm-pubs osm-starbucks osm-stations osm-wetherspoon osm-windmills pop-all repd-battery
osm-aldi,Aldi shops,Supermarket sweep,osm,15,ns,North/South,Find the line that puts 50% of Aldi shops north of it,(diagonal),Cheshire East,54,North,census-commute-taxi,1,7,census-commute-taxi census-heat-oil census-heat-wood census-sick osm-golf osm-morrisons repd-solar-pipeline
osm-breweries,Breweries,Out and about,osm,15,ns,North/South,Find the line that puts 50% of breweries north of it,(diagonal),South Cambridgeshire,12,North,census-qual-none,0,31,census-carers-50h census-cars-3plus census-cars-none census-commute-car census-commute-foot census-heat-gas census-home-detached census-home-semi census-home-terraced census-job-operatives census-job-trades census-population census-qual-none census-tenure-outright census-tenure-social ge24-labour ge24-nonvoters ge24-reform hmrc-employed hmrc-pension hmrc-taxpayers osm-iceland osm-lidl osm-mcdonalds osm-pubs osm-starbucks osm-stations osm-wetherspoon osm-windmills pop-all repd-battery
osm-castles,Castles,Heritage & coast,osm,15,ns,North/South,Find the line that puts 50% of castles north of it,(diagonal),York,170,North,repd-wind-offshore,31,0,
osm-chippies,Fish and chip shops,Out and about,osm,15,ns,North/South,Find the line that puts 50% of fish and chip shops north of it,(diagonal),Gwynedd,36,North,census-health-verybad,0,11,census-carers-50h census-commute-taxi census-health-verybad census-heat-renewable census-home-semi census-job-operatives census-qual-apprentice census-sick osm-golf osm-greggs repd-solar-pipeline
osm-costa,Costa Coffee shops,High street,osm,15,ns,North/South,Find the line that puts 50% of Costa Coffee shops north of it,(diagonal),Central Bedfordshire,23,South,census-hours-49plus,5,10,census-commute-bike census-heat-bottled census-heat-electric census-hours-49plus census-job-managers census-qual-degree census-tenure-private ge24-con ge24-green osm-tesco
osm-distilleries,Distilleries,Out and about,osm,15,ns,North/South,Find the line that puts 50% of distilleries north of it,(diagonal),East Lothian,347,North,repd-wind-onshore,59,0,
osm-golf,Golf courses,Out and about,osm,15,ns,North/South,Find the line that puts 50% of golf courses north of it,(diagonal),East Staffordshire,43,North,census-sick,1,12,census-commute-taxi census-health-verybad census-heat-renewable census-heat-wood census-home-semi census-qual-apprentice census-sick osm-aldi osm-chippies osm-greggs osm-morrisons repd-solar-pipeline
osm-greggs,Greggs shops,High street,osm,15,ns,North/South,Find the line that puts 50% of Greggs shops north of it,(diagonal),Peterborough,33,North,census-qual-apprentice,1,13,census-carers-50h census-commute-car census-health-verybad census-heat-renewable census-home-detached census-home-semi census-job-operatives census-qual-apprentice census-sick osm-chippies osm-golf osm-windmills repd-solar-pipeline
osm-iceland,Iceland shops,Supermarket sweep,osm,15,ns,North/South,Find the line that puts 50% of Iceland shops north of it,(diagonal),Cambridge,6,North,osm-lidl,0,31,census-carers-50h census-cars-3plus census-cars-none census-commute-car census-commute-foot census-heat-bottled census-heat-gas census-home-detached census-home-terraced census-job-operatives census-job-trades census-population census-qual-none census-tenure-outright census-tenure-social ge24-labour ge24-nonvoters ge24-reform hmrc-employed hmrc-pension hmrc-taxpayers osm-breweries osm-lidl osm-mcdonalds osm-pubs osm-starbucks osm-stations osm-wetherspoon osm-windmills pop-all repd-battery
osm-lidl,Lidl shops,Supermarket sweep,osm,15,ns,North/South,Find the line that puts 50% of Lidl shops north of it,(diagonal),Walsall,6,North,osm-iceland,0,31,census-carers-50h census-cars-3plus census-cars-none census-commute-car census-commute-foot census-heat-bottled census-heat-gas census-home-detached census-home-terraced census-job-operatives census-job-trades census-population census-qual-none census-tenure-outright census-tenure-social ge24-labour ge24-nonvoters ge24-reform hmrc-employed hmrc-pension hmrc-taxpayers osm-breweries osm-iceland osm-mcdonalds osm-pubs osm-starbucks osm-stations osm-wetherspoon osm-windmills pop-all repd-battery
osm-lighthouses,Lighthouses,Heritage & coast,osm,15,ns,North/South,Find the line that puts 50% of lighthouses north of it,(diagonal),South Ayrshire,264,North,repd-wind-onshore,24,0,
osm-mands,M&S shops,Supermarket sweep,osm,15,ns,North/South,Find the line that puts 50% of Marks & Spencer shops north of it,(diagonal),Chelmsford,46,South,hmrc-self-employed,1,15,census-commute-bike census-heat-electric census-home-caravan census-home-commercial census-home-flat census-job-managers census-work-from-home ge24-con ge24-green hmrc-higher-rate hmrc-self-employed hmrc-tax-amount osm-nandos osm-sainsburys osm-tesco
osm-mcdonalds,McDonald's restaurants,High street,osm,15,ns,North/South,Find the line that puts 50% of McDonald's restaurants north of it,(diagonal),Birmingham,9,North,census-tenure-social,0,32,census-carers-50h census-cars-3plus census-cars-none census-commute-car census-commute-foot census-heat-bottled census-heat-gas census-home-detached census-home-semi census-home-terraced census-job-operatives census-job-trades census-population census-qual-none census-tenure-outright census-tenure-social ge24-labour ge24-nonvoters ge24-reform hmrc-employed hmrc-pension hmrc-taxpayers osm-breweries osm-iceland osm-lidl osm-pubs osm-starbucks osm-stations osm-wetherspoon osm-windmills pop-all repd-battery
osm-morrisons,Morrisons supermarkets,Supermarket sweep,osm,15,ns,North/South,Find the line that puts 50% of Morrisons supermarkets north of it,(diagonal),Nottingham,57,North,census-heat-wood,1,7,census-commute-taxi census-heat-oil census-heat-wood census-sick osm-aldi osm-golf repd-solar-pipeline
osm-nandos,Nando's restaurants,High street,osm,15,ns,North/South,Find the line that puts 50% of Nando's restaurants north of it,(diagonal),Southend-on-Sea,56,South,osm-sainsburys,0,18,census-commute-metro census-commute-motorbike census-commute-train census-heat-electric census-home-caravan census-home-commercial census-home-converted census-home-flat census-job-managers census-work-from-home hmrc-additional-rate hmrc-higher-rate hmrc-self-employed hmrc-tax-amount osm-mands osm-pret osm-sainsburys repd-solar
osm-pret,Pret A Manger shops,High street,osm,15,ns,North/South,Find the line that puts 50% of Pret A Manger shops north of it,(diagonal),City of London,73,South,hmrc-additional-rate,2,12,census-commute-metro census-commute-motorbike census-commute-train census-home-commercial census-home-converted ge24-libdem hmrc-additional-rate hmrc-tax-amount osm-nandos osm-sainsburys osm-waitrose repd-solar
osm-pubs,Pubs,Out and about,osm,15,ns,North/South,Find the line that puts 50% of pubs north of it,(diagonal),Mid Suffolk,8,North,hmrc-pension,0,31,census-carers-50h census-cars-3plus census-cars-none census-commute-car census-commute-foot census-heat-bottled census-heat-gas census-home-detached census-home-terraced census-job-operatives census-job-trades census-population census-qual-none census-tenure-outright census-tenure-social ge24-labour ge24-nonvoters ge24-reform hmrc-employed hmrc-pension hmrc-taxpayers osm-breweries osm-iceland osm-lidl osm-mcdonalds osm-starbucks osm-stations osm-wetherspoon osm-windmills pop-all repd-battery
osm-sainsburys,Sainsbury's shops (all formats),Supermarket sweep,osm,15,ns,North/South,Find the line that puts 50% of Sainsbury's shops of every size north of it,(diagonal),Southend-on-Sea,56,South,osm-nandos,0,18,census-commute-metro census-commute-motorbike census-commute-train census-heat-electric census-home-caravan census-home-commercial census-home-converted census-home-flat census-job-managers census-work-from-home hmrc-additional-rate hmrc-higher-rate hmrc-self-employed hmrc-tax-amount osm-mands osm-nandos osm-pret repd-solar
osm-standing-stones,Standing stones and other megaliths,Heritage & coast,osm,15,ns,North/South,Find the line that puts 50% of standing stones and other megaliths north of it,(diagonal),"Newry, Mourne and Down",135,North,repd-wind-offshore,4,2,repd-battery-pipeline repd-wind-offshore
osm-starbucks,Starbucks shops,High street,osm,15,ns,North/South,Find the line that puts 50% of Starbucks shops north of it,(diagonal),Rugby,1,South,census-commute-foot,0,30,census-cars-3plus census-cars-none census-commute-foot census-heat-bottled census-heat-gas census-home-detached census-home-terraced census-job-trades census-population census-qual-degree census-qual-none census-tenure-outright census-tenure-private census-tenure-social ge24-labour ge24-nonvoters ge24-reform hmrc-employed hmrc-pension hmrc-taxpayers osm-breweries osm-iceland osm-lidl osm-mcdonalds osm-pubs osm-stations osm-wetherspoon osm-windmills pop-all repd-battery
osm-stations,Railway stations,Out and about,osm,15,ns,North/South,Find the line that puts 50% of railway stations north of it,(diagonal),Birmingham,0,North,osm-wetherspoon,0,31,census-cars-3plus census-cars-none census-commute-car census-commute-foot census-heat-bottled census-heat-gas census-home-detached census-home-terraced census-job-trades census-population census-qual-degree census-qual-none census-tenure-outright census-tenure-private census-tenure-social ge24-labour ge24-nonvoters ge24-reform hmrc-employed hmrc-pension hmrc-taxpayers osm-breweries osm-iceland osm-lidl osm-mcdonalds osm-pubs osm-starbucks osm-wetherspoon osm-windmills pop-all repd-battery
osm-tesco,Tesco shops (all formats),Supermarket sweep,osm,15,ns,North/South,Find the line that puts 50% of Tesco shops of every size north of it,(diagonal),Worcester,37,South,ge24-green,0,13,census-commute-bike census-heat-electric census-home-caravan census-home-flat census-hours-49plus census-job-managers census-work-from-home ge24-con ge24-green hmrc-higher-rate hmrc-self-employed osm-costa osm-mands
osm-waitrose,Waitrose shops,Supermarket sweep,osm,15,ns,North/South,Find the line that puts 50% of Waitrose shops north of it,(diagonal),Westminster,76,South,ge24-libdem,0,9,census-commute-metro census-commute-motorbike census-commute-train census-home-converted ge24-libdem hmrc-additional-rate hmrc-tax-amount osm-pret repd-solar
osm-wetherspoon,Wetherspoon pubs,High street,osm,15,ns,North/South,Find the line that puts 50% of Wetherspoon pubs north of it,(diagonal),North Northamptonshire,0,North,census-population,0,31,census-cars-3plus census-cars-none census-commute-car census-commute-foot census-heat-bottled census-heat-gas census-home-detached census-home-terraced census-job-trades census-population census-qual-degree census-qual-none census-tenure-outright census-tenure-private census-tenure-social ge24-labour ge24-nonvoters ge24-reform hmrc-employed hmrc-pension hmrc-taxpayers osm-breweries osm-iceland osm-lidl osm-mcdonalds osm-pubs osm-starbucks osm-stations osm-windmills pop-all repd-battery
osm-windmills,Windmills (historic),Heritage & coast,osm,15,ns,North/South,Find the line that puts 50% of old windmills north of it,(diagonal),East Cambridgeshire,15,North,census-home-detached,0,31,census-carers-50h census-cars-none census-commute-car census-commute-foot census-heat-gas census-heat-renewable census-home-detached census-home-semi census-home-terraced census-job-operatives census-job-trades census-population census-qual-none census-tenure-outright census-tenure-social ge24-labour ge24-nonvoters ge24-reform hmrc-employed hmrc-pension hmrc-taxpayers osm-breweries osm-iceland osm-lidl osm-mcdonalds osm-pubs osm-starbucks osm-stations osm-wetherspoon pop-all repd-battery
pop-all,Population,Population,population,15,ns,North/South,Find the line that puts 50% of the UK's population north of it,(diagonal),Birmingham,1,South,census-commute-foot,0,30,census-cars-3plus census-cars-none census-commute-foot census-heat-bottled census-heat-gas census-home-detached census-home-terraced census-job-trades census-population census-qual-degree census-qual-none census-tenure-outright census-tenure-private census-tenure-social ge24-labour ge24-nonvoters ge24-reform hmrc-employed hmrc-pension hmrc-taxpayers osm-breweries osm-iceland osm-lidl osm-mcdonalds osm-pubs osm-starbucks osm-stations osm-wetherspoon osm-windmills repd-battery
repd-battery,Battery storage capacity (MW),Power,repd,15,ns,North/South,Find the line that puts 50% of grid battery storage capacity north of it,(diagonal),Mid Suffolk,12,North,census-qual-none,0,31,census-carers-50h census-cars-3plus census-cars-none census-commute-car census-commute-foot census-heat-gas census-home-detached census-home-semi census-home-terraced census-job-operatives census-job-trades census-population census-qual-none census-tenure-outright census-tenure-social ge24-labour ge24-nonvoters ge24-reform hmrc-employed hmrc-pension hmrc-taxpayers osm-breweries osm-iceland osm-lidl osm-mcdonalds osm-pubs osm-starbucks osm-stations osm-wetherspoon osm-windmills pop-all
repd-battery-pipeline,Battery storage consented or being built (MW),Power,repd,15,ns,North/South,Find the line that puts 50% of battery storage capacity that is consented or under construction north of it,(diagonal),Doncaster,126,North,osm-standing-stones,10,2,osm-standing-stones repd-wind-offshore
repd-hydro,Hydro-electric schemes,Power,repd,15,ns,North/South,Find the line that puts 50% of hydro-electric schemes north of it,(diagonal),Highland,410,North,osm-distilleries,66,0,
repd-solar,Solar farm capacity (MW),Power,repd,15,ns,North/South,Find the line that puts 50% of solar farm capacity north of it,(diagonal),Thurrock,65,South,hmrc-tax-amount,1,15,census-commute-metro census-commute-motorbike census-commute-train census-home-caravan census-home-commercial census-home-converted census-home-flat ge24-libdem hmrc-additional-rate hmrc-higher-rate hmrc-tax-amount osm-nandos osm-pret osm-sainsburys osm-waitrose
repd-solar-pipeline,Solar capacity consented or being built (MW),Power,repd,15,ns,North/South,Find the line that puts 50% of solar capacity that is consented or under construction north of it,(diagonal),South Holland,51,North,census-commute-taxi,3,10,census-commute-taxi census-health-verybad census-heat-wood census-qual-apprentice census-sick osm-aldi osm-chippies osm-golf osm-greggs osm-morrisons
repd-wind-offshore,Offshore wind capacity (MW),Power,repd,15,ns,North/South,Find the line that puts 50% of offshore wind power capacity north of it,(diagonal),North Norfolk,140,North,osm-standing-stones,4,2,osm-standing-stones repd-battery-pipeline
repd-wind-onshore,Onshore wind capacity (MW),Power,repd,15,ns,North/South,Find the line that puts 50% of onshore wind power capacity north of it,(diagonal),South Lanarkshire,288,North,osm-lighthouses,24,0,
census-carers-50h,Carers giving 50+ hours a week,Health & care,unified_census,30,ns,North-east/South-west,Find the line that puts 50% of people giving 50 or more hours of unpaid care a week north-east of it,(diagonal),Denbighshire,23,North-east,osm-windmills,0,30,census-commute-car census-commute-taxi census-health-verybad census-heat-gas census-heat-oil census-heat-renewable census-home-detached census-home-semi census-home-terraced census-job-operatives census-job-trades census-qual-apprentice census-qual-none census-sick census-tenure-outright census-tenure-social ge24-labour ge24-nonvoters ge24-reform hmrc-pension osm-breweries osm-chippies osm-golf osm-greggs osm-iceland osm-lidl osm-mcdonalds osm-pubs osm-windmills repd-battery
census-cars-3plus,Households with 3+ cars,Owning & renting,unified_census,30,ns,North-east/South-west,Find the line that puts 50% of households with three or more cars or vans north-east of it,(diagonal),Walsall,2,South-west,pop-all,0,36,census-cars-none census-commute-bike census-commute-foot census-heat-bottled census-heat-electric census-heat-gas census-home-terraced census-hours-49plus census-job-managers census-job-trades census-population census-qual-degree census-qual-none census-tenure-outright census-tenure-private census-tenure-social census-work-from-home ge24-con ge24-green ge24-labour ge24-nonvoters ge24-reform hmrc-employed hmrc-pension hmrc-taxpayers osm-costa osm-iceland osm-lidl osm-mands osm-mcdonalds osm-pubs osm-starbucks osm-stations osm-tesco osm-wetherspoon pop-all
census-cars-none,Households with no car,Owning & renting,unified_census,30,ns,North-east/South-west,Find the line that puts 50% of households with no car or van north-east of it,(diagonal),Coventry,0,North-east,census-population,0,35,census-cars-3plus census-commute-bike census-commute-foot census-heat-bottled census-heat-electric census-heat-gas census-home-detached census-home-terraced census-hours-49plus census-job-managers census-job-trades census-population census-qual-degree census-qual-none census-tenure-outright census-tenure-private census-tenure-social ge24-con ge24-green ge24-labour ge24-nonvoters ge24-reform hmrc-employed hmrc-pension hmrc-taxpayers osm-costa osm-iceland osm-lidl osm-mcdonalds osm-pubs osm-starbucks osm-stations osm-tesco osm-wetherspoon pop-all
census-commute-bike,Commuters by bicycle,Getting to work,unified_census,30,ns,North-east/South-west,Find the line that puts 50% of people who cycle to work north-east of it,(diagonal),Warwick,15,South-west,ge24-green,0,31,census-cars-3plus census-cars-none census-commute-foot census-commute-motorbike census-commute-train census-heat-bottled census-heat-electric census-home-caravan census-home-commercial census-home-flat census-hours-49plus census-job-managers census-population census-qual-degree census-tenure-private census-work-from-home ge24-con ge24-green hmrc-employed hmrc-higher-rate hmrc-self-employed hmrc-taxpayers osm-costa osm-mands osm-nandos osm-sainsburys osm-stations osm-tesco osm-wetherspoon pop-all repd-solar
census-commute-car,Commuters by car or van,Getting to work,unified_census,30,ns,North-east/South-west,Find the line that puts 50% of people who drive to work north-east of it,(diagonal),North Northamptonshire,18,North-east,census-home-detached,1,32,census-carers-50h census-commute-foot census-health-verybad census-heat-gas census-heat-oil census-heat-renewable census-home-detached census-home-semi census-home-terraced census-job-operatives census-job-trades census-qual-apprentice census-qual-none census-sick census-tenure-outright census-tenure-social ge24-labour ge24-nonvoters ge24-reform hmrc-pension osm-breweries osm-chippies osm-golf osm-greggs osm-iceland osm-lidl osm-mcdonalds osm-pubs osm-starbucks osm-wetherspoon osm-windmills repd-battery
census-commute-foot,Commuters on foot,Getting to work,unified_census,30,ns,North-east/South-west,Find the line that puts 50% of people who walk to work north-east of it,(diagonal),North Hertfordshire,1,North-east,census-cars-none,0,36,census-cars-3plus census-cars-none census-commute-bike census-commute-car census-heat-bottled census-heat-electric census-heat-gas census-home-detached census-home-terraced census-hours-49plus census-job-managers census-job-trades census-population census-qual-degree census-qual-none census-tenure-outright census-tenure-private census-tenure-social ge24-con ge24-green ge24-labour ge24-nonvoters ge24-reform hmrc-employed hmrc-pension hmrc-taxpayers osm-costa osm-iceland osm-lidl osm-mcdonalds osm-pubs osm-starbucks osm-stations osm-tesco osm-wetherspoon pop-all
census-commute-metro,"Commuters by underground, metro or tram",Getting to work,unified_census,30,ns,North-east/South-west,"Find the line that puts 50% of people who commute by underground, metro or tram north-east of it",(diagonal),Tower Hamlets,37,South-west,census-home-converted,2,16,census-commute-motorbike census-commute-train census-home-caravan census-home-commercial census-home-converted census-home-flat ge24-libdem hmrc-additional-rate hmrc-higher-rate hmrc-self-employed hmrc-tax-amount osm-nandos osm-pret osm-sainsburys osm-waitrose repd-solar
census-commute-motorbike,Commuters by motorbike or moped,Getting to work,unified_census,30,ns,North-east/South-west,Find the line that puts 50% of people who ride a motorbike or moped to work north-east of it,(diagonal),Haringey,33,South-west,census-commute-train,0,22,census-commute-bike census-commute-metro census-commute-train census-heat-electric census-home-caravan census-home-commercial census-home-converted census-home-flat census-job-managers census-work-from-home ge24-green hmrc-additional-rate hmrc-higher-rate hmrc-self-employed hmrc-tax-amount osm-mands osm-nandos osm-pret osm-sainsburys osm-tesco osm-waitrose repd-solar
census-commute-taxi,Commuters by taxi,Getting to work,unified_census,30,ns,North-east/South-west,Find the line that puts 50% of people who get to work by taxi north-east of it,(diagonal),Wirral,40,North-east,osm-aldi,3,17,census-carers-50h census-health-verybad census-heat-oil census-heat-renewable census-heat-wood census-home-semi census-job-operatives census-qual-apprentice census-sick osm-aldi osm-breweries osm-chippies osm-golf osm-greggs osm-morrisons osm-windmills repd-battery
census-commute-train,Commuters by train,Getting to work,unified_census,30,ns,North-east/South-west,Find the line that puts 50% of people who commute by train north-east of it,(diagonal),Bexley,32,South-west,census-commute-motorbike,0,22,census-commute-bike census-commute-metro census-commute-motorbike census-heat-electric census-home-caravan census-home-commercial census-home-converted census-home-flat census-job-managers census-work-from-home ge24-green hmrc-additional-rate hmrc-higher-rate hmrc-self-employed hmrc-tax-amount osm-mands osm-nandos osm-pret osm-sainsburys osm-tesco osm-waitrose repd-solar
census-health-verybad,Very bad health,Health & care,unified_census,30,ns,North-east/South-west,Find the line that puts 50% of people in very bad health north-east of it,(diagonal),Stoke-on-Trent,31,North-east,census-qual-apprentice,1,21,census-carers-50h census-commute-car census-commute-taxi census-heat-oil census-heat-renewable census-home-detached census-home-semi census-job-operatives census-qual-apprentice census-qual-none census-sick census-tenure-outright ge24-labour osm-aldi osm-breweries osm-chippies osm-golf osm-greggs osm-morrisons osm-windmills repd-battery
census-heat-bottled,Homes heated only by tank or bottled gas,Heating,unified_census,30,ns,North-east/South-west,Find the line that puts 50% of homes heated only by tank or bottled gas north-east of it,(diagonal),Denbighshire,8,South-west,census-qual-degree,1,37,census-cars-3plus census-cars-none census-commute-bike census-commute-foot census-heat-electric census-heat-gas census-home-caravan census-home-flat census-home-terraced census-hours-49plus census-job-managers census-job-trades census-population census-qual-degree census-tenure-private census-work-from-home ge24-con ge24-green ge24-reform hmrc-employed hmrc-higher-rate hmrc-pension hmrc-self-employed hmrc-taxpayers osm-costa osm-iceland osm-lidl osm-mands osm-nandos osm-pubs osm-sainsburys osm-starbucks osm-stations osm-tesco osm-wetherspoon pop-all repd-solar
census-heat-electric,Homes heated only by electricity,Heating,unified_census,30,ns,North-east/South-west,Find the line that puts 50% of homes heated only by electricity north-east of it,(diagonal),Basildon,15,South-west,osm-tesco,0,31,census-cars-3plus census-cars-none census-commute-bike census-commute-foot census-commute-motorbike census-commute-train census-heat-bottled census-home-caravan census-home-commercial census-home-flat census-hours-49plus census-job-managers census-population census-qual-degree census-tenure-private census-work-from-home ge24-con ge24-green hmrc-employed hmrc-higher-rate hmrc-self-employed hmrc-taxpayers osm-costa osm-mands osm-nandos osm-sainsburys osm-stations osm-tesco osm-wetherspoon pop-all repd-solar
census-heat-gas,Homes heated only by mains gas,Heating,unified_census,30,ns,North-east/South-west,Find the line that puts 50% of homes heated only by mains gas north-east of it,(diagonal),Cannock Chase,7,North-east,ge24-reform,1,31,census-carers-50h census-cars-3plus census-cars-none census-commute-car census-commute-foot census-heat-bottled census-home-detached census-home-terraced census-job-trades census-population census-qual-degree census-qual-none census-tenure-outright census-tenure-private census-tenure-social ge24-labour ge24-nonvoters ge24-reform hmrc-employed hmrc-pension hmrc-taxpayers osm-breweries osm-iceland osm-lidl osm-mcdonalds osm-pubs osm-starbucks osm-stations osm-wetherspoon osm-windmills pop-all
census-heat-oil,Homes heated only by oil,Heating,unified_census,30,ns,North-east/South-west,Find the line that puts 50% of homes heated only by oil north-east of it,(diagonal),Colchester,35,North-east,census-heat-renewable,1,19,census-carers-50h census-commute-car census-commute-taxi census-health-verybad census-heat-renewable census-heat-wood census-home-detached census-home-semi census-job-operatives census-qual-apprentice census-sick osm-aldi osm-breweries osm-chippies osm-golf osm-greggs osm-morrisons osm-windmills repd-battery
census-heat-renewable,Homes heated only by renewables,Heating,unified_census,30,ns,North-east/South-west,Find the line that puts 50% of homes heated only by renewable energy north-east of it,(diagonal),North West Leicestershire,35,North-east,census-heat-oil,1,19,census-carers-50h census-commute-car census-commute-taxi census-health-verybad census-heat-oil census-heat-wood census-home-detached census-home-semi census-job-operatives census-qual-apprentice census-sick osm-aldi osm-breweries osm-chippies osm-golf osm-greggs osm-morrisons osm-windmills repd-battery
census-heat-solid,Homes heated only by solid fuel,Heating,unified_census,30,ns,North-east/South-west,"Find the line that puts 50% of homes heated only by solid fuel (coal, peat) north-east of it",(diagonal),Ashfield,76,North-east,repd-solar-pipeline,15,2,osm-standing-stones repd-solar-pipeline
census-heat-wood,Homes heated only by wood,Heating,unified_census,30,ns,North-east/South-west,Find the line that puts 50% of homes heated only by wood north-east of it,(diagonal),Knowsley,51,North-east,osm-morrisons,5,7,census-commute-taxi census-heat-oil census-heat-renewable osm-aldi osm-morrisons osm-standing-stones repd-solar-pipeline
census-home-caravan,Households in a caravan or mobile home,Homes,unified_census,30,ns,North-east/South-west,Find the line that puts 50% of households living in a caravan or mobile home north-east of it,(diagonal),Wyre Forest,25,South-west,osm-nandos,0,27,census-commute-bike census-commute-metro census-commute-motorbike census-commute-train census-heat-bottled census-heat-electric census-home-commercial census-home-converted census-home-flat census-hours-49plus census-job-managers census-qual-degree census-tenure-private census-work-from-home ge24-con ge24-green hmrc-additional-rate hmrc-higher-rate hmrc-self-employed hmrc-tax-amount osm-costa osm-mands osm-nandos osm-pret osm-sainsburys osm-tesco repd-solar
census-home-commercial,Households in a commercial building,Homes,unified_census,30,ns,North-east/South-west,"Find the line that puts 50% of households living above a shop, in an office building or hotel north-east of it",(diagonal),Enfield,26,South-west,osm-sainsburys,1,26,census-commute-bike census-commute-metro census-commute-motorbike census-commute-train census-heat-electric census-home-caravan census-home-converted census-home-flat census-hours-49plus census-job-managers census-qual-degree census-tenure-private census-work-from-home ge24-con ge24-green hmrc-additional-rate hmrc-higher-rate hmrc-self-employed hmrc-tax-amount osm-costa osm-mands osm-nandos osm-pret osm-sainsburys osm-tesco repd-solar
census-home-converted,Households in converted or shared houses,Homes,unified_census,30,ns,North-east/South-west,"Find the line that puts 50% of households in converted or shared houses, including bedsits north-east of it",(diagonal),Camden,39,South-west,hmrc-additional-rate,0,16,census-commute-metro census-commute-motorbike census-commute-train census-home-caravan census-home-commercial census-home-flat ge24-libdem hmrc-additional-rate hmrc-higher-rate hmrc-self-employed hmrc-tax-amount osm-nandos osm-pret osm-sainsburys osm-waitrose repd-solar
census-home-detached,Households in detached houses,Homes,unified_census,30,ns,North-east/South-west,Find the line that puts 50% of households in a detached house north-east of it,(diagonal),Cheshire West and Chester,17,North-east,census-commute-car,1,33,census-carers-50h census-cars-none census-commute-car census-commute-foot census-health-verybad census-heat-gas census-heat-renewable census-home-semi census-home-terraced census-job-operatives census-job-trades census-population census-qual-apprentice census-qual-none census-sick census-tenure-outright census-tenure-social ge24-labour ge24-nonvoters ge24-reform hmrc-pension osm-breweries osm-chippies osm-golf osm-greggs osm-iceland osm-lidl osm-mcdonalds osm-pubs osm-starbucks osm-wetherspoon osm-windmills repd-battery
census-home-flat,Households in purpose-built flats,Homes,unified_census,30,ns,North-east/South-west,Find the line that puts 50% of households in a purpose-built block of flats north-east of it,(diagonal),Enfield,22,South-west,hmrc-higher-rate,1,29,census-commute-bike census-commute-metro census-commute-motorbike census-commute-train census-heat-bottled census-heat-electric census-home-caravan census-home-commercial census-home-converted census-hours-49plus census-job-managers census-qual-degree census-tenure-private census-work-from-home ge24-con ge24-green hmrc-additional-rate hmrc-employed hmrc-higher-rate hmrc-self-employed hmrc-tax-amount osm-costa osm-mands osm-nandos osm-pret osm-sainsburys osm-stations osm-tesco repd-solar
census-home-semi,Households in semi-detached houses,Homes,unified_census,30,ns,North-east/South-west,Find the line that puts 50% of households in a semi-detached house north-east of it,(diagonal),Cheshire West and Chester,29,North-east,census-health-verybad,2,22,census-carers-50h census-commute-car census-commute-taxi census-health-verybad census-heat-oil census-heat-renewable census-home-detached census-job-operatives census-qual-apprentice census-qual-none census-sick census-tenure-outright census-tenure-social ge24-labour ge24-nonvoters osm-aldi osm-breweries osm-chippies osm-golf osm-greggs osm-windmills repd-battery
census-home-terraced,Households in terraced houses,Homes,unified_census,30,ns,North-east/South-west,Find the line that puts 50% of households in a terraced house north-east of it,(diagonal),West Northamptonshire,9,North-east,hmrc-pension,0,33,census-carers-50h census-cars-3plus census-cars-none census-commute-car census-commute-foot census-heat-bottled census-heat-gas census-home-detached census-job-operatives census-job-trades census-population census-qual-degree census-qual-none census-tenure-outright census-tenure-private census-tenure-social ge24-labour ge24-nonvoters ge24-reform hmrc-employed hmrc-pension hmrc-taxpayers osm-breweries osm-iceland osm-lidl osm-mcdonalds osm-pubs osm-starbucks osm-stations osm-wetherspoon osm-windmills pop-all repd-battery
census-hours-49plus,People working 49+ hours a week,Work & qualifications,unified_census,30,ns,North-east/South-west,Find the line that puts 50% of people working 49 or more hours a week north-east of it,(diagonal),East Hertfordshire,13,South-west,ge24-con,0,31,census-cars-3plus census-cars-none census-commute-bike census-commute-foot census-heat-bottled census-heat-electric census-home-caravan census-home-commercial census-home-flat census-job-managers census-job-trades census-population census-qual-degree census-tenure-private census-work-from-home ge24-con ge24-green hmrc-employed hmrc-higher-rate hmrc-self-employed hmrc-taxpayers osm-costa osm-mands osm-nandos osm-sainsburys osm-starbucks osm-stations osm-tesco osm-wetherspoon pop-all repd-solar
census-job-managers,"Managers, directors and senior officials",Work & qualifications,unified_census,30,ns,North-east/South-west,"Find the line that puts 50% of managers, directors and senior officials north-east of it",(diagonal),Epping Forest,16,South-west,census-heat-electric,1,32,census-cars-3plus census-cars-none census-commute-bike census-commute-foot census-commute-motorbike census-commute-train census-heat-bottled census-heat-electric census-home-caravan census-home-commercial census-home-flat census-hours-49plus census-population census-qual-degree census-tenure-private census-work-from-home ge24-con ge24-green hmrc-employed hmrc-higher-rate hmrc-self-employed hmrc-tax-amount hmrc-taxpayers osm-costa osm-mands osm-nandos osm-sainsburys osm-stations osm-tesco osm-wetherspoon pop-all repd-solar
census-job-operatives,"Process, plant and machine operatives",Work & qualifications,unified_census,30,ns,North-east/South-west,"Find the line that puts 50% of process, plant and machine operatives north-east of it",(diagonal),North Northamptonshire,25,North-east,repd-battery,1,28,census-carers-50h census-commute-car census-commute-taxi census-health-verybad census-heat-oil census-heat-renewable census-home-detached census-home-semi census-home-terraced census-qual-apprentice census-qual-none census-sick census-tenure-outright census-tenure-social ge24-labour ge24-nonvoters ge24-reform hmrc-pension osm-breweries osm-chippies osm-golf osm-greggs osm-iceland osm-lidl osm-mcdonalds osm-pubs osm-windmills repd-battery
census-job-trades,Skilled trades,Work & qualifications,unified_census,30,ns,North-east/South-west,Find the line that puts 50% of people working in skilled trades north-east of it,(diagonal),Central Bedfordshire,5,North-east,census-heat-gas,2,33,census-carers-50h census-cars-3plus census-cars-none census-commute-car census-commute-foot census-heat-bottled census-heat-gas census-home-detached census-home-terraced census-hours-49plus census-population census-qual-degree census-qual-none census-tenure-outright census-tenure-private census-tenure-social ge24-labour ge24-nonvoters ge24-reform hmrc-employed hmrc-pension hmrc-taxpayers osm-breweries osm-costa osm-iceland osm-lidl osm-mcdonalds osm-pubs osm-starbucks osm-stations osm-wetherspoon osm-windmills pop-all
census-population,Usual residents (census),Population,unified_census,30,ns,North-east/South-west,Find the line that puts 50% of the UK's residents north-east of it,(diagonal),West Northamptonshire,0,,census-cars-none,0,36,census-cars-3plus census-cars-none census-commute-bike census-commute-foot census-heat-bottled census-heat-electric census-heat-gas census-home-detached census-home-terraced census-hours-49plus census-job-managers census-job-trades census-qual-degree census-qual-none census-tenure-outright census-tenure-private census-tenure-social ge24-con ge24-green ge24-labour ge24-nonvoters ge24-reform hmrc-employed hmrc-pension hmrc-taxpayers osm-costa osm-iceland osm-lidl osm-mands osm-mcdonalds osm-pubs osm-starbucks osm-stations osm-tesco osm-wetherspoon pop-all
census-qual-apprentice,Apprenticeships,Work & qualifications,unified_census,30,ns,North-east/South-west,Find the line that puts 50% of people whose highest qualification is an apprenticeship north-east of it,(diagonal),North Northamptonshire,31,North-east,census-health-verybad,1,21,census-carers-50h census-commute-car census-commute-taxi census-health-verybad census-heat-oil census-heat-renewable census-home-detached census-home-semi census-job-operatives census-qual-none census-sick census-tenure-outright ge24-labour osm-aldi osm-breweries osm-chippies osm-golf osm-greggs osm-morrisons osm-windmills repd-battery
census-qual-degree,Degree-level qualifications,Work & qualifications,unified_census,30,ns,North-east/South-west,Find the line that puts 50% of people with a degree-level qualification or above north-east of it,(diagonal),Solihull,9,South-west,census-tenure-private,1,38,census-cars-3plus census-cars-none census-commute-bike census-commute-foot census-heat-bottled census-heat-electric census-heat-gas census-home-caravan census-home-commercial census-home-flat census-home-terraced census-hours-49plus census-job-managers census-job-trades census-population census-tenure-private census-work-from-home ge24-con ge24-green ge24-reform hmrc-employed hmrc-higher-rate hmrc-pension hmrc-self-employed hmrc-taxpayers osm-costa osm-iceland osm-lidl osm-mands osm-nandos osm-pubs osm-sainsburys osm-starbucks osm-stations osm-tesco osm-wetherspoon pop-all repd-solar
census-qual-none,No qualifications,Work & qualifications,unified_census,30,ns,North-east/South-west,Find the line that puts 50% of adults with no qualifications north-east of it,(diagonal),Tamworth,15,North-east,ge24-labour,0,30,census-carers-50h census-cars-3plus census-cars-none census-commute-car census-commute-foot census-health-verybad census-heat-gas census-home-detached census-home-semi census-home-terraced census-job-operatives census-job-trades census-population census-qual-apprentice census-tenure-outright census-tenure-social ge24-labour ge24-nonvoters ge24-reform hmrc-pension osm-breweries osm-iceland osm-lidl osm-mcdonalds osm-pubs osm-starbucks osm-wetherspoon osm-windmills pop-all repd-battery
census-sick,Long-term sick or disabled,Health & care,unified_census,30,ns,North-east/South-west,Find the line that puts 50% of people out of work because they are long-term sick or disabled north-east of it,(diagonal),Cheshire East,33,North-east,osm-golf,0,18,census-carers-50h census-commute-car census-commute-taxi census-health-verybad census-heat-oil census-heat-renewable census-home-detached census-home-semi census-job-operatives census-qual-apprentice osm-aldi osm-breweries osm-chippies osm-golf osm-greggs osm-morrisons osm-windmills repd-battery
census-tenure-outright,Households that own outright,Owning & renting,unified_census,30,ns,North-east/South-west,Find the line that puts 50% of households that own their home outright north-east of it,(diagonal),Harborough,14,North-east,ge24-labour,0,31,census-carers-50h census-cars-3plus census-cars-none census-commute-car census-commute-foot census-health-verybad census-heat-gas census-home-detached census-home-semi census-home-terraced census-job-operatives census-job-trades census-population census-qual-apprentice census-qual-none census-tenure-social ge24-labour ge24-nonvoters ge24-reform hmrc-pension hmrc-taxpayers osm-breweries osm-iceland osm-lidl osm-mcdonalds osm-pubs osm-starbucks osm-wetherspoon osm-windmills pop-all repd-battery
census-tenure-private,Households renting privately,Owning & renting,unified_census,30,ns,North-east/South-west,Find the line that puts 50% of households renting privately north-east of it,(diagonal),Birmingham,9,South-west,census-qual-degree,1,37,census-cars-3plus census-cars-none census-commute-bike census-commute-foot census-heat-bottled census-heat-electric census-heat-gas census-home-caravan census-home-commercial census-home-flat census-home-terraced census-hours-49plus census-job-managers census-job-trades census-population census-qual-degree census-work-from-home ge24-con ge24-green ge24-reform hmrc-employed hmrc-higher-rate hmrc-pension hmrc-self-employed hmrc-taxpayers osm-costa osm-iceland osm-mands osm-nandos osm-pubs osm-sainsburys osm-starbucks osm-stations osm-tesco osm-wetherspoon pop-all repd-solar
census-tenure-social,Households renting socially,Owning & renting,unified_census,30,ns,North-east/South-west,Find the line that puts 50% of households in social housing north-east of it,(diagonal),Nuneaton and Bedworth,11,North-east,ge24-nonvoters,1,31,census-carers-50h census-cars-3plus census-cars-none census-commute-car census-commute-foot census-heat-gas census-home-detached census-home-semi census-home-terraced census-job-operatives census-job-trades census-population census-qual-none census-tenure-outright ge24-labour ge24-nonvoters ge24-reform hmrc-employed hmrc-pension hmrc-taxpayers osm-breweries osm-iceland osm-lidl osm-mcdonalds osm-pubs osm-starbucks osm-stations osm-wetherspoon osm-windmills pop-all repd-battery
census-work-from-home,People working mainly from home,Getting to work,unified_census,30,ns,North-east/South-west,Find the line that puts 50% of people who work mainly from home north-east of it,(diagonal),Warwick,19,South-west,osm-mands,1,29,census-cars-3plus census-commute-bike census-commute-metro census-commute-motorbike census-commute-train census-heat-bottled census-heat-electric census-home-caravan census-home-commercial census-home-flat census-hours-49plus census-job-managers census-qual-degree census-tenure-private ge24-con ge24-green hmrc-employed hmrc-higher-rate hmrc-self-employed hmrc-tax-amount hmrc-taxpayers osm-costa osm-mands osm-nandos osm-sainsburys osm-stations osm-tesco pop-all repd-solar
ge24-con,"Conservative votes, 2024",Election night,ge2024,30,ns,North-east/South-west,Find the line that puts 50% of votes cast for the Conservatives in 2024 north-east of it,(diagonal),South Northamptonshire,13,South-west,census-hours-49plus,0,30,census-cars-3plus census-cars-none census-commute-bike census-commute-foot census-heat-bottled census-heat-electric census-home-caravan census-home-commercial census-home-flat census-hours-49plus census-job-managers census-population census-qual-degree census-tenure-private census-work-from-home ge24-green hmrc-employed hmrc-higher-rate hmrc-self-employed hmrc-taxpayers osm-costa osm-mands osm-nandos osm-sainsburys osm-starbucks osm-stations osm-tesco osm-wetherspoon pop-all repd-solar
ge24-green,"Green votes, 2024",Election night,ge2024,30,ns,North-east/South-west,Find the line that puts 50% of votes cast for the Greens in 2024 north-east of it,(diagonal),Warwick and Leamington,15,South-west,census-commute-bike,0,31,census-cars-3plus census-cars-none census-commute-bike census-commute-foot census-commute-motorbike census-commute-train census-heat-bottled census-heat-electric census-home-caravan census-home-commercial census-home-flat census-hours-49plus census-job-managers census-population census-qual-degree census-tenure-private census-work-from-home ge24-con hmrc-employed hmrc-higher-rate hmrc-self-employed hmrc-taxpayers osm-costa osm-mands osm-nandos osm-sainsburys osm-stations osm-tesco osm-wetherspoon pop-all repd-solar
ge24-labour,"Labour votes, 2024",Election night,ge2024,30,ns,North-east/South-west,Find the line that puts 50% of votes cast for Labour in 2024 north-east of it,(diagonal),Rugby,14,North-east,census-tenure-outright,0,31,census-carers-50h census-cars-3plus census-cars-none census-commute-car census-commute-foot census-health-verybad census-heat-gas census-home-detached census-home-semi census-home-terraced census-job-operatives census-job-trades census-population census-qual-apprentice census-qual-none census-tenure-outright census-tenure-social ge24-nonvoters ge24-reform hmrc-pension hmrc-taxpayers osm-breweries osm-iceland osm-lidl osm-mcdonalds osm-pubs osm-starbucks osm-wetherspoon osm-windmills pop-all repd-battery
ge24-libdem,"Liberal Democrat votes, 2024",Election night,ge2024,30,ns,North-east/South-west,Find the line that puts 50% of votes cast for the Liberal Democrats in 2024 north-east of it,(diagonal),Richmond Park,51,South-west,osm-waitrose,4,6,census-commute-metro census-home-converted hmrc-additional-rate hmrc-tax-amount osm-pret osm-waitrose
ge24-nonvoters,"Registered voters who did not vote, 2024",Election night,ge2024,30,ns,North-east/South-west,Find the line that puts 50% of registered voters who stayed at home in 2024 north-east of it,(diagonal),Cannock Chase,11,North-east,osm-mcdonalds,0,31,census-carers-50h census-cars-3plus census-cars-none census-commute-car census-commute-foot census-heat-gas census-home-detached census-home-semi census-home-terraced census-job-operatives census-job-trades census-population census-qual-none census-tenure-outright census-tenure-social ge24-labour ge24-reform hmrc-employed hmrc-pension hmrc-taxpayers osm-breweries osm-iceland osm-lidl osm-mcdonalds osm-pubs osm-starbucks osm-stations osm-wetherspoon osm-windmills pop-all repd-battery
ge24-reform,"Reform UK votes, 2024",Election night,ge2024,30,ns,North-east/South-west,Find the line that puts 50% of votes cast for Reform UK in 2024 north-east of it,(diagonal),Maldon,8,North-east,osm-iceland,0,32,census-carers-50h census-cars-3plus census-cars-none census-commute-car census-commute-foot census-heat-bottled census-heat-gas census-home-detached census-home-terraced census-job-operatives census-job-trades census-population census-qual-degree census-qual-none census-tenure-outright census-tenure-private census-tenure-social ge24-labour ge24-nonvoters hmrc-employed hmrc-pension hmrc-taxpayers osm-breweries osm-iceland osm-lidl osm-mcdonalds osm-pubs osm-starbucks osm-stations osm-wetherspoon osm-windmills pop-all
hmrc-additional-rate,Additional-rate (top-rate) taxpayers,Income & tax,hmrc,30,ns,North-east/South-west,Find the line that puts 50% of top-rate taxpayers north-east of it,(diagonal),Buckinghamshire,39,South-west,osm-pret,0,14,census-commute-metro census-commute-motorbike census-commute-train census-home-caravan census-home-commercial census-home-converted census-home-flat ge24-libdem hmrc-tax-amount osm-nandos osm-pret osm-sainsburys osm-waitrose repd-solar
hmrc-employed,Taxpayers with a job,Income & tax,hmrc,30,ns,North-east/South-west,Find the line that puts 50% of taxpayers with income from a job north-east of it,(diagonal),Birmingham,5,South-west,osm-stations,0,36,census-cars-3plus census-cars-none census-commute-bike census-commute-foot census-heat-bottled census-heat-electric census-heat-gas census-home-flat census-home-terraced census-hours-49plus census-job-managers census-job-trades census-population census-qual-degree census-tenure-private census-tenure-social census-work-from-home ge24-con ge24-green ge24-nonvoters ge24-reform hmrc-higher-rate hmrc-pension hmrc-self-employed hmrc-taxpayers osm-costa osm-iceland osm-lidl osm-mands osm-mcdonalds osm-pubs osm-starbucks osm-stations osm-tesco osm-wetherspoon pop-all
hmrc-higher-rate,Higher-rate taxpayers,Income & tax,hmrc,30,ns,North-east/South-west,Find the line that puts 50% of higher-rate taxpayers north-east of it,(diagonal),Havering,21,South-west,hmrc-self-employed,0,28,census-commute-bike census-commute-metro census-commute-motorbike census-commute-train census-heat-bottled census-heat-electric census-home-caravan census-home-commercial census-home-converted census-home-flat census-hours-49plus census-job-managers census-qual-degree census-tenure-private census-work-from-home ge24-con ge24-green hmrc-employed hmrc-self-employed hmrc-tax-amount hmrc-taxpayers osm-costa osm-mands osm-nandos osm-sainsburys osm-stations osm-tesco repd-solar
hmrc-pension,Taxpayers with pension income,Income & tax,hmrc,30,ns,North-east/South-west,Find the line that puts 50% of taxpayers drawing a pension north-east of it,(diagonal),West Northamptonshire,9,North-east,osm-pubs,0,33,census-carers-50h census-cars-3plus census-cars-none census-commute-car census-commute-foot census-heat-bottled census-heat-gas census-home-detached census-home-terraced census-job-operatives census-job-trades census-population census-qual-degree census-qual-none census-tenure-outright census-tenure-private census-tenure-social ge24-labour ge24-nonvoters ge24-reform hmrc-employed hmrc-taxpayers osm-breweries osm-iceland osm-lidl osm-mcdonalds osm-pubs osm-starbucks osm-stations osm-wetherspoon osm-windmills pop-all repd-battery
hmrc-self-employed,Self-employed taxpayers,Income & tax,hmrc,30,ns,North-east/South-west,Find the line that puts 50% of self-employed taxpayers north-east of it,(diagonal),Redbridge,21,South-west,hmrc-higher-rate,0,28,census-commute-bike census-commute-metro census-commute-motorbike census-commute-train census-heat-bottled census-heat-electric census-home-caravan census-home-commercial census-home-converted census-home-flat census-hours-49plus census-job-managers census-qual-degree census-tenure-private census-work-from-home ge24-con ge24-green hmrc-employed hmrc-higher-rate hmrc-tax-amount hmrc-taxpayers osm-costa osm-mands osm-nandos osm-sainsburys osm-stations osm-tesco repd-solar
hmrc-tax-amount,Income tax paid,Income & tax,hmrc,30,ns,North-east/South-west,Find the line that puts 50% of all income tax paid north-east of it,(diagonal),Camden,34,South-west,census-commute-motorbike,2,19,census-commute-metro census-commute-motorbike census-commute-train census-home-caravan census-home-commercial census-home-converted census-home-flat census-job-managers census-work-from-home ge24-libdem hmrc-additional-rate hmrc-higher-rate hmrc-self-employed osm-mands osm-nandos osm-pret osm-sainsburys osm-waitrose repd-solar
hmrc-taxpayers,Income taxpayers,Income & tax,hmrc,30,ns,North-east/South-west,Find the line that puts 50% of income taxpayers north-east of it,(diagonal),Birmingham,4,South-west,hmrc-employed,1,37,census-cars-3plus census-cars-none census-commute-bike census-commute-foot census-heat-bottled census-heat-electric census-heat-gas census-home-terraced census-hours-49plus census-job-managers census-job-trades census-population census-qual-degree census-tenure-outright census-tenure-private census-tenure-social census-work-from-home ge24-con ge24-green ge24-labour ge24-nonvoters ge24-reform hmrc-employed hmrc-higher-rate hmrc-pension hmrc-self-employed osm-costa osm-iceland osm-lidl osm-mands osm-mcdonalds osm-pubs osm-starbucks osm-stations osm-tesco osm-wetherspoon pop-all
osm-aldi,Aldi shops,Supermarket sweep,osm,30,ns,North-east/South-west,Find the line that puts 50% of Aldi shops north-east of it,(diagonal),Derby,44,North-east,census-commute-taxi,3,15,census-commute-taxi census-health-verybad census-heat-oil census-heat-renewable census-heat-wood census-home-semi census-qual-apprentice census-sick osm-chippies osm-golf osm-greggs osm-morrisons osm-standing-stones repd-battery repd-solar-pipeline
osm-breweries,Breweries,Out and about,osm,30,ns,North-east/South-west,Find the line that puts 50% of breweries north-east of it,(diagonal),Braintree,23,North-east,census-carers-50h,0,30,census-carers-50h census-commute-car census-commute-taxi census-health-verybad census-heat-gas census-heat-oil census-heat-renewable census-home-detached census-home-semi census-home-terraced census-job-operatives census-job-trades census-qual-apprentice census-qual-none census-sick census-tenure-outright census-tenure-social ge24-labour ge24-nonvoters ge24-reform hmrc-pension osm-chippies osm-golf osm-greggs osm-iceland osm-lidl osm-mcdonalds osm-pubs osm-windmills repd-battery
osm-castles,Castles,Heritage & coast,osm,30,ns,North-east/South-west,Find the line that puts 50% of castles north-east of it,(diagonal),East Lindsey,120,North-east,repd-battery-pipeline,14,1,repd-battery-pipeline
osm-chippies,Fish and chip shops,Out and about,osm,30,ns,North-east/South-west,Find the line that puts 50% of fish and chip shops north-east of it,(diagonal),Cheshire West and Chester,34,North-east,census-sick,1,18,census-carers-50h census-commute-car census-commute-taxi census-health-verybad census-heat-oil census-heat-renewable census-home-detached census-home-semi census-job-operatives census-qual-apprentice census-sick osm-aldi osm-breweries osm-golf osm-greggs osm-morrisons osm-windmills repd-battery
osm-costa,Costa Coffee shops,High street,osm,30,ns,North-east/South-west,Find the line that puts 50% of Costa Coffee shops north-east of it,(diagonal),Shropshire,11,South-west,census-hours-49plus,2,31,census-cars-3plus census-cars-none census-commute-bike census-commute-foot census-heat-bottled census-heat-electric census-home-caravan census-home-commercial census-home-flat census-hours-49plus census-job-managers census-job-trades census-population census-qual-degree census-tenure-private census-work-from-home ge24-con ge24-green hmrc-employed hmrc-higher-rate hmrc-self-employed hmrc-taxpayers osm-mands osm-nandos osm-sainsburys osm-starbucks osm-stations osm-tesco osm-wetherspoon pop-all repd-solar
osm-distilleries,Distilleries,Out and about,osm,30,ns,North-east/South-west,Find the line that puts 50% of distilleries north-east of it,(diagonal),Highland,258,North-east,repd-wind-onshore,39,0,
osm-golf,Golf courses,Out and about,osm,30,ns,North-east/South-west,Find the line that puts 50% of golf courses north-east of it,(diagonal),Stoke-on-Trent,33,North-east,osm-greggs,0,18,census-carers-50h census-commute-car census-commute-taxi census-health-verybad census-heat-oil census-heat-renewable census-home-detached census-home-semi census-job-operatives census-qual-apprentice census-sick osm-aldi osm-breweries osm-chippies osm-greggs osm-morrisons osm-windmills repd-battery
osm-greggs,Greggs shops,High street,osm,30,ns,North-east/South-west,Find the line that puts 50% of Greggs shops north-east of it,(diagonal),Cambridge,33,North-east,osm-golf,0,18,census-carers-50h census-commute-car census-commute-taxi census-health-verybad census-heat-oil census-heat-renewable census-home-detached census-home-semi census-job-operatives census-qual-apprentice census-sick osm-aldi osm-breweries osm-chippies osm-golf osm-morrisons osm-windmills repd-battery
osm-iceland,Iceland shops,Supermarket sweep,osm,30,ns,North-east/South-west,Find the line that puts 50% of Iceland shops north-east of it,(diagonal),"Newry, Mourne and Down",8,North-east,ge24-reform,0,33,census-carers-50h census-cars-3plus census-cars-none census-commute-car census-commute-foot census-heat-bottled census-heat-gas census-home-detached census-home-terraced census-job-operatives census-job-trades census-population census-qual-degree census-qual-none census-tenure-outright census-tenure-private census-tenure-social ge24-labour ge24-nonvoters ge24-reform hmrc-employed hmrc-pension hmrc-taxpayers osm-breweries osm-lidl osm-mcdonalds osm-pubs osm-starbucks osm-stations osm-wetherspoon osm-windmills pop-all repd-battery
osm-lidl,Lidl shops,Supermarket sweep,osm,30,ns,North-east/South-west,Find the line that puts 50% of Lidl shops north-east of it,(diagonal),Conwy,9,North-east,census-home-terraced,0,32,census-carers-50h census-cars-3plus census-cars-none census-commute-car census-commute-foot census-heat-bottled census-heat-gas census-home-detached census-home-terraced census-job-operatives census-job-trades census-population census-qual-degree census-qual-none census-tenure-outright census-tenure-social ge24-labour ge24-nonvoters ge24-reform hmrc-employed hmrc-pension hmrc-taxpayers osm-breweries osm-iceland osm-mcdonalds osm-pubs osm-starbucks osm-stations osm-wetherspoon osm-windmills pop-all repd-battery
osm-lighthouses,Lighthouses,Heritage & coast,osm,30,ns,North-east/South-west,Find the line that puts 50% of lighthouses north-east of it,(diagonal),Causeway Coast and Glens,193,North-east,repd-wind-onshore,27,0,
osm-mands,M&S shops,Supermarket sweep,osm,30,ns,North-east/South-west,Find the line that puts 50% of Marks & Spencer shops north-east of it,(diagonal),Canterbury,18,South-west,census-work-from-home,1,29,census-cars-3plus census-commute-bike census-commute-motorbike census-commute-train census-heat-bottled census-heat-electric census-home-caravan census-home-commercial census-home-flat census-hours-49plus census-job-managers census-population census-qual-degree census-tenure-private census-work-from-home ge24-con ge24-green hmrc-employed hmrc-higher-rate hmrc-self-employed hmrc-tax-amount hmrc-taxpayers osm-costa osm-nandos osm-sainsburys osm-stations osm-tesco pop-all repd-solar
osm-mcdonalds,McDonald's restaurants,High street,osm,30,ns,North-east/South-west,Find the line that puts 50% of McDonald's restaurants north-east of it,(diagonal),Lichfield,10,North-east,ge24-nonvoters,0,30,census-carers-50h census-cars-3plus census-cars-none census-commute-car census-commute-foot census-heat-gas census-home-detached census-home-terraced census-job-operatives census-job-trades census-population census-qual-none census-tenure-outright census-tenure-social ge24-labour ge24-nonvoters ge24-reform hmrc-employed hmrc-pension hmrc-taxpayers osm-breweries osm-iceland osm-lidl osm-pubs osm-starbucks osm-stations osm-wetherspoon osm-windmills pop-all repd-battery
osm-morrisons,Morrisons supermarkets,Supermarket sweep,osm,30,ns,North-east/South-west,Find the line that puts 50% of Morrisons supermarkets north-east of it,(diagonal),Cheshire East,47,North-east,osm-aldi,3,13,census-commute-taxi census-health-verybad census-heat-oil census-heat-renewable census-heat-wood census-qual-apprentice census-sick osm-aldi osm-chippies osm-golf osm-greggs osm-standing-stones repd-solar-pipeline
osm-nandos,Nando's restaurants,High street,osm,30,ns,North-east/South-west,Find the line that puts 50% of Nando's restaurants north-east of it,(diagonal),St Albans,25,South-west,census-home-caravan,0,27,census-commute-bike census-commute-metro census-commute-motorbike census-commute-train census-heat-bottled census-heat-electric census-home-caravan census-home-commercial census-home-converted census-home-flat census-hours-49plus census-job-managers census-qual-degree census-tenure-private census-work-from-home ge24-con ge24-green hmrc-additional-rate hmrc-higher-rate hmrc-self-employed hmrc-tax-amount osm-costa osm-mands osm-pret osm-sainsburys osm-tesco repd-solar
osm-pret,Pret A Manger shops,High street,osm,30,ns,North-east/South-west,Find the line that puts 50% of Pret A Manger shops north-east of it,(diagonal),Camden,40,South-west,hmrc-additional-rate,0,14,census-commute-metro census-commute-motorbike census-commute-train census-home-caravan census-home-commercial census-home-converted census-home-flat ge24-libdem hmrc-additional-rate hmrc-tax-amount osm-nandos osm-sainsburys osm-waitrose repd-solar
osm-pubs,Pubs,Out and about,osm,30,ns,North-east/South-west,Find the line that puts 50% of pubs north-east of it,(diagonal),Conwy,8,North-east,hmrc-pension,0,33,census-carers-50h census-cars-3plus census-cars-none census-commute-car census-commute-foot census-heat-bottled census-heat-gas census-home-detached census-home-terraced census-job-operatives census-job-trades census-population census-qual-degree census-qual-none census-tenure-outright census-tenure-private census-tenure-social ge24-labour ge24-nonvoters ge24-reform hmrc-employed hmrc-pension hmrc-taxpayers osm-breweries osm-iceland osm-lidl osm-mcdonalds osm-starbucks osm-stations osm-wetherspoon osm-windmills pop-all repd-battery
osm-sainsburys,Sainsbury's shops (all formats),Supermarket sweep,osm,30,ns,North-east/South-west,Find the line that puts 50% of Sainsbury's shops of every size north-east of it,(diagonal),Dacorum,26,South-west,census-home-caravan,0,27,census-commute-bike census-commute-metro census-commute-motorbike census-commute-train census-heat-bottled census-heat-electric census-home-caravan census-home-commercial census-home-converted census-home-flat census-hours-49plus census-job-managers census-qual-degree census-tenure-private census-work-from-home ge24-con ge24-green hmrc-additional-rate hmrc-higher-rate hmrc-self-employed hmrc-tax-amount osm-costa osm-mands osm-nandos osm-pret osm-tesco repd-solar
osm-standing-stones,Standing stones and other megaliths,Heritage & coast,osm,30,ns,North-east/South-west,Find the line that puts 50% of standing stones and other megaliths north-east of it,(diagonal),Cheshire East,59,North-east,repd-solar-pipeline,1,5,census-heat-solid census-heat-wood osm-aldi osm-morrisons repd-solar-pipeline
osm-starbucks,Starbucks shops,High street,osm,30,ns,North-east/South-west,Find the line that puts 50% of Starbucks shops north-east of it,(diagonal),North Warwickshire,3,North-east,osm-wetherspoon,1,31,census-cars-3plus census-cars-none census-commute-car census-commute-foot census-heat-bottled census-heat-gas census-home-detached census-home-terraced census-hours-49plus census-job-trades census-population census-qual-degree census-qual-none census-tenure-outright census-tenure-private census-tenure-social ge24-con ge24-labour ge24-nonvoters ge24-reform hmrc-employed hmrc-pension hmrc-taxpayers osm-costa osm-iceland osm-lidl osm-mcdonalds osm-pubs osm-stations osm-wetherspoon pop-all
osm-stations,Railway stations,Out and about,osm,30,ns,North-east/South-west,Find the line that puts 50% of railway stations north-east of it,(diagonal),Harlow,5,South-west,hmrc-employed,0,36,census-cars-3plus census-cars-none census-commute-bike census-commute-foot census-heat-bottled census-heat-electric census-heat-gas census-home-flat census-home-terraced census-hours-49plus census-job-managers census-job-trades census-population census-qual-degree census-tenure-private census-tenure-social census-work-from-home ge24-con ge24-green ge24-nonvoters ge24-reform hmrc-employed hmrc-higher-rate hmrc-pension hmrc-self-employed hmrc-taxpayers osm-costa osm-iceland osm-lidl osm-mands osm-mcdonalds osm-pubs osm-starbucks osm-tesco osm-wetherspoon pop-all
osm-tesco,Tesco shops (all formats),Supermarket sweep,osm,30,ns,North-east/South-west,Find the line that puts 50% of Tesco shops of every size north-east of it,(diagonal),Luton,15,South-west,census-heat-electric,0,31,census-cars-3plus census-cars-none census-commute-bike census-commute-foot census-commute-motorbike census-commute-train census-heat-bottled census-heat-electric census-home-caravan census-home-commercial census-home-flat census-hours-49plus census-job-managers census-population census-qual-degree census-tenure-private census-work-from-home ge24-con ge24-green hmrc-employed hmrc-higher-rate hmrc-self-employed hmrc-taxpayers osm-costa osm-mands osm-nandos osm-sainsburys osm-stations osm-wetherspoon pop-all repd-solar
osm-waitrose,Waitrose shops,Supermarket sweep,osm,30,ns,North-east/South-west,Find the line that puts 50% of Waitrose shops north-east of it,(diagonal),West Oxfordshire,47,South-west,ge24-libdem,4,8,census-commute-metro census-commute-motorbike census-commute-train census-home-converted ge24-libdem hmrc-additional-rate hmrc-tax-amount osm-pret
osm-wetherspoon,Wetherspoon pubs,High street,osm,30,ns,North-east/South-west,Find the line that puts 50% of Wetherspoon pubs north-east of it,(diagonal),Birmingham,2,North-east,census-commute-foot,1,36,census-cars-3plus census-cars-none census-commute-bike census-commute-car census-commute-foot census-heat-bottled census-heat-electric census-heat-gas census-home-detached census-home-terraced census-hours-49plus census-job-managers census-job-trades census-population census-qual-degree census-qual-none census-tenure-outright census-tenure-private census-tenure-social ge24-con ge24-green ge24-labour ge24-nonvoters ge24-reform hmrc-employed hmrc-pension hmrc-taxpayers osm-costa osm-iceland osm-lidl osm-mcdonalds osm-pubs osm-starbucks osm-stations osm-tesco pop-all
osm-windmills,Windmills (historic),Heritage & coast,osm,30,ns,North-east/South-west,Find the line that puts 50% of old windmills north-east of it,(diagonal),Bedford,23,North-east,census-carers-50h,0,30,census-carers-50h census-commute-car census-commute-taxi census-health-verybad census-heat-gas census-heat-oil census-heat-renewable census-home-detached census-home-semi census-home-terraced census-job-operatives census-job-trades census-qual-apprentice census-qual-none census-sick census-tenure-outright census-tenure-social ge24-labour ge24-nonvoters ge24-reform hmrc-pension osm-breweries osm-chippies osm-golf osm-greggs osm-iceland osm-lidl osm-mcdonalds osm-pubs repd-battery
pop-all,Population,Population,population,30,ns,North-east/South-west,Find the line that puts 50% of the UK's population north-east of it,(diagonal),Birmingham,2,South-west,census-cars-3plus,0,36,census-cars-3plus census-cars-none census-commute-bike census-commute-foot census-heat-bottled census-heat-electric census-heat-gas census-home-terraced census-hours-49plus census-job-managers census-job-trades census-population census-qual-degree census-qual-none census-tenure-outright census-tenure-private census-tenure-social census-work-from-home ge24-con ge24-green ge24-labour ge24-nonvoters ge24-reform hmrc-employed hmrc-pension hmrc-taxpayers osm-costa osm-iceland osm-lidl osm-mands osm-mcdonalds osm-pubs osm-starbucks osm-stations osm-tesco osm-wetherspoon
repd-battery,Battery storage capacity (MW),Power,repd,30,ns,North-east/South-west,Find the line that puts 50% of grid battery storage capacity north-east of it,(diagonal),Cheshire West and Chester,26,North-east,census-job-operatives,1,28,census-carers-50h census-commute-car census-commute-taxi census-health-verybad census-heat-oil census-heat-renewable census-home-detached census-home-semi census-home-terraced census-job-operatives census-qual-apprentice census-qual-none census-sick census-tenure-outright census-tenure-social ge24-labour ge24-nonvoters hmrc-pension osm-aldi osm-breweries osm-chippies osm-golf osm-greggs osm-iceland osm-lidl osm-mcdonalds osm-pubs osm-windmills
repd-battery-pipeline,Battery storage consented or being built (MW),Power,repd,30,ns,North-east/South-west,Find the line that puts 50% of battery storage capacity that is consented or under construction north-east of it,(diagonal),Bassetlaw,106,North-east,osm-castles,14,1,osm-castles
repd-hydro,Hydro-electric schemes,Power,repd,30,ns,North-east/South-west,Find the line that puts 50% of hydro-electric schemes north-east of it,(diagonal),Highland,312,North-east,osm-distilleries,58,0,
repd-solar,Solar farm capacity (MW),Power,repd,30,ns,North-east/South-west,Find the line that puts 50% of solar farm capacity north-east of it,(diagonal),Thurrock,25,South-west,osm-nandos,0,27,census-commute-bike census-commute-metro census-commute-motorbike census-commute-train census-heat-bottled census-heat-electric census-home-caravan census-home-commercial census-home-converted census-home-flat census-hours-49plus census-job-managers census-qual-degree census-tenure-private census-work-from-home ge24-con ge24-green hmrc-additional-rate hmrc-higher-rate hmrc-self-employed hmrc-tax-amount osm-costa osm-mands osm-nandos osm-pret osm-sainsburys osm-tesco
repd-solar-pipeline,Solar capacity consented or being built (MW),Power,repd,30,ns,North-east/South-west,Find the line that puts 50% of solar capacity that is consented or under construction north-east of it,(diagonal),Rutland,61,North-east,osm-standing-stones,1,5,census-heat-solid census-heat-wood osm-aldi osm-morrisons osm-standing-stones
repd-wind-offshore,Offshore wind capacity (MW),Power,repd,30,ns,North-east/South-west,Find the line that puts 50% of offshore wind power capacity north-east of it,(diagonal),North Norfolk,152,North-east,osm-castles,31,0,
repd-wind-onshore,Onshore wind capacity (MW),Power,repd,30,ns,North-east/South-west,Find the line that puts 50% of onshore wind power capacity north-east of it,(diagonal),South Lanarkshire,219,North-east,osm-lighthouses,27,0,
census-carers-50h,Carers giving 50+ hours a week,Health & care,unified_census,45,we,North-east/South-west,Find the line that puts 50% of people giving 50 or more hours of unpaid care a week north-east of it,(diagonal),Halton,5,North-east,census-tenure-outright,0,61,census-cars-3plus census-cars-none census-commute-bike census-commute-car census-commute-foot census-commute-metro census-commute-motorbike census-commute-taxi census-commute-train census-health-verybad census-heat-bottled census-heat-electric census-heat-gas census-home-caravan census-home-commercial census-home-detached census-home-flat census-home-semi census-home-terraced census-hours-49plus census-job-managers census-job-operatives census-job-trades census-population census-qual-apprentice census-qual-degree census-qual-none census-sick census-tenure-outright census-tenure-private census-tenure-social census-work-from-home ge24-con ge24-green ge24-labour ge24-nonvoters ge24-reform hmrc-employed hmrc-higher-rate hmrc-pension hmrc-self-employed hmrc-tax-amount hmrc-taxpayers osm-breweries osm-chippies osm-costa osm-golf osm-greggs osm-iceland osm-lidl osm-mands osm-mcdonalds osm-nandos osm-pret osm-pubs osm-sainsburys osm-starbucks osm-stations osm-tesco osm-wetherspoon pop-all
census-cars-3plus,Households with 3+ cars,Owning & renting,unified_census,45,we,North-east/South-west,Find the line that puts 50% of households with three or more cars or vans north-east of it,(diagonal),St Albans,2,South-west,osm-stations,0,63,census-carers-50h census-cars-none census-commute-bike census-commute-car census-commute-foot census-commute-metro census-commute-motorbike census-commute-taxi census-commute-train census-health-verybad census-heat-bottled census-heat-electric census-heat-gas census-home-caravan census-home-commercial census-home-converted census-home-detached census-home-flat census-home-semi census-home-terraced census-hours-49plus census-job-managers census-job-operatives census-job-trades census-population census-qual-apprentice census-qual-degree census-qual-none census-sick census-tenure-outright census-tenure-private census-tenure-social census-work-from-home ge24-con ge24-green ge24-labour ge24-nonvoters ge24-reform hmrc-additional-rate hmrc-employed hmrc-higher-rate hmrc-pension hmrc-self-employed hmrc-tax-amount hmrc-taxpayers osm-breweries osm-chippies osm-costa osm-golf osm-iceland osm-lidl osm-mands osm-mcdonalds osm-nandos osm-pret osm-pubs osm-sainsburys osm-standing-stones osm-starbucks osm-stations osm-tesco osm-wetherspoon pop-all
census-cars-none,Households with no car,Owning & renting,unified_census,45,we,North-east/South-west,Find the line that puts 50% of households with no car or van north-east of it,(diagonal),Maidstone,0,South-west,hmrc-employed,0,64,census-carers-50h census-cars-3plus census-commute-bike census-commute-car census-commute-foot census-commute-metro census-commute-motorbike census-commute-taxi census-commute-train census-health-verybad census-heat-bottled census-heat-electric census-heat-gas census-home-caravan census-home-commercial census-home-converted census-home-detached census-home-flat census-home-semi census-home-terraced census-hours-49plus census-job-managers census-job-operatives census-job-trades census-population census-qual-apprentice census-qual-degree census-qual-none census-sick census-tenure-outright census-tenure-private census-tenure-social census-work-from-home ge24-con ge24-green ge24-labour ge24-nonvoters ge24-reform hmrc-additional-rate hmrc-employed hmrc-higher-rate hmrc-pension hmrc-self-employed hmrc-tax-amount hmrc-taxpayers osm-breweries osm-chippies osm-costa osm-golf osm-greggs osm-iceland osm-lidl osm-mands osm-mcdonalds osm-nandos osm-pret osm-pubs osm-sainsburys osm-standing-stones osm-starbucks osm-stations osm-tesco osm-wetherspoon pop-all
census-commute-bike,Commuters by bicycle,Getting to work,unified_census,45,we,North-east/South-west,Find the line that puts 50% of people who cycle to work north-east of it,(diagonal),Haringey,6,South-west,census-home-flat,0,60,census-carers-50h census-cars-3plus census-cars-none census-commute-car census-commute-foot census-commute-metro census-commute-motorbike census-commute-train census-health-verybad census-heat-bottled census-heat-electric census-heat-gas census-home-caravan census-home-commercial census-home-converted census-home-detached census-home-flat census-home-semi census-home-terraced census-hours-49plus census-job-managers census-job-operatives census-job-trades census-population census-qual-degree census-qual-none census-sick census-tenure-outright census-tenure-private census-tenure-social census-work-from-home ge24-con ge24-green ge24-labour ge24-nonvoters ge24-reform hmrc-additional-rate hmrc-employed hmrc-higher-rate hmrc-pension hmrc-self-employed hmrc-tax-amount hmrc-taxpayers osm-breweries osm-costa osm-iceland osm-lidl osm-mands osm-mcdonalds osm-nandos osm-pret osm-pubs osm-sainsburys osm-standing-stones osm-starbucks osm-stations osm-tesco osm-waitrose osm-wetherspoon pop-all
census-commute-car,Commuters by car or van,Getting to work,unified_census,45,we,North-east/South-west,Find the line that puts 50% of people who drive to work north-east of it,(diagonal),Cheshire West and Chester,6,North-east,census-sick,0,61,census-carers-50h census-cars-3plus census-cars-none census-commute-bike census-commute-foot census-commute-metro census-commute-motorbike census-commute-taxi census-commute-train census-health-verybad census-heat-bottled census-heat-electric census-heat-gas census-home-caravan census-home-commercial census-home-detached census-home-flat census-home-semi census-home-terraced census-hours-49plus census-job-managers census-job-operatives census-job-trades census-population census-qual-apprentice census-qual-degree census-qual-none census-sick census-tenure-outright census-tenure-private census-tenure-social census-work-from-home ge24-con ge24-green ge24-labour ge24-nonvoters ge24-reform hmrc-employed hmrc-higher-rate hmrc-pension hmrc-self-employed hmrc-tax-amount hmrc-taxpayers osm-breweries osm-chippies osm-costa osm-golf osm-greggs osm-iceland osm-lidl osm-mands osm-mcdonalds osm-nandos osm-pubs osm-sainsburys osm-starbucks osm-stations osm-tesco osm-wetherspoon pop-all repd-battery
census-commute-foot,Commuters on foot,Getting to work,unified_census,45,we,North-east/South-west,Find the line that puts 50% of people who walk to work north-east of it,(diagonal),Liverpool,0,North-east,hmrc-taxpayers,0,64,census-carers-50h census-cars-3plus census-cars-none census-commute-bike census-commute-car census-commute-metro census-commute-motorbike census-commute-taxi census-commute-train census-health-verybad census-heat-bottled census-heat-electric census-heat-gas census-home-caravan census-home-commercial census-home-converted census-home-detached census-home-flat census-home-semi census-home-terraced census-hours-49plus census-job-managers census-job-operatives census-job-trades census-population census-qual-apprentice census-qual-degree census-qual-none census-sick census-tenure-outright census-tenure-private census-tenure-social census-work-from-home ge24-con ge24-green ge24-labour ge24-nonvoters ge24-reform hmrc-additional-rate hmrc-employed hmrc-higher-rate hmrc-pension hmrc-self-employed hmrc-tax-amount hmrc-taxpayers osm-breweries osm-chippies osm-costa osm-golf osm-greggs osm-iceland osm-lidl osm-mands osm-mcdonalds osm-nandos osm-pret osm-pubs osm-sainsburys osm-standing-stones osm-starbucks osm-stations osm-tesco osm-wetherspoon pop-all
census-commute-metro,"Commuters by underground, metro or tram",Getting to work,unified_census,45,we,North-east/South-west,"Find the line that puts 50% of people who commute by underground, metro or tram north-east of it",(diagonal),Tower Hamlets,9,South-west,census-home-commercial,0,58,census-carers-50h census-cars-3plus census-cars-none census-commute-bike census-commute-car census-commute-foot census-commute-motorbike census-commute-train census-health-verybad census-heat-bottled census-heat-electric census-heat-gas census-home-caravan census-home-commercial census-home-converted census-home-detached census-home-flat census-home-terraced census-hours-49plus census-job-managers census-job-operatives census-job-trades census-population census-qual-degree census-qual-none census-sick census-tenure-outright census-tenure-private census-tenure-social census-work-from-home ge24-con ge24-green ge24-labour ge24-nonvoters hmrc-additional-rate hmrc-employed hmrc-higher-rate hmrc-pension hmrc-self-employed hmrc-tax-amount hmrc-taxpayers osm-breweries osm-costa osm-iceland osm-lidl osm-mands osm-mcdonalds osm-nandos osm-pret osm-pubs osm-sainsburys osm-standing-stones osm-starbucks osm-stations osm-tesco osm-waitrose osm-wetherspoon pop-all
census-commute-motorbike,Commuters by motorbike or moped,Getting to work,unified_census,45,we,North-east/South-west,Find the line that puts 50% of people who ride a motorbike or moped to work north-east of it,(diagonal),Watford,12,South-west,hmrc-tax-amount,0,56,census-carers-50h census-cars-3plus census-cars-none census-commute-bike census-commute-car census-commute-foot census-commute-metro census-commute-train census-health-verybad census-heat-bottled census-heat-electric census-heat-gas census-home-caravan census-home-commercial census-home-converted census-home-detached census-home-flat census-home-terraced census-hours-49plus census-job-managers census-job-trades census-population census-qual-degree census-qual-none census-sick census-tenure-outright census-tenure-private census-tenure-social census-work-from-home ge24-con ge24-green ge24-nonvoters hmrc-additional-rate hmrc-employed hmrc-higher-rate hmrc-pension hmrc-self-employed hmrc-tax-amount hmrc-taxpayers osm-breweries osm-costa osm-iceland osm-lidl osm-mands osm-mcdonalds osm-nandos osm-pret osm-pubs osm-sainsburys osm-standing-stones osm-starbucks osm-stations osm-tesco osm-waitrose osm-wetherspoon pop-all
census-commute-taxi,Commuters by taxi,Getting to work,unified_census,45,we,North-east/South-west,Find the line that puts 50% of people who get to work by taxi north-east of it,(diagonal),St. Helens,14,North-east,osm-golf,1,43,census-carers-50h census-cars-3plus census-cars-none census-commute-car census-commute-foot census-health-verybad census-heat-gas census-heat-renewable census-home-detached census-home-semi census-home-terraced census-job-operatives census-job-trades census-population census-qual-apprentice census-qual-none census-sick census-tenure-outright census-tenure-private census-tenure-social ge24-con ge24-labour ge24-nonvoters ge24-reform hmrc-employed hmrc-pension hmrc-taxpayers osm-aldi osm-breweries osm-chippies osm-costa osm-golf osm-greggs osm-iceland osm-lidl osm-mcdonalds osm-pubs osm-starbucks osm-stations osm-wetherspoon osm-windmills pop-all repd-battery
census-commute-train,Commuters by train,Getting to work,unified_census,45,we,North-east/South-west,Find the line that puts 50% of people who commute by train north-east of it,(diagonal),Bexley,6,South-west,hmrc-higher-rate,0,60,census-carers-50h census-cars-3plus census-cars-none census-commute-bike census-commute-car census-commute-foot census-commute-metro census-commute-motorbike census-health-verybad census-heat-bottled census-heat-electric census-heat-gas census-home-caravan census-home-commercial census-home-converted census-home-detached census-home-flat census-home-semi census-home-terraced census-hours-49plus census-job-managers census-job-operatives census-job-trades census-population census-qual-degree census-qual-none census-sick census-tenure-outright census-tenure-private census-tenure-social census-work-from-home ge24-con ge24-green ge24-labour ge24-nonvoters ge24-reform hmrc-additional-rate hmrc-employed hmrc-higher-rate hmrc-pension hmrc-self-employed hmrc-tax-amount hmrc-taxpayers osm-breweries osm-costa osm-iceland osm-lidl osm-mands osm-mcdonalds osm-nandos osm-pret osm-pubs osm-sainsburys osm-standing-stones osm-starbucks osm-stations osm-tesco osm-waitrose osm-wetherspoon pop-all
census-health-verybad,Very bad health,Health & care,unified_census,45,we,North-east/South-west,Find the line that puts 50% of people in very bad health north-east of it,(diagonal),Redbridge,5,North-east,census-sick,0,62,census-carers-50h census-cars-3plus census-cars-none census-commute-bike census-commute-car census-commute-foot census-commute-metro census-commute-motorbike census-commute-taxi census-commute-train census-heat-bottled census-heat-electric census-heat-gas census-home-caravan census-home-commercial census-home-detached census-home-flat census-home-semi census-home-terraced census-hours-49plus census-job-managers census-job-operatives census-job-trades census-population census-qual-apprentice census-qual-degree census-qual-none census-sick census-tenure-outright census-tenure-private census-tenure-social census-work-from-home ge24-con ge24-green ge24-labour ge24-nonvoters ge24-reform hmrc-employed hmrc-higher-rate hmrc-pension hmrc-self-employed hmrc-tax-amount hmrc-taxpayers osm-breweries osm-chippies osm-costa osm-golf osm-greggs osm-iceland osm-lidl osm-mands osm-mcdonalds osm-nandos osm-pret osm-pubs osm-sainsburys osm-starbucks osm-stations osm-tesco osm-wetherspoon pop-all repd-battery
census-heat-bottled,Homes heated only by tank or bottled gas,Heating,unified_census,45,we,North-east/South-west,Find the line that puts 50% of homes heated only by tank or bottled gas north-east of it,(diagonal),West Northamptonshire,8,South-west,osm-sainsburys,0,60,census-carers-50h census-cars-3plus census-cars-none census-commute-bike census-commute-car census-commute-foot census-commute-metro census-commute-motorbike census-commute-train census-health-verybad census-heat-electric census-heat-gas census-home-caravan census-home-commercial census-home-converted census-home-detached census-home-flat census-home-semi census-home-terraced census-hours-49plus census-job-managers census-job-operatives census-job-trades census-population census-qual-degree census-qual-none census-sick census-tenure-outright census-tenure-private census-tenure-social census-work-from-home ge24-con ge24-green ge24-labour ge24-nonvoters ge24-reform hmrc-additional-rate hmrc-employed hmrc-higher-rate hmrc-pension hmrc-self-employed hmrc-tax-amount hmrc-taxpayers osm-breweries osm-costa osm-iceland osm-lidl osm-mands osm-mcdonalds osm-nandos osm-pret osm-pubs osm-sainsburys osm-standing-stones osm-starbucks osm-stations osm-tesco osm-waitrose osm-wetherspoon pop-all
census-heat-electric,Homes heated only by electricity,Heating,unified_census,45,we,North-east/South-west,Find the line that puts 50% of homes heated only by electricity north-east of it,(diagonal),Coventry,6,South-west,census-hours-49plus,0,60,census-carers-50h census-cars-3plus census-cars-none census-commute-bike census-commute-car census-commute-foot census-commute-metro census-commute-motorbike census-commute-train census-health-verybad census-heat-bottled census-heat-gas census-home-caravan census-home-commercial census-home-converted census-home-detached census-home-flat census-home-semi census-home-terraced census-hours-49plus census-job-managers census-job-operatives census-job-trades census-population census-qual-degree census-qual-none census-sick census-tenure-outright census-tenure-private census-tenure-social census-work-from-home ge24-con ge24-green ge24-labour ge24-nonvoters ge24-reform hmrc-additional-rate hmrc-employed hmrc-higher-rate hmrc-pension hmrc-self-employed hmrc-tax-amount hmrc-taxpayers osm-breweries osm-costa osm-iceland osm-lidl osm-mands osm-mcdonalds osm-nandos osm-pret osm-pubs osm-sainsburys osm-standing-stones osm-starbucks osm-stations osm-tesco osm-waitrose osm-wetherspoon pop-all
census-heat-gas,Homes heated only by mains gas,Heating,unified_census,45,we,North-east/South-west,Find the line that puts 50% of homes heated only by mains gas north-east of it,(diagonal),Stoke-on-Trent,5,North-east,census-tenure-outright,0,61,census-carers-50h census-cars-3plus census-cars-none census-commute-bike census-commute-car census-commute-foot census-commute-metro census-commute-motorbike census-commute-taxi census-commute-train census-health-verybad census-heat-bottled census-heat-electric census-home-caravan census-home-commercial census-home-detached census-home-flat census-home-semi census-home-terraced census-hours-49plus census-job-managers census-job-operatives census-job-trades census-population census-qual-apprentice census-qual-degree census-qual-none census-sick census-tenure-outright census-tenure-private census-tenure-social census-work-from-home ge24-con ge24-green ge24-labour ge24-nonvoters ge24-reform hmrc-employed hmrc-higher-rate hmrc-pension hmrc-self-employed hmrc-tax-amount hmrc-taxpayers osm-breweries osm-chippies osm-costa osm-golf osm-greggs osm-iceland osm-lidl osm-mands osm-mcdonalds osm-nandos osm-pret osm-pubs osm-sainsburys osm-starbucks osm-stations osm-tesco osm-wetherspoon pop-all
census-heat-oil,Homes heated only by oil,Heating,unified_census,45,we,North-east/South-west,Find the line that puts 50% of homes heated only by oil north-east of it,(diagonal),Antrim and Newtownabbey,38,South-west,repd-solar,3,3,ge24-libdem osm-waitrose repd-solar
census-heat-renewable,Homes heated only by renewables,Heating,unified_census,45,we,North-east/South-west,Find the line that puts 50% of homes heated only by renewable energy north-east of it,(diagonal),Chelmsford,28,North-east,osm-windmills,3,10,census-commute-taxi census-heat-wood census-qual-apprentice osm-aldi osm-chippies osm-golf osm-greggs osm-morrisons osm-windmills repd-battery
census-heat-solid,Homes heated only by solid fuel,Heating,unified_census,45,we,North-east/South-west,"Find the line that puts 50% of homes heated only by solid fuel (coal, peat) north-east of it",(diagonal),Cumberland,52,North-east,repd-solar-pipeline,16,1,repd-solar-pipeline
census-heat-wood,Homes heated only by wood,Heating,unified_census,45,we,North-east/South-west,Find the line that puts 50% of homes heated only by wood north-east of it,(diagonal),South Cambridgeshire,34,North-east,osm-morrisons,2,6,census-heat-renewable osm-aldi osm-greggs osm-morrisons osm-windmills repd-battery
census-home-caravan,Households in a caravan or mobile home,Homes,unified_census,45,we,North-east/South-west,Find the line that puts 50% of households living in a caravan or mobile home north-east of it,(diagonal),South Staffordshire,12,South-west,census-commute-motorbike,0,56,census-carers-50h census-cars-3plus census-cars-none census-commute-bike census-commute-car census-commute-foot census-commute-metro census-commute-motorbike census-commute-train census-health-verybad census-heat-bottled census-heat-electric census-heat-gas census-home-commercial census-home-converted census-home-detached census-home-flat census-home-terraced census-hours-49plus census-job-managers census-job-trades census-population census-qual-degree census-qual-none census-sick census-tenure-outright census-tenure-private census-tenure-social census-work-from-home ge24-con ge24-green ge24-nonvoters hmrc-additional-rate hmrc-employed hmrc-higher-rate hmrc-pension hmrc-self-employed hmrc-tax-amount hmrc-taxpayers osm-breweries osm-costa osm-iceland osm-lidl osm-mands osm-mcdonalds osm-nandos osm-pret osm-pubs osm-sainsburys osm-standing-stones osm-starbucks osm-stations osm-tesco osm-waitrose osm-wetherspoon pop-all
census-home-commercial,Households in a commercial building,Homes,unified_census,45,we,North-east/South-west,"Find the line that puts 50% of households living above a shop, in an office building or hotel north-east of it",(diagonal),Islington,9,South-west,census-commute-metro,0,59,census-carers-50h census-cars-3plus census-cars-none census-commute-bike census-commute-car census-commute-foot census-commute-metro census-commute-motorbike census-commute-train census-health-verybad census-heat-bottled census-heat-electric census-heat-gas census-home-caravan census-home-converted census-home-detached census-home-flat census-home-semi census-home-terraced census-hours-49plus census-job-managers census-job-operatives census-job-trades census-population census-qual-degree census-qual-none census-sick census-tenure-outright census-tenure-private census-tenure-social census-work-from-home ge24-con ge24-green ge24-labour ge24-nonvoters hmrc-additional-rate hmrc-employed hmrc-higher-rate hmrc-pension hmrc-self-employed hmrc-tax-amount hmrc-taxpayers osm-breweries osm-costa osm-iceland osm-lidl osm-mands osm-mcdonalds osm-nandos osm-pret osm-pubs osm-sainsburys osm-standing-stones osm-starbucks osm-stations osm-tesco osm-waitrose osm-wetherspoon pop-all
census-home-converted,Households in converted or shared houses,Homes,unified_census,45,we,North-east/South-west,"Find the line that puts 50% of households in converted or shared houses, including bedsits north-east of it",(diagonal),Brent,14,South-west,osm-standing-stones,1,47,census-cars-3plus census-cars-none census-commute-bike census-commute-foot census-commute-metro census-commute-motorbike census-commute-train census-heat-bottled census-heat-electric census-home-caravan census-home-commercial census-home-flat census-hours-49plus census-job-managers census-job-trades census-population census-qual-degree census-tenure-private census-tenure-social census-work-from-home ge24-con ge24-green ge24-libdem ge24-nonvoters hmrc-additional-rate hmrc-employed hmrc-higher-rate hmrc-pension hmrc-self-employed hmrc-tax-amount hmrc-taxpayers osm-costa osm-iceland osm-lidl osm-mands osm-mcdonalds osm-nandos osm-pret osm-pubs osm-sainsburys osm-standing-stones osm-starbucks osm-stations osm-tesco osm-waitrose osm-wetherspoon pop-all
census-home-detached,Households in detached houses,Homes,unified_census,45,we,North-east/South-west,Find the line that puts 50% of households in a detached house north-east of it,(diagonal),Ashford,4,North-east,census-qual-none,0,62,census-carers-50h census-cars-3plus census-cars-none census-commute-bike census-commute-car census-commute-foot census-commute-metro census-commute-motorbike census-commute-taxi census-commute-train census-health-verybad census-heat-bottled census-heat-electric census-heat-gas census-home-caravan census-home-commercial census-home-flat census-home-semi census-home-terraced census-hours-49plus census-job-managers census-job-operatives census-job-trades census-population census-qual-apprentice census-qual-degree census-qual-none census-sick census-tenure-outright census-tenure-private census-tenure-social census-work-from-home ge24-con ge24-green ge24-labour ge24-nonvoters ge24-reform hmrc-employed hmrc-higher-rate hmrc-pension hmrc-self-employed hmrc-tax-amount hmrc-taxpayers osm-breweries osm-chippies osm-costa osm-golf osm-greggs osm-iceland osm-lidl osm-mands osm-mcdonalds osm-nandos osm-pret osm-pubs osm-sainsburys osm-standing-stones osm-starbucks osm-stations osm-tesco osm-wetherspoon pop-all
census-home-flat,Households in purpose-built flats,Homes,unified_census,45,we,North-east/South-west,Find the line that puts 50% of households in a purpose-built block of flats north-east of it,(diagonal),Newham,6,South-west,census-commute-bike,0,60,census-carers-50h census-cars-3plus census-cars-none census-commute-bike census-commute-car census-commute-foot census-commute-metro census-commute-motorbike census-commute-train census-health-verybad census-heat-bottled census-heat-electric census-heat-gas census-home-caravan census-home-commercial census-home-converted census-home-detached census-home-semi census-home-terraced census-hours-49plus census-job-managers census-job-operatives census-job-trades census-population census-qual-degree census-qual-none census-sick census-tenure-outright census-tenure-private census-tenure-social census-work-from-home ge24-con ge24-green ge24-labour ge24-nonvoters ge24-reform hmrc-additional-rate hmrc-employed hmrc-higher-rate hmrc-pension hmrc-self-employed hmrc-tax-amount hmrc-taxpayers osm-breweries osm-costa osm-iceland osm-lidl osm-mands osm-mcdonalds osm-nandos osm-pret osm-pubs osm-sainsburys osm-standing-stones osm-starbucks osm-stations osm-tesco osm-waitrose osm-wetherspoon pop-all
census-home-semi,Households in semi-detached houses,Homes,unified_census,45,we,North-east/South-west,Find the line that puts 50% of households in a semi-detached house north-east of it,(diagonal),Stoke-on-Trent,9,North-east,ge24-reform,1,59,census-carers-50h census-cars-3plus census-cars-none census-commute-bike census-commute-car census-commute-foot census-commute-metro census-commute-taxi census-commute-train census-health-verybad census-heat-bottled census-heat-electric census-heat-gas census-home-commercial census-home-detached census-home-flat census-home-terraced census-hours-49plus census-job-managers census-job-operatives census-job-trades census-population census-qual-apprentice census-qual-degree census-qual-none census-sick census-tenure-outright census-tenure-private census-tenure-social census-work-from-home ge24-con ge24-green ge24-labour ge24-nonvoters ge24-reform hmrc-employed hmrc-higher-rate hmrc-pension hmrc-self-employed hmrc-taxpayers osm-aldi osm-breweries osm-chippies osm-costa osm-golf osm-greggs osm-iceland osm-lidl osm-mands osm-mcdonalds osm-nandos osm-pubs osm-sainsburys osm-starbucks osm-stations osm-tesco osm-wetherspoon pop-all repd-battery
census-home-terraced,Households in terraced houses,Homes,unified_census,45,we,North-east/South-west,Find the line that puts 50% of households in a terraced house north-east of it,(diagonal),Newcastle-under-Lyme,4,North-east,census-qual-none,0,62,census-carers-50h census-cars-3plus census-cars-none census-commute-bike census-commute-car census-commute-foot census-commute-metro census-commute-motorbike census-commute-taxi census-commute-train census-health-verybad census-heat-bottled census-heat-electric census-heat-gas census-home-caravan census-home-commercial census-home-detached census-home-flat census-home-semi census-hours-49plus census-job-managers census-job-operatives census-job-trades census-population census-qual-apprentice census-qual-degree census-qual-none census-sick census-tenure-outright census-tenure-private census-tenure-social census-work-from-home ge24-con ge24-green ge24-labour ge24-nonvoters ge24-reform hmrc-employed hmrc-higher-rate hmrc-pension hmrc-self-employed hmrc-tax-amount hmrc-taxpayers osm-breweries osm-chippies osm-costa osm-golf osm-greggs osm-iceland osm-lidl osm-mands osm-mcdonalds osm-nandos osm-pret osm-pubs osm-sainsburys osm-standing-stones osm-starbucks osm-stations osm-tesco osm-wetherspoon pop-all
census-hours-49plus,People working 49+ hours a week,Work & qualifications,unified_census,45,we,North-east/South-west,Find the line that puts 50% of people working 49 or more hours a week north-east of it,(diagonal),Haringey,5,South-west,census-heat-electric,0,61,census-carers-50h census-cars-3plus census-cars-none census-commute-bike census-commute-car census-commute-foot census-commute-metro census-commute-motorbike census-commute-train census-health-verybad census-heat-bottled census-heat-electric census-heat-gas census-home-caravan census-home-commercial census-home-converted census-home-detached census-home-flat census-home-semi census-home-terraced census-job-managers census-job-operatives census-job-trades census-population census-qual-apprentice census-qual-degree census-qual-none census-sick census-tenure-outright census-tenure-private census-tenure-social census-work-from-home ge24-con ge24-green ge24-labour ge24-nonvoters ge24-reform hmrc-additional-rate hmrc-employed hmrc-higher-rate hmrc-pension hmrc-self-employed hmrc-tax-amount hmrc-taxpayers osm-breweries osm-costa osm-iceland osm-lidl osm-mands osm-mcdonalds osm-nandos osm-pret osm-pubs osm-sainsburys osm-standing-stones osm-starbucks osm-stations osm-tesco osm-waitrose osm-wetherspoon pop-all
census-job-managers,"Managers, directors and senior officials",Work & qualifications,unified_census,45,we,North-east/South-west,"Find the line that puts 50% of managers, directors and senior officials north-east of it",(diagonal),Barnet,7,South-west,census-work-from-home,0,60,census-carers-50h census-cars-3plus census-cars-none census-commute-bike census-commute-car census-commute-foot census-commute-metro census-commute-motorbike census-commute-train census-health-verybad census-heat-bottled census-heat-electric census-heat-gas census-home-caravan census-home-commercial census-home-converted census-home-detached census-home-flat census-home-semi census-home-terraced census-hours-49plus census-job-operatives census-job-trades census-population census-qual-degree census-qual-none census-sick census-tenure-outright census-tenure-private census-tenure-social census-work-from-home ge24-con ge24-green ge24-labour ge24-nonvoters ge24-reform hmrc-additional-rate hmrc-employed hmrc-higher-rate hmrc-pension hmrc-self-employed hmrc-tax-amount hmrc-taxpayers osm-breweries osm-costa osm-iceland osm-lidl osm-mands osm-mcdonalds osm-nandos osm-pret osm-pubs osm-sainsburys osm-standing-stones osm-starbucks osm-stations osm-tesco osm-waitrose osm-wetherspoon pop-all
census-job-operatives,"Process, plant and machine operatives",Work & qualifications,unified_census,45,we,North-east/South-west,"Find the line that puts 50% of process, plant and machine operatives north-east of it",(diagonal),Stoke-on-Trent,8,North-east,census-home-semi,1,59,census-carers-50h census-cars-3plus census-cars-none census-commute-bike census-commute-car census-commute-foot census-commute-metro census-commute-taxi census-commute-train census-health-verybad census-heat-bottled census-heat-electric census-heat-gas census-home-commercial census-home-detached census-home-flat census-home-semi census-home-terraced census-hours-49plus census-job-managers census-job-trades census-population census-qual-apprentice census-qual-degree census-qual-none census-sick census-tenure-outright census-tenure-private census-tenure-social census-work-from-home ge24-con ge24-green ge24-labour ge24-nonvoters ge24-reform hmrc-employed hmrc-higher-rate hmrc-pension hmrc-self-employed hmrc-taxpayers osm-aldi osm-breweries osm-chippies osm-costa osm-golf osm-greggs osm-iceland osm-lidl osm-mands osm-mcdonalds osm-nandos osm-pubs osm-sainsburys osm-starbucks osm-stations osm-tesco osm-wetherspoon pop-all repd-battery
census-job-trades,Skilled trades,Work & qualifications,unified_census,45,we,North-east/South-west,Find the line that puts 50% of people working in skilled trades north-east of it,(diagonal),Newcastle-under-Lyme,2,North-east,osm-pubs,1,64,census-carers-50h census-cars-3plus census-cars-none census-commute-bike census-commute-car census-commute-foot census-commute-metro census-commute-motorbike census-commute-taxi census-commute-train census-health-verybad census-heat-bottled census-heat-electric census-heat-gas census-home-caravan census-home-commercial census-home-converted census-home-detached census-home-flat census-home-semi census-home-terraced census-hours-49plus census-job-managers census-job-operatives census-population census-qual-apprentice census-qual-degree census-qual-none census-sick census-tenure-outright census-tenure-private census-tenure-social census-work-from-home ge24-con ge24-green ge24-labour ge24-nonvoters ge24-reform hmrc-additional-rate hmrc-employed hmrc-higher-rate hmrc-pension hmrc-self-employed hmrc-tax-amount hmrc-taxpayers osm-breweries osm-chippies osm-costa osm-golf osm-greggs osm-iceland osm-lidl osm-mands osm-mcdonalds osm-nandos osm-pret osm-pubs osm-sainsburys osm-standing-stones osm-starbucks osm-stations osm-tesco osm-wetherspoon pop-all
census-population,Usual residents (census),Population,unified_census,45,we,North-east/South-west,Find the line that puts 50% of the UK's residents north-east of it,(diagonal),Welwyn Hatfield,0,,osm-wetherspoon,0,64,census-carers-50h census-cars-3plus census-cars-none census-commute-bike census-commute-car census-commute-foot census-commute-metro census-commute-motorbike census-commute-taxi census-commute-train census-health-verybad census-heat-bottled census-heat-electric census-heat-gas census-home-caravan census-home-commercial census-home-converted census-home-detached census-home-flat census-home-semi census-home-terraced census-hours-49plus census-job-managers census-job-operatives census-job-trades census-qual-apprentice census-qual-degree census-qual-none census-sick census-tenure-outright census-tenure-private census-tenure-social census-work-from-home ge24-con ge24-green ge24-labour ge24-nonvoters ge24-reform hmrc-additional-rate hmrc-employed hmrc-higher-rate hmrc-pension hmrc-self-employed hmrc-tax-amount hmrc-taxpayers osm-breweries osm-chippies osm-costa osm-golf osm-greggs osm-iceland osm-lidl osm-mands osm-mcdonalds osm-nandos osm-pret osm-pubs osm-sainsburys osm-standing-stones osm-starbucks osm-stations osm-tesco osm-wetherspoon pop-all
census-qual-apprentice,Apprenticeships,Work & qualifications,unified_census,45,we,North-east/South-west,Find the line that puts 50% of people whose highest qualification is an apprenticeship north-east of it,(diagonal),Blaby,13,North-east,census-commute-taxi,1,45,census-carers-50h census-cars-3plus census-cars-none census-commute-car census-commute-foot census-commute-taxi census-health-verybad census-heat-gas census-heat-renewable census-home-detached census-home-semi census-home-terraced census-hours-49plus census-job-operatives census-job-trades census-population census-qual-degree census-qual-none census-sick census-tenure-outright census-tenure-private census-tenure-social ge24-con ge24-green ge24-labour ge24-nonvoters ge24-reform hmrc-employed hmrc-pension hmrc-taxpayers osm-aldi osm-breweries osm-chippies osm-costa osm-golf osm-greggs osm-iceland osm-lidl osm-mcdonalds osm-pubs osm-starbucks osm-stations osm-wetherspoon pop-all repd-battery
census-qual-degree,Degree-level qualifications,Work & qualifications,unified_census,45,we,North-east/South-west,Find the line that puts 50% of people with a degree-level qualification or above north-east of it,(diagonal),St Albans,4,South-west,census-tenure-private,0,60,census-carers-50h census-cars-3plus census-cars-none census-commute-bike census-commute-car census-commute-foot census-commute-metro census-commute-motorbike census-commute-train census-health-verybad census-heat-bottled census-heat-electric census-heat-gas census-home-caravan census-home-commercial census-home-converted census-home-detached census-home-flat census-home-semi census-home-terraced census-hours-49plus census-job-managers census-job-operatives census-job-trades census-population census-qual-apprentice census-qual-none census-sick census-tenure-outright census-tenure-private census-tenure-social census-work-from-home ge24-con ge24-green ge24-labour ge24-nonvoters ge24-reform hmrc-additional-rate hmrc-employed hmrc-higher-rate hmrc-pension hmrc-self-employed hmrc-tax-amount hmrc-taxpayers osm-breweries osm-costa osm-iceland osm-lidl osm-mands osm-mcdonalds osm-nandos osm-pret osm-pubs osm-sainsburys osm-standing-stones osm-starbucks osm-stations osm-tesco osm-wetherspoon pop-all
census-qual-none,No qualifications,Work & qualifications,unified_census,45,we,North-east/South-west,Find the line that puts 50% of adults with no qualifications north-east of it,(diagonal),Liverpool,4,North-east,census-home-terraced,0,62,census-carers-50h census-cars-3plus census-cars-none census-commute-bike census-commute-car census-commute-foot census-commute-metro census-commute-motorbike census-commute-taxi census-commute-train census-health-verybad census-heat-bottled census-heat-electric census-heat-gas census-home-caravan census-home-commercial census-home-detached census-home-flat census-home-semi census-home-terraced census-hours-49plus census-job-managers census-job-operatives census-job-trades census-population census-qual-apprentice census-qual-degree census-sick census-tenure-outright census-tenure-private census-tenure-social census-work-from-home ge24-con ge24-green ge24-labour ge24-nonvoters ge24-reform hmrc-employed hmrc-higher-rate hmrc-pension hmrc-self-employed hmrc-tax-amount hmrc-taxpayers osm-breweries osm-chippies osm-costa osm-golf osm-greggs osm-iceland osm-lidl osm-mands osm-mcdonalds osm-nandos osm-pret osm-pubs osm-sainsburys osm-standing-stones osm-starbucks osm-stations osm-tesco osm-wetherspoon pop-all
census-sick,Long-term sick or disabled,Health & care,unified_census,45,we,North-east/South-west,Find the line that puts 50% of people out of work because they are long-term sick or disabled north-east of it,(diagonal),Halton,6,North-east,census-health-verybad,0,62,census-carers-50h census-cars-3plus census-cars-none census-commute-bike census-commute-car census-commute-foot census-commute-metro census-commute-motorbike census-commute-taxi census-commute-train census-health-verybad census-heat-bottled census-heat-electric census-heat-gas census-home-caravan census-home-commercial census-home-detached census-home-flat census-home-semi census-home-terraced census-hours-49plus census-job-managers census-job-operatives census-job-trades census-population census-qual-apprentice census-qual-degree census-qual-none census-tenure-outright census-tenure-private census-tenure-social census-work-from-home ge24-con ge24-green ge24-labour ge24-nonvoters ge24-reform hmrc-employed hmrc-higher-rate hmrc-pension hmrc-self-employed hmrc-tax-amount hmrc-taxpayers osm-breweries osm-chippies osm-costa osm-golf osm-greggs osm-iceland osm-lidl osm-mands osm-mcdonalds osm-nandos osm-pret osm-pubs osm-sainsburys osm-starbucks osm-stations osm-tesco osm-wetherspoon pop-all repd-battery
census-tenure-outright,Households that own outright,Owning & renting,unified_census,45,we,North-east/South-west,Find the line that puts 50% of households that own their home outright north-east of it,(diagonal),Halton,5,North-east,census-heat-gas,0,61,census-carers-50h census-cars-3plus census-cars-none census-commute-bike census-commute-car census-commute-foot census-commute-metro census-commute-motorbike census-commute-taxi census-commute-train census-health-verybad census-heat-bottled census-heat-electric census-heat-gas census-home-caravan census-home-commercial census-home-detached census-home-flat census-home-semi census-home-terraced census-hours-49plus census-job-managers census-job-operatives census-job-trades census-population census-qual-apprentice census-qual-degree census-qual-none census-sick census-tenure-private census-tenure-social census-work-from-home ge24-con ge24-green ge24-labour ge24-nonvoters ge24-reform hmrc-employed hmrc-higher-rate hmrc-pension hmrc-self-employed hmrc-tax-amount hmrc-taxpayers osm-breweries osm-chippies osm-costa osm-golf osm-greggs osm-iceland osm-lidl osm-mands osm-mcdonalds osm-nandos osm-pret osm-pubs osm-sainsburys osm-starbucks osm-stations osm-tesco osm-wetherspoon pop-all
census-tenure-private,Households renting privately,Owning & renting,unified_census,45,we,North-east/South-west,Find the line that puts 50% of households renting privately north-east of it,(diagonal),Haringey,4,South-west,ge24-con,0,60,census-carers-50h census-cars-3plus census-cars-none census-commute-bike census-commute-car census-commute-foot census-commute-metro census-commute-motorbike census-commute-train census-health-verybad census-heat-bottled census-heat-electric census-heat-gas census-home-caravan census-home-commercial census-home-converted census-home-detached census-home-flat census-home-semi census-home-terraced census-hours-49plus census-job-managers census-job-operatives census-job-trades census-population census-qual-apprentice census-qual-degree census-qual-none census-sick census-tenure-outright census-tenure-social census-work-from-home ge24-con ge24-green ge24-labour ge24-nonvoters ge24-reform hmrc-additional-rate hmrc-employed hmrc-higher-rate hmrc-pension hmrc-self-employed hmrc-tax-amount hmrc-taxpayers osm-breweries osm-costa osm-iceland osm-lidl osm-mands osm-mcdonalds osm-nandos osm-pret osm-pubs osm-sainsburys osm-standing-stones osm-starbucks osm-stations osm-tesco osm-wetherspoon pop-all
census-tenure-social,Households renting socially,Owning & renting,unified_census,45,we,North-east/South-west,Find the line that puts 50% of households in social housing north-east of it,(diagonal),Cheshire West and Chester,3,North-east,ge24-nonvoters,0,63,census-carers-50h census-cars-3plus census-cars-none census-commute-bike census-commute-car census-commute-foot census-commute-metro census-commute-motorbike census-commute-taxi census-commute-train census-health-verybad census-heat-bottled census-heat-electric census-heat-gas census-home-caravan census-home-commercial census-home-converted census-home-detached census-home-flat census-home-semi census-home-terraced census-hours-49plus census-job-managers census-job-operatives census-job-trades census-population census-qual-apprentice census-qual-degree census-qual-none census-sick census-tenure-outright census-tenure-private census-work-from-home ge24-con ge24-green ge24-labour ge24-nonvoters ge24-reform hmrc-employed hmrc-higher-rate hmrc-pension hmrc-self-employed hmrc-tax-amount hmrc-taxpayers osm-breweries osm-chippies osm-costa osm-golf osm-greggs osm-iceland osm-lidl osm-mands osm-mcdonalds osm-nandos osm-pret osm-pubs osm-sainsburys osm-standing-stones osm-starbucks osm-stations osm-tesco osm-wetherspoon pop-all
census-work-from-home,People working mainly from home,Getting to work,unified_census,45,we,North-east/South-west,Find the line that puts 50% of people who work mainly from home north-east of it,(diagonal),Hackney,7,South-west,osm-tesco,0,60,census-carers-50h census-cars-3plus census-cars-none census-commute-bike census-commute-car census-commute-foot census-commute-metro census-commute-motorbike census-commute-train census-health-verybad census-heat-bottled census-heat-electric census-heat-gas census-home-caravan census-home-commercial census-home-converted census-home-detached census-home-flat census-home-semi census-home-terraced census-hours-49plus census-job-managers census-job-operatives census-job-trades census-population census-qual-degree census-qual-none census-sick census-tenure-outright census-tenure-private census-tenure-social ge24-con ge24-green ge24-labour ge24-nonvoters ge24-reform hmrc-additional-rate hmrc-employed hmrc-higher-rate hmrc-pension hmrc-self-employed hmrc-tax-amount hmrc-taxpayers osm-breweries osm-costa osm-iceland osm-lidl osm-mands osm-mcdonalds osm-nandos osm-pret osm-pubs osm-sainsburys osm-standing-stones osm-starbucks osm-stations osm-tesco osm-waitrose osm-wetherspoon pop-all
ge24-con,"Conservative votes, 2024",Election night,ge2024,45,we,North-east/South-west,Find the line that puts 50% of votes cast for the Conservatives in 2024 north-east of it,(diagonal),Weald of Kent,4,South-west,census-tenure-private,0,61,census-carers-50h census-cars-3plus census-cars-none census-commute-bike census-commute-car census-commute-foot census-commute-metro census-commute-motorbike census-commute-taxi census-commute-train census-health-verybad census-heat-bottled census-heat-electric census-heat-gas census-home-caravan census-home-commercial census-home-converted census-home-detached census-home-flat census-home-semi census-home-terraced census-hours-49plus census-job-managers census-job-operatives census-job-trades census-population census-qual-apprentice census-qual-degree census-qual-none census-sick census-tenure-outright census-tenure-private census-tenure-social census-work-from-home ge24-green ge24-labour ge24-nonvoters ge24-reform hmrc-additional-rate hmrc-employed hmrc-higher-rate hmrc-pension hmrc-self-employed hmrc-tax-amount hmrc-taxpayers osm-breweries osm-costa osm-iceland osm-lidl osm-mands osm-mcdonalds osm-nandos osm-pret osm-pubs osm-sainsburys osm-standing-stones osm-starbucks osm-stations osm-tesco osm-wetherspoon pop-all
ge24-green,"Green votes, 2024",Election night,ge2024,45,we,North-east/South-west,Find the line that puts 50% of votes cast for the Greens in 2024 north-east of it,(diagonal),Hackney North and Stoke Newington,5,South-west,census-qual-degree,0,61,census-carers-50h census-cars-3plus census-cars-none census-commute-bike census-commute-car census-commute-foot census-commute-metro census-commute-motorbike census-commute-train census-health-verybad census-heat-bottled census-heat-electric census-heat-gas census-home-caravan census-home-commercial census-home-converted census-home-detached census-home-flat census-home-semi census-home-terraced census-hours-49plus census-job-managers census-job-operatives census-job-trades census-population census-qual-apprentice census-qual-degree census-qual-none census-sick census-tenure-outright census-tenure-private census-tenure-social census-work-from-home ge24-con ge24-labour ge24-nonvoters ge24-reform hmrc-additional-rate hmrc-employed hmrc-higher-rate hmrc-pension hmrc-self-employed hmrc-tax-amount hmrc-taxpayers osm-breweries osm-costa osm-iceland osm-lidl osm-mands osm-mcdonalds osm-nandos osm-pret osm-pubs osm-sainsburys osm-standing-stones osm-starbucks osm-stations osm-tesco osm-waitrose osm-wetherspoon pop-all
ge24-labour,"Labour votes, 2024",Election night,ge2024,45,we,North-east/South-west,Find the line that puts 50% of votes cast for Labour in 2024 north-east of it,(diagonal),Sefton Central,7,North-east,census-commute-car,1,59,census-carers-50h census-cars-3plus census-cars-none census-commute-bike census-commute-car census-commute-foot census-commute-metro census-commute-taxi census-commute-train census-health-verybad census-heat-bottled census-heat-electric census-heat-gas census-home-commercial census-home-detached census-home-flat census-home-semi census-home-terraced census-hours-49plus census-job-managers census-job-operatives census-job-trades census-population census-qual-apprentice census-qual-degree census-qual-none census-sick census-tenure-outright census-tenure-private census-tenure-social census-work-from-home ge24-con ge24-green ge24-nonvoters ge24-reform hmrc-employed hmrc-higher-rate hmrc-pension hmrc-self-employed hmrc-taxpayers osm-aldi osm-breweries osm-chippies osm-costa osm-golf osm-greggs osm-iceland osm-lidl osm-mands osm-mcdonalds osm-nandos osm-pubs osm-sainsburys osm-starbucks osm-stations osm-tesco osm-wetherspoon pop-all repd-battery
ge24-libdem,"Liberal Democrat votes, 2024",Election night,ge2024,45,we,North-east/South-west,Find the line that puts 50% of votes cast for the Liberal Democrats in 2024 north-east of it,(diagonal),Twickenham,30,South-west,repd-solar,6,7,census-heat-oil census-home-converted hmrc-additional-rate osm-pret osm-standing-stones osm-waitrose repd-solar
ge24-nonvoters,"Registered voters who did not vote, 2024",Election night,ge2024,45,we,North-east/South-west,Find the line that puts 50% of registered voters who stayed at home in 2024 north-east of it,(diagonal),Ilford South,3,North-east,census-tenure-social,0,63,census-carers-50h census-cars-3plus census-cars-none census-commute-bike census-commute-car census-commute-foot census-commute-metro census-commute-motorbike census-commute-taxi census-commute-train census-health-verybad census-heat-bottled census-heat-electric census-heat-gas census-home-caravan census-home-commercial census-home-converted census-home-detached census-home-flat census-home-semi census-home-terraced census-hours-49plus census-job-managers census-job-operatives census-job-trades census-population census-qual-apprentice census-qual-degree census-qual-none census-sick census-tenure-outright census-tenure-private census-tenure-social census-work-from-home ge24-con ge24-green ge24-labour ge24-reform hmrc-employed hmrc-higher-rate hmrc-pension hmrc-self-employed hmrc-tax-amount hmrc-taxpayers osm-breweries osm-chippies osm-costa osm-golf osm-greggs osm-iceland osm-lidl osm-mands osm-mcdonalds osm-nandos osm-pret osm-pubs osm-sainsburys osm-standing-stones osm-starbucks osm-stations osm-tesco osm-wetherspoon pop-all
ge24-reform,"Reform UK votes, 2024",Election night,ge2024,45,we,North-east/South-west,Find the line that puts 50% of votes cast for Reform UK in 2024 north-east of it,(diagonal),Hornchurch and Upminster,9,North-east,census-home-semi,1,57,census-carers-50h census-cars-3plus census-cars-none census-commute-bike census-commute-car census-commute-foot census-commute-taxi census-commute-train census-health-verybad census-heat-bottled census-heat-electric census-heat-gas census-home-detached census-home-flat census-home-semi census-home-terraced census-hours-49plus census-job-managers census-job-operatives census-job-trades census-population census-qual-apprentice census-qual-degree census-qual-none census-sick census-tenure-outright census-tenure-private census-tenure-social census-work-from-home ge24-con ge24-green ge24-labour ge24-nonvoters hmrc-employed hmrc-higher-rate hmrc-pension hmrc-self-employed hmrc-taxpayers osm-aldi osm-breweries osm-chippies osm-costa osm-golf osm-greggs osm-iceland osm-lidl osm-mands osm-mcdonalds osm-nandos osm-pubs osm-sainsburys osm-starbucks osm-stations osm-tesco osm-wetherspoon pop-all repd-battery
hmrc-additional-rate,Additional-rate (top-rate) taxpayers,Income & tax,hmrc,45,we,North-east/South-west,Find the line that puts 50% of top-rate taxpayers north-east of it,(diagonal),Westminster,15,South-west,census-home-converted,1,42,census-cars-3plus census-cars-none census-commute-bike census-commute-foot census-commute-metro census-commute-motorbike census-commute-train census-heat-bottled census-heat-electric census-home-caravan census-home-commercial census-home-converted census-home-flat census-hours-49plus census-job-managers census-job-trades census-population census-qual-degree census-tenure-private census-work-from-home ge24-con ge24-green ge24-libdem hmrc-employed hmrc-higher-rate hmrc-self-employed hmrc-tax-amount hmrc-taxpayers osm-costa osm-iceland osm-lidl osm-mands osm-nandos osm-pret osm-sainsburys osm-standing-stones osm-starbucks osm-stations osm-tesco osm-waitrose osm-wetherspoon pop-all
hmrc-employed,Taxpayers with a job,Income & tax,hmrc,45,we,North-east/South-west,Find the line that puts 50% of taxpayers with income from a job north-east of it,(diagonal),West Northamptonshire,0,South-west,census-cars-none,0,64,census-carers-50h census-cars-3plus census-cars-none census-commute-bike census-commute-car census-commute-foot census-commute-metro census-commute-motorbike census-commute-taxi census-commute-train census-health-verybad census-heat-bottled census-heat-electric census-heat-gas census-home-caravan census-home-commercial census-home-converted census-home-detached census-home-flat census-home-semi census-home-terraced census-hours-49plus census-job-managers census-job-operatives census-job-trades census-population census-qual-apprentice census-qual-degree census-qual-none census-sick census-tenure-outright census-tenure-private census-tenure-social census-work-from-home ge24-con ge24-green ge24-labour ge24-nonvoters ge24-reform hmrc-additional-rate hmrc-higher-rate hmrc-pension hmrc-self-employed hmrc-tax-amount hmrc-taxpayers osm-breweries osm-chippies osm-costa osm-golf osm-greggs osm-iceland osm-lidl osm-mands osm-mcdonalds osm-nandos osm-pret osm-pubs osm-sainsburys osm-standing-stones osm-starbucks osm-stations osm-tesco osm-wetherspoon pop-all
hmrc-higher-rate,Higher-rate taxpayers,Income & tax,hmrc,45,we,North-east/South-west,Find the line that puts 50% of higher-rate taxpayers north-east of it,(diagonal),Barnet,7,South-west,census-commute-train,0,60,census-carers-50h census-cars-3plus census-cars-none census-commute-bike census-commute-car census-commute-foot census-commute-metro census-commute-motorbike census-commute-train census-health-verybad census-heat-bottled census-heat-electric census-heat-gas census-home-caravan census-home-commercial census-home-converted census-home-detached census-home-flat census-home-semi census-home-terraced census-hours-49plus census-job-managers census-job-operatives census-job-trades census-population census-qual-degree census-qual-none census-sick census-tenure-outright census-tenure-private census-tenure-social census-work-from-home ge24-con ge24-green ge24-labour ge24-nonvoters ge24-reform hmrc-additional-rate hmrc-employed hmrc-pension hmrc-self-employed hmrc-tax-amount hmrc-taxpayers osm-breweries osm-costa osm-iceland osm-lidl osm-mands osm-mcdonalds osm-nandos osm-pret osm-pubs osm-sainsburys osm-standing-stones osm-starbucks osm-stations osm-tesco osm-waitrose osm-wetherspoon pop-all
hmrc-pension,Taxpayers with pension income,Income & tax,hmrc,45,we,North-east/South-west,Find the line that puts 50% of taxpayers drawing a pension north-east of it,(diagonal),West Northamptonshire,3,North-east,ge24-nonvoters,0,63,census-carers-50h census-cars-3plus census-cars-none census-commute-bike census-commute-car census-commute-foot census-commute-metro census-commute-motorbike census-commute-taxi census-commute-train census-health-verybad census-heat-bottled census-heat-electric census-heat-gas census-home-caravan census-home-commercial census-home-converted census-home-detached census-home-flat census-home-semi census-home-terraced census-hours-49plus census-job-managers census-job-operatives census-job-trades census-population census-qual-apprentice census-qual-degree census-qual-none census-sick census-tenure-outright census-tenure-private census-tenure-social census-work-from-home ge24-con ge24-green ge24-labour ge24-nonvoters ge24-reform hmrc-employed hmrc-higher-rate hmrc-self-employed hmrc-tax-amount hmrc-taxpayers osm-breweries osm-chippies osm-costa osm-golf osm-greggs osm-iceland osm-lidl osm-mands osm-mcdonalds osm-nandos osm-pret osm-pubs osm-sainsburys osm-standing-stones osm-starbucks osm-stations osm-tesco osm-wetherspoon pop-all
hmrc-self-employed,Self-employed taxpayers,Income & tax,hmrc,45,we,North-east/South-west,Find the line that puts 50% of self-employed taxpayers north-east of it,(diagonal),Barnet,7,South-west,osm-tesco,0,60,census-carers-50h census-cars-3plus census-cars-none census-commute-bike census-commute-car census-commute-foot census-commute-metro census-commute-motorbike census-commute-train census-health-verybad census-heat-bottled census-heat-electric census-heat-gas census-home-caravan census-home-commercial census-home-converted census-home-detached census-home-flat census-home-semi census-home-terraced census-hours-49plus census-job-managers census-job-operatives census-job-trades census-population census-qual-degree census-qual-none census-sick census-tenure-outright census-tenure-private census-tenure-social census-work-from-home ge24-con ge24-green ge24-labour ge24-nonvoters ge24-reform hmrc-additional-rate hmrc-employed hmrc-higher-rate hmrc-pension hmrc-tax-amount hmrc-taxpayers osm-breweries osm-costa osm-iceland osm-lidl osm-mands osm-mcdonalds osm-nandos osm-pret osm-pubs osm-sainsburys osm-standing-stones osm-starbucks osm-stations osm-tesco osm-waitrose osm-wetherspoon pop-all
hmrc-tax-amount,Income tax paid,Income & tax,hmrc,45,we,North-east/South-west,Find the line that puts 50% of all income tax paid north-east of it,(diagonal),Westminster,12,South-west,census-commute-motorbike,0,55,census-carers-50h census-cars-3plus census-cars-none census-commute-bike census-commute-foot census-commute-metro census-commute-motorbike census-commute-train census-health-verybad census-heat-bottled census-heat-electric census-heat-gas census-home-caravan census-home-commercial census-home-converted census-home-detached census-home-flat census-home-terraced census-hours-49plus census-job-managers census-job-trades census-population census-qual-degree census-qual-none census-sick census-tenure-outright census-tenure-private census-tenure-social census-work-from-home ge24-con ge24-green ge24-nonvoters hmrc-additional-rate hmrc-employed hmrc-higher-rate hmrc-pension hmrc-self-employed hmrc-taxpayers osm-breweries osm-costa osm-iceland osm-lidl osm-mands osm-mcdonalds osm-nandos osm-pret osm-pubs osm-sainsburys osm-standing-stones osm-starbucks osm-stations osm-tesco osm-waitrose osm-wetherspoon pop-all
hmrc-taxpayers,Income taxpayers,Income & tax,hmrc,45,we,North-east/South-west,Find the line that puts 50% of income taxpayers north-east of it,(diagonal),West Northamptonshire,0,North-east,osm-wetherspoon,0,64,census-carers-50h census-cars-3plus census-cars-none census-commute-bike census-commute-car census-commute-foot census-commute-metro census-commute-motorbike census-commute-taxi census-commute-train census-health-verybad census-heat-bottled census-heat-electric census-heat-gas census-home-caravan census-home-commercial census-home-converted census-home-detached census-home-flat census-home-semi census-home-terraced census-hours-49plus census-job-managers census-job-operatives census-job-trades census-population census-qual-apprentice census-qual-degree census-qual-none census-sick census-tenure-outright census-tenure-private census-tenure-social census-work-from-home ge24-con ge24-green ge24-labour ge24-nonvoters ge24-reform hmrc-additional-rate hmrc-employed hmrc-higher-rate hmrc-pension hmrc-self-employed hmrc-tax-amount osm-breweries osm-chippies osm-costa osm-golf osm-greggs osm-iceland osm-lidl osm-mands osm-mcdonalds osm-nandos osm-pret osm-pubs osm-sainsburys osm-standing-stones osm-starbucks osm-stations osm-tesco osm-wetherspoon pop-all
osm-aldi,Aldi shops,Supermarket sweep,osm,45,we,North-east/South-west,Find the line that puts 50% of Aldi shops north-east of it,(diagonal),Central Bedfordshire,24,North-east,repd-battery,2,14,census-commute-taxi census-heat-renewable census-heat-wood census-home-semi census-job-operatives census-qual-apprentice ge24-labour ge24-reform osm-chippies osm-golf osm-greggs osm-morrisons osm-windmills repd-battery
osm-breweries,Breweries,Out and about,osm,45,we,North-east/South-west,Find the line that puts 50% of breweries north-east of it,(diagonal),Gravesham,4,North-east,census-home-terraced,0,62,census-carers-50h census-cars-3plus census-cars-none census-commute-bike census-commute-car census-commute-foot census-commute-metro census-commute-motorbike census-commute-taxi census-commute-train census-health-verybad census-heat-bottled census-heat-electric census-heat-gas census-home-caravan census-home-commercial census-home-detached census-home-flat census-home-semi census-home-terraced census-hours-49plus census-job-managers census-job-operatives census-job-trades census-population census-qual-apprentice census-qual-degree census-qual-none census-sick census-tenure-outright census-tenure-private census-tenure-social census-work-from-home ge24-con ge24-green ge24-labour ge24-nonvoters ge24-reform hmrc-employed hmrc-higher-rate hmrc-pension hmrc-self-employed hmrc-tax-amount hmrc-taxpayers osm-chippies osm-costa osm-golf osm-greggs osm-iceland osm-lidl osm-mands osm-mcdonalds osm-nandos osm-pret osm-pubs osm-sainsburys osm-standing-stones osm-starbucks osm-stations osm-tesco osm-wetherspoon pop-all
osm-castles,Castles,Heritage & coast,osm,45,we,North-east/South-west,Find the line that puts 50% of castles north-east of it,(diagonal),North Yorkshire,77,North-east,repd-battery-pipeline,7,2,repd-battery-pipeline repd-solar-pipeline
osm-chippies,Fish and chip shops,Out and about,osm,45,we,North-east/South-west,Find the line that puts 50% of fish and chip shops north-east of it,(diagonal),Warrington,15,North-east,osm-golf,1,41,census-carers-50h census-cars-3plus census-cars-none census-commute-car census-commute-foot census-commute-taxi census-health-verybad census-heat-gas census-heat-renewable census-home-detached census-home-semi census-home-terraced census-job-operatives census-job-trades census-population census-qual-apprentice census-qual-none census-sick census-tenure-outright census-tenure-social ge24-labour ge24-nonvoters ge24-reform hmrc-employed hmrc-pension hmrc-taxpayers osm-aldi osm-breweries osm-golf osm-greggs osm-iceland osm-lidl osm-mcdonalds osm-morrisons osm-pubs osm-starbucks osm-stations osm-wetherspoon osm-windmills pop-all repd-battery
osm-costa,Costa Coffee shops,High street,osm,45,we,North-east/South-west,Find the line that puts 50% of Costa Coffee shops north-east of it,(diagonal),Milton Keynes,4,South-west,ge24-con,0,61,census-carers-50h census-cars-3plus census-cars-none census-commute-bike census-commute-car census-commute-foot census-commute-metro census-commute-motorbike census-commute-taxi census-commute-train census-health-verybad census-heat-bottled census-heat-electric census-heat-gas census-home-caravan census-home-commercial census-home-converted census-home-detached census-home-flat census-home-semi census-home-terraced census-hours-49plus census-job-managers census-job-operatives census-job-trades census-population census-qual-apprentice census-qual-degree census-qual-none census-sick census-tenure-outright census-tenure-private census-tenure-social census-work-from-home ge24-con ge24-green ge24-labour ge24-nonvoters ge24-reform hmrc-additional-rate hmrc-employed hmrc-higher-rate hmrc-pension hmrc-self-employed hmrc-tax-amount hmrc-taxpayers osm-breweries osm-iceland osm-lidl osm-mands osm-mcdonalds osm-nandos osm-pret osm-pubs osm-sainsburys osm-standing-stones osm-starbucks osm-stations osm-tesco osm-wetherspoon pop-all
osm-distilleries,Distilleries,Out and about,osm,45,we,North-east/South-west,Find the line that puts 50% of distilleries north-east of it,(diagonal),Falkirk,166,North-east,repd-wind-offshore,10,1,repd-wind-offshore
osm-golf,Golf courses,Out and about,osm,45,we,North-east/South-west,Find the line that puts 50% of golf courses north-east of it,(diagonal),Bedford,15,North-east,osm-chippies,1,41,census-carers-50h census-cars-3plus census-cars-none census-commute-car census-commute-foot census-commute-taxi census-health-verybad census-heat-gas census-heat-renewable census-home-detached census-home-semi census-home-terraced census-job-operatives census-job-trades census-population census-qual-apprentice census-qual-none census-sick census-tenure-outright census-tenure-social ge24-labour ge24-nonvoters ge24-reform hmrc-employed hmrc-pension hmrc-taxpayers osm-aldi osm-breweries osm-chippies osm-greggs osm-iceland osm-lidl osm-mcdonalds osm-morrisons osm-pubs osm-starbucks osm-stations osm-wetherspoon osm-windmills pop-all repd-battery
osm-greggs,Greggs shops,High street,osm,45,we,North-east/South-west,Find the line that puts 50% of Greggs shops north-east of it,(diagonal),Warrington,16,North-east,osm-chippies,1,40,census-carers-50h census-cars-none census-commute-car census-commute-foot census-commute-taxi census-health-verybad census-heat-gas census-heat-renewable census-heat-wood census-home-detached census-home-semi census-home-terraced census-job-operatives census-job-trades census-population census-qual-apprentice census-qual-none census-sick census-tenure-outright census-tenure-social ge24-labour ge24-nonvoters ge24-reform hmrc-employed hmrc-pension hmrc-taxpayers osm-aldi osm-breweries osm-chippies osm-golf osm-iceland osm-lidl osm-mcdonalds osm-morrisons osm-pubs osm-starbucks osm-wetherspoon osm-windmills pop-all repd-battery
osm-iceland,Iceland shops,Supermarket sweep,osm,45,we,North-east/South-west,Find the line that puts 50% of Iceland shops north-east of it,(diagonal),Liverpool,1,North-east,census-commute-foot,0,64,census-carers-50h census-cars-3plus census-cars-none census-commute-bike census-commute-car census-commute-foot census-commute-metro census-commute-motorbike census-commute-taxi census-commute-train census-health-verybad census-heat-bottled census-heat-electric census-heat-gas census-home-caravan census-home-commercial census-home-converted census-home-detached census-home-flat census-home-semi census-home-terraced census-hours-49plus census-job-managers census-job-operatives census-job-trades census-population census-qual-apprentice census-qual-degree census-qual-none census-sick census-tenure-outright census-tenure-private census-tenure-social census-work-from-home ge24-con ge24-green ge24-labour ge24-nonvoters ge24-reform hmrc-additional-rate hmrc-employed hmrc-higher-rate hmrc-pension hmrc-self-employed hmrc-tax-amount hmrc-taxpayers osm-breweries osm-chippies osm-costa osm-golf osm-greggs osm-lidl osm-mands osm-mcdonalds osm-nandos osm-pret osm-pubs osm-sainsburys osm-standing-stones osm-starbucks osm-stations osm-tesco osm-wetherspoon pop-all
osm-lidl,Lidl shops,Supermarket sweep,osm,45,we,North-east/South-west,Find the line that puts 50% of Lidl shops north-east of it,(diagonal),Barking and Dagenham,1,South-west,osm-starbucks,0,64,census-carers-50h census-cars-3plus census-cars-none census-commute-bike census-commute-car census-commute-foot census-commute-metro census-commute-motorbike census-commute-taxi census-commute-train census-health-verybad census-heat-bottled census-heat-electric census-heat-gas census-home-caravan census-home-commercial census-home-converted census-home-detached census-home-flat census-home-semi census-home-terraced census-hours-49plus census-job-managers census-job-operatives census-job-trades census-population census-qual-apprentice census-qual-degree census-qual-none census-sick census-tenure-outright census-tenure-private census-tenure-social census-work-from-home ge24-con ge24-green ge24-labour ge24-nonvoters ge24-reform hmrc-additional-rate hmrc-employed hmrc-higher-rate hmrc-pension hmrc-self-employed hmrc-tax-amount hmrc-taxpayers osm-breweries osm-chippies osm-costa osm-golf osm-greggs osm-iceland osm-mands osm-mcdonalds osm-nandos osm-pret osm-pubs osm-sainsburys osm-standing-stones osm-starbucks osm-stations osm-tesco osm-wetherspoon pop-all
osm-lighthouses,Lighthouses,Heritage & coast,osm,45,we,North-east/South-west,Find the line that puts 50% of lighthouses north-east of it,(diagonal),Na h-Eileanan Siar,115,North-east,repd-wind-onshore,9,1,repd-wind-onshore
osm-mands,M&S shops,Supermarket sweep,osm,45,we,North-east/South-west,Find the line that puts 50% of Marks & Spencer shops north-east of it,(diagonal),Bexley,9,South-west,osm-nandos,0,60,census-carers-50h census-cars-3plus census-cars-none census-commute-bike census-commute-car census-commute-foot census-commute-metro census-commute-motorbike census-commute-train census-health-verybad census-heat-bottled census-heat-electric census-heat-gas census-home-caravan census-home-commercial census-home-converted census-home-detached census-home-flat census-home-semi census-home-terraced census-hours-49plus census-job-managers census-job-operatives census-job-trades census-population census-qual-degree census-qual-none census-sick census-tenure-outright census-tenure-private census-tenure-social census-work-from-home ge24-con ge24-green ge24-labour ge24-nonvoters ge24-reform hmrc-additional-rate hmrc-employed hmrc-higher-rate hmrc-pension hmrc-self-employed hmrc-tax-amount hmrc-taxpayers osm-breweries osm-costa osm-iceland osm-lidl osm-mcdonalds osm-nandos osm-pret osm-pubs osm-sainsburys osm-standing-stones osm-starbucks osm-stations osm-tesco osm-waitrose osm-wetherspoon pop-all
osm-mcdonalds,McDonald's restaurants,High street,osm,45,we,North-east/South-west,Find the line that puts 50% of McDonald's restaurants north-east of it,(diagonal),Newcastle-under-Lyme,3,North-east,census-tenure-social,0,63,census-carers-50h census-cars-3plus census-cars-none census-commute-bike census-commute-car census-commute-foot census-commute-metro census-commute-motorbike census-commute-taxi census-commute-train census-health-verybad census-heat-bottled census-heat-electric census-heat-gas census-home-caravan census-home-commercial census-home-converted census-home-detached census-home-flat census-home-semi census-home-terraced census-hours-49plus census-job-managers census-job-operatives census-job-trades census-population census-qual-apprentice census-qual-degree census-qual-none census-sick census-tenure-outright census-tenure-private census-tenure-social census-work-from-home ge24-con ge24-green ge24-labour ge24-nonvoters ge24-reform hmrc-employed hmrc-higher-rate hmrc-pension hmrc-self-employed hmrc-tax-amount hmrc-taxpayers osm-breweries osm-chippies osm-costa osm-golf osm-greggs osm-iceland osm-lidl osm-mands osm-nandos osm-pret osm-pubs osm-sainsburys osm-standing-stones osm-starbucks osm-stations osm-tesco osm-wetherspoon pop-all
osm-morrisons,Morrisons supermarkets,Supermarket sweep,osm,45,we,North-east/South-west,Find the line that puts 50% of Morrisons supermarkets north-east of it,(diagonal),North Northamptonshire,32,North-east,osm-windmills,2,8,census-heat-renewable census-heat-wood osm-aldi osm-chippies osm-golf osm-greggs osm-windmills repd-battery
osm-nandos,Nando's restaurants,High street,osm,45,we,North-east/South-west,Find the line that puts 50% of Nando's restaurants north-east of it,(diagonal),Barnet,8,South-west,osm-mands,0,60,census-carers-50h census-cars-3plus census-cars-none census-commute-bike census-commute-car census-commute-foot census-commute-metro census-commute-motorbike census-commute-train census-health-verybad census-heat-bottled census-heat-electric census-heat-gas census-home-caravan census-home-commercial census-home-converted census-home-detached census-home-flat census-home-semi census-home-terraced census-hours-49plus census-job-managers census-job-operatives census-job-trades census-population census-qual-degree census-qual-none census-sick census-tenure-outright census-tenure-private census-tenure-social census-work-from-home ge24-con ge24-green ge24-labour ge24-nonvoters ge24-reform hmrc-additional-rate hmrc-employed hmrc-higher-rate hmrc-pension hmrc-self-employed hmrc-tax-amount hmrc-taxpayers osm-breweries osm-costa osm-iceland osm-lidl osm-mands osm-mcdonalds osm-pret osm-pubs osm-sainsburys osm-standing-stones osm-starbucks osm-stations osm-tesco osm-waitrose osm-wetherspoon pop-all
osm-pret,Pret A Manger shops,High street,osm,45,we,North-east/South-west,Find the line that puts 50% of Pret A Manger shops north-east of it,(diagonal),Camden,13,South-west,hmrc-tax-amount,1,54,census-carers-50h census-cars-3plus census-cars-none census-commute-bike census-commute-foot census-commute-metro census-commute-motorbike census-commute-train census-health-verybad census-heat-bottled census-heat-electric census-heat-gas census-home-caravan census-home-commercial census-home-converted census-home-detached census-home-flat census-home-terraced census-hours-49plus census-job-managers census-job-trades census-population census-qual-degree census-qual-none census-tenure-outright census-tenure-private census-tenure-social census-work-from-home ge24-con ge24-green ge24-nonvoters hmrc-additional-rate hmrc-employed hmrc-higher-rate hmrc-pension hmrc-self-employed hmrc-tax-amount hmrc-taxpayers osm-breweries osm-costa osm-iceland osm-lidl osm-mands osm-mcdonalds osm-nandos osm-pubs osm-sainsburys osm-standing-stones osm-starbucks osm-stations osm-tesco osm-waitrose osm-wetherspoon pop-all
osm-pubs,Pubs,Out and about,osm,45,we,North-east/South-west,Find the line that puts 50% of pubs north-east of it,(diagonal),Central Bedfordshire,3,North-east,hmrc-pension,0,64,census-carers-50h census-cars-3plus census-cars-none census-commute-bike census-commute-car census-commute-foot census-commute-metro census-commute-motorbike census-commute-taxi census-commute-train census-health-verybad census-heat-bottled census-heat-electric census-heat-gas census-home-caravan census-home-commercial census-home-converted census-home-detached census-home-flat census-home-semi census-home-terraced census-hours-49plus census-job-managers census-job-operatives census-job-trades census-population census-qual-apprentice census-qual-degree census-qual-none census-sick census-tenure-outright census-tenure-private census-tenure-social census-work-from-home ge24-con ge24-green ge24-labour ge24-nonvoters ge24-reform hmrc-additional-rate hmrc-employed hmrc-higher-rate hmrc-pension hmrc-self-employed hmrc-tax-amount hmrc-taxpayers osm-breweries osm-chippies osm-costa osm-golf osm-greggs osm-iceland osm-lidl osm-mands osm-mcdonalds osm-nandos osm-pret osm-sainsburys osm-standing-stones osm-starbucks osm-stations osm-tesco osm-wetherspoon pop-all
osm-sainsburys,Sainsbury's shops (all formats),Supermarket sweep,osm,45,we,North-east/South-west,Find the line that puts 50% of Sainsbury's shops of every size north-east of it,(diagonal),Hackney,8,South-west,census-heat-bottled,0,60,census-carers-50h census-cars-3plus census-cars-none census-commute-bike census-commute-car census-commute-foot census-commute-metro census-commute-motorbike census-commute-train census-health-verybad census-heat-bottled census-heat-electric census-heat-gas census-home-caravan census-home-commercial census-home-converted census-home-detached census-home-flat census-home-semi census-home-terraced census-hours-49plus census-job-managers census-job-operatives census-job-trades census-population census-qual-degree census-qual-none census-sick census-tenure-outright census-tenure-private census-tenure-social census-work-from-home ge24-con ge24-green ge24-labour ge24-nonvoters ge24-reform hmrc-additional-rate hmrc-employed hmrc-higher-rate hmrc-pension hmrc-self-employed hmrc-tax-amount hmrc-taxpayers osm-breweries osm-costa osm-iceland osm-lidl osm-mands osm-mcdonalds osm-nandos osm-pret osm-pubs osm-standing-stones osm-starbucks osm-stations osm-tesco osm-waitrose osm-wetherspoon pop-all
osm-standing-stones,Standing stones and other megaliths,Heritage & coast,osm,45,we,North-east/South-west,Find the line that puts 50% of standing stones and other megaliths north-east of it,(diagonal),Causeway Coast and Glens,13,South-west,census-home-converted,1,54,census-carers-50h census-cars-3plus census-cars-none census-commute-bike census-commute-foot census-commute-metro census-commute-motorbike census-commute-train census-heat-bottled census-heat-electric census-heat-gas census-home-caravan census-home-commercial census-home-converted census-home-detached census-home-flat census-home-terraced census-hours-49plus census-job-managers census-job-trades census-population census-qual-degree census-qual-none census-tenure-outright census-tenure-private census-tenure-social census-work-from-home ge24-con ge24-green ge24-libdem ge24-nonvoters hmrc-additional-rate hmrc-employed hmrc-higher-rate hmrc-pension hmrc-self-employed hmrc-tax-amount hmrc-taxpayers osm-breweries osm-costa osm-iceland osm-lidl osm-mands osm-mcdonalds osm-nandos osm-pret osm-pubs osm-sainsburys osm-starbucks osm-stations osm-tesco osm-waitrose osm-wetherspoon pop-all
osm-starbucks,Starbucks shops,High street,osm,45,we,North-east/South-west,Find the line that puts 50% of Starbucks shops north-east of it,(diagonal),Newcastle-under-Lyme,1,South-west,osm-lidl,0,64,census-carers-50h census-cars-3plus census-cars-none census-commute-bike census-commute-car census-commute-foot census-commute-metro census-commute-motorbike census-commute-taxi census-commute-train census-health-verybad census-heat-bottled census-heat-electric census-heat-gas census-home-caravan census-home-commercial census-home-converted census-home-detached census-home-flat census-home-semi census-home-terraced census-hours-49plus census-job-managers census-job-operatives census-job-trades census-population census-qual-apprentice census-qual-degree census-qual-none census-sick census-tenure-outright census-tenure-private census-tenure-social census-work-from-home ge24-con ge24-green ge24-labour ge24-nonvoters ge24-reform hmrc-additional-rate hmrc-employed hmrc-higher-rate hmrc-pension hmrc-self-employed hmrc-tax-amount hmrc-taxpayers osm-breweries osm-chippies osm-costa osm-golf osm-greggs osm-iceland osm-lidl osm-mands osm-mcdonalds osm-nandos osm-pret osm-pubs osm-sainsburys osm-standing-stones osm-stations osm-tesco osm-wetherspoon pop-all
osm-stations,Railway stations,Out and about,osm,45,we,North-east/South-west,Find the line that puts 50% of railway stations north-east of it,(diagonal),Milton Keynes,2,South-west,census-cars-3plus,0,63,census-carers-50h census-cars-3plus census-cars-none census-commute-bike census-commute-car census-commute-foot census-commute-metro census-commute-motorbike census-commute-taxi census-commute-train census-health-verybad census-heat-bottled census-heat-electric census-heat-gas census-home-caravan census-home-commercial census-home-converted census-home-detached census-home-flat census-home-semi census-home-terraced census-hours-49plus census-job-managers census-job-operatives census-job-trades census-population census-qual-apprentice census-qual-degree census-qual-none census-sick census-tenure-outright census-tenure-private census-tenure-social census-work-from-home ge24-con ge24-green ge24-labour ge24-nonvoters ge24-reform hmrc-additional-rate hmrc-employed hmrc-higher-rate hmrc-pension hmrc-self-employed hmrc-tax-amount hmrc-taxpayers osm-breweries osm-chippies osm-costa osm-golf osm-iceland osm-lidl osm-mands osm-mcdonalds osm-nandos osm-pret osm-pubs osm-sainsburys osm-standing-stones osm-starbucks osm-tesco osm-wetherspoon pop-all
osm-tesco,Tesco shops (all formats),Supermarket sweep,osm,45,we,North-east/South-west,Find the line that puts 50% of Tesco shops of every size north-east of it,(diagonal),Barnet,7,South-west,hmrc-self-employed,0,60,census-carers-50h census-cars-3plus census-cars-none census-commute-bike census-commute-car census-commute-foot census-commute-metro census-commute-motorbike census-commute-train census-health-verybad census-heat-bottled census-heat-electric census-heat-gas census-home-caravan census-home-commercial census-home-converted census-home-detached census-home-flat census-home-semi census-home-terraced census-hours-49plus census-job-managers census-job-operatives census-job-trades census-population census-qual-degree census-qual-none census-sick census-tenure-outright census-tenure-private census-tenure-social census-work-from-home ge24-con ge24-green ge24-labour ge24-nonvoters ge24-reform hmrc-additional-rate hmrc-employed hmrc-higher-rate hmrc-pension hmrc-self-employed hmrc-tax-amount hmrc-taxpayers osm-breweries osm-costa osm-iceland osm-lidl osm-mands osm-mcdonalds osm-nandos osm-pret osm-pubs osm-sainsburys osm-standing-stones osm-starbucks osm-stations osm-waitrose osm-wetherspoon pop-all
osm-waitrose,Waitrose shops,Supermarket sweep,osm,45,we,North-east/South-west,Find the line that puts 50% of Waitrose shops north-east of it,(diagonal),Buckinghamshire,23,South-west,hmrc-additional-rate,8,26,census-commute-bike census-commute-metro census-commute-motorbike census-commute-train census-heat-bottled census-heat-electric census-heat-oil census-home-caravan census-home-commercial census-home-converted census-home-flat census-hours-49plus census-job-managers census-work-from-home ge24-libdem hmrc-additional-rate hmrc-higher-rate hmrc-self-employed hmrc-tax-amount osm-mands osm-nandos osm-pret osm-sainsburys osm-standing-stones osm-tesco repd-solar
osm-wetherspoon,Wetherspoon pubs,High street,osm,45,we,North-east/South-west,Find the line that puts 50% of Wetherspoon pubs north-east of it,(diagonal),Redbridge,0,North-east,census-population,0,64,census-carers-50h census-cars-3plus census-cars-none census-commute-bike census-commute-car census-commute-foot census-commute-metro census-commute-motorbike census-commute-taxi census-commute-train census-health-verybad census-heat-bottled census-heat-electric census-heat-gas census-home-caravan census-home-commercial census-home-converted census-home-detached census-home-flat census-home-semi census-home-terraced census-hours-49plus census-job-managers census-job-operatives census-job-trades census-population census-qual-apprentice census-qual-degree census-qual-none census-sick census-tenure-outright census-tenure-private census-tenure-social census-work-from-home ge24-con ge24-green ge24-labour ge24-nonvoters ge24-reform hmrc-additional-rate hmrc-employed hmrc-higher-rate hmrc-pension hmrc-self-employed hmrc-tax-amount hmrc-taxpayers osm-breweries osm-chippies osm-costa osm-golf osm-greggs osm-iceland osm-lidl osm-mands osm-mcdonalds osm-nandos osm-pret osm-pubs osm-sainsburys osm-standing-stones osm-starbucks osm-stations osm-tesco pop-all
osm-windmills,Windmills (historic),Heritage & coast,osm,45,we,North-east/South-west,Find the line that puts 50% of old windmills north-east of it,(diagonal),Bedford,31,North-east,osm-morrisons,2,9,census-commute-taxi census-heat-renewable census-heat-wood osm-aldi osm-chippies osm-golf osm-greggs osm-morrisons repd-battery
pop-all,Population,Population,population,45,we,North-east/South-west,Find the line that puts 50% of the UK's population north-east of it,(diagonal),Liverpool,1,North-east,osm-iceland,1,64,census-carers-50h census-cars-3plus census-cars-none census-commute-bike census-commute-car census-commute-foot census-commute-metro census-commute-motorbike census-commute-taxi census-commute-train census-health-verybad census-heat-bottled census-heat-electric census-heat-gas census-home-caravan census-home-commercial census-home-converted census-home-detached census-home-flat census-home-semi census-home-terraced census-hours-49plus census-job-managers census-job-operatives census-job-trades census-population census-qual-apprentice census-qual-degree census-qual-none census-sick census-tenure-outright census-tenure-private census-tenure-social census-work-from-home ge24-con ge24-green ge24-labour ge24-nonvoters ge24-reform hmrc-additional-rate hmrc-employed hmrc-higher-rate hmrc-pension hmrc-self-employed hmrc-tax-amount hmrc-taxpayers osm-breweries osm-chippies osm-costa osm-golf osm-greggs osm-iceland osm-lidl osm-mands osm-mcdonalds osm-nandos osm-pret osm-pubs osm-sainsburys osm-standing-stones osm-starbucks osm-stations osm-tesco osm-wetherspoon
repd-battery,Battery storage capacity (MW),Power,repd,45,we,North-east/South-west,Find the line that puts 50% of grid battery storage capacity north-east of it,(diagonal),Swale,23,North-east,osm-aldi,2,18,census-commute-car census-commute-taxi census-health-verybad census-heat-gas census-heat-renewable census-heat-wood census-home-semi census-job-operatives census-qual-apprentice census-sick ge24-labour ge24-reform osm-aldi osm-chippies osm-golf osm-greggs osm-morrisons osm-windmills
repd-battery-pipeline,Battery storage consented or being built (MW),Power,repd,45,we,North-east/South-west,Find the line that puts 50% of battery storage capacity that is consented or under construction north-east of it,(diagonal),South Holland,85,North-east,osm-castles,7,2,osm-castles repd-solar-pipeline
repd-hydro,Hydro-electric schemes,Power,repd,45,we,North-east/South-west,Find the line that puts 50% of hydro-electric schemes north-east of it,(diagonal),Perth and Kinross,188,North-east,osm-distilleries,25,0,
repd-solar,Solar farm capacity (MW),Power,repd,45,we,North-east/South-west,Find the line that puts 50% of solar farm capacity north-east of it,(diagonal),Causeway Coast and Glens,36,South-west,census-heat-oil,3,3,census-heat-oil ge24-libdem osm-waitrose
repd-solar-pipeline,Solar capacity consented or being built (MW),Power,repd,45,we,North-east/South-west,Find the line that puts 50% of solar capacity that is consented or under construction north-east of it,(diagonal),Mansfield,69,North-east,osm-castles,10,3,census-heat-solid osm-castles repd-battery-pipeline
repd-wind-offshore,Offshore wind capacity (MW),Power,repd,45,we,North-east/South-west,Find the line that puts 50% of offshore wind power capacity north-east of it,(diagonal),North Norfolk,161,North-east,osm-distilleries,11,1,osm-distilleries
repd-wind-onshore,Onshore wind capacity (MW),Power,repd,45,we,North-east/South-west,Find the line that puts 50% of onshore wind power capacity north-east of it,(diagonal),South Lanarkshire,123,North-east,osm-lighthouses,9,1,osm-lighthouses
census-carers-50h,Carers giving 50+ hours a week,Health & care,unified_census,60,we,North-east/South-west,Find the line that puts 50% of people giving 50 or more hours of unpaid care a week north-east of it,(diagonal),Rochdale,2,South-west,ge24-con,0,73,census-cars-3plus census-cars-none census-commute-bike census-commute-car census-commute-foot census-commute-metro census-commute-motorbike census-commute-taxi census-commute-train census-health-verybad census-heat-bottled census-heat-electric census-heat-gas census-heat-renewable census-heat-solid census-heat-wood census-home-caravan census-home-commercial census-home-converted census-home-detached census-home-flat census-home-semi census-home-terraced census-hours-49plus census-job-managers census-job-operatives census-job-trades census-population census-qual-apprentice census-qual-degree census-qual-none census-sick census-tenure-outright census-tenure-private census-tenure-social census-work-from-home ge24-con ge24-green ge24-labour ge24-libdem ge24-nonvoters ge24-reform hmrc-additional-rate hmrc-employed hmrc-higher-rate hmrc-pension hmrc-self-employed hmrc-tax-amount hmrc-taxpayers osm-aldi osm-breweries osm-castles osm-chippies osm-costa osm-golf osm-greggs osm-iceland osm-lidl osm-lighthouses osm-mands osm-mcdonalds osm-morrisons osm-nandos osm-pret osm-pubs osm-sainsburys osm-starbucks osm-stations osm-tesco osm-waitrose osm-wetherspoon pop-all repd-battery
census-cars-3plus,Households with 3+ cars,Owning & renting,unified_census,60,we,North-east/South-west,Find the line that puts 50% of households with three or more cars or vans north-east of it,(diagonal),East Staffordshire,10,South-west,osm-waitrose,0,69,census-carers-50h census-cars-none census-commute-bike census-commute-car census-commute-foot census-commute-motorbike census-commute-taxi census-health-verybad census-heat-bottled census-heat-electric census-heat-gas census-heat-renewable census-heat-wood census-home-caravan census-home-commercial census-home-converted census-home-detached census-home-flat census-home-semi census-home-terraced census-hours-49plus census-job-managers census-job-operatives census-job-trades census-population census-qual-apprentice census-qual-degree census-qual-none census-sick census-tenure-outright census-tenure-private census-tenure-social census-work-from-home ge24-con ge24-green ge24-labour ge24-libdem ge24-nonvoters ge24-reform hmrc-additional-rate hmrc-employed hmrc-higher-rate hmrc-pension hmrc-self-employed hmrc-tax-amount hmrc-taxpayers osm-aldi osm-breweries osm-castles osm-chippies osm-costa osm-golf osm-greggs osm-iceland osm-lidl osm-lighthouses osm-mands osm-mcdonalds osm-morrisons osm-nandos osm-pret osm-pubs osm-sainsburys osm-starbucks osm-stations osm-tesco osm-waitrose osm-wetherspoon pop-all
census-cars-none,Households with no car,Owning & renting,unified_census,60,we,North-east/South-west,Find the line that puts 50% of households with no car or van north-east of it,(diagonal),Westminster,5,North-east,osm-sainsburys,0,71,census-carers-50h census-cars-3plus census-commute-bike census-commute-car census-commute-foot census-commute-metro census-commute-motorbike census-commute-taxi census-commute-train census-health-verybad census-heat-bottled census-heat-electric census-heat-gas census-heat-renewable census-heat-solid census-heat-wood census-home-commercial census-home-converted census-home-detached census-home-flat census-home-semi census-home-terraced census-hours-49plus census-job-managers census-job-operatives census-job-trades census-population census-qual-apprentice census-qual-degree census-qual-none census-sick census-tenure-outright census-tenure-private census-tenure-social census-work-from-home ge24-con ge24-green ge24-labour ge24-nonvoters ge24-reform hmrc-additional-rate hmrc-employed hmrc-higher-rate hmrc-pension hmrc-self-employed hmrc-tax-amount hmrc-taxpayers osm-aldi osm-breweries osm-castles osm-chippies osm-costa osm-golf osm-greggs osm-iceland osm-lidl osm-lighthouses osm-mands osm-mcdonalds osm-morrisons osm-nandos osm-pret osm-pubs osm-sainsburys osm-starbucks osm-stations osm-tesco osm-waitrose osm-wetherspoon pop-all repd-battery
census-commute-bike,Commuters by bicycle,Getting to work,unified_census,60,we,North-east/South-west,Find the line that puts 50% of people who cycle to work north-east of it,(diagonal),Wandsworth,3,North-east,osm-nandos,0,71,census-carers-50h census-cars-3plus census-cars-none census-commute-car census-commute-foot census-commute-metro census-commute-motorbike census-commute-taxi census-commute-train census-health-verybad census-heat-bottled census-heat-electric census-heat-gas census-heat-renewable census-heat-solid census-heat-wood census-home-commercial census-home-converted census-home-detached census-home-flat census-home-semi census-home-terraced census-hours-49plus census-job-managers census-job-operatives census-job-trades census-population census-qual-apprentice census-qual-degree census-qual-none census-sick census-tenure-outright census-tenure-private census-tenure-social census-work-from-home ge24-con ge24-green ge24-labour ge24-nonvoters ge24-reform hmrc-additional-rate hmrc-employed hmrc-higher-rate hmrc-pension hmrc-self-employed hmrc-tax-amount hmrc-taxpayers osm-aldi osm-breweries osm-castles osm-chippies osm-costa osm-golf osm-greggs osm-iceland osm-lidl osm-lighthouses osm-mands osm-mcdonalds osm-morrisons osm-nandos osm-pret osm-pubs osm-sainsburys osm-starbucks osm-stations osm-tesco osm-waitrose osm-wetherspoon pop-all repd-battery
census-commute-car,Commuters by car or van,Getting to work,unified_census,60,we,North-east/South-west,Find the line that puts 50% of people who drive to work north-east of it,(diagonal),Blackburn with Darwen,4,South-west,osm-stations,0,73,census-carers-50h census-cars-3plus census-cars-none census-commute-bike census-commute-foot census-commute-metro census-commute-motorbike census-commute-taxi census-commute-train census-health-verybad census-heat-bottled census-heat-electric census-heat-gas census-heat-renewable census-heat-solid census-heat-wood census-home-caravan census-home-commercial census-home-converted census-home-detached census-home-flat census-home-semi census-home-terraced census-hours-49plus census-job-managers census-job-operatives census-job-trades census-population census-qual-apprentice census-qual-degree census-qual-none census-sick census-tenure-outright census-tenure-private census-tenure-social census-work-from-home ge24-con ge24-green ge24-labour ge24-libdem ge24-nonvoters ge24-reform hmrc-additional-rate hmrc-employed hmrc-higher-rate hmrc-pension hmrc-self-employed hmrc-tax-amount hmrc-taxpayers osm-aldi osm-breweries osm-castles osm-chippies osm-costa osm-golf osm-greggs osm-iceland osm-lidl osm-lighthouses osm-mands osm-mcdonalds osm-morrisons osm-nandos osm-pret osm-pubs osm-sainsburys osm-starbucks osm-stations osm-tesco osm-waitrose osm-wetherspoon pop-all repd-battery
census-commute-foot,Commuters on foot,Getting to work,unified_census,60,we,North-east/South-west,Find the line that puts 50% of people who walk to work north-east of it,(diagonal),Brent,0,North-east,census-health-verybad,0,72,census-carers-50h census-cars-3plus census-cars-none census-commute-bike census-commute-car census-commute-metro census-commute-motorbike census-commute-taxi census-commute-train census-health-verybad census-heat-bottled census-heat-electric census-heat-gas census-heat-renewable census-heat-solid census-heat-wood census-home-commercial census-home-converted census-home-detached census-home-flat census-home-semi census-home-terraced census-hours-49plus census-job-managers census-job-operatives census-job-trades census-population census-qual-apprentice census-qual-degree census-qual-none census-sick census-tenure-outright census-tenure-private census-tenure-social census-work-from-home ge24-con ge24-green ge24-labour ge24-libdem ge24-nonvoters ge24-reform hmrc-additional-rate hmrc-employed hmrc-higher-rate hmrc-pension hmrc-self-employed hmrc-tax-amount hmrc-taxpayers osm-aldi osm-breweries osm-castles osm-chippies osm-costa osm-golf osm-greggs osm-iceland osm-lidl osm-lighthouses osm-mands osm-mcdonalds osm-morrisons osm-nandos osm-pret osm-pubs osm-sainsburys osm-starbucks osm-stations osm-tesco osm-waitrose osm-wetherspoon pop-all repd-battery
census-commute-metro,"Commuters by underground, metro or tram",Getting to work,unified_census,60,we,North-east/South-west,"Find the line that puts 50% of people who commute by underground, metro or tram north-east of it",(diagonal),Southwark,10,North-east,census-commute-train,1,67,census-carers-50h census-cars-none census-commute-bike census-commute-car census-commute-foot census-commute-motorbike census-commute-taxi census-commute-train census-health-verybad census-heat-electric census-heat-gas census-heat-renewable census-heat-solid census-home-commercial census-home-converted census-home-flat census-home-semi census-home-terraced census-hours-49plus census-job-managers census-job-operatives census-job-trades census-population census-qual-apprentice census-qual-degree census-qual-none census-sick census-tenure-outright census-tenure-private census-tenure-social census-work-from-home ge24-con ge24-green ge24-labour ge24-nonvoters ge24-reform hmrc-additional-rate hmrc-employed hmrc-higher-rate hmrc-pension hmrc-self-employed hmrc-tax-amount hmrc-taxpayers osm-aldi osm-breweries osm-castles osm-chippies osm-costa osm-golf osm-greggs osm-iceland osm-lidl osm-lighthouses osm-mands osm-mcdonalds osm-morrisons osm-nandos osm-pret osm-pubs osm-sainsburys osm-starbucks osm-stations osm-tesco osm-wetherspoon pop-all repd-battery repd-battery-pipeline
census-commute-motorbike,Commuters by motorbike or moped,Getting to work,unified_census,60,we,North-east/South-west,Find the line that puts 50% of people who ride a motorbike or moped to work north-east of it,(diagonal),Merton,1,South-west,census-job-managers,0,72,census-carers-50h census-cars-3plus census-cars-none census-commute-bike census-commute-car census-commute-foot census-commute-metro census-commute-taxi census-commute-train census-health-verybad census-heat-bottled census-heat-electric census-heat-gas census-heat-renewable census-heat-solid census-heat-wood census-home-commercial census-home-converted census-home-detached census-home-flat census-home-semi census-home-terraced census-hours-49plus census-job-managers census-job-operatives census-job-trades census-population census-qual-apprentice census-qual-degree census-qual-none census-sick census-tenure-outright census-tenure-private census-tenure-social census-work-from-home ge24-con ge24-green ge24-labour ge24-libdem ge24-nonvoters ge24-reform hmrc-additional-rate hmrc-employed hmrc-higher-rate hmrc-pension hmrc-self-employed hmrc-tax-amount hmrc-taxpayers osm-aldi osm-breweries osm-castles osm-chippies osm-costa osm-golf osm-greggs osm-iceland osm-lidl osm-lighthouses osm-mands osm-mcdonalds osm-morrisons osm-nandos osm-pret osm-pubs osm-sainsburys osm-starbucks osm-stations osm-tesco osm-waitrose osm-wetherspoon pop-all repd-battery
census-commute-taxi,Commuters by taxi,Getting to work,unified_census,60,we,North-east/South-west,Find the line that puts 50% of people who get to work by taxi north-east of it,(diagonal),Oldham,2,North-east,ge24-green,0,71,census-carers-50h census-cars-3plus census-cars-none census-commute-bike census-commute-car census-commute-foot census-commute-metro census-commute-motorbike census-commute-train census-health-verybad census-heat-bottled census-heat-electric census-heat-gas census-heat-renewable census-heat-solid census-heat-wood census-home-commercial census-home-converted census-home-detached census-home-flat census-home-semi census-home-terraced census-hours-49plus census-job-managers census-job-operatives census-job-trades census-population census-qual-apprentice census-qual-degree census-qual-none census-sick census-tenure-outright census-tenure-private census-tenure-social census-work-from-home ge24-con ge24-green ge24-labour ge24-nonvoters ge24-reform hmrc-additional-rate hmrc-employed hmrc-higher-rate hmrc-pension hmrc-self-employed hmrc-tax-amount hmrc-taxpayers osm-aldi osm-breweries osm-castles osm-chippies osm-costa osm-golf osm-greggs osm-iceland osm-lidl osm-lighthouses osm-mands osm-mcdonalds osm-morrisons osm-nandos osm-pret osm-pubs osm-sainsburys osm-starbucks osm-stations osm-tesco osm-waitrose osm-wetherspoon pop-all repd-battery
census-commute-train,Commuters by train,Getting to work,unified_census,60,we,North-east/South-west,Find the line that puts 50% of people who commute by train north-east of it,(diagonal),Lewisham,9,North-east,repd-battery,0,69,census-carers-50h census-cars-none census-commute-bike census-commute-car census-commute-foot census-commute-metro census-commute-motorbike census-commute-taxi census-health-verybad census-heat-electric census-heat-gas census-heat-renewable census-heat-solid census-heat-wood census-home-commercial census-home-converted census-home-detached census-home-flat census-home-semi census-home-terraced census-hours-49plus census-job-managers census-job-operatives census-job-trades census-population census-qual-apprentice census-qual-degree census-qual-none census-sick census-tenure-outright census-tenure-private census-tenure-social census-work-from-home ge24-con ge24-green ge24-labour ge24-nonvoters ge24-reform hmrc-additional-rate hmrc-employed hmrc-higher-rate hmrc-pension hmrc-self-employed hmrc-tax-amount hmrc-taxpayers osm-aldi osm-breweries osm-castles osm-chippies osm-costa osm-golf osm-greggs osm-iceland osm-lidl osm-lighthouses osm-mands osm-mcdonalds osm-morrisons osm-nandos osm-pret osm-pubs osm-sainsburys osm-starbucks osm-stations osm-tesco osm-wetherspoon pop-all repd-battery repd-battery-pipeline
census-health-verybad,Very bad health,Health & care,unified_census,60,we,North-east/South-west,Find the line that puts 50% of people in very bad health north-east of it,(diagonal),Hyndburn,0,North-east,census-population,0,72,census-carers-50h census-cars-3plus census-cars-none census-commute-bike census-commute-car census-commute-foot census-commute-metro census-commute-motorbike census-commute-taxi census-commute-train census-heat-bottled census-heat-electric census-heat-gas census-heat-renewable census-heat-solid census-heat-wood census-home-commercial census-home-converted census-home-detached census-home-flat census-home-semi census-home-terraced census-hours-49plus census-job-managers census-job-operatives census-job-trades census-population census-qual-apprentice census-qual-degree census-qual-none census-sick census-tenure-outright census-tenure-private census-tenure-social census-work-from-home ge24-con ge24-green ge24-labour ge24-libdem ge24-nonvoters ge24-reform hmrc-additional-rate hmrc-employed hmrc-higher-rate hmrc-pension hmrc-self-employed hmrc-tax-amount hmrc-taxpayers osm-aldi osm-breweries osm-castles osm-chippies osm-costa osm-golf osm-greggs osm-iceland osm-lidl osm-lighthouses osm-mands osm-mcdonalds osm-morrisons osm-nandos osm-pret osm-pubs osm-sainsburys osm-starbucks osm-stations osm-tesco osm-waitrose osm-wetherspoon pop-all repd-battery
census-heat-bottled,Homes heated only by tank or bottled gas,Heating,unified_census,60,we,North-east/South-west,Find the line that puts 50% of homes heated only by tank or bottled gas north-east of it,(diagonal),Argyll and Bute,12,South-west,osm-waitrose,3,67,census-carers-50h census-cars-3plus census-cars-none census-commute-bike census-commute-car census-commute-foot census-commute-motorbike census-commute-taxi census-health-verybad census-heat-electric census-heat-gas census-heat-renewable census-heat-wood census-home-caravan census-home-commercial census-home-converted census-home-detached census-home-semi census-home-terraced census-hours-49plus census-job-managers census-job-operatives census-job-trades census-population census-qual-apprentice census-qual-degree census-qual-none census-sick census-tenure-outright census-tenure-private census-tenure-social census-work-from-home ge24-con ge24-green ge24-labour ge24-libdem ge24-nonvoters ge24-reform hmrc-additional-rate hmrc-employed hmrc-higher-rate hmrc-pension hmrc-self-employed hmrc-tax-amount hmrc-taxpayers osm-aldi osm-breweries osm-castles osm-chippies osm-costa osm-golf osm-greggs osm-iceland osm-lidl osm-lighthouses osm-mands osm-mcdonalds osm-morrisons osm-nandos osm-pubs osm-sainsburys osm-starbucks osm-stations osm-tesco osm-waitrose osm-wetherspoon pop-all
census-heat-electric,Homes heated only by electricity,Heating,unified_census,60,we,North-east/South-west,Find the line that puts 50% of homes heated only by electricity north-east of it,(diagonal),Hammersmith and Fulham,1,North-east,osm-aldi,0,71,census-carers-50h census-cars-3plus census-cars-none census-commute-bike census-commute-car census-commute-foot census-commute-metro census-commute-motorbike census-commute-taxi census-commute-train census-health-verybad census-heat-bottled census-heat-gas census-heat-renewable census-heat-solid census-heat-wood census-home-commercial census-home-converted census-home-detached census-home-flat census-home-semi census-home-terraced census-hours-49plus census-job-managers census-job-operatives census-job-trades census-population census-qual-apprentice census-qual-degree census-qual-none census-sick census-tenure-outright census-tenure-private census-tenure-social census-work-from-home ge24-con ge24-green ge24-labour ge24-nonvoters ge24-reform hmrc-additional-rate hmrc-employed hmrc-higher-rate hmrc-pension hmrc-self-employed hmrc-tax-amount hmrc-taxpayers osm-aldi osm-breweries osm-castles osm-chippies osm-costa osm-golf osm-greggs osm-iceland osm-lidl osm-lighthouses osm-mands osm-mcdonalds osm-morrisons osm-nandos osm-pret osm-pubs osm-sainsburys osm-starbucks osm-stations osm-tesco osm-waitrose osm-wetherspoon pop-all repd-battery
census-heat-gas,Homes heated only by mains gas,Heating,unified_census,60,we,North-east/South-west,Find the line that puts 50% of homes heated only by mains gas north-east of it,(diagonal),Tameside,1,North-east,census-qual-apprentice,0,72,census-carers-50h census-cars-3plus census-cars-none census-commute-bike census-commute-car census-commute-foot census-commute-metro census-commute-motorbike census-commute-taxi census-commute-train census-health-verybad census-heat-bottled census-heat-electric census-heat-renewable census-heat-solid census-heat-wood census-home-commercial census-home-converted census-home-detached census-home-flat census-home-semi census-home-terraced census-hours-49plus census-job-managers census-job-operatives census-job-trades census-population census-qual-apprentice census-qual-degree census-qual-none census-sick census-tenure-outright census-tenure-private census-tenure-social census-work-from-home ge24-con ge24-green ge24-labour ge24-libdem ge24-nonvoters ge24-reform hmrc-additional-rate hmrc-employed hmrc-higher-rate hmrc-pension hmrc-self-employed hmrc-tax-amount hmrc-taxpayers osm-aldi osm-breweries osm-castles osm-chippies osm-costa osm-golf osm-greggs osm-iceland osm-lidl osm-lighthouses osm-mands osm-mcdonalds osm-morrisons osm-nandos osm-pret osm-pubs osm-sainsburys osm-starbucks osm-stations osm-tesco osm-waitrose osm-wetherspoon pop-all repd-battery
census-heat-oil,Homes heated only by oil,Heating,unified_census,60,we,North-east/South-west,Find the line that puts 50% of homes heated only by oil north-east of it,(diagonal),Malvern Hills,82,South-west,osm-standing-stones,5,1,osm-standing-stones
census-heat-renewable,Homes heated only by renewables,Heating,unified_census,60,we,North-east/South-west,Find the line that puts 50% of homes heated only by renewable energy north-east of it,(diagonal),Wandsworth,5,North-east,osm-sainsburys,0,71,census-carers-50h census-cars-3plus census-cars-none census-commute-bike census-commute-car census-commute-foot census-commute-metro census-commute-motorbike census-commute-taxi census-commute-train census-health-verybad census-heat-bottled census-heat-electric census-heat-gas census-heat-solid census-heat-wood census-home-commercial census-home-converted census-home-detached census-home-flat census-home-semi census-home-terraced census-hours-49plus census-job-managers census-job-operatives census-job-trades census-population census-qual-apprentice census-qual-degree census-qual-none census-sick census-tenure-outright census-tenure-private census-tenure-social census-work-from-home ge24-con ge24-green ge24-labour ge24-nonvoters ge24-reform hmrc-additional-rate hmrc-employed hmrc-higher-rate hmrc-pension hmrc-self-employed hmrc-tax-amount hmrc-taxpayers osm-aldi osm-breweries osm-castles osm-chippies osm-costa osm-golf osm-greggs osm-iceland osm-lidl osm-lighthouses osm-mands osm-mcdonalds osm-morrisons osm-nandos osm-pret osm-pubs osm-sainsburys osm-starbucks osm-stations osm-tesco osm-waitrose osm-wetherspoon pop-all repd-battery
census-heat-solid,Homes heated only by solid fuel,Heating,unified_census,60,we,North-east/South-west,"Find the line that puts 50% of homes heated only by solid fuel (coal, peat) north-east of it",(diagonal),Highland,12,North-east,census-commute-metro,3,68,census-carers-50h census-cars-none census-commute-bike census-commute-car census-commute-foot census-commute-metro census-commute-motorbike census-commute-taxi census-commute-train census-health-verybad census-heat-electric census-heat-gas census-heat-renewable census-home-commercial census-home-converted census-home-flat census-home-semi census-home-terraced census-hours-49plus census-job-managers census-job-operatives census-job-trades census-population census-qual-apprentice census-qual-degree census-qual-none census-sick census-tenure-outright census-tenure-private census-tenure-social census-work-from-home ge24-con ge24-green ge24-labour ge24-nonvoters ge24-reform hmrc-additional-rate hmrc-employed hmrc-higher-rate hmrc-pension hmrc-self-employed hmrc-tax-amount hmrc-taxpayers osm-aldi osm-breweries osm-castles osm-chippies osm-costa osm-golf osm-greggs osm-iceland osm-lidl osm-lighthouses osm-mands osm-mcdonalds osm-morrisons osm-nandos osm-pret osm-pubs osm-sainsburys osm-starbucks osm-stations osm-tesco osm-wetherspoon pop-all repd-battery repd-battery-pipeline repd-wind-onshore
census-heat-wood,Homes heated only by wood,Heating,unified_census,60,we,North-east/South-west,Find the line that puts 50% of homes heated only by wood north-east of it,(diagonal),South Derbyshire,8,South-west,census-home-detached,0,72,census-carers-50h census-cars-3plus census-cars-none census-commute-bike census-commute-car census-commute-foot census-commute-metro census-commute-motorbike census-commute-taxi census-commute-train census-health-verybad census-heat-bottled census-heat-electric census-heat-gas census-heat-renewable census-home-caravan census-home-commercial census-home-converted census-home-detached census-home-flat census-home-semi census-home-terraced census-hours-49plus census-job-managers census-job-operatives census-job-trades census-population census-qual-apprentice census-qual-degree census-qual-none census-sick census-tenure-outright census-tenure-private census-tenure-social census-work-from-home ge24-con ge24-green ge24-labour ge24-libdem ge24-nonvoters ge24-reform hmrc-additional-rate hmrc-employed hmrc-higher-rate hmrc-pension hmrc-self-employed hmrc-tax-amount hmrc-taxpayers osm-aldi osm-breweries osm-castles osm-chippies osm-costa osm-golf osm-greggs osm-iceland osm-lidl osm-lighthouses osm-mands osm-mcdonalds osm-morrisons osm-nandos osm-pret osm-pubs osm-sainsburys osm-starbucks osm-stations osm-tesco osm-waitrose osm-wetherspoon pop-all repd-battery
census-home-caravan,Households in a caravan or mobile home,Homes,unified_census,60,we,North-east/South-west,Find the line that puts 50% of households living in a caravan or mobile home north-east of it,(diagonal),Buckinghamshire,19,South-west,ge24-libdem,2,20,census-carers-50h census-cars-3plus census-commute-car census-heat-bottled census-heat-wood census-home-detached census-home-semi census-job-managers census-tenure-outright ge24-con ge24-libdem hmrc-pension osm-costa osm-golf osm-lidl osm-lighthouses osm-pubs osm-stations osm-waitrose osm-wetherspoon
census-home-commercial,Households in a commercial building,Homes,unified_census,60,we,North-east/South-west,"Find the line that puts 50% of households living above a shop, in an office building or hotel north-east of it",(diagonal),Watford,0,South-west,census-sick,0,72,census-carers-50h census-cars-3plus census-cars-none census-commute-bike census-commute-car census-commute-foot census-commute-metro census-commute-motorbike census-commute-taxi census-commute-train census-health-verybad census-heat-bottled census-heat-electric census-heat-gas census-heat-renewable census-heat-solid census-heat-wood census-home-converted census-home-detached census-home-flat census-home-semi census-home-terraced census-hours-49plus census-job-managers census-job-operatives census-job-trades census-population census-qual-apprentice census-qual-degree census-qual-none census-sick census-tenure-outright census-tenure-private census-tenure-social census-work-from-home ge24-con ge24-green ge24-labour ge24-libdem ge24-nonvoters ge24-reform hmrc-additional-rate hmrc-employed hmrc-higher-rate hmrc-pension hmrc-self-employed hmrc-tax-amount hmrc-taxpayers osm-aldi osm-breweries osm-castles osm-chippies osm-costa osm-golf osm-greggs osm-iceland osm-lidl osm-lighthouses osm-mands osm-mcdonalds osm-morrisons osm-nandos osm-pret osm-pubs osm-sainsburys osm-starbucks osm-stations osm-tesco osm-waitrose osm-wetherspoon pop-all repd-battery
census-home-converted,Households in converted or shared houses,Homes,unified_census,60,we,North-east/South-west,"Find the line that puts 50% of households in converted or shared houses, including bedsits north-east of it",(diagonal),Wandsworth,3,North-east,osm-breweries,0,71,census-carers-50h census-cars-3plus census-cars-none census-commute-bike census-commute-car census-commute-foot census-commute-metro census-commute-motorbike census-commute-taxi census-commute-train census-health-verybad census-heat-bottled census-heat-electric census-heat-gas census-heat-renewable census-heat-solid census-heat-wood census-home-commercial census-home-detached census-home-flat census-home-semi census-home-terraced census-hours-49plus census-job-managers census-job-operatives census-job-trades census-population census-qual-apprentice census-qual-degree census-qual-none census-sick census-tenure-outright census-tenure-private census-tenure-social census-work-from-home ge24-con ge24-green ge24-labour ge24-nonvoters ge24-reform hmrc-additional-rate hmrc-employed hmrc-higher-rate hmrc-pension hmrc-self-employed hmrc-tax-amount hmrc-taxpayers osm-aldi osm-breweries osm-castles osm-chippies osm-costa osm-golf osm-greggs osm-iceland osm-lidl osm-lighthouses osm-mands osm-mcdonalds osm-morrisons osm-nandos osm-pret osm-pubs osm-sainsburys osm-starbucks osm-stations osm-tesco osm-waitrose osm-wetherspoon pop-all repd-battery
census-home-detached,Households in detached houses,Homes,unified_census,60,we,North-east/South-west,Find the line that puts 50% of households in a detached house north-east of it,(diagonal),Stockport,8,South-west,census-heat-wood,0,71,census-carers-50h census-cars-3plus census-cars-none census-commute-bike census-commute-car census-commute-foot census-commute-motorbike census-commute-taxi census-commute-train census-health-verybad census-heat-bottled census-heat-electric census-heat-gas census-heat-renewable census-heat-wood census-home-caravan census-home-commercial census-home-converted census-home-flat census-home-semi census-home-terraced census-hours-49plus census-job-managers census-job-operatives census-job-trades census-population census-qual-apprentice census-qual-degree census-qual-none census-sick census-tenure-outright census-tenure-private census-tenure-social census-work-from-home ge24-con ge24-green ge24-labour ge24-libdem ge24-nonvoters ge24-reform hmrc-additional-rate hmrc-employed hmrc-higher-rate hmrc-pension hmrc-self-employed hmrc-tax-amount hmrc-taxpayers osm-aldi osm-breweries osm-castles osm-chippies osm-costa osm-golf osm-greggs osm-iceland osm-lidl osm-lighthouses osm-mands osm-mcdonalds osm-morrisons osm-nandos osm-pret osm-pubs osm-sainsburys osm-starbucks osm-stations osm-tesco osm-waitrose osm-wetherspoon pop-all repd-battery
census-home-flat,Households in purpose-built flats,Homes,unified_census,60,we,North-east/South-west,Find the line that puts 50% of households in a purpose-built block of flats north-east of it,(diagonal),Westminster,6,North-east,census-heat-renewable,1,70,census-carers-50h census-cars-3plus census-cars-none census-commute-bike census-commute-car census-commute-foot census-commute-metro census-commute-motorbike census-commute-taxi census-commute-train census-health-verybad census-heat-electric census-heat-gas census-heat-renewable census-heat-solid census-heat-wood census-home-commercial census-home-converted census-home-detached census-home-semi census-home-terraced census-hours-49plus census-job-managers census-job-operatives census-job-trades census-population census-qual-apprentice census-qual-degree census-qual-none census-sick census-tenure-outright census-tenure-private census-tenure-social census-work-from-home ge24-con ge24-green ge24-labour ge24-nonvoters ge24-reform hmrc-additional-rate hmrc-employed hmrc-higher-rate hmrc-pension hmrc-self-employed hmrc-tax-amount hmrc-taxpayers osm-aldi osm-breweries osm-castles osm-chippies osm-costa osm-golf osm-greggs osm-iceland osm-lidl osm-lighthouses osm-mands osm-mcdonalds osm-morrisons osm-nandos osm-pret osm-pubs osm-sainsburys osm-starbucks osm-stations osm-tesco osm-waitrose osm-wetherspoon pop-all repd-battery
census-home-semi,Households in semi-detached houses,Homes,unified_census,60,we,North-east/South-west,Find the line that puts 50% of households in a semi-detached house north-east of it,(diagonal),Manchester,3,South-west,osm-lidl,0,73,census-carers-50h census-cars-3plus census-cars-none census-commute-bike census-commute-car census-commute-foot census-commute-metro census-commute-motorbike census-commute-taxi census-commute-train census-health-verybad census-heat-bottled census-heat-electric census-heat-gas census-heat-renewable census-heat-solid census-heat-wood census-home-caravan census-home-commercial census-home-converted census-home-detached census-home-flat census-home-terraced census-hours-49plus census-job-managers census-job-operatives census-job-trades census-population census-qual-apprentice census-qual-degree census-qual-none census-sick census-tenure-outright census-tenure-private census-tenure-social census-work-from-home ge24-con ge24-green ge24-labour ge24-libdem ge24-nonvoters ge24-reform hmrc-additional-rate hmrc-employed hmrc-higher-rate hmrc-pension hmrc-self-employed hmrc-tax-amount hmrc-taxpayers osm-aldi osm-breweries osm-castles osm-chippies osm-costa osm-golf osm-greggs osm-iceland osm-lidl osm-lighthouses osm-mands osm-mcdonalds osm-morrisons osm-nandos osm-pret osm-pubs osm-sainsburys osm-starbucks osm-stations osm-tesco osm-waitrose osm-wetherspoon pop-all repd-battery
census-home-terraced,Households in terraced houses,Homes,unified_census,60,we,North-east/South-west,Find the line that puts 50% of households in a terraced house north-east of it,(diagonal),Hyndburn,0,South-west,hmrc-self-employed,0,72,census-carers-50h census-cars-3plus census-cars-none census-commute-bike census-commute-car census-commute-foot census-commute-metro census-commute-motorbike census-commute-taxi census-commute-train census-health-verybad census-heat-bottled census-heat-electric census-heat-gas census-heat-renewable census-heat-solid census-heat-wood census-home-commercial census-home-converted census-home-detached census-home-flat census-home-semi census-hours-49plus census-job-managers census-job-operatives census-job-trades census-population census-qual-apprentice census-qual-degree census-qual-none census-sick census-tenure-outright census-tenure-private census-tenure-social census-work-from-home ge24-con ge24-green ge24-labour ge24-libdem ge24-nonvoters ge24-reform hmrc-additional-rate hmrc-employed hmrc-higher-rate hmrc-pension hmrc-self-employed hmrc-tax-amount hmrc-taxpayers osm-aldi osm-breweries osm-castles osm-chippies osm-costa osm-golf osm-greggs osm-iceland osm-lidl osm-lighthouses osm-mands osm-mcdonalds osm-morrisons osm-nandos osm-pret osm-pubs osm-sainsburys osm-starbucks osm-stations osm-tesco osm-waitrose osm-wetherspoon pop-all repd-battery
census-hours-49plus,People working 49+ hours a week,Work & qualifications,unified_census,60,we,North-east/South-west,Find the line that puts 50% of people working 49 or more hours a week north-east of it,(diagonal),Wandsworth,2,North-east,census-commute-taxi,0,71,census-carers-50h census-cars-3plus census-cars-none census-commute-bike census-commute-car census-commute-foot census-commute-metro census-commute-motorbike census-commute-taxi census-commute-train census-health-verybad census-heat-bottled census-heat-electric census-heat-gas census-heat-renewable census-heat-solid census-heat-wood census-home-commercial census-home-converted census-home-detached census-home-flat census-home-semi census-home-terraced census-job-managers census-job-operatives census-job-trades census-population census-qual-apprentice census-qual-degree census-qual-none census-sick census-tenure-outright census-tenure-private census-tenure-social census-work-from-home ge24-con ge24-green ge24-labour ge24-nonvoters ge24-reform hmrc-additional-rate hmrc-employed hmrc-higher-rate hmrc-pension hmrc-self-employed hmrc-tax-amount hmrc-taxpayers osm-aldi osm-breweries osm-castles osm-chippies osm-costa osm-golf osm-greggs osm-iceland osm-lidl osm-lighthouses osm-mands osm-mcdonalds osm-morrisons osm-nandos osm-pret osm-pubs osm-sainsburys osm-starbucks osm-stations osm-tesco osm-waitrose osm-wetherspoon pop-all repd-battery
census-job-managers,"Managers, directors and senior officials",Work & qualifications,unified_census,60,we,North-east/South-west,"Find the line that puts 50% of managers, directors and senior officials north-east of it",(diagonal),Ealing,1,South-west,census-commute-motorbike,0,73,census-carers-50h census-cars-3plus census-cars-none census-commute-bike census-commute-car census-commute-foot census-commute-metro census-commute-motorbike census-commute-taxi census-commute-train census-health-verybad census-heat-bottled census-heat-electric census-heat-gas census-heat-renewable census-heat-solid census-heat-wood census-home-caravan census-home-commercial census-home-converted census-home-detached census-home-flat census-home-semi census-home-terraced census-hours-49plus census-job-operatives census-job-trades census-population census-qual-apprentice census-qual-degree census-qual-none census-sick census-tenure-outright census-tenure-private census-tenure-social census-work-from-home ge24-con ge24-green ge24-labour ge24-libdem ge24-nonvoters ge24-reform hmrc-additional-rate hmrc-employed hmrc-higher-rate hmrc-pension hmrc-self-employed hmrc-tax-amount hmrc-taxpayers osm-aldi osm-breweries osm-castles osm-chippies osm-costa osm-golf osm-greggs osm-iceland osm-lidl osm-lighthouses osm-mands osm-mcdonalds osm-morrisons osm-nandos osm-pret osm-pubs osm-sainsburys osm-starbucks osm-stations osm-tesco osm-waitrose osm-wetherspoon pop-all repd-battery
census-job-operatives,"Process, plant and machine operatives",Work & qualifications,unified_census,60,we,North-east/South-west,"Find the line that puts 50% of process, plant and machine operatives north-east of it",(diagonal),Oldham,2,North-east,ge24-green,0,71,census-carers-50h census-cars-3plus census-cars-none census-commute-bike census-commute-car census-commute-foot census-commute-metro census-commute-motorbike census-commute-taxi census-commute-train census-health-verybad census-heat-bottled census-heat-electric census-heat-gas census-heat-renewable census-heat-solid census-heat-wood census-home-commercial census-home-converted census-home-detached census-home-flat census-home-semi census-home-terraced census-hours-49plus census-job-managers census-job-trades census-population census-qual-apprentice census-qual-degree census-qual-none census-sick census-tenure-outright census-tenure-private census-tenure-social census-work-from-home ge24-con ge24-green ge24-labour ge24-nonvoters ge24-reform hmrc-additional-rate hmrc-employed hmrc-higher-rate hmrc-pension hmrc-self-employed hmrc-tax-amount hmrc-taxpayers osm-aldi osm-breweries osm-castles osm-chippies osm-costa osm-golf osm-greggs osm-iceland osm-lidl osm-lighthouses osm-mands osm-mcdonalds osm-morrisons osm-nandos osm-pret osm-pubs osm-sainsburys osm-starbucks osm-stations osm-tesco osm-waitrose osm-wetherspoon pop-all repd-battery
census-job-trades,Skilled trades,Work & qualifications,unified_census,60,we,North-east/South-west,Find the line that puts 50% of people working in skilled trades north-east of it,(diagonal),Merton,1,South-west,osm-tesco,0,72,census-carers-50h census-cars-3plus census-cars-none census-commute-bike census-commute-car census-commute-foot census-commute-metro census-commute-motorbike census-commute-taxi census-commute-train census-health-verybad census-heat-bottled census-heat-electric census-heat-gas census-heat-renewable census-heat-solid census-heat-wood census-home-commercial census-home-converted census-home-detached census-home-flat census-home-semi census-home-terraced census-hours-49plus census-job-managers census-job-operatives census-population census-qual-apprentice census-qual-degree census-qual-none census-sick census-tenure-outright census-tenure-private census-tenure-social census-work-from-home ge24-con ge24-green ge24-labour ge24-libdem ge24-nonvoters ge24-reform hmrc-additional-rate hmrc-employed hmrc-higher-rate hmrc-pension hmrc-self-employed hmrc-tax-amount hmrc-taxpayers osm-aldi osm-breweries osm-castles osm-chippies osm-costa osm-golf osm-greggs osm-iceland osm-lidl osm-lighthouses osm-mands osm-mcdonalds osm-morrisons osm-nandos osm-pret osm-pubs osm-sainsburys osm-starbucks osm-stations osm-tesco osm-waitrose osm-wetherspoon pop-all repd-battery
census-population,Usual residents (census),Population,unified_census,60,we,North-east/South-west,Find the line that puts 50% of the UK's residents north-east of it,(diagonal),Watford,0,,census-health-verybad,0,72,census-carers-50h census-cars-3plus census-cars-none census-commute-bike census-commute-car census-commute-foot census-commute-metro census-commute-motorbike census-commute-taxi census-commute-train census-health-verybad census-heat-bottled census-heat-electric census-heat-gas census-heat-renewable census-heat-solid census-heat-wood census-home-commercial census-home-converted census-home-detached census-home-flat census-home-semi census-home-terraced census-hours-49plus census-job-managers census-job-operatives census-job-trades census-qual-apprentice census-qual-degree census-qual-none census-sick census-tenure-outright census-tenure-private census-tenure-social census-work-from-home ge24-con ge24-green ge24-labour ge24-libdem ge24-nonvoters ge24-reform hmrc-additional-rate hmrc-employed hmrc-higher-rate hmrc-pension hmrc-self-employed hmrc-tax-amount hmrc-taxpayers osm-aldi osm-breweries osm-castles osm-chippies osm-costa osm-golf osm-greggs osm-iceland osm-lidl osm-lighthouses osm-mands osm-mcdonalds osm-morrisons osm-nandos osm-pret osm-pubs osm-sainsburys osm-starbucks osm-stations osm-tesco osm-waitrose osm-wetherspoon pop-all repd-battery
census-qual-apprentice,Apprenticeships,Work & qualifications,unified_census,60,we,North-east/South-west,Find the line that puts 50% of people whose highest qualification is an apprenticeship north-east of it,(diagonal),Lancaster,1,North-east,census-qual-degree,0,72,census-carers-50h census-cars-3plus census-cars-none census-commute-bike census-commute-car census-commute-foot census-commute-metro census-commute-motorbike census-commute-taxi census-commute-train census-health-verybad census-heat-bottled census-heat-electric census-heat-gas census-heat-renewable census-heat-solid census-heat-wood census-home-commercial census-home-converted census-home-detached census-home-flat census-home-semi census-home-terraced census-hours-49plus census-job-managers census-job-operatives census-job-trades census-population census-qual-degree census-qual-none census-sick census-tenure-outright census-tenure-private census-tenure-social census-work-from-home ge24-con ge24-green ge24-labour ge24-libdem ge24-nonvoters ge24-reform hmrc-additional-rate hmrc-employed hmrc-higher-rate hmrc-pension hmrc-self-employed hmrc-tax-amount hmrc-taxpayers osm-aldi osm-breweries osm-castles osm-chippies osm-costa osm-golf osm-greggs osm-iceland osm-lidl osm-lighthouses osm-mands osm-mcdonalds osm-morrisons osm-nandos osm-pret osm-pubs osm-sainsburys osm-starbucks osm-stations osm-tesco osm-waitrose osm-wetherspoon pop-all repd-battery
census-qual-degree,Degree-level qualifications,Work & qualifications,unified_census,60,we,North-east/South-west,Find the line that puts 50% of people with a degree-level qualification or above north-east of it,(diagonal),Wandsworth,1,North-east,census-qual-apprentice,0,72,census-carers-50h census-cars-3plus census-cars-none census-commute-bike census-commute-car census-commute-foot census-commute-metro census-commute-motorbike census-commute-taxi census-commute-train census-health-verybad census-heat-bottled census-heat-electric census-heat-gas census-heat-renewable census-heat-solid census-heat-wood census-home-commercial census-home-converted census-home-detached census-home-flat census-home-semi census-home-terraced census-hours-49plus census-job-managers census-job-operatives census-job-trades census-population census-qual-apprentice census-qual-none census-sick census-tenure-outright census-tenure-private census-tenure-social census-work-from-home ge24-con ge24-green ge24-labour ge24-libdem ge24-nonvoters ge24-reform hmrc-additional-rate hmrc-employed hmrc-higher-rate hmrc-pension hmrc-self-employed hmrc-tax-amount hmrc-taxpayers osm-aldi osm-breweries osm-castles osm-chippies osm-costa osm-golf osm-greggs osm-iceland osm-lidl osm-lighthouses osm-mands osm-mcdonalds osm-morrisons osm-nandos osm-pret osm-pubs osm-sainsburys osm-starbucks osm-stations osm-tesco osm-waitrose osm-wetherspoon pop-all repd-battery
census-qual-none,No qualifications,Work & qualifications,unified_census,60,we,North-east/South-west,Find the line that puts 50% of adults with no qualifications north-east of it,(diagonal),Tameside,1,North-east,census-work-from-home,0,72,census-carers-50h census-cars-3plus census-cars-none census-commute-bike census-commute-car census-commute-foot census-commute-metro census-commute-motorbike census-commute-taxi census-commute-train census-health-verybad census-heat-bottled census-heat-electric census-heat-gas census-heat-renewable census-heat-solid census-heat-wood census-home-commercial census-home-converted census-home-detached census-home-flat census-home-semi census-home-terraced census-hours-49plus census-job-managers census-job-operatives census-job-trades census-population census-qual-apprentice census-qual-degree census-sick census-tenure-outright census-tenure-private census-tenure-social census-work-from-home ge24-con ge24-green ge24-labour ge24-libdem ge24-nonvoters ge24-reform hmrc-additional-rate hmrc-employed hmrc-higher-rate hmrc-pension hmrc-self-employed hmrc-tax-amount hmrc-taxpayers osm-aldi osm-breweries osm-castles osm-chippies osm-costa osm-golf osm-greggs osm-iceland osm-lidl osm-lighthouses osm-mands osm-mcdonalds osm-morrisons osm-nandos osm-pret osm-pubs osm-sainsburys osm-starbucks osm-stations osm-tesco osm-waitrose osm-wetherspoon pop-all repd-battery
census-sick,Long-term sick or disabled,Health & care,unified_census,60,we,North-east/South-west,Find the line that puts 50% of people out of work because they are long-term sick or disabled north-east of it,(diagonal),Milton Keynes,0,South-west,census-home-commercial,0,72,census-carers-50h census-cars-3plus census-cars-none census-commute-bike census-commute-car census-commute-foot census-commute-metro census-commute-motorbike census-commute-taxi census-commute-train census-health-verybad census-heat-bottled census-heat-electric census-heat-gas census-heat-renewable census-heat-solid census-heat-wood census-home-commercial census-home-converted census-home-detached census-home-flat census-home-semi census-home-terraced census-hours-49plus census-job-managers census-job-operatives census-job-trades census-population census-qual-apprentice census-qual-degree census-qual-none census-tenure-outright census-tenure-private census-tenure-social census-work-from-home ge24-con ge24-green ge24-labour ge24-libdem ge24-nonvoters ge24-reform hmrc-additional-rate hmrc-employed hmrc-higher-rate hmrc-pension hmrc-self-employed hmrc-tax-amount hmrc-taxpayers osm-aldi osm-breweries osm-castles osm-chippies osm-costa osm-golf osm-greggs osm-iceland osm-lidl osm-lighthouses osm-mands osm-mcdonalds osm-morrisons osm-nandos osm-pret osm-pubs osm-sainsburys osm-starbucks osm-stations osm-tesco osm-waitrose osm-wetherspoon pop-all repd-battery
census-tenure-outright,Households that own outright,Owning & renting,unified_census,60,we,North-east/South-west,Find the line that puts 50% of households that own their home outright north-east of it,(diagonal),Harborough,4,South-west,osm-golf,0,73,census-carers-50h census-cars-3plus census-cars-none census-commute-bike census-commute-car census-commute-foot census-commute-metro census-commute-motorbike census-commute-taxi census-commute-train census-health-verybad census-heat-bottled census-heat-electric census-heat-gas census-heat-renewable census-heat-solid census-heat-wood census-home-caravan census-home-commercial census-home-converted census-home-detached census-home-flat census-home-semi census-home-terraced census-hours-49plus census-job-managers census-job-operatives census-job-trades census-population census-qual-apprentice census-qual-degree census-qual-none census-sick census-tenure-private census-tenure-social census-work-from-home ge24-con ge24-green ge24-labour ge24-libdem ge24-nonvoters ge24-reform hmrc-additional-rate hmrc-employed hmrc-higher-rate hmrc-pension hmrc-self-employed hmrc-tax-amount hmrc-taxpayers osm-aldi osm-breweries osm-castles osm-chippies osm-costa osm-golf osm-greggs osm-iceland osm-lidl osm-lighthouses osm-mands osm-mcdonalds osm-morrisons osm-nandos osm-pret osm-pubs osm-sainsburys osm-starbucks osm-stations osm-tesco osm-waitrose osm-wetherspoon pop-all repd-battery
census-tenure-private,Households renting privately,Owning & renting,unified_census,60,we,North-east/South-west,Find the line that puts 50% of households renting privately north-east of it,(diagonal),Hammersmith and Fulham,1,North-east,osm-mands,0,72,census-carers-50h census-cars-3plus census-cars-none census-commute-bike census-commute-car census-commute-foot census-commute-metro census-commute-motorbike census-commute-taxi census-commute-train census-health-verybad census-heat-bottled census-heat-electric census-heat-gas census-heat-renewable census-heat-solid census-heat-wood census-home-commercial census-home-converted census-home-detached census-home-flat census-home-semi census-home-terraced census-hours-49plus census-job-managers census-job-operatives census-job-trades census-population census-qual-apprentice census-qual-degree census-qual-none census-sick census-tenure-outright census-tenure-social census-work-from-home ge24-con ge24-green ge24-labour ge24-libdem ge24-nonvoters ge24-reform hmrc-additional-rate hmrc-employed hmrc-higher-rate hmrc-pension hmrc-self-employed hmrc-tax-amount hmrc-taxpayers osm-aldi osm-breweries osm-castles osm-chippies osm-costa osm-golf osm-greggs osm-iceland osm-lidl osm-lighthouses osm-mands osm-mcdonalds osm-morrisons osm-nandos osm-pret osm-pubs osm-sainsburys osm-starbucks osm-stations osm-tesco osm-waitrose osm-wetherspoon pop-all repd-battery
census-tenure-social,Households renting socially,Owning & renting,unified_census,60,we,North-east/South-west,Find the line that puts 50% of households in social housing north-east of it,(diagonal),Croydon,5,North-east,osm-morrisons,0,71,census-carers-50h census-cars-3plus census-cars-none census-commute-bike census-commute-car census-commute-foot census-commute-metro census-commute-motorbike census-commute-taxi census-commute-train census-health-verybad census-heat-bottled census-heat-electric census-heat-gas census-heat-renewable census-heat-solid census-heat-wood census-home-commercial census-home-converted census-home-detached census-home-flat census-home-semi census-home-terraced census-hours-49plus census-job-managers census-job-operatives census-job-trades census-population census-qual-apprentice census-qual-degree census-qual-none census-sick census-tenure-outright census-tenure-private census-work-from-home ge24-con ge24-green ge24-labour ge24-nonvoters ge24-reform hmrc-additional-rate hmrc-employed hmrc-higher-rate hmrc-pension hmrc-self-employed hmrc-tax-amount hmrc-taxpayers osm-aldi osm-breweries osm-castles osm-chippies osm-costa osm-golf osm-greggs osm-iceland osm-lidl osm-lighthouses osm-mands osm-mcdonalds osm-morrisons osm-nandos osm-pret osm-pubs osm-sainsburys osm-starbucks osm-stations osm-tesco osm-waitrose osm-wetherspoon pop-all repd-battery
census-work-from-home,People working mainly from home,Getting to work,unified_census,60,we,North-east/South-west,Find the line that puts 50% of people who work mainly from home north-east of it,(diagonal),Wandsworth,1,North-east,census-qual-none,0,72,census-carers-50h census-cars-3plus census-cars-none census-commute-bike census-commute-car census-commute-foot census-commute-metro census-commute-motorbike census-commute-taxi census-commute-train census-health-verybad census-heat-bottled census-heat-electric census-heat-gas census-heat-renewable census-heat-solid census-heat-wood census-home-commercial census-home-converted census-home-detached census-home-flat census-home-semi census-home-terraced census-hours-49plus census-job-managers census-job-operatives census-job-trades census-population census-qual-apprentice census-qual-degree census-qual-none census-sick census-tenure-outright census-tenure-private census-tenure-social ge24-con ge24-green ge24-labour ge24-libdem ge24-nonvoters ge24-reform hmrc-additional-rate hmrc-employed hmrc-higher-rate hmrc-pension hmrc-self-employed hmrc-tax-amount hmrc-taxpayers osm-aldi osm-breweries osm-castles osm-chippies osm-costa osm-golf osm-greggs osm-iceland osm-lidl osm-lighthouses osm-mands osm-mcdonalds osm-morrisons osm-nandos osm-pret osm-pubs osm-sainsburys osm-starbucks osm-stations osm-tesco osm-waitrose osm-wetherspoon pop-all repd-battery
ge24-con,"Conservative votes, 2024",Election night,ge2024,60,we,North-east/South-west,Find the line that puts 50% of votes cast for the Conservatives in 2024 north-east of it,(diagonal),Croydon South,2,South-west,census-carers-50h,0,73,census-carers-50h census-cars-3plus census-cars-none census-commute-bike census-commute-car census-commute-foot census-commute-metro census-commute-motorbike census-commute-taxi census-commute-train census-health-verybad census-heat-bottled census-heat-electric census-heat-gas census-heat-renewable census-heat-solid census-heat-wood census-home-caravan census-home-commercial census-home-converted census-home-detached census-home-flat census-home-semi census-home-terraced census-hours-49plus census-job-managers census-job-operatives census-job-trades census-population census-qual-apprentice census-qual-degree census-qual-none census-sick census-tenure-outright census-tenure-private census-tenure-social census-work-from-home ge24-green ge24-labour ge24-libdem ge24-nonvoters ge24-reform hmrc-additional-rate hmrc-employed hmrc-higher-rate hmrc-pension hmrc-self-employed hmrc-tax-amount hmrc-taxpayers osm-aldi osm-breweries osm-castles osm-chippies osm-costa osm-golf osm-greggs osm-iceland osm-lidl osm-lighthouses osm-mands osm-mcdonalds osm-morrisons osm-nandos osm-pret osm-pubs osm-sainsburys osm-starbucks osm-stations osm-tesco osm-waitrose osm-wetherspoon pop-all repd-battery
ge24-green,"Green votes, 2024",Election night,ge2024,60,we,North-east/South-west,Find the line that puts 50% of votes cast for the Greens in 2024 north-east of it,(diagonal),Streatham and Croydon North,2,North-east,census-job-operatives,0,71,census-carers-50h census-cars-3plus census-cars-none census-commute-bike census-commute-car census-commute-foot census-commute-metro census-commute-motorbike census-commute-taxi census-commute-train census-health-verybad census-heat-bottled census-heat-electric census-heat-gas census-heat-renewable census-heat-solid census-heat-wood census-home-commercial census-home-converted census-home-detached census-home-flat census-home-semi census-home-terraced census-hours-49plus census-job-managers census-job-operatives census-job-trades census-population census-qual-apprentice census-qual-degree census-qual-none census-sick census-tenure-outright census-tenure-private census-tenure-social census-work-from-home ge24-con ge24-labour ge24-nonvoters ge24-reform hmrc-additional-rate hmrc-employed hmrc-higher-rate hmrc-pension hmrc-self-employed hmrc-tax-amount hmrc-taxpayers osm-aldi osm-breweries osm-castles osm-chippies osm-costa osm-golf osm-greggs osm-iceland osm-lidl osm-lighthouses osm-mands osm-mcdonalds osm-morrisons osm-nandos osm-pret osm-pubs osm-sainsburys osm-starbucks osm-stations osm-tesco osm-waitrose osm-wetherspoon pop-all repd-battery
ge24-labour,"Labour votes, 2024",Election night,ge2024,60,we,North-east/South-west,Find the line that puts 50% of votes cast for Labour in 2024 north-east of it,(diagonal),Clapham and Brixton Hill,4,North-east,osm-castles,0,71,census-carers-50h census-cars-3plus census-cars-none census-commute-bike census-commute-car census-commute-foot census-commute-metro census-commute-motorbike census-commute-taxi census-commute-train census-health-verybad census-heat-bottled census-heat-electric census-heat-gas census-heat-renewable census-heat-solid census-heat-wood census-home-commercial census-home-converted census-home-detached census-home-flat census-home-semi census-home-terraced census-hours-49plus census-job-managers census-job-operatives census-job-trades census-population census-qual-apprentice census-qual-degree census-qual-none census-sick census-tenure-outright census-tenure-private census-tenure-social census-work-from-home ge24-con ge24-green ge24-nonvoters ge24-reform hmrc-additional-rate hmrc-employed hmrc-higher-rate hmrc-pension hmrc-self-employed hmrc-tax-amount hmrc-taxpayers osm-aldi osm-breweries osm-castles osm-chippies osm-costa osm-golf osm-greggs osm-iceland osm-lidl osm-lighthouses osm-mands osm-mcdonalds osm-morrisons osm-nandos osm-pret osm-pubs osm-sainsburys osm-starbucks osm-stations osm-tesco osm-waitrose osm-wetherspoon pop-all repd-battery
ge24-libdem,"Liberal Democrat votes, 2024",Election night,ge2024,60,we,North-east/South-west,Find the line that puts 50% of votes cast for the Liberal Democrats in 2024 north-east of it,(diagonal),Esher and Walton,17,South-west,census-home-caravan,2,44,census-carers-50h census-cars-3plus census-commute-car census-commute-foot census-commute-motorbike census-health-verybad census-heat-bottled census-heat-gas census-heat-wood census-home-caravan census-home-commercial census-home-detached census-home-semi census-home-terraced census-job-managers census-job-trades census-population census-qual-apprentice census-qual-degree census-qual-none census-sick census-tenure-outright census-work-from-home ge24-con ge24-nonvoters ge24-reform hmrc-employed hmrc-higher-rate hmrc-pension hmrc-self-employed hmrc-taxpayers osm-chippies osm-costa osm-golf osm-iceland osm-lidl osm-lighthouses osm-mcdonalds osm-pubs osm-stations osm-tesco osm-waitrose osm-wetherspoon pop-all
ge24-nonvoters,"Registered voters who did not vote, 2024",Election night,ge2024,60,we,North-east/South-west,Find the line that puts 50% of registered voters who stayed at home in 2024 north-east of it,(diagonal),Croydon West,1,North-east,ge24-reform,0,72,census-carers-50h census-cars-3plus census-cars-none census-commute-bike census-commute-car census-commute-foot census-commute-metro census-commute-motorbike census-commute-taxi census-commute-train census-health-verybad census-heat-bottled census-heat-electric census-heat-gas census-heat-renewable census-heat-solid census-heat-wood census-home-commercial census-home-converted census-home-detached census-home-flat census-home-semi census-home-terraced census-hours-49plus census-job-managers census-job-operatives census-job-trades census-population census-qual-apprentice census-qual-degree census-qual-none census-sick census-tenure-outright census-tenure-private census-tenure-social census-work-from-home ge24-con ge24-green ge24-labour ge24-libdem ge24-reform hmrc-additional-rate hmrc-employed hmrc-higher-rate hmrc-pension hmrc-self-employed hmrc-tax-amount hmrc-taxpayers osm-aldi osm-breweries osm-castles osm-chippies osm-costa osm-golf osm-greggs osm-iceland osm-lidl osm-lighthouses osm-mands osm-mcdonalds osm-morrisons osm-nandos osm-pret osm-pubs osm-sainsburys osm-starbucks osm-stations osm-tesco osm-waitrose osm-wetherspoon pop-all repd-battery
ge24-reform,"Reform UK votes, 2024",Election night,ge2024,60,we,North-east/South-west,Find the line that puts 50% of votes cast for Reform UK in 2024 north-east of it,(diagonal),Daventry,1,North-east,ge24-nonvoters,0,72,census-carers-50h census-cars-3plus census-cars-none census-commute-bike census-commute-car census-commute-foot census-commute-metro census-commute-motorbike census-commute-taxi census-commute-train census-health-verybad census-heat-bottled census-heat-electric census-heat-gas census-heat-renewable census-heat-solid census-heat-wood census-home-commercial census-home-converted census-home-detached census-home-flat census-home-semi census-home-terraced census-hours-49plus census-job-managers census-job-operatives census-job-trades census-population census-qual-apprentice census-qual-degree census-qual-none census-sick census-tenure-outright census-tenure-private census-tenure-social census-work-from-home ge24-con ge24-green ge24-labour ge24-libdem ge24-nonvoters hmrc-additional-rate hmrc-employed hmrc-higher-rate hmrc-pension hmrc-self-employed hmrc-tax-amount hmrc-taxpayers osm-aldi osm-breweries osm-castles osm-chippies osm-costa osm-golf osm-greggs osm-iceland osm-lidl osm-lighthouses osm-mands osm-mcdonalds osm-morrisons osm-nandos osm-pret osm-pubs osm-sainsburys osm-starbucks osm-stations osm-tesco osm-waitrose osm-wetherspoon pop-all repd-battery
hmrc-additional-rate,Additional-rate (top-rate) taxpayers,Income & tax,hmrc,60,we,North-east/South-west,Find the line that puts 50% of top-rate taxpayers north-east of it,(diagonal),Wandsworth,1,North-east,hmrc-tax-amount,0,71,census-carers-50h census-cars-3plus census-cars-none census-commute-bike census-commute-car census-commute-foot census-commute-metro census-commute-motorbike census-commute-taxi census-commute-train census-health-verybad census-heat-bottled census-heat-electric census-heat-gas census-heat-renewable census-heat-solid census-heat-wood census-home-commercial census-home-converted census-home-detached census-home-flat census-home-semi census-home-terraced census-hours-49plus census-job-managers census-job-operatives census-job-trades census-population census-qual-apprentice census-qual-degree census-qual-none census-sick census-tenure-outright census-tenure-private census-tenure-social census-work-from-home ge24-con ge24-green ge24-labour ge24-nonvoters ge24-reform hmrc-employed hmrc-higher-rate hmrc-pension hmrc-self-employed hmrc-tax-amount hmrc-taxpayers osm-aldi osm-breweries osm-castles osm-chippies osm-costa osm-golf osm-greggs osm-iceland osm-lidl osm-lighthouses osm-mands osm-mcdonalds osm-morrisons osm-nandos osm-pret osm-pubs osm-sainsburys osm-starbucks osm-stations osm-tesco osm-waitrose osm-wetherspoon pop-all repd-battery
hmrc-employed,Taxpayers with a job,Income & tax,hmrc,60,we,North-east/South-west,Find the line that puts 50% of taxpayers with income from a job north-east of it,(diagonal),West Northamptonshire,0,South-west,pop-all,0,72,census-carers-50h census-cars-3plus census-cars-none census-commute-bike census-commute-car census-commute-foot census-commute-metro census-commute-motorbike census-commute-taxi census-commute-train census-health-verybad census-heat-bottled census-heat-electric census-heat-gas census-heat-renewable census-heat-solid census-heat-wood census-home-commercial census-home-converted census-home-detached census-home-flat census-home-semi census-home-terraced census-hours-49plus census-job-managers census-job-operatives census-job-trades census-population census-qual-apprentice census-qual-degree census-qual-none census-sick census-tenure-outright census-tenure-private census-tenure-social census-work-from-home ge24-con ge24-green ge24-labour ge24-libdem ge24-nonvoters ge24-reform hmrc-additional-rate hmrc-higher-rate hmrc-pension hmrc-self-employed hmrc-tax-amount hmrc-taxpayers osm-aldi osm-breweries osm-castles osm-chippies osm-costa osm-golf osm-greggs osm-iceland osm-lidl osm-lighthouses osm-mands osm-mcdonalds osm-morrisons osm-nandos osm-pret osm-pubs osm-sainsburys osm-starbucks osm-stations osm-tesco osm-waitrose osm-wetherspoon pop-all repd-battery
hmrc-higher-rate,Higher-rate taxpayers,Income & tax,hmrc,60,we,North-east/South-west,Find the line that puts 50% of higher-rate taxpayers north-east of it,(diagonal),Wandsworth,1,North-east,osm-chippies,0,72,census-carers-50h census-cars-3plus census-cars-none census-commute-bike census-commute-car census-commute-foot census-commute-metro census-commute-motorbike census-commute-taxi census-commute-train census-health-verybad census-heat-bottled census-heat-electric census-heat-gas census-heat-renewable census-heat-solid census-heat-wood census-home-commercial census-home-converted census-home-detached census-home-flat census-home-semi census-home-terraced census-hours-49plus census-job-managers census-job-operatives census-job-trades census-population census-qual-apprentice census-qual-degree census-qual-none census-sick census-tenure-outright census-tenure-private census-tenure-social census-work-from-home ge24-con ge24-green ge24-labour ge24-libdem ge24-nonvoters ge24-reform hmrc-additional-rate hmrc-employed hmrc-pension hmrc-self-employed hmrc-tax-amount hmrc-taxpayers osm-aldi osm-breweries osm-castles osm-chippies osm-costa osm-golf osm-greggs osm-iceland osm-lidl osm-lighthouses osm-mands osm-mcdonalds osm-morrisons osm-nandos osm-pret osm-pubs osm-sainsburys osm-starbucks osm-stations osm-tesco osm-waitrose osm-wetherspoon pop-all repd-battery
hmrc-pension,Taxpayers with pension income,Income & tax,hmrc,60,we,North-east/South-west,Find the line that puts 50% of taxpayers drawing a pension north-east of it,(diagonal),West Northamptonshire,3,South-west,census-tenure-outright,0,73,census-carers-50h census-cars-3plus census-cars-none census-commute-bike census-commute-car census-commute-foot census-commute-metro census-commute-motorbike census-commute-taxi census-commute-train census-health-verybad census-heat-bottled census-heat-electric census-heat-gas census-heat-renewable census-heat-solid census-heat-wood census-home-caravan census-home-commercial census-home-converted census-home-detached census-home-flat census-home-semi census-home-terraced census-hours-49plus census-job-managers census-job-operatives census-job-trades census-population census-qual-apprentice census-qual-degree census-qual-none census-sick census-tenure-outright census-tenure-private census-tenure-social census-work-from-home ge24-con ge24-green ge24-labour ge24-libdem ge24-nonvoters ge24-reform hmrc-additional-rate hmrc-employed hmrc-higher-rate hmrc-self-employed hmrc-tax-amount hmrc-taxpayers osm-aldi osm-breweries osm-castles osm-chippies osm-costa osm-golf osm-greggs osm-iceland osm-lidl osm-lighthouses osm-mands osm-mcdonalds osm-morrisons osm-nandos osm-pret osm-pubs osm-sainsburys osm-starbucks osm-stations osm-tesco osm-waitrose osm-wetherspoon pop-all repd-battery
hmrc-self-employed,Self-employed taxpayers,Income & tax,hmrc,60,we,North-east/South-west,Find the line that puts 50% of self-employed taxpayers north-east of it,(diagonal),Ealing,0,South-west,hmrc-taxpayers,0,72,census-carers-50h census-cars-3plus census-cars-none census-commute-bike census-commute-car census-commute-foot census-commute-metro census-commute-motorbike census-commute-taxi census-commute-train census-health-verybad census-heat-bottled census-heat-electric census-heat-gas census-heat-renewable census-heat-solid census-heat-wood census-home-commercial census-home-converted census-home-detached census-home-flat census-home-semi census-home-terraced census-hours-49plus census-job-managers census-job-operatives census-job-trades census-population census-qual-apprentice census-qual-degree census-qual-none census-sick census-tenure-outright census-tenure-private census-tenure-social census-work-from-home ge24-con ge24-green ge24-labour ge24-libdem ge24-nonvoters ge24-reform hmrc-additional-rate hmrc-employed hmrc-higher-rate hmrc-pension hmrc-tax-amount hmrc-taxpayers osm-aldi osm-breweries osm-castles osm-chippies osm-costa osm-golf osm-greggs osm-iceland osm-lidl osm-lighthouses osm-mands osm-mcdonalds osm-morrisons osm-nandos osm-pret osm-pubs osm-sainsburys osm-starbucks osm-stations osm-tesco osm-waitrose osm-wetherspoon pop-all repd-battery
hmrc-tax-amount,Income tax paid,Income & tax,hmrc,60,we,North-east/South-west,Find the line that puts 50% of all income tax paid north-east of it,(diagonal),Kensington and Chelsea,1,North-east,hmrc-additional-rate,0,71,census-carers-50h census-cars-3plus census-cars-none census-commute-bike census-commute-car census-commute-foot census-commute-metro census-commute-motorbike census-commute-taxi census-commute-train census-health-verybad census-heat-bottled census-heat-electric census-heat-gas census-heat-renewable census-heat-solid census-heat-wood census-home-commercial census-home-converted census-home-detached census-home-flat census-home-semi census-home-terraced census-hours-49plus census-job-managers census-job-operatives census-job-trades census-population census-qual-apprentice census-qual-degree census-qual-none census-sick census-tenure-outright census-tenure-private census-tenure-social census-work-from-home ge24-con ge24-green ge24-labour ge24-nonvoters ge24-reform hmrc-additional-rate hmrc-employed hmrc-higher-rate hmrc-pension hmrc-self-employed hmrc-taxpayers osm-aldi osm-breweries osm-castles osm-chippies osm-costa osm-golf osm-greggs osm-iceland osm-lidl osm-lighthouses osm-mands osm-mcdonalds osm-morrisons osm-nandos osm-pret osm-pubs osm-sainsburys osm-starbucks osm-stations osm-tesco osm-waitrose osm-wetherspoon pop-all repd-battery
hmrc-taxpayers,Income taxpayers,Income & tax,hmrc,60,we,North-east/South-west,Find the line that puts 50% of income taxpayers north-east of it,(diagonal),West Northamptonshire,0,South-west,hmrc-self-employed,0,72,census-carers-50h census-cars-3plus census-cars-none census-commute-bike census-commute-car census-commute-foot census-commute-metro census-commute-motorbike census-commute-taxi census-commute-train census-health-verybad census-heat-bottled census-heat-electric census-heat-gas census-heat-renewable census-heat-solid census-heat-wood census-home-commercial census-home-converted census-home-detached census-home-flat census-home-semi census-home-terraced census-hours-49plus census-job-managers census-job-operatives census-job-trades census-population census-qual-apprentice census-qual-degree census-qual-none census-sick census-tenure-outright census-tenure-private census-tenure-social census-work-from-home ge24-con ge24-green ge24-labour ge24-libdem ge24-nonvoters ge24-reform hmrc-additional-rate hmrc-employed hmrc-higher-rate hmrc-pension hmrc-self-employed hmrc-tax-amount osm-aldi osm-breweries osm-castles osm-chippies osm-costa osm-golf osm-greggs osm-iceland osm-lidl osm-lighthouses osm-mands osm-mcdonalds osm-morrisons osm-nandos osm-pret osm-pubs osm-sainsburys osm-starbucks osm-stations osm-tesco osm-waitrose osm-wetherspoon pop-all repd-battery
osm-aldi,Aldi shops,Supermarket sweep,osm,60,we,North-east/South-west,Find the line that puts 50% of Aldi shops north-east of it,(diagonal),West Northamptonshire,1,North-east,hmrc-additional-rate,0,72,census-carers-50h census-cars-3plus census-cars-none census-commute-bike census-commute-car census-commute-foot census-commute-metro census-commute-motorbike census-commute-taxi census-commute-train census-health-verybad census-heat-bottled census-heat-electric census-heat-gas census-heat-renewable census-heat-solid census-heat-wood census-home-commercial census-home-converted census-home-detached census-home-flat census-home-semi census-home-terraced census-hours-49plus census-job-managers census-job-operatives census-job-trades census-population census-qual-apprentice census-qual-degree census-qual-none census-sick census-tenure-outright census-tenure-private census-tenure-social census-work-from-home ge24-con ge24-green ge24-labour ge24-libdem ge24-nonvoters ge24-reform hmrc-additional-rate hmrc-employed hmrc-higher-rate hmrc-pension hmrc-self-employed hmrc-tax-amount hmrc-taxpayers osm-breweries osm-castles osm-chippies osm-costa osm-golf osm-greggs osm-iceland osm-lidl osm-lighthouses osm-mands osm-mcdonalds osm-morrisons osm-nandos osm-pret osm-pubs osm-sainsburys osm-starbucks osm-stations osm-tesco osm-waitrose osm-wetherspoon pop-all repd-battery
osm-breweries,Breweries,Out and about,osm,60,we,North-east/South-west,Find the line that puts 50% of breweries north-east of it,(diagonal),High Peak,3,North-east,census-home-converted,0,71,census-carers-50h census-cars-3plus census-cars-none census-commute-bike census-commute-car census-commute-foot census-commute-metro census-commute-motorbike census-commute-taxi census-commute-train census-health-verybad census-heat-bottled census-heat-electric census-heat-gas census-heat-renewable census-heat-solid census-heat-wood census-home-commercial census-home-converted census-home-detached census-home-flat census-home-semi census-home-terraced census-hours-49plus census-job-managers census-job-operatives census-job-trades census-population census-qual-apprentice census-qual-degree census-qual-none census-sick census-tenure-outright census-tenure-private census-tenure-social census-work-from-home ge24-con ge24-green ge24-labour ge24-nonvoters ge24-reform hmrc-additional-rate hmrc-employed hmrc-higher-rate hmrc-pension hmrc-self-employed hmrc-tax-amount hmrc-taxpayers osm-aldi osm-castles osm-chippies osm-costa osm-golf osm-greggs osm-iceland osm-lidl osm-lighthouses osm-mands osm-mcdonalds osm-morrisons osm-nandos osm-pret osm-pubs osm-sainsburys osm-starbucks osm-stations osm-tesco osm-waitrose osm-wetherspoon pop-all repd-battery
osm-castles,Castles,Heritage & coast,osm,60,we,North-east/South-west,Find the line that puts 50% of castles north-east of it,(diagonal),Sevenoaks,4,North-east,osm-starbucks,0,71,census-carers-50h census-cars-3plus census-cars-none census-commute-bike census-commute-car census-commute-foot census-commute-metro census-commute-motorbike census-commute-taxi census-commute-train census-health-verybad census-heat-bottled census-heat-electric census-heat-gas census-heat-renewable census-heat-solid census-heat-wood census-home-commercial census-home-converted census-home-detached census-home-flat census-home-semi census-home-terraced census-hours-49plus census-job-managers census-job-operatives census-job-trades census-population census-qual-apprentice census-qual-degree census-qual-none census-sick census-tenure-outright census-tenure-private census-tenure-social census-work-from-home ge24-con ge24-green ge24-labour ge24-nonvoters ge24-reform hmrc-additional-rate hmrc-employed hmrc-higher-rate hmrc-pension hmrc-self-employed hmrc-tax-amount hmrc-taxpayers osm-aldi osm-breweries osm-chippies osm-costa osm-golf osm-greggs osm-iceland osm-lidl osm-lighthouses osm-mands osm-mcdonalds osm-morrisons osm-nandos osm-pret osm-pubs osm-sainsburys osm-starbucks osm-stations osm-tesco osm-waitrose osm-wetherspoon pop-all repd-battery
osm-chippies,Fish and chip shops,Out and about,osm,60,we,North-east/South-west,Find the line that puts 50% of fish and chip shops north-east of it,(diagonal),Hammersmith and Fulham,1,North-east,hmrc-higher-rate,0,72,census-carers-50h census-cars-3plus census-cars-none census-commute-bike census-commute-car census-commute-foot census-commute-metro census-commute-motorbike census-commute-taxi census-commute-train census-health-verybad census-heat-bottled census-heat-electric census-heat-gas census-heat-renewable census-heat-solid census-heat-wood census-home-commercial census-home-converted census-home-detached census-home-flat census-home-semi census-home-terraced census-hours-49plus census-job-managers census-job-operatives census-job-trades census-population census-qual-apprentice census-qual-degree census-qual-none census-sick census-tenure-outright census-tenure-private census-tenure-social census-work-from-home ge24-con ge24-green ge24-labour ge24-libdem ge24-nonvoters ge24-reform hmrc-additional-rate hmrc-employed hmrc-higher-rate hmrc-pension hmrc-self-employed hmrc-tax-amount hmrc-taxpayers osm-aldi osm-breweries osm-castles osm-costa osm-golf osm-greggs osm-iceland osm-lidl osm-lighthouses osm-mands osm-mcdonalds osm-morrisons osm-nandos osm-pret osm-pubs osm-sainsburys osm-starbucks osm-stations osm-tesco osm-waitrose osm-wetherspoon pop-all repd-battery
osm-costa,Costa Coffee shops,High street,osm,60,we,North-east/South-west,Find the line that puts 50% of Costa Coffee shops north-east of it,(diagonal),Milton Keynes,2,South-west,osm-wetherspoon,0,73,census-carers-50h census-cars-3plus census-cars-none census-commute-bike census-commute-car census-commute-foot census-commute-metro census-commute-motorbike census-commute-taxi census-commute-train census-health-verybad census-heat-bottled census-heat-electric census-heat-gas census-heat-renewable census-heat-solid census-heat-wood census-home-caravan census-home-commercial census-home-converted census-home-detached census-home-flat census-home-semi census-home-terraced census-hours-49plus census-job-managers census-job-operatives census-job-trades census-population census-qual-apprentice census-qual-degree census-qual-none census-sick census-tenure-outright census-tenure-private census-tenure-social census-work-from-home ge24-con ge24-green ge24-labour ge24-libdem ge24-nonvoters ge24-reform hmrc-additional-rate hmrc-employed hmrc-higher-rate hmrc-pension hmrc-self-employed hmrc-tax-amount hmrc-taxpayers osm-aldi osm-breweries osm-castles osm-chippies osm-golf osm-greggs osm-iceland osm-lidl osm-lighthouses osm-mands osm-mcdonalds osm-morrisons osm-nandos osm-pret osm-pubs osm-sainsburys osm-starbucks osm-stations osm-tesco osm-waitrose osm-wetherspoon pop-all repd-battery
osm-distilleries,Distilleries,Out and about,osm,60,we,North-east/South-west,Find the line that puts 50% of distilleries north-east of it,(diagonal),North Yorkshire,65,North-east,repd-solar-pipeline,15,2,repd-hydro repd-solar-pipeline
osm-golf,Golf courses,Out and about,osm,60,we,North-east/South-west,Find the line that puts 50% of golf courses north-east of it,(diagonal),Harborough,4,South-west,osm-lighthouses,0,73,census-carers-50h census-cars-3plus census-cars-none census-commute-bike census-commute-car census-commute-foot census-commute-metro census-commute-motorbike census-commute-taxi census-commute-train census-health-verybad census-heat-bottled census-heat-electric census-heat-gas census-heat-renewable census-heat-solid census-heat-wood census-home-caravan census-home-commercial census-home-converted census-home-detached census-home-flat census-home-semi census-home-terraced census-hours-49plus census-job-managers census-job-operatives census-job-trades census-population census-qual-apprentice census-qual-degree census-qual-none census-sick census-tenure-outright census-tenure-private census-tenure-social census-work-from-home ge24-con ge24-green ge24-labour ge24-libdem ge24-nonvoters ge24-reform hmrc-additional-rate hmrc-employed hmrc-higher-rate hmrc-pension hmrc-self-employed hmrc-tax-amount hmrc-taxpayers osm-aldi osm-breweries osm-castles osm-chippies osm-costa osm-greggs osm-iceland osm-lidl osm-lighthouses osm-mands osm-mcdonalds osm-morrisons osm-nandos osm-pret osm-pubs osm-sainsburys osm-starbucks osm-stations osm-tesco osm-waitrose osm-wetherspoon pop-all repd-battery
osm-greggs,Greggs shops,High street,osm,60,we,North-east/South-west,Find the line that puts 50% of Greggs shops north-east of it,(diagonal),Dumfries and Galloway,5,North-east,census-tenure-social,0,71,census-carers-50h census-cars-3plus census-cars-none census-commute-bike census-commute-car census-commute-foot census-commute-metro census-commute-motorbike census-commute-taxi census-commute-train census-health-verybad census-heat-bottled census-heat-electric census-heat-gas census-heat-renewable census-heat-solid census-heat-wood census-home-commercial census-home-converted census-home-detached census-home-flat census-home-semi census-home-terraced census-hours-49plus census-job-managers census-job-operatives census-job-trades census-population census-qual-apprentice census-qual-degree census-qual-none census-sick census-tenure-outright census-tenure-private census-tenure-social census-work-from-home ge24-con ge24-green ge24-labour ge24-nonvoters ge24-reform hmrc-additional-rate hmrc-employed hmrc-higher-rate hmrc-pension hmrc-self-employed hmrc-tax-amount hmrc-taxpayers osm-aldi osm-breweries osm-castles osm-chippies osm-costa osm-golf osm-iceland osm-lidl osm-lighthouses osm-mands osm-mcdonalds osm-morrisons osm-nandos osm-pret osm-pubs osm-sainsburys osm-starbucks osm-stations osm-tesco osm-waitrose osm-wetherspoon pop-all repd-battery
osm-iceland,Iceland shops,Supermarket sweep,osm,60,we,North-east/South-west,Find the line that puts 50% of Iceland shops north-east of it,(diagonal),Watford,1,South-west,census-home-commercial,0,72,census-carers-50h census-cars-3plus census-cars-none census-commute-bike census-commute-car census-commute-foot census-commute-metro census-commute-motorbike census-commute-taxi census-commute-train census-health-verybad census-heat-bottled census-heat-electric census-heat-gas census-heat-renewable census-heat-solid census-heat-wood census-home-commercial census-home-converted census-home-detached census-home-flat census-home-semi census-home-terraced census-hours-49plus census-job-managers census-job-operatives census-job-trades census-population census-qual-apprentice census-qual-degree census-qual-none census-sick census-tenure-outright census-tenure-private census-tenure-social census-work-from-home ge24-con ge24-green ge24-labour ge24-libdem ge24-nonvoters ge24-reform hmrc-additional-rate hmrc-employed hmrc-higher-rate hmrc-pension hmrc-self-employed hmrc-tax-amount hmrc-taxpayers osm-aldi osm-breweries osm-castles osm-chippies osm-costa osm-golf osm-greggs osm-lidl osm-lighthouses osm-mands osm-mcdonalds osm-morrisons osm-nandos osm-pret osm-pubs osm-sainsburys osm-starbucks osm-stations osm-tesco osm-waitrose osm-wetherspoon pop-all repd-battery
osm-lidl,Lidl shops,Supermarket sweep,osm,60,we,North-east/South-west,Find the line that puts 50% of Lidl shops north-east of it,(diagonal),Milton Keynes,3,South-west,census-home-semi,0,73,census-carers-50h census-cars-3plus census-cars-none census-commute-bike census-commute-car census-commute-foot census-commute-metro census-commute-motorbike census-commute-taxi census-commute-train census-health-verybad census-heat-bottled census-heat-electric census-heat-gas census-heat-renewable census-heat-solid census-heat-wood census-home-caravan census-home-commercial census-home-converted census-home-detached census-home-flat census-home-semi census-home-terraced census-hours-49plus census-job-managers census-job-operatives census-job-trades census-population census-qual-apprentice census-qual-degree census-qual-none census-sick census-tenure-outright census-tenure-private census-tenure-social census-work-from-home ge24-con ge24-green ge24-labour ge24-libdem ge24-nonvoters ge24-reform hmrc-additional-rate hmrc-employed hmrc-higher-rate hmrc-pension hmrc-self-employed hmrc-tax-amount hmrc-taxpayers osm-aldi osm-breweries osm-castles osm-chippies osm-costa osm-golf osm-greggs osm-iceland osm-lighthouses osm-mands osm-mcdonalds osm-morrisons osm-nandos osm-pret osm-pubs osm-sainsburys osm-starbucks osm-stations osm-tesco osm-waitrose osm-wetherspoon pop-all repd-battery
osm-lighthouses,Lighthouses,Heritage & coast,osm,60,we,North-east/South-west,Find the line that puts 50% of lighthouses north-east of it,(diagonal),Dumfries and Galloway,4,South-west,osm-golf,0,73,census-carers-50h census-cars-3plus census-cars-none census-commute-bike census-commute-car census-commute-foot census-commute-metro census-commute-motorbike census-commute-taxi census-commute-train census-health-verybad census-heat-bottled census-heat-electric census-heat-gas census-heat-renewable census-heat-solid census-heat-wood census-home-caravan census-home-commercial census-home-converted census-home-detached census-home-flat census-home-semi census-home-terraced census-hours-49plus census-job-managers census-job-operatives census-job-trades census-population census-qual-apprentice census-qual-degree census-qual-none census-sick census-tenure-outright census-tenure-private census-tenure-social census-work-from-home ge24-con ge24-green ge24-labour ge24-libdem ge24-nonvoters ge24-reform hmrc-additional-rate hmrc-employed hmrc-higher-rate hmrc-pension hmrc-self-employed hmrc-tax-amount hmrc-taxpayers osm-aldi osm-breweries osm-castles osm-chippies osm-costa osm-golf osm-greggs osm-iceland osm-lidl osm-mands osm-mcdonalds osm-morrisons osm-nandos osm-pret osm-pubs osm-sainsburys osm-starbucks osm-stations osm-tesco osm-waitrose osm-wetherspoon pop-all repd-battery
osm-mands,M&S shops,Supermarket sweep,osm,60,we,North-east/South-west,Find the line that puts 50% of Marks & Spencer shops north-east of it,(diagonal),Tameside,1,North-east,hmrc-additional-rate,0,71,census-carers-50h census-cars-3plus census-cars-none census-commute-bike census-commute-car census-commute-foot census-commute-metro census-commute-motorbike census-commute-taxi census-commute-train census-health-verybad census-heat-bottled census-heat-electric census-heat-gas census-heat-renewable census-heat-solid census-heat-wood census-home-commercial census-home-converted census-home-detached census-home-flat census-home-semi census-home-terraced census-hours-49plus census-job-managers census-job-operatives census-job-trades census-population census-qual-apprentice census-qual-degree census-qual-none census-sick census-tenure-outright census-tenure-private census-tenure-social census-work-from-home ge24-con ge24-green ge24-labour ge24-nonvoters ge24-reform hmrc-additional-rate hmrc-employed hmrc-higher-rate hmrc-pension hmrc-self-employed hmrc-tax-amount hmrc-taxpayers osm-aldi osm-breweries osm-castles osm-chippies osm-costa osm-golf osm-greggs osm-iceland osm-lidl osm-lighthouses osm-mcdonalds osm-morrisons osm-nandos osm-pret osm-pubs osm-sainsburys osm-starbucks osm-stations osm-tesco osm-waitrose osm-wetherspoon pop-all repd-battery
osm-mcdonalds,McDonald's restaurants,High street,osm,60,we,North-east/South-west,Find the line that puts 50% of McDonald's restaurants north-east of it,(diagonal),Wandsworth,0,North-east,census-commute-foot,0,72,census-carers-50h census-cars-3plus census-cars-none census-commute-bike census-commute-car census-commute-foot census-commute-metro census-commute-motorbike census-commute-taxi census-commute-train census-health-verybad census-heat-bottled census-heat-electric census-heat-gas census-heat-renewable census-heat-solid census-heat-wood census-home-commercial census-home-converted census-home-detached census-home-flat census-home-semi census-home-terraced census-hours-49plus census-job-managers census-job-operatives census-job-trades census-population census-qual-apprentice census-qual-degree census-qual-none census-sick census-tenure-outright census-tenure-private census-tenure-social census-work-from-home ge24-con ge24-green ge24-labour ge24-libdem ge24-nonvoters ge24-reform hmrc-additional-rate hmrc-employed hmrc-higher-rate hmrc-pension hmrc-self-employed hmrc-tax-amount hmrc-taxpayers osm-aldi osm-breweries osm-castles osm-chippies osm-costa osm-golf osm-greggs osm-iceland osm-lidl osm-lighthouses osm-mands osm-morrisons osm-nandos osm-pret osm-pubs osm-sainsburys osm-starbucks osm-stations osm-tesco osm-waitrose osm-wetherspoon pop-all repd-battery
osm-morrisons,Morrisons supermarkets,Supermarket sweep,osm,60,we,North-east/South-west,Find the line that puts 50% of Morrisons supermarkets north-east of it,(diagonal),West Northamptonshire,5,North-east,census-tenure-social,0,71,census-carers-50h census-cars-3plus census-cars-none census-commute-bike census-commute-car census-commute-foot census-commute-metro census-commute-motorbike census-commute-taxi census-commute-train census-health-verybad census-heat-bottled census-heat-electric census-heat-gas census-heat-renewable census-heat-solid census-heat-wood census-home-commercial census-home-converted census-home-detached census-home-flat census-home-semi census-home-terraced census-hours-49plus census-job-managers census-job-operatives census-job-trades census-population census-qual-apprentice census-qual-degree census-qual-none census-sick census-tenure-outright census-tenure-private census-tenure-social census-work-from-home ge24-con ge24-green ge24-labour ge24-nonvoters ge24-reform hmrc-additional-rate hmrc-employed hmrc-higher-rate hmrc-pension hmrc-self-employed hmrc-tax-amount hmrc-taxpayers osm-aldi osm-breweries osm-castles osm-chippies osm-costa osm-golf osm-greggs osm-iceland osm-lidl osm-lighthouses osm-mands osm-mcdonalds osm-nandos osm-pret osm-pubs osm-sainsburys osm-starbucks osm-stations osm-tesco osm-waitrose osm-wetherspoon pop-all repd-battery
osm-nandos,Nando's restaurants,High street,osm,60,we,North-east/South-west,Find the line that puts 50% of Nando's restaurants north-east of it,(diagonal),Brent,3,North-east,census-commute-bike,0,71,census-carers-50h census-cars-3plus census-cars-none census-commute-bike census-commute-car census-commute-foot census-commute-metro census-commute-motorbike census-commute-taxi census-commute-train census-health-verybad census-heat-bottled census-heat-electric census-heat-gas census-heat-renewable census-heat-solid census-heat-wood census-home-commercial census-home-converted census-home-detached census-home-flat census-home-semi census-home-terraced census-hours-49plus census-job-managers census-job-operatives census-job-trades census-population census-qual-apprentice census-qual-degree census-qual-none census-sick census-tenure-outright census-tenure-private census-tenure-social census-work-from-home ge24-con ge24-green ge24-labour ge24-nonvoters ge24-reform hmrc-additional-rate hmrc-employed hmrc-higher-rate hmrc-pension hmrc-self-employed hmrc-tax-amount hmrc-taxpayers osm-aldi osm-breweries osm-castles osm-chippies osm-costa osm-golf osm-greggs osm-iceland osm-lidl osm-lighthouses osm-mands osm-mcdonalds osm-morrisons osm-pret osm-pubs osm-sainsburys osm-starbucks osm-stations osm-tesco osm-waitrose osm-wetherspoon pop-all repd-battery
osm-pret,Pret A Manger shops,High street,osm,60,we,North-east/South-west,Find the line that puts 50% of Pret A Manger shops north-east of it,(diagonal),Camden,7,North-east,census-home-flat,1,71,census-carers-50h census-cars-3plus census-cars-none census-commute-bike census-commute-car census-commute-foot census-commute-metro census-commute-motorbike census-commute-taxi census-commute-train census-health-verybad census-heat-electric census-heat-gas census-heat-renewable census-heat-solid census-heat-wood census-home-commercial census-home-converted census-home-detached census-home-flat census-home-semi census-home-terraced census-hours-49plus census-job-managers census-job-operatives census-job-trades census-population census-qual-apprentice census-qual-degree census-qual-none census-sick census-tenure-outright census-tenure-private census-tenure-social census-work-from-home ge24-con ge24-green ge24-labour ge24-nonvoters ge24-reform hmrc-additional-rate hmrc-employed hmrc-higher-rate hmrc-pension hmrc-self-employed hmrc-tax-amount hmrc-taxpayers osm-aldi osm-breweries osm-castles osm-chippies osm-costa osm-golf osm-greggs osm-iceland osm-lidl osm-lighthouses osm-mands osm-mcdonalds osm-morrisons osm-nandos osm-pubs osm-sainsburys osm-starbucks osm-stations osm-tesco osm-waitrose osm-wetherspoon pop-all repd-battery repd-battery-pipeline
osm-pubs,Pubs,Out and about,osm,60,we,North-east/South-west,Find the line that puts 50% of pubs north-east of it,(diagonal),Milton Keynes,1,South-west,census-job-managers,0,73,census-carers-50h census-cars-3plus census-cars-none census-commute-bike census-commute-car census-commute-foot census-commute-metro census-commute-motorbike census-commute-taxi census-commute-train census-health-verybad census-heat-bottled census-heat-electric census-heat-gas census-heat-renewable census-heat-solid census-heat-wood census-home-caravan census-home-commercial census-home-converted census-home-detached census-home-flat census-home-semi census-home-terraced census-hours-49plus census-job-managers census-job-operatives census-job-trades census-population census-qual-apprentice census-qual-degree census-qual-none census-sick census-tenure-outright census-tenure-private census-tenure-social census-work-from-home ge24-con ge24-green ge24-labour ge24-libdem ge24-nonvoters ge24-reform hmrc-additional-rate hmrc-employed hmrc-higher-rate hmrc-pension hmrc-self-employed hmrc-tax-amount hmrc-taxpayers osm-aldi osm-breweries osm-castles osm-chippies osm-costa osm-golf osm-greggs osm-iceland osm-lidl osm-lighthouses osm-mands osm-mcdonalds osm-morrisons osm-nandos osm-pret osm-sainsburys osm-starbucks osm-stations osm-tesco osm-waitrose osm-wetherspoon pop-all repd-battery
osm-sainsburys,Sainsbury's shops (all formats),Supermarket sweep,osm,60,we,North-east/South-west,Find the line that puts 50% of Sainsbury's shops of every size north-east of it,(diagonal),Westminster,5,North-east,census-heat-renewable,0,71,census-carers-50h census-cars-3plus census-cars-none census-commute-bike census-commute-car census-commute-foot census-commute-metro census-commute-motorbike census-commute-taxi census-commute-train census-health-verybad census-heat-bottled census-heat-electric census-heat-gas census-heat-renewable census-heat-solid census-heat-wood census-home-commercial census-home-converted census-home-detached census-home-flat census-home-semi census-home-terraced census-hours-49plus census-job-managers census-job-operatives census-job-trades census-population census-qual-apprentice census-qual-degree census-qual-none census-sick census-tenure-outright census-tenure-private census-tenure-social census-work-from-home ge24-con ge24-green ge24-labour ge24-nonvoters ge24-reform hmrc-additional-rate hmrc-employed hmrc-higher-rate hmrc-pension hmrc-self-employed hmrc-tax-amount hmrc-taxpayers osm-aldi osm-breweries osm-castles osm-chippies osm-costa osm-golf osm-greggs osm-iceland osm-lidl osm-lighthouses osm-mands osm-mcdonalds osm-morrisons osm-nandos osm-pret osm-pubs osm-starbucks osm-stations osm-tesco osm-waitrose osm-wetherspoon pop-all repd-battery
osm-standing-stones,Standing stones and other megaliths,Heritage & coast,osm,60,we,North-east/South-west,Find the line that puts 50% of standing stones and other megaliths north-east of it,(diagonal),Cotswold,75,South-west,census-heat-oil,5,1,census-heat-oil
osm-starbucks,Starbucks shops,High street,osm,60,we,North-east/South-west,Find the line that puts 50% of Starbucks shops north-east of it,(diagonal),Kensington and Chelsea,4,North-east,osm-castles,0,71,census-carers-50h census-cars-3plus census-cars-none census-commute-bike census-commute-car census-commute-foot census-commute-metro census-commute-motorbike census-commute-taxi census-commute-train census-health-verybad census-heat-bottled census-heat-electric census-heat-gas census-heat-renewable census-heat-solid census-heat-wood census-home-commercial census-home-converted census-home-detached census-home-flat census-home-semi census-home-terraced census-hours-49plus census-job-managers census-job-operatives census-job-trades census-population census-qual-apprentice census-qual-degree census-qual-none census-sick census-tenure-outright census-tenure-private census-tenure-social census-work-from-home ge24-con ge24-green ge24-labour ge24-nonvoters ge24-reform hmrc-additional-rate hmrc-employed hmrc-higher-rate hmrc-pension hmrc-self-employed hmrc-tax-amount hmrc-taxpayers osm-aldi osm-breweries osm-castles osm-chippies osm-costa osm-golf osm-greggs osm-iceland osm-lidl osm-lighthouses osm-mands osm-mcdonalds osm-morrisons osm-nandos osm-pret osm-pubs osm-sainsburys osm-stations osm-tesco osm-waitrose osm-wetherspoon pop-all repd-battery
osm-stations,Railway stations,Out and about,osm,60,we,North-east/South-west,Find the line that puts 50% of railway stations north-east of it,(diagonal),Richmond upon Thames,4,South-west,census-commute-car,0,73,census-carers-50h census-cars-3plus census-cars-none census-commute-bike census-commute-car census-commute-foot census-commute-metro census-commute-motorbike census-commute-taxi census-commute-train census-health-verybad census-heat-bottled census-heat-electric census-heat-gas census-heat-renewable census-heat-solid census-heat-wood census-home-caravan census-home-commercial census-home-converted census-home-detached census-home-flat census-home-semi census-home-terraced census-hours-49plus census-job-managers census-job-operatives census-job-trades census-population census-qual-apprentice census-qual-degree census-qual-none census-sick census-tenure-outright census-tenure-private census-tenure-social census-work-from-home ge24-con ge24-green ge24-labour ge24-libdem ge24-nonvoters ge24-reform hmrc-additional-rate hmrc-employed hmrc-higher-rate hmrc-pension hmrc-self-employed hmrc-tax-amount hmrc-taxpayers osm-aldi osm-breweries osm-castles osm-chippies osm-costa osm-golf osm-greggs osm-iceland osm-lidl osm-lighthouses osm-mands osm-mcdonalds osm-morrisons osm-nandos osm-pret osm-pubs osm-sainsburys osm-starbucks osm-tesco osm-waitrose osm-wetherspoon pop-all repd-battery
osm-tesco,Tesco shops (all formats),Supermarket sweep,osm,60,we,North-east/South-west,Find the line that puts 50% of Tesco shops of every size north-east of it,(diagonal),Dacorum,1,South-west,census-job-trades,0,72,census-carers-50h census-cars-3plus census-cars-none census-commute-bike census-commute-car census-commute-foot census-commute-metro census-commute-motorbike census-commute-taxi census-commute-train census-health-verybad census-heat-bottled census-heat-electric census-heat-gas census-heat-renewable census-heat-solid census-heat-wood census-home-commercial census-home-converted census-home-detached census-home-flat census-home-semi census-home-terraced census-hours-49plus census-job-managers census-job-operatives census-job-trades census-population census-qual-apprentice census-qual-degree census-qual-none census-sick census-tenure-outright census-tenure-private census-tenure-social census-work-from-home ge24-con ge24-green ge24-labour ge24-libdem ge24-nonvoters ge24-reform hmrc-additional-rate hmrc-employed hmrc-higher-rate hmrc-pension hmrc-self-employed hmrc-tax-amount hmrc-taxpayers osm-aldi osm-breweries osm-castles osm-chippies osm-costa osm-golf osm-greggs osm-iceland osm-lidl osm-lighthouses osm-mands osm-mcdonalds osm-morrisons osm-nandos osm-pret osm-pubs osm-sainsburys osm-starbucks osm-stations osm-waitrose osm-wetherspoon pop-all repd-battery
osm-waitrose,Waitrose shops,Supermarket sweep,osm,60,we,North-east/South-west,Find the line that puts 50% of Waitrose shops north-east of it,(diagonal),Stockport,10,South-west,census-cars-3plus,0,69,census-carers-50h census-cars-3plus census-cars-none census-commute-bike census-commute-car census-commute-foot census-commute-motorbike census-commute-taxi census-health-verybad census-heat-bottled census-heat-electric census-heat-gas census-heat-renewable census-heat-wood census-home-caravan census-home-commercial census-home-converted census-home-detached census-home-flat census-home-semi census-home-terraced census-hours-49plus census-job-managers census-job-operatives census-job-trades census-population census-qual-apprentice census-qual-degree census-qual-none census-sick census-tenure-outright census-tenure-private census-tenure-social census-work-from-home ge24-con ge24-green ge24-labour ge24-libdem ge24-nonvoters ge24-reform hmrc-additional-rate hmrc-employed hmrc-higher-rate hmrc-pension hmrc-self-employed hmrc-tax-amount hmrc-taxpayers osm-aldi osm-breweries osm-castles osm-chippies osm-costa osm-golf osm-greggs osm-iceland osm-lidl osm-lighthouses osm-mands osm-mcdonalds osm-morrisons osm-nandos osm-pret osm-pubs osm-sainsburys osm-starbucks osm-stations osm-tesco osm-wetherspoon pop-all
osm-wetherspoon,Wetherspoon pubs,High street,osm,60,we,North-east/South-west,Find the line that puts 50% of Wetherspoon pubs north-east of it,(diagonal),Croydon,1,South-west,osm-costa,0,73,census-carers-50h census-cars-3plus census-cars-none census-commute-bike census-commute-car census-commute-foot census-commute-metro census-commute-motorbike census-commute-taxi census-commute-train census-health-verybad census-heat-bottled census-heat-electric census-heat-gas census-heat-renewable census-heat-solid census-heat-wood census-home-caravan census-home-commercial census-home-converted census-home-detached census-home-flat census-home-semi census-home-terraced census-hours-49plus census-job-managers census-job-operatives census-job-trades census-population census-qual-apprentice census-qual-degree census-qual-none census-sick census-tenure-outright census-tenure-private census-tenure-social census-work-from-home ge24-con ge24-green ge24-labour ge24-libdem ge24-nonvoters ge24-reform hmrc-additional-rate hmrc-employed hmrc-higher-rate hmrc-pension hmrc-self-employed hmrc-tax-amount hmrc-taxpayers osm-aldi osm-breweries osm-castles osm-chippies osm-costa osm-golf osm-greggs osm-iceland osm-lidl osm-lighthouses osm-mands osm-mcdonalds osm-morrisons osm-nandos osm-pret osm-pubs osm-sainsburys osm-starbucks osm-stations osm-tesco osm-waitrose pop-all repd-battery
osm-windmills,Windmills (historic),Heritage & coast,osm,60,we,North-east/South-west,Find the line that puts 50% of old windmills north-east of it,(diagonal),Epping Forest,41,North-east,repd-hydro,10,4,repd-battery-pipeline repd-hydro repd-solar-pipeline repd-wind-onshore
pop-all,Population,Population,population,60,we,North-east/South-west,Find the line that puts 50% of the UK's population north-east of it,(diagonal),West Northamptonshire,0,South-west,hmrc-employed,0,72,census-carers-50h census-cars-3plus census-cars-none census-commute-bike census-commute-car census-commute-foot census-commute-metro census-commute-motorbike census-commute-taxi census-commute-train census-health-verybad census-heat-bottled census-heat-electric census-heat-gas census-heat-renewable census-heat-solid census-heat-wood census-home-commercial census-home-converted census-home-detached census-home-flat census-home-semi census-home-terraced census-hours-49plus census-job-managers census-job-operatives census-job-trades census-population census-qual-apprentice census-qual-degree census-qual-none census-sick census-tenure-outright census-tenure-private census-tenure-social census-work-from-home ge24-con ge24-green ge24-labour ge24-libdem ge24-nonvoters ge24-reform hmrc-additional-rate hmrc-employed hmrc-higher-rate hmrc-pension hmrc-self-employed hmrc-tax-amount hmrc-taxpayers osm-aldi osm-breweries osm-castles osm-chippies osm-costa osm-golf osm-greggs osm-iceland osm-lidl osm-lighthouses osm-mands osm-mcdonalds osm-morrisons osm-nandos osm-pret osm-pubs osm-sainsburys osm-starbucks osm-stations osm-tesco osm-waitrose osm-wetherspoon repd-battery
repd-battery,Battery storage capacity (MW),Power,repd,60,we,North-east/South-west,Find the line that puts 50% of grid battery storage capacity north-east of it,(diagonal),Buckinghamshire,9,North-east,census-commute-train,0,69,census-carers-50h census-cars-none census-commute-bike census-commute-car census-commute-foot census-commute-metro census-commute-motorbike census-commute-taxi census-commute-train census-health-verybad census-heat-electric census-heat-gas census-heat-renewable census-heat-solid census-heat-wood census-home-commercial census-home-converted census-home-detached census-home-flat census-home-semi census-home-terraced census-hours-49plus census-job-managers census-job-operatives census-job-trades census-population census-qual-apprentice census-qual-degree census-qual-none census-sick census-tenure-outright census-tenure-private census-tenure-social census-work-from-home ge24-con ge24-green ge24-labour ge24-nonvoters ge24-reform hmrc-additional-rate hmrc-employed hmrc-higher-rate hmrc-pension hmrc-self-employed hmrc-tax-amount hmrc-taxpayers osm-aldi osm-breweries osm-castles osm-chippies osm-costa osm-golf osm-greggs osm-iceland osm-lidl osm-lighthouses osm-mands osm-mcdonalds osm-morrisons osm-nandos osm-pret osm-pubs osm-sainsburys osm-starbucks osm-stations osm-tesco osm-wetherspoon pop-all repd-battery-pipeline
repd-battery-pipeline,Battery storage consented or being built (MW),Power,repd,60,we,North-east/South-west,Find the line that puts 50% of battery storage capacity that is consented or under construction north-east of it,(diagonal),South Lanarkshire,24,North-east,repd-wind-onshore,6,8,census-commute-metro census-commute-train census-heat-solid census-home-flat osm-pret osm-windmills repd-battery repd-wind-onshore
repd-hydro,Hydro-electric schemes,Power,repd,60,we,North-east/South-west,Find the line that puts 50% of hydro-electric schemes north-east of it,(diagonal),Perth and Kinross,46,North-east,repd-solar-pipeline,3,4,osm-distilleries osm-windmills repd-solar-pipeline repd-wind-onshore
repd-solar,Solar farm capacity (MW),Power,repd,60,we,North-east/South-west,Find the line that puts 50% of solar farm capacity north-east of it,(diagonal),Stratford-on-Avon,55,South-west,osm-standing-stones,24,0,
repd-solar-pipeline,Solar capacity consented or being built (MW),Power,repd,60,we,North-east/South-west,Find the line that puts 50% of solar capacity that is consented or under construction north-east of it,(diagonal),Rutland,53,North-east,repd-hydro,3,3,osm-distilleries osm-windmills repd-hydro
repd-wind-offshore,Offshore wind capacity (MW),Power,repd,60,we,North-east/South-west,Find the line that puts 50% of offshore wind power capacity north-east of it,(diagonal),Aberdeen City,152,North-east,osm-distilleries,85,0,
repd-wind-onshore,Onshore wind capacity (MW),Power,repd,60,we,North-east/South-west,Find the line that puts 50% of onshore wind power capacity north-east of it,(diagonal),South Lanarkshire,29,North-east,repd-battery-pipeline,6,3,census-heat-solid osm-windmills repd-battery-pipeline
census-carers-50h,Carers giving 50+ hours a week,Health & care,unified_census,75,we,East/West,Find the line that puts 50% of people giving 50 or more hours of unpaid care a week east of it,(diagonal),Derbyshire Dales,16,West,census-home-detached,1,41,census-cars-3plus census-commute-car census-commute-foot census-commute-taxi census-health-verybad census-heat-bottled census-heat-gas census-heat-renewable census-heat-solid census-home-caravan census-home-detached census-home-semi census-home-terraced census-job-operatives census-job-trades census-population census-qual-apprentice census-qual-none census-sick census-tenure-outright ge24-libdem ge24-nonvoters ge24-reform hmrc-pension hmrc-taxpayers osm-aldi osm-breweries osm-chippies osm-distilleries osm-golf osm-greggs osm-iceland osm-lidl osm-mcdonalds osm-morrisons osm-pubs osm-stations osm-wetherspoon pop-all repd-battery repd-battery-pipeline
census-cars-3plus,Households with 3+ cars,Owning & renting,unified_census,75,we,East/West,Find the line that puts 50% of households with three or more cars or vans east of it,(diagonal),West Northamptonshire,12,West,osm-iceland,0,47,census-carers-50h census-commute-car census-commute-foot census-commute-taxi census-health-verybad census-heat-bottled census-heat-gas census-heat-renewable census-heat-solid census-home-caravan census-home-detached census-home-semi census-home-terraced census-job-operatives census-job-trades census-population census-qual-apprentice census-qual-degree census-qual-none census-sick census-tenure-outright census-tenure-social ge24-con ge24-labour ge24-libdem ge24-nonvoters ge24-reform hmrc-employed hmrc-pension hmrc-taxpayers osm-aldi osm-breweries osm-chippies osm-costa osm-distilleries osm-golf osm-greggs osm-iceland osm-lidl osm-mcdonalds osm-morrisons osm-pubs osm-stations osm-wetherspoon pop-all repd-battery repd-battery-pipeline
census-cars-none,Households with no car,Owning & renting,unified_census,75,we,East/West,Find the line that puts 50% of households with no car or van east of it,(diagonal),Charnwood,11,East,census-hours-49plus,0,41,census-commute-bike census-commute-foot census-commute-motorbike census-commute-taxi census-heat-electric census-heat-gas census-home-commercial census-home-flat census-home-semi census-hours-49plus census-job-managers census-job-operatives census-job-trades census-population census-qual-degree census-qual-none census-tenure-private census-tenure-social census-work-from-home ge24-con ge24-green ge24-labour ge24-nonvoters ge24-reform hmrc-employed hmrc-higher-rate hmrc-self-employed hmrc-tax-amount hmrc-taxpayers osm-breweries osm-costa osm-mands osm-mcdonalds osm-nandos osm-sainsburys osm-starbucks osm-tesco osm-waitrose osm-wetherspoon pop-all repd-battery
census-commute-bike,Commuters by bicycle,Getting to work,unified_census,75,we,East/West,Find the line that puts 50% of people who cycle to work east of it,(diagonal),Nottingham,18,East,census-commute-motorbike,1,31,census-cars-none census-commute-motorbike census-heat-electric census-home-commercial census-home-converted census-home-flat census-hours-49plus census-job-managers census-population census-qual-degree census-tenure-private census-tenure-social census-work-from-home ge24-con ge24-green ge24-labour ge24-reform hmrc-additional-rate hmrc-employed hmrc-higher-rate hmrc-self-employed hmrc-tax-amount hmrc-taxpayers osm-costa osm-mands osm-nandos osm-sainsburys osm-starbucks osm-tesco osm-waitrose repd-battery
census-commute-car,Commuters by car or van,Getting to work,unified_census,75,we,East/West,Find the line that puts 50% of people who drive to work east of it,(diagonal),South Derbyshire,15,West,osm-greggs,0,44,census-carers-50h census-cars-3plus census-commute-foot census-commute-taxi census-health-verybad census-heat-bottled census-heat-gas census-heat-renewable census-heat-solid census-home-caravan census-home-detached census-home-semi census-home-terraced census-job-operatives census-job-trades census-population census-qual-apprentice census-qual-none census-sick census-tenure-outright census-tenure-social ge24-labour ge24-libdem ge24-nonvoters ge24-reform hmrc-employed hmrc-pension hmrc-taxpayers osm-aldi osm-breweries osm-chippies osm-distilleries osm-golf osm-greggs osm-iceland osm-lidl osm-mcdonalds osm-morrisons osm-pubs osm-stations osm-wetherspoon pop-all repd-battery repd-battery-pipeline
census-commute-foot,Commuters on foot,Getting to work,unified_census,75,we,East/West,Find the line that puts 50% of people who walk to work east of it,(diagonal),North West Leicestershire,2,West,pop-all,0,54,census-carers-50h census-cars-3plus census-cars-none census-commute-car census-commute-taxi census-heat-electric census-heat-gas census-heat-renewable census-home-caravan census-home-commercial census-home-detached census-home-flat census-home-semi census-home-terraced census-hours-49plus census-job-managers census-job-operatives census-job-trades census-population census-qual-apprentice census-qual-degree census-qual-none census-tenure-outright census-tenure-private census-tenure-social census-work-from-home ge24-con ge24-green ge24-labour ge24-libdem ge24-nonvoters ge24-reform hmrc-employed hmrc-higher-rate hmrc-pension hmrc-self-employed hmrc-taxpayers osm-aldi osm-breweries osm-chippies osm-costa osm-distilleries osm-greggs osm-iceland osm-mands osm-mcdonalds osm-pubs osm-starbucks osm-tesco osm-waitrose osm-wetherspoon pop-all repd-battery repd-battery-pipeline
census-commute-metro,"Commuters by underground, metro or tram",Getting to work,unified_census,75,we,East/West,"Find the line that puts 50% of people who commute by underground, metro or tram east of it",(diagonal),Haringey,47,East,osm-pret,2,6,census-commute-train census-home-converted hmrc-additional-rate osm-pret osm-windmills repd-solar-pipeline
census-commute-motorbike,Commuters by motorbike or moped,Getting to work,unified_census,75,we,East/West,Find the line that puts 50% of people who ride a motorbike or moped to work east of it,(diagonal),Barnsley,17,East,census-commute-bike,1,32,census-cars-none census-commute-bike census-heat-electric census-heat-gas census-home-commercial census-home-converted census-home-flat census-hours-49plus census-job-managers census-population census-qual-degree census-tenure-private census-tenure-social census-work-from-home ge24-con ge24-green ge24-labour ge24-reform hmrc-additional-rate hmrc-employed hmrc-higher-rate hmrc-self-employed hmrc-tax-amount hmrc-taxpayers osm-costa osm-mands osm-nandos osm-sainsburys osm-starbucks osm-tesco osm-waitrose repd-battery
census-commute-taxi,Commuters by taxi,Getting to work,unified_census,75,we,East/West,Find the line that puts 50% of people who get to work by taxi east of it,(diagonal),Calderdale,7,West,osm-breweries,0,56,census-carers-50h census-cars-3plus census-cars-none census-commute-car census-commute-foot census-health-verybad census-heat-electric census-heat-gas census-heat-renewable census-heat-solid census-home-caravan census-home-detached census-home-semi census-home-terraced census-hours-49plus census-job-managers census-job-operatives census-job-trades census-population census-qual-apprentice census-qual-degree census-qual-none census-sick census-tenure-outright census-tenure-private census-tenure-social census-work-from-home ge24-con ge24-green ge24-labour ge24-libdem ge24-nonvoters ge24-reform hmrc-employed hmrc-higher-rate hmrc-pension hmrc-self-employed hmrc-taxpayers osm-aldi osm-breweries osm-chippies osm-costa osm-distilleries osm-golf osm-greggs osm-iceland osm-lidl osm-mcdonalds osm-morrisons osm-pubs osm-starbucks osm-tesco osm-wetherspoon pop-all repd-battery repd-battery-pipeline
census-commute-train,Commuters by train,Getting to work,unified_census,75,we,East/West,Find the line that puts 50% of people who commute by train east of it,(diagonal),St Albans,38,East,census-home-converted,4,8,census-commute-metro census-home-converted hmrc-additional-rate hmrc-tax-amount osm-pret osm-sainsburys osm-windmills repd-solar-pipeline
census-health-verybad,Very bad health,Health & care,unified_census,75,we,East/West,Find the line that puts 50% of people in very bad health east of it,(diagonal),Oxford,20,West,osm-lidl,0,34,census-carers-50h census-cars-3plus census-commute-car census-commute-taxi census-heat-bottled census-heat-renewable census-heat-solid census-home-caravan census-home-detached census-home-semi census-home-terraced census-job-operatives census-job-trades census-qual-apprentice census-qual-none census-sick census-tenure-outright ge24-libdem ge24-nonvoters hmrc-pension osm-aldi osm-breweries osm-chippies osm-distilleries osm-golf osm-greggs osm-iceland osm-lidl osm-morrisons osm-pubs osm-stations osm-wetherspoon repd-battery-pipeline repd-solar
census-heat-bottled,Homes heated only by tank or bottled gas,Heating,unified_census,75,we,East/West,Find the line that puts 50% of homes heated only by tank or bottled gas east of it,(diagonal),Basingstoke and Deane,29,West,osm-stations,4,21,census-carers-50h census-cars-3plus census-commute-car census-health-verybad census-heat-renewable census-heat-solid census-heat-wood census-home-detached census-qual-apprentice census-sick census-tenure-outright osm-aldi osm-distilleries osm-golf osm-greggs osm-iceland osm-lidl osm-morrisons osm-stations repd-battery-pipeline repd-solar
census-heat-electric,Homes heated only by electricity,Heating,unified_census,75,we,East/West,Find the line that puts 50% of homes heated only by electricity east of it,(diagonal),Worthing,9,East,osm-starbucks,0,45,census-cars-none census-commute-bike census-commute-foot census-commute-motorbike census-commute-taxi census-heat-gas census-home-commercial census-home-flat census-home-semi census-home-terraced census-hours-49plus census-job-managers census-job-operatives census-job-trades census-population census-qual-degree census-qual-none census-tenure-private census-tenure-social census-work-from-home ge24-con ge24-green ge24-labour ge24-nonvoters ge24-reform hmrc-employed hmrc-higher-rate hmrc-pension hmrc-self-employed hmrc-tax-amount hmrc-taxpayers osm-breweries osm-chippies osm-costa osm-mands osm-mcdonalds osm-nandos osm-pubs osm-sainsburys osm-starbucks osm-tesco osm-waitrose osm-wetherspoon pop-all repd-battery
census-heat-gas,Homes heated only by mains gas,Heating,unified_census,75,we,East/West,Find the line that puts 50% of homes heated only by mains gas east of it,(diagonal),West Northamptonshire,0,West,hmrc-taxpayers,0,54,census-carers-50h census-cars-3plus census-cars-none census-commute-car census-commute-foot census-commute-motorbike census-commute-taxi census-heat-electric census-heat-renewable census-home-caravan census-home-commercial census-home-detached census-home-flat census-home-semi census-home-terraced census-hours-49plus census-job-managers census-job-operatives census-job-trades census-population census-qual-apprentice census-qual-degree census-qual-none census-tenure-outright census-tenure-private census-tenure-social census-work-from-home ge24-con ge24-green ge24-labour ge24-libdem ge24-nonvoters ge24-reform hmrc-employed hmrc-higher-rate hmrc-pension hmrc-self-employed hmrc-taxpayers osm-aldi osm-breweries osm-chippies osm-costa osm-greggs osm-iceland osm-mands osm-mcdonalds osm-pubs osm-starbucks osm-tesco osm-waitrose osm-wetherspoon pop-all repd-battery repd-battery-pipeline
census-heat-oil,Homes heated only by oil,Heating,unified_census,75,we,East/West,Find the line that puts 50% of homes heated only by oil east of it,(diagonal),Dumfries and Galloway,86,West,osm-lighthouses,6,3,osm-lighthouses osm-standing-stones repd-hydro
census-heat-renewable,Homes heated only by renewables,Heating,unified_census,75,we,East/West,Find the line that puts 50% of homes heated only by renewable energy east of it,(diagonal),Highland,17,West,osm-aldi,1,40,census-carers-50h census-cars-3plus census-commute-car census-commute-foot census-commute-taxi census-health-verybad census-heat-bottled census-heat-gas census-heat-solid census-home-caravan census-home-detached census-home-semi census-home-terraced census-job-operatives census-job-trades census-population census-qual-apprentice census-qual-none census-sick census-tenure-outright ge24-libdem ge24-nonvoters hmrc-pension hmrc-taxpayers osm-aldi osm-breweries osm-chippies osm-distilleries osm-golf osm-greggs osm-iceland osm-lidl osm-mcdonalds osm-morrisons osm-pubs osm-stations osm-wetherspoon pop-all repd-battery-pipeline repd-solar
census-heat-solid,Homes heated only by solid fuel,Heating,unified_census,75,we,East/West,"Find the line that puts 50% of homes heated only by solid fuel (coal, peat) east of it",(diagonal),High Peak,22,West,osm-golf,0,33,census-carers-50h census-cars-3plus census-commute-car census-commute-taxi census-health-verybad census-heat-bottled census-heat-renewable census-home-caravan census-home-detached census-home-semi census-home-terraced census-job-operatives census-job-trades census-qual-apprentice census-sick census-tenure-outright ge24-libdem ge24-nonvoters hmrc-pension osm-aldi osm-breweries osm-chippies osm-distilleries osm-golf osm-greggs osm-iceland osm-lidl osm-morrisons osm-pubs osm-stations osm-wetherspoon repd-battery-pipeline repd-solar
census-heat-wood,Homes heated only by wood,Heating,unified_census,75,we,East/West,Find the line that puts 50% of homes heated only by wood east of it,(diagonal),Highland,45,West,osm-castles,5,3,census-heat-bottled osm-castles repd-solar
census-home-caravan,Households in a caravan or mobile home,Homes,unified_census,75,we,East/West,Find the line that puts 50% of households living in a caravan or mobile home east of it,(diagonal),South Derbyshire,10,West,ge24-libdem,0,47,census-carers-50h census-cars-3plus census-commute-car census-commute-foot census-commute-taxi census-health-verybad census-heat-gas census-heat-renewable census-heat-solid census-home-detached census-home-semi census-home-terraced census-job-operatives census-job-trades census-population census-qual-apprentice census-qual-degree census-qual-none census-sick census-tenure-outright census-tenure-social ge24-con ge24-labour ge24-libdem ge24-nonvoters ge24-reform hmrc-employed hmrc-pension hmrc-taxpayers osm-aldi osm-breweries osm-chippies osm-costa osm-distilleries osm-golf osm-greggs osm-iceland osm-lidl osm-mcdonalds osm-morrisons osm-pubs osm-stations osm-tesco osm-wetherspoon pop-all repd-battery repd-battery-pipeline
census-home-commercial,Households in a commercial building,Homes,unified_census,75,we,East/West,"Find the line that puts 50% of households living above a shop, in an office building or hotel east of it",(diagonal),Leicester,13,East,osm-mands,0,37,census-cars-none census-commute-bike census-commute-foot census-commute-motorbike census-heat-electric census-heat-gas census-home-flat census-hours-49plus census-job-managers census-job-operatives census-population census-qual-degree census-qual-none census-tenure-private census-tenure-social census-work-from-home ge24-con ge24-green ge24-labour ge24-nonvoters ge24-reform hmrc-employed hmrc-higher-rate hmrc-self-employed hmrc-tax-amount hmrc-taxpayers osm-costa osm-mands osm-mcdonalds osm-nandos osm-sainsburys osm-starbucks osm-tesco osm-waitrose osm-wetherspoon pop-all repd-battery
census-home-converted,Households in converted or shared houses,Homes,unified_census,75,we,East/West,"Find the line that puts 50% of households in converted or shared houses, including bedsits east of it",(diagonal),Ealing,35,East,hmrc-additional-rate,2,10,census-commute-bike census-commute-metro census-commute-motorbike census-commute-train hmrc-additional-rate hmrc-tax-amount osm-nandos osm-pret osm-sainsburys repd-solar-pipeline
census-home-detached,Households in detached houses,Homes,unified_census,75,we,East/West,Find the line that puts 50% of households in a detached house east of it,(diagonal),Hart,15,West,osm-greggs,0,41,census-carers-50h census-cars-3plus census-commute-car census-commute-foot census-commute-taxi census-health-verybad census-heat-bottled census-heat-gas census-heat-renewable census-heat-solid census-home-caravan census-home-semi census-home-terraced census-job-operatives census-job-trades census-population census-qual-apprentice census-qual-none census-sick census-tenure-outright ge24-libdem ge24-nonvoters ge24-reform hmrc-pension hmrc-taxpayers osm-aldi osm-breweries osm-chippies osm-distilleries osm-golf osm-greggs osm-iceland osm-lidl osm-mcdonalds osm-morrisons osm-pubs osm-stations osm-wetherspoon pop-all repd-battery repd-battery-pipeline
census-home-flat,Households in purpose-built flats,Homes,unified_census,75,we,East/West,Find the line that puts 50% of households in a purpose-built block of flats east of it,(diagonal),Nottingham,16,East,osm-waitrose,0,34,census-cars-none census-commute-bike census-commute-foot census-commute-motorbike census-heat-electric census-heat-gas census-home-commercial census-hours-49plus census-job-managers census-population census-qual-degree census-tenure-private census-tenure-social census-work-from-home ge24-con ge24-green ge24-labour ge24-reform hmrc-additional-rate hmrc-employed hmrc-higher-rate hmrc-self-employed hmrc-tax-amount hmrc-taxpayers osm-costa osm-mands osm-mcdonalds osm-nandos osm-sainsburys osm-starbucks osm-tesco osm-waitrose pop-all repd-battery
census-home-semi,Households in semi-detached houses,Homes,unified_census,75,we,East/West,Find the line that puts 50% of households in a semi-detached house east of it,(diagonal),Hinckley and Bosworth,6,West,census-commute-taxi,0,56,census-carers-50h census-cars-3plus census-cars-none census-commute-car census-commute-foot census-commute-taxi census-health-verybad census-heat-electric census-heat-gas census-heat-renewable census-heat-solid census-home-caravan census-home-detached census-home-terraced census-hours-49plus census-job-managers census-job-operatives census-job-trades census-population census-qual-apprentice census-qual-degree census-qual-none census-sick census-tenure-outright census-tenure-private census-tenure-social census-work-from-home ge24-con ge24-green ge24-labour ge24-libdem ge24-nonvoters ge24-reform hmrc-employed hmrc-higher-rate hmrc-pension hmrc-self-employed hmrc-taxpayers osm-aldi osm-breweries osm-chippies osm-costa osm-distilleries osm-golf osm-greggs osm-iceland osm-lidl osm-mcdonalds osm-morrisons osm-pubs osm-starbucks osm-tesco osm-wetherspoon pop-all repd-battery repd-battery-pipeline
census-home-terraced,Households in terraced houses,Homes,unified_census,75,we,East/West,Find the line that puts 50% of households in a terraced house east of it,(diagonal),Calderdale,8,West,osm-pubs,0,51,census-carers-50h census-cars-3plus census-commute-car census-commute-foot census-commute-taxi census-health-verybad census-heat-electric census-heat-gas census-heat-renewable census-heat-solid census-home-caravan census-home-detached census-home-semi census-job-operatives census-job-trades census-population census-qual-apprentice census-qual-degree census-qual-none census-sick census-tenure-outright census-tenure-social ge24-con ge24-labour ge24-libdem ge24-nonvoters ge24-reform hmrc-employed hmrc-higher-rate hmrc-pension hmrc-self-employed hmrc-taxpayers osm-aldi osm-breweries osm-chippies osm-costa osm-distilleries osm-golf osm-greggs osm-iceland osm-lidl osm-mcdonalds osm-morrisons osm-pubs osm-starbucks osm-stations osm-tesco osm-wetherspoon pop-all repd-battery repd-battery-pipeline
census-hours-49plus,People working 49+ hours a week,Work & qualifications,unified_census,75,we,East/West,Find the line that puts 50% of people working 49 or more hours a week east of it,(diagonal),Leeds,11,East,ge24-green,0,39,census-cars-none census-commute-bike census-commute-foot census-commute-motorbike census-commute-taxi census-heat-electric census-heat-gas census-home-commercial census-home-flat census-home-semi census-job-managers census-job-operatives census-population census-qual-degree census-qual-none census-tenure-private census-tenure-social census-work-from-home ge24-con ge24-green ge24-labour ge24-nonvoters ge24-reform hmrc-employed hmrc-higher-rate hmrc-self-employed hmrc-tax-amount hmrc-taxpayers osm-costa osm-mands osm-mcdonalds osm-nandos osm-sainsburys osm-starbucks osm-tesco osm-waitrose osm-wetherspoon pop-all repd-battery
census-job-managers,"Managers, directors and senior officials",Work & qualifications,unified_census,75,we,East/West,"Find the line that puts 50% of managers, directors and senior officials east of it",(diagonal),Woking,10,East,census-tenure-private,0,43,census-cars-none census-commute-bike census-commute-foot census-commute-motorbike census-commute-taxi census-heat-electric census-heat-gas census-home-commercial census-home-flat census-home-semi census-hours-49plus census-job-operatives census-job-trades census-population census-qual-degree census-qual-none census-tenure-private census-tenure-social census-work-from-home ge24-con ge24-green ge24-labour ge24-nonvoters ge24-reform hmrc-employed hmrc-higher-rate hmrc-self-employed hmrc-tax-amount hmrc-taxpayers osm-breweries osm-chippies osm-costa osm-mands osm-mcdonalds osm-nandos osm-pubs osm-sainsburys osm-starbucks osm-tesco osm-waitrose osm-wetherspoon pop-all repd-battery
census-job-operatives,"Process, plant and machine operatives",Work & qualifications,unified_census,75,we,East/West,"Find the line that puts 50% of process, plant and machine operatives east of it",(diagonal),Rugby,4,West,osm-wetherspoon,0,57,census-carers-50h census-cars-3plus census-cars-none census-commute-car census-commute-foot census-commute-taxi census-health-verybad census-heat-electric census-heat-gas census-heat-renewable census-home-caravan census-home-commercial census-home-detached census-home-semi census-home-terraced census-hours-49plus census-job-managers census-job-trades census-population census-qual-apprentice census-qual-degree census-qual-none census-sick census-tenure-outright census-tenure-private census-tenure-social census-work-from-home ge24-con ge24-green ge24-labour ge24-libdem ge24-nonvoters ge24-reform hmrc-employed hmrc-higher-rate hmrc-pension hmrc-self-employed hmrc-taxpayers osm-aldi osm-breweries osm-chippies osm-costa osm-distilleries osm-golf osm-greggs osm-iceland osm-lidl osm-mands osm-mcdonalds osm-morrisons osm-pubs osm-starbucks osm-tesco osm-wetherspoon pop-all repd-battery repd-battery-pipeline
census-job-trades,Skilled trades,Work & qualifications,unified_census,75,we,East/West,Find the line that puts 50% of people working in skilled trades east of it,(diagonal),Kirklees,7,West,osm-chippies,0,55,census-carers-50h census-cars-3plus census-cars-none census-commute-car census-commute-foot census-commute-taxi census-health-verybad census-heat-electric census-heat-gas census-heat-renewable census-heat-solid census-home-caravan census-home-detached census-home-semi census-home-terraced census-job-managers census-job-operatives census-population census-qual-apprentice census-qual-degree census-qual-none census-sick census-tenure-outright census-tenure-private census-tenure-social census-work-from-home ge24-con ge24-labour ge24-libdem ge24-nonvoters ge24-reform hmrc-employed hmrc-higher-rate hmrc-pension hmrc-self-employed hmrc-taxpayers osm-aldi osm-breweries osm-chippies osm-costa osm-distilleries osm-golf osm-greggs osm-iceland osm-lidl osm-mcdonalds osm-morrisons osm-pubs osm-starbucks osm-stations osm-tesco osm-wetherspoon pop-all repd-battery repd-battery-pipeline
census-population,Usual residents (census),Population,unified_census,75,we,East/West,Find the line that puts 50% of the UK's residents east of it,(diagonal),Bradford,0,,hmrc-taxpayers,0,55,census-carers-50h census-cars-3plus census-cars-none census-commute-bike census-commute-car census-commute-foot census-commute-motorbike census-commute-taxi census-heat-electric census-heat-gas census-heat-renewable census-home-caravan census-home-commercial census-home-detached census-home-flat census-home-semi census-home-terraced census-hours-49plus census-job-managers census-job-operatives census-job-trades census-qual-apprentice census-qual-degree census-qual-none census-tenure-outright census-tenure-private census-tenure-social census-work-from-home ge24-con ge24-green ge24-labour ge24-libdem ge24-nonvoters ge24-reform hmrc-employed hmrc-higher-rate hmrc-pension hmrc-self-employed hmrc-taxpayers osm-aldi osm-breweries osm-chippies osm-costa osm-greggs osm-iceland osm-mands osm-mcdonalds osm-pubs osm-starbucks osm-tesco osm-waitrose osm-wetherspoon pop-all repd-battery repd-battery-pipeline
census-qual-apprentice,Apprenticeships,Work & qualifications,unified_census,75,we,East/West,Find the line that puts 50% of people whose highest qualification is an apprenticeship east of it,(diagonal),Arun,13,West,repd-battery-pipeline,0,45,census-carers-50h census-cars-3plus census-commute-car census-commute-foot census-commute-taxi census-health-verybad census-heat-bottled census-heat-gas census-heat-renewable census-heat-solid census-home-caravan census-home-detached census-home-semi census-home-terraced census-job-operatives census-job-trades census-population census-qual-degree census-qual-none census-sick census-tenure-outright census-tenure-social ge24-labour ge24-libdem ge24-nonvoters ge24-reform hmrc-employed hmrc-pension hmrc-taxpayers osm-aldi osm-breweries osm-chippies osm-distilleries osm-golf osm-greggs osm-iceland osm-lidl osm-mcdonalds osm-morrisons osm-pubs osm-stations osm-wetherspoon pop-all repd-battery repd-battery-pipeline
census-qual-degree,Degree-level qualifications,Work & qualifications,unified_census,75,we,East/West,Find the line that puts 50% of people with a degree-level qualification or above east of it,(diagonal),Sheffield,4,East,ge24-con,1,49,census-cars-3plus census-cars-none census-commute-bike census-commute-foot census-commute-motorbike census-commute-taxi census-heat-electric census-heat-gas census-home-caravan census-home-commercial census-home-flat census-home-semi census-home-terraced census-hours-49plus census-job-managers census-job-operatives census-job-trades census-population census-qual-apprentice census-qual-none census-tenure-private census-tenure-social census-work-from-home ge24-con ge24-green ge24-labour ge24-libdem ge24-nonvoters ge24-reform hmrc-employed hmrc-higher-rate hmrc-pension hmrc-self-employed hmrc-taxpayers osm-breweries osm-chippies osm-costa osm-iceland osm-mands osm-mcdonalds osm-nandos osm-pubs osm-starbucks osm-tesco osm-waitrose osm-wetherspoon pop-all repd-battery repd-battery-pipeline
census-qual-none,No qualifications,Work & qualifications,unified_census,75,we,East/West,Find the line that puts 50% of adults with no qualifications east of it,(diagonal),Derby,3,West,census-job-operatives,1,55,census-carers-50h census-cars-3plus census-cars-none census-commute-car census-commute-foot census-commute-taxi census-health-verybad census-heat-electric census-heat-gas census-heat-renewable census-home-caravan census-home-commercial census-home-detached census-home-semi census-home-terraced census-hours-49plus census-job-managers census-job-operatives census-job-trades census-population census-qual-apprentice census-qual-degree census-tenure-outright census-tenure-private census-tenure-social census-work-from-home ge24-con ge24-green ge24-labour ge24-libdem ge24-nonvoters ge24-reform hmrc-employed hmrc-higher-rate hmrc-pension hmrc-self-employed hmrc-taxpayers osm-aldi osm-breweries osm-chippies osm-costa osm-distilleries osm-greggs osm-iceland osm-lidl osm-mands osm-mcdonalds osm-morrisons osm-pubs osm-starbucks osm-tesco osm-wetherspoon pop-all repd-battery repd-battery-pipeline
census-sick,Long-term sick or disabled,Health & care,unified_census,75,we,East/West,Find the line that puts 50% of people out of work because they are long-term sick or disabled east of it,(diagonal),Rochdale,22,West,osm-golf,0,33,census-carers-50h census-cars-3plus census-commute-car census-commute-taxi census-health-verybad census-heat-bottled census-heat-renewable census-heat-solid census-home-caravan census-home-detached census-home-semi census-home-terraced census-job-operatives census-job-trades census-qual-apprentice census-tenure-outright ge24-libdem ge24-nonvoters hmrc-pension osm-aldi osm-breweries osm-chippies osm-distilleries osm-golf osm-greggs osm-iceland osm-lidl osm-morrisons osm-pubs osm-stations osm-wetherspoon repd-battery-pipeline repd-solar
census-tenure-outright,Households that own outright,Owning & renting,unified_census,75,we,East/West,Find the line that puts 50% of households that own their home outright east of it,(diagonal),West Northamptonshire,14,West,census-commute-car,1,44,census-carers-50h census-cars-3plus census-commute-car census-commute-foot census-commute-taxi census-health-verybad census-heat-bottled census-heat-gas census-heat-renewable census-heat-solid census-home-caravan census-home-detached census-home-semi census-home-terraced census-job-operatives census-job-trades census-population census-qual-apprentice census-qual-none census-sick census-tenure-social ge24-labour ge24-libdem ge24-nonvoters ge24-reform hmrc-employed hmrc-pension hmrc-taxpayers osm-aldi osm-breweries osm-chippies osm-distilleries osm-golf osm-greggs osm-iceland osm-lidl osm-mcdonalds osm-morrisons osm-pubs osm-stations osm-wetherspoon pop-all repd-battery repd-battery-pipeline
census-tenure-private,Households renting privately,Owning & renting,unified_census,75,we,East/West,Find the line that puts 50% of households renting privately east of it,(diagonal),Leicester,10,East,census-job-managers,0,43,census-cars-none census-commute-bike census-commute-foot census-commute-motorbike census-commute-taxi census-heat-electric census-heat-gas census-home-commercial census-home-flat census-home-semi census-hours-49plus census-job-managers census-job-operatives census-job-trades census-population census-qual-degree census-qual-none census-tenure-social census-work-from-home ge24-con ge24-green ge24-labour ge24-nonvoters ge24-reform hmrc-employed hmrc-higher-rate hmrc-self-employed hmrc-tax-amount hmrc-taxpayers osm-breweries osm-chippies osm-costa osm-mands osm-mcdonalds osm-nandos osm-pubs osm-sainsburys osm-starbucks osm-tesco osm-waitrose osm-wetherspoon pop-all repd-battery
census-tenure-social,Households renting socially,Owning & renting,unified_census,75,we,East/West,Find the line that puts 50% of households in social housing east of it,(diagonal),Bradford,3,East,hmrc-employed,0,52,census-cars-3plus census-cars-none census-commute-bike census-commute-car census-commute-foot census-commute-motorbike census-commute-taxi census-heat-electric census-heat-gas census-home-caravan census-home-commercial census-home-flat census-home-semi census-home-terraced census-hours-49plus census-job-managers census-job-operatives census-job-trades census-population census-qual-apprentice census-qual-degree census-qual-none census-tenure-outright census-tenure-private census-work-from-home ge24-con ge24-green ge24-labour ge24-libdem ge24-nonvoters ge24-reform hmrc-employed hmrc-higher-rate hmrc-pension hmrc-self-employed hmrc-taxpayers osm-breweries osm-chippies osm-costa osm-greggs osm-iceland osm-mands osm-mcdonalds osm-nandos osm-pubs osm-starbucks osm-tesco osm-waitrose osm-wetherspoon pop-all repd-battery repd-battery-pipeline
census-work-from-home,People working mainly from home,Getting to work,unified_census,75,we,East/West,Find the line that puts 50% of people who work mainly from home east of it,(diagonal),Guildford,10,East,census-cars-none,0,42,census-cars-none census-commute-bike census-commute-foot census-commute-motorbike census-commute-taxi census-heat-electric census-heat-gas census-home-commercial census-home-flat census-home-semi census-hours-49plus census-job-managers census-job-operatives census-job-trades census-population census-qual-degree census-qual-none census-tenure-private census-tenure-social ge24-con ge24-green ge24-labour ge24-nonvoters ge24-reform hmrc-employed hmrc-higher-rate hmrc-self-employed hmrc-tax-amount hmrc-taxpayers osm-breweries osm-chippies osm-costa osm-mands osm-mcdonalds osm-nandos osm-sainsburys osm-starbucks osm-tesco osm-waitrose osm-wetherspoon pop-all repd-battery
ge24-con,"Conservative votes, 2024",Election night,ge2024,75,we,East/West,Find the line that puts 50% of votes cast for the Conservatives in 2024 east of it,(diagonal),Godalming and Ash,6,East,osm-costa,1,48,census-cars-3plus census-cars-none census-commute-bike census-commute-foot census-commute-motorbike census-commute-taxi census-heat-electric census-heat-gas census-home-caravan census-home-commercial census-home-flat census-home-semi census-home-terraced census-hours-49plus census-job-managers census-job-operatives census-job-trades census-population census-qual-degree census-qual-none census-tenure-private census-tenure-social census-work-from-home ge24-green ge24-labour ge24-libdem ge24-nonvoters ge24-reform hmrc-employed hmrc-higher-rate hmrc-pension hmrc-self-employed hmrc-tax-amount hmrc-taxpayers osm-breweries osm-chippies osm-costa osm-iceland osm-mands osm-mcdonalds osm-nandos osm-pubs osm-starbucks osm-tesco osm-waitrose osm-wetherspoon pop-all repd-battery
ge24-green,"Green votes, 2024",Election night,ge2024,75,we,East/West,Find the line that puts 50% of votes cast for the Greens in 2024 east of it,(diagonal),Sheffield Central,11,East,census-hours-49plus,0,38,census-cars-none census-commute-bike census-commute-foot census-commute-motorbike census-heat-electric census-heat-gas census-home-commercial census-home-flat census-home-semi census-hours-49plus census-job-managers census-job-operatives census-population census-qual-degree census-qual-none census-tenure-private census-tenure-social census-work-from-home ge24-con ge24-labour ge24-nonvoters ge24-reform hmrc-employed hmrc-higher-rate hmrc-self-employed hmrc-tax-amount hmrc-taxpayers osm-costa osm-mands osm-mcdonalds osm-nandos osm-sainsburys osm-starbucks osm-tesco osm-waitrose osm-wetherspoon pop-all repd-battery
ge24-labour,"Labour votes, 2024",Election night,ge2024,75,we,East/West,Find the line that puts 50% of votes cast for Labour in 2024 east of it,(diagonal),Sheffield Hallam,3,East,census-tenure-social,0,52,census-cars-3plus census-cars-none census-commute-bike census-commute-car census-commute-foot census-commute-motorbike census-commute-taxi census-heat-electric census-heat-gas census-home-caravan census-home-commercial census-home-flat census-home-semi census-home-terraced census-hours-49plus census-job-managers census-job-operatives census-job-trades census-population census-qual-apprentice census-qual-degree census-qual-none census-tenure-outright census-tenure-private census-tenure-social census-work-from-home ge24-con ge24-green ge24-libdem ge24-nonvoters ge24-reform hmrc-employed hmrc-higher-rate hmrc-pension hmrc-self-employed hmrc-taxpayers osm-breweries osm-chippies osm-costa osm-greggs osm-iceland osm-mands osm-mcdonalds osm-nandos osm-pubs osm-starbucks osm-tesco osm-waitrose osm-wetherspoon pop-all repd-battery repd-battery-pipeline
ge24-libdem,"Liberal Democrat votes, 2024",Election night,ge2024,75,we,East/West,Find the line that puts 50% of votes cast for the Liberal Democrats in 2024 east of it,(diagonal),Wokingham,10,West,census-home-caravan,0,47,census-carers-50h census-cars-3plus census-commute-car census-commute-foot census-commute-taxi census-health-verybad census-heat-gas census-heat-renewable census-heat-solid census-home-caravan census-home-detached census-home-semi census-home-terraced census-job-operatives census-job-trades census-population census-qual-apprentice census-qual-degree census-qual-none census-sick census-tenure-outright census-tenure-social ge24-con ge24-labour ge24-nonvoters ge24-reform hmrc-employed hmrc-pension hmrc-taxpayers osm-aldi osm-breweries osm-chippies osm-costa osm-distilleries osm-golf osm-greggs osm-iceland osm-lidl osm-mcdonalds osm-morrisons osm-pubs osm-stations osm-tesco osm-wetherspoon pop-all repd-battery repd-battery-pipeline
ge24-nonvoters,"Registered voters who did not vote, 2024",Election night,ge2024,75,we,East/West,Find the line that puts 50% of registered voters who stayed at home in 2024 east of it,(diagonal),Huddersfield,5,West,osm-wetherspoon,1,58,census-carers-50h census-cars-3plus census-cars-none census-commute-car census-commute-foot census-commute-taxi census-health-verybad census-heat-electric census-heat-gas census-heat-renewable census-heat-solid census-home-caravan census-home-commercial census-home-detached census-home-semi census-home-terraced census-hours-49plus census-job-managers census-job-operatives census-job-trades census-population census-qual-apprentice census-qual-degree census-qual-none census-sick census-tenure-outright census-tenure-private census-tenure-social census-work-from-home ge24-con ge24-green ge24-labour ge24-libdem ge24-reform hmrc-employed hmrc-higher-rate hmrc-pension hmrc-self-employed hmrc-taxpayers osm-aldi osm-breweries osm-chippies osm-costa osm-distilleries osm-golf osm-greggs osm-iceland osm-lidl osm-mands osm-mcdonalds osm-morrisons osm-pubs osm-starbucks osm-tesco osm-wetherspoon pop-all repd-battery repd-battery-pipeline
ge24-reform,"Reform UK votes, 2024",Election night,ge2024,75,we,East/West,Find the line that puts 50% of votes cast for Reform UK in 2024 east of it,(diagonal),Amber Valley,1,East,repd-battery,0,54,census-carers-50h census-cars-3plus census-cars-none census-commute-bike census-commute-car census-commute-foot census-commute-motorbike census-commute-taxi census-heat-electric census-heat-gas census-home-caravan census-home-commercial census-home-detached census-home-flat census-home-semi census-home-terraced census-hours-49plus census-job-managers census-job-operatives census-job-trades census-population census-qual-apprentice census-qual-degree census-qual-none census-tenure-outright census-tenure-private census-tenure-social census-work-from-home ge24-con ge24-green ge24-labour ge24-libdem ge24-nonvoters hmrc-employed hmrc-higher-rate hmrc-pension hmrc-self-employed hmrc-taxpayers osm-breweries osm-chippies osm-costa osm-greggs osm-iceland osm-mands osm-mcdonalds osm-nandos osm-pubs osm-starbucks osm-tesco osm-waitrose osm-wetherspoon pop-all repd-battery repd-battery-pipeline
hmrc-additional-rate,Additional-rate (top-rate) taxpayers,Income & tax,hmrc,75,we,East/West,Find the line that puts 50% of top-rate taxpayers east of it,(diagonal),Richmond upon Thames,33,East,census-home-converted,2,12,census-commute-bike census-commute-metro census-commute-motorbike census-commute-train census-home-converted census-home-flat hmrc-tax-amount osm-nandos osm-pret osm-sainsburys osm-waitrose repd-solar-pipeline
hmrc-employed,Taxpayers with a job,Income & tax,hmrc,75,we,East/West,Find the line that puts 50% of taxpayers with income from a job east of it,(diagonal),Buckinghamshire,3,East,census-tenure-social,0,51,census-cars-3plus census-cars-none census-commute-bike census-commute-car census-commute-foot census-commute-motorbike census-commute-taxi census-heat-electric census-heat-gas census-home-caravan census-home-commercial census-home-flat census-home-semi census-home-terraced census-hours-49plus census-job-managers census-job-operatives census-job-trades census-population census-qual-apprentice census-qual-degree census-qual-none census-tenure-outright census-tenure-private census-tenure-social census-work-from-home ge24-con ge24-green ge24-labour ge24-libdem ge24-nonvoters ge24-reform hmrc-higher-rate hmrc-pension hmrc-self-employed hmrc-taxpayers osm-breweries osm-chippies osm-costa osm-iceland osm-mands osm-mcdonalds osm-nandos osm-pubs osm-starbucks osm-tesco osm-waitrose osm-wetherspoon pop-all repd-battery repd-battery-pipeline
hmrc-higher-rate,Higher-rate taxpayers,Income & tax,hmrc,75,we,East/West,Find the line that puts 50% of higher-rate taxpayers east of it,(diagonal),Buckinghamshire,9,East,census-tenure-private,0,44,census-cars-none census-commute-bike census-commute-foot census-commute-motorbike census-commute-taxi census-heat-electric census-heat-gas census-home-commercial census-home-flat census-home-semi census-home-terraced census-hours-49plus census-job-managers census-job-operatives census-job-trades census-population census-qual-degree census-qual-none census-tenure-private census-tenure-social census-work-from-home ge24-con ge24-green ge24-labour ge24-nonvoters ge24-reform hmrc-employed hmrc-self-employed hmrc-tax-amount hmrc-taxpayers osm-breweries osm-chippies osm-costa osm-mands osm-mcdonalds osm-nandos osm-pubs osm-sainsburys osm-starbucks osm-tesco osm-waitrose osm-wetherspoon pop-all repd-battery
hmrc-pension,Taxpayers with pension income,Income & tax,hmrc,75,we,East/West,Find the line that puts 50% of taxpayers drawing a pension east of it,(diagonal),Fife,9,West,census-home-terraced,1,50,census-carers-50h census-cars-3plus census-commute-car census-commute-foot census-commute-taxi census-health-verybad census-heat-electric census-heat-gas census-heat-renewable census-heat-solid census-home-caravan census-home-detached census-home-semi census-home-terraced census-job-operatives census-job-trades census-population census-qual-apprentice census-qual-degree census-qual-none census-sick census-tenure-outright census-tenure-social ge24-con ge24-labour ge24-libdem ge24-nonvoters ge24-reform hmrc-employed hmrc-self-employed hmrc-taxpayers osm-aldi osm-breweries osm-chippies osm-costa osm-distilleries osm-golf osm-greggs osm-iceland osm-lidl osm-mcdonalds osm-morrisons osm-pubs osm-starbucks osm-stations osm-tesco osm-wetherspoon pop-all repd-battery repd-battery-pipeline
hmrc-self-employed,Self-employed taxpayers,Income & tax,hmrc,75,we,East/West,Find the line that puts 50% of self-employed taxpayers east of it,(diagonal),Buckinghamshire,8,East,census-heat-electric,1,47,census-cars-none census-commute-bike census-commute-foot census-commute-motorbike census-commute-taxi census-heat-electric census-heat-gas census-home-caravan census-home-commercial census-home-flat census-home-semi census-home-terraced census-hours-49plus census-job-managers census-job-operatives census-job-trades census-population census-qual-degree census-qual-none census-tenure-private census-tenure-social census-work-from-home ge24-con ge24-green ge24-labour ge24-libdem ge24-nonvoters ge24-reform hmrc-employed hmrc-higher-rate hmrc-pension hmrc-tax-amount hmrc-taxpayers osm-breweries osm-chippies osm-costa osm-mands osm-mcdonalds osm-nandos osm-pubs osm-sainsburys osm-starbucks osm-tesco osm-waitrose osm-wetherspoon pop-all repd-battery
hmrc-tax-amount,Income tax paid,Income & tax,hmrc,75,we,East/West,Find the line that puts 50% of all income tax paid east of it,(diagonal),North Yorkshire,24,East,osm-sainsburys,1,24,census-cars-none census-commute-bike census-commute-motorbike census-commute-train census-heat-electric census-home-commercial census-home-converted census-home-flat census-hours-49plus census-job-managers census-tenure-private census-work-from-home ge24-con ge24-green hmrc-additional-rate hmrc-higher-rate hmrc-self-employed osm-costa osm-mands osm-nandos osm-sainsburys osm-starbucks osm-tesco osm-waitrose
hmrc-taxpayers,Income taxpayers,Income & tax,hmrc,75,we,East/West,Find the line that puts 50% of income taxpayers east of it,(diagonal),Buckinghamshire,0,West,census-population,0,55,census-carers-50h census-cars-3plus census-cars-none census-commute-bike census-commute-car census-commute-foot census-commute-motorbike census-commute-taxi census-heat-electric census-heat-gas census-heat-renewable census-home-caravan census-home-commercial census-home-detached census-home-flat census-home-semi census-home-terraced census-hours-49plus census-job-managers census-job-operatives census-job-trades census-population census-qual-apprentice census-qual-degree census-qual-none census-tenure-outright census-tenure-private census-tenure-social census-work-from-home ge24-con ge24-green ge24-labour ge24-libdem ge24-nonvoters ge24-reform hmrc-employed hmrc-higher-rate hmrc-pension hmrc-self-employed osm-aldi osm-breweries osm-chippies osm-costa osm-greggs osm-iceland osm-mands osm-mcdonalds osm-pubs osm-starbucks osm-tesco osm-waitrose osm-wetherspoon pop-all repd-battery repd-battery-pipeline
osm-aldi,Aldi shops,Supermarket sweep,osm,75,we,East/West,Find the line that puts 50% of Aldi shops east of it,(diagonal),Coventry,18,West,census-heat-renewable,1,40,census-carers-50h census-cars-3plus census-commute-car census-commute-foot census-commute-taxi census-health-verybad census-heat-bottled census-heat-gas census-heat-renewable census-heat-solid census-home-caravan census-home-detached census-home-semi census-home-terraced census-job-operatives census-job-trades census-population census-qual-apprentice census-qual-none census-sick census-tenure-outright ge24-libdem ge24-nonvoters hmrc-pension hmrc-taxpayers osm-breweries osm-chippies osm-distilleries osm-golf osm-greggs osm-iceland osm-lidl osm-mcdonalds osm-morrisons osm-pubs osm-stations osm-wetherspoon pop-all repd-battery-pipeline repd-solar
osm-breweries,Breweries,Out and about,osm,75,we,East/West,Find the line that puts 50% of breweries east of it,(diagonal),High Peak,7,West,census-commute-taxi,0,54,census-carers-50h census-cars-3plus census-cars-none census-commute-car census-commute-foot census-commute-taxi census-health-verybad census-heat-electric census-heat-gas census-heat-renewable census-heat-solid census-home-caravan census-home-detached census-home-semi census-home-terraced census-job-managers census-job-operatives census-job-trades census-population census-qual-apprentice census-qual-degree census-qual-none census-sick census-tenure-outright census-tenure-private census-tenure-social census-work-from-home ge24-con ge24-labour ge24-libdem ge24-nonvoters ge24-reform hmrc-employed hmrc-higher-rate hmrc-pension hmrc-self-employed hmrc-taxpayers osm-aldi osm-chippies osm-costa osm-distilleries osm-golf osm-greggs osm-iceland osm-lidl osm-mcdonalds osm-morrisons osm-pubs osm-starbucks osm-tesco osm-wetherspoon pop-all repd-battery repd-battery-pipeline
osm-castles,Castles,Heritage & coast,osm,75,we,East/West,Find the line that puts 50% of castles east of it,(diagonal),Lancaster,50,West,census-heat-wood,5,3,census-heat-wood repd-solar repd-wind-onshore
osm-chippies,Fish and chip shops,Out and about,osm,75,we,East/West,Find the line that puts 50% of fish and chip shops east of it,(diagonal),Calderdale,7,West,census-job-trades,0,54,census-carers-50h census-cars-3plus census-commute-car census-commute-foot census-commute-taxi census-health-verybad census-heat-electric census-heat-gas census-heat-renewable census-heat-solid census-home-caravan census-home-detached census-home-semi census-home-terraced census-job-managers census-job-operatives census-job-trades census-population census-qual-apprentice census-qual-degree census-qual-none census-sick census-tenure-outright census-tenure-private census-tenure-social census-work-from-home ge24-con ge24-labour ge24-libdem ge24-nonvoters ge24-reform hmrc-employed hmrc-higher-rate hmrc-pension hmrc-self-employed hmrc-taxpayers osm-aldi osm-breweries osm-costa osm-distilleries osm-golf osm-greggs osm-iceland osm-lidl osm-mcdonalds osm-morrisons osm-pubs osm-starbucks osm-stations osm-tesco osm-wetherspoon pop-all repd-battery repd-battery-pipeline
osm-costa,Costa Coffee shops,High street,osm,75,we,East/West,Find the line that puts 50% of Costa Coffee shops east of it,(diagonal),West Northamptonshire,6,East,osm-tesco,0,48,census-cars-3plus census-cars-none census-commute-bike census-commute-foot census-commute-motorbike census-commute-taxi census-heat-electric census-heat-gas census-home-caravan census-home-commercial census-home-flat census-home-semi census-home-terraced census-hours-49plus census-job-managers census-job-operatives census-job-trades census-population census-qual-degree census-qual-none census-tenure-private census-tenure-social census-work-from-home ge24-con ge24-green ge24-labour ge24-libdem ge24-nonvoters ge24-reform hmrc-employed hmrc-higher-rate hmrc-pension hmrc-self-employed hmrc-tax-amount hmrc-taxpayers osm-breweries osm-chippies osm-iceland osm-mands osm-mcdonalds osm-nandos osm-pubs osm-starbucks osm-tesco osm-waitrose osm-wetherspoon pop-all repd-battery
osm-distilleries,Distilleries,Out and about,osm,75,we,East/West,Find the line that puts 50% of distilleries east of it,(diagonal),Oxford,18,West,osm-morrisons,0,38,census-carers-50h census-cars-3plus census-commute-car census-commute-foot census-commute-taxi census-health-verybad census-heat-bottled census-heat-gas census-heat-renewable census-heat-solid census-home-caravan census-home-detached census-home-semi census-home-terraced census-job-operatives census-job-trades census-qual-apprentice census-qual-none census-sick census-tenure-outright ge24-libdem ge24-nonvoters hmrc-pension osm-aldi osm-breweries osm-chippies osm-golf osm-greggs osm-iceland osm-lidl osm-mcdonalds osm-morrisons osm-pubs osm-stations osm-wetherspoon pop-all repd-battery-pipeline repd-solar
osm-golf,Golf courses,Out and about,osm,75,we,East/West,Find the line that puts 50% of golf courses east of it,(diagonal),Oxford,22,West,census-heat-solid,0,33,census-carers-50h census-cars-3plus census-commute-car census-commute-taxi census-health-verybad census-heat-bottled census-heat-renewable census-heat-solid census-home-caravan census-home-detached census-home-semi census-home-terraced census-job-operatives census-job-trades census-qual-apprentice census-sick census-tenure-outright ge24-libdem ge24-nonvoters hmrc-pension osm-aldi osm-breweries osm-chippies osm-distilleries osm-greggs osm-iceland osm-lidl osm-morrisons osm-pubs osm-stations osm-wetherspoon repd-battery-pipeline repd-solar
osm-greggs,Greggs shops,High street,osm,75,we,East/West,Find the line that puts 50% of Greggs shops east of it,(diagonal),Coventry,15,West,census-home-detached,0,44,census-carers-50h census-cars-3plus census-commute-car census-commute-foot census-commute-taxi census-health-verybad census-heat-bottled census-heat-gas census-heat-renewable census-heat-solid census-home-caravan census-home-detached census-home-semi census-home-terraced census-job-operatives census-job-trades census-population census-qual-apprentice census-qual-none census-sick census-tenure-outright census-tenure-social ge24-labour ge24-libdem ge24-nonvoters ge24-reform hmrc-employed hmrc-pension hmrc-taxpayers osm-aldi osm-breweries osm-chippies osm-distilleries osm-golf osm-iceland osm-lidl osm-mcdonalds osm-morrisons osm-pubs osm-stations osm-wetherspoon pop-all repd-battery repd-battery-pipeline
osm-iceland,Iceland shops,Supermarket sweep,osm,75,we,East/West,Find the line that puts 50% of Iceland shops east of it,(diagonal),Reading,11,West,census-cars-3plus,0,48,census-carers-50h census-cars-3plus census-commute-car census-commute-foot census-commute-taxi census-health-verybad census-heat-bottled census-heat-gas census-heat-renewable census-heat-solid census-home-caravan census-home-detached census-home-semi census-home-terraced census-job-operatives census-job-trades census-population census-qual-apprentice census-qual-degree census-qual-none census-sick census-tenure-outright census-tenure-social ge24-con ge24-labour ge24-libdem ge24-nonvoters ge24-reform hmrc-employed hmrc-pension hmrc-taxpayers osm-aldi osm-breweries osm-chippies osm-costa osm-distilleries osm-golf osm-greggs osm-lidl osm-mcdonalds osm-morrisons osm-pubs osm-stations osm-tesco osm-wetherspoon pop-all repd-battery repd-battery-pipeline
osm-lidl,Lidl shops,Supermarket sweep,osm,75,we,East/West,Find the line that puts 50% of Lidl shops east of it,(diagonal),Pendle,21,West,census-health-verybad,0,34,census-carers-50h census-cars-3plus census-commute-car census-commute-taxi census-health-verybad census-heat-bottled census-heat-renewable census-heat-solid census-home-caravan census-home-detached census-home-semi census-home-terraced census-job-operatives census-job-trades census-qual-apprentice census-qual-none census-sick census-tenure-outright ge24-libdem ge24-nonvoters hmrc-pension osm-aldi osm-breweries osm-chippies osm-distilleries osm-golf osm-greggs osm-iceland osm-morrisons osm-pubs osm-stations osm-wetherspoon repd-battery-pipeline repd-solar
osm-lighthouses,Lighthouses,Heritage & coast,osm,75,we,East/West,Find the line that puts 50% of lighthouses east of it,(diagonal),Cumberland,76,West,osm-standing-stones,4,4,census-heat-oil osm-standing-stones repd-hydro repd-wind-onshore
osm-mands,M&S shops,Supermarket sweep,osm,75,we,East/West,Find the line that puts 50% of Marks & Spencer shops east of it,(diagonal),West Northamptonshire,12,East,census-home-commercial,0,37,census-cars-none census-commute-bike census-commute-foot census-commute-motorbike census-heat-electric census-heat-gas census-home-commercial census-home-flat census-hours-49plus census-job-managers census-job-operatives census-population census-qual-degree census-qual-none census-tenure-private census-tenure-social census-work-from-home ge24-con ge24-green ge24-labour ge24-nonvoters ge24-reform hmrc-employed hmrc-higher-rate hmrc-self-employed hmrc-tax-amount hmrc-taxpayers osm-costa osm-mcdonalds osm-nandos osm-sainsburys osm-starbucks osm-tesco osm-waitrose osm-wetherspoon pop-all repd-battery
osm-mcdonalds,McDonald's restaurants,High street,osm,75,we,East/West,Find the line that puts 50% of McDonald's restaurants east of it,(diagonal),Derbyshire Dales,2,West,census-commute-foot,0,55,census-carers-50h census-cars-3plus census-cars-none census-commute-car census-commute-foot census-commute-taxi census-heat-electric census-heat-gas census-heat-renewable census-home-caravan census-home-commercial census-home-detached census-home-flat census-home-semi census-home-terraced census-hours-49plus census-job-managers census-job-operatives census-job-trades census-population census-qual-apprentice census-qual-degree census-qual-none census-tenure-outright census-tenure-private census-tenure-social census-work-from-home ge24-con ge24-green ge24-labour ge24-libdem ge24-nonvoters ge24-reform hmrc-employed hmrc-higher-rate hmrc-pension hmrc-self-employed hmrc-taxpayers osm-aldi osm-breweries osm-chippies osm-costa osm-distilleries osm-greggs osm-iceland osm-mands osm-morrisons osm-pubs osm-starbucks osm-tesco osm-waitrose osm-wetherspoon pop-all repd-battery repd-battery-pipeline
osm-morrisons,Morrisons supermarkets,Supermarket sweep,osm,75,we,East/West,Find the line that puts 50% of Morrisons supermarkets east of it,(diagonal),High Peak,20,West,osm-distilleries,0,36,census-carers-50h census-cars-3plus census-commute-car census-commute-foot census-commute-taxi census-health-verybad census-heat-bottled census-heat-renewable census-heat-solid census-home-caravan census-home-detached census-home-semi census-home-terraced census-job-operatives census-job-trades census-qual-apprentice census-qual-none census-sick census-tenure-outright ge24-libdem ge24-nonvoters hmrc-pension osm-aldi osm-breweries osm-chippies osm-distilleries osm-golf osm-greggs osm-iceland osm-lidl osm-mcdonalds osm-pubs osm-stations osm-wetherspoon repd-battery-pipeline repd-solar
osm-nandos,Nando's restaurants,High street,osm,75,we,East/West,Find the line that puts 50% of Nando's restaurants east of it,(diagonal),Milton Keynes,19,East,census-commute-bike,1,29,census-cars-none census-commute-bike census-commute-motorbike census-heat-electric census-home-commercial census-home-converted census-home-flat census-hours-49plus census-job-managers census-qual-degree census-tenure-private census-tenure-social census-work-from-home ge24-con ge24-green ge24-labour ge24-reform hmrc-additional-rate hmrc-employed hmrc-higher-rate hmrc-self-employed hmrc-tax-amount osm-costa osm-mands osm-sainsburys osm-starbucks osm-tesco osm-waitrose repd-battery
osm-pret,Pret A Manger shops,High street,osm,75,we,East/West,Find the line that puts 50% of Pret A Manger shops east of it,(diagonal),Westminster,44,East,repd-solar-pipeline,1,6,census-commute-metro census-commute-train census-home-converted hmrc-additional-rate osm-windmills repd-solar-pipeline
osm-pubs,Pubs,Out and about,osm,75,we,East/West,Find the line that puts 50% of pubs east of it,(diagonal),North Yorkshire,8,West,osm-chippies,0,53,census-carers-50h census-cars-3plus census-commute-car census-commute-foot census-commute-taxi census-health-verybad census-heat-electric census-heat-gas census-heat-renewable census-heat-solid census-home-caravan census-home-detached census-home-semi census-home-terraced census-job-managers census-job-operatives census-job-trades census-population census-qual-apprentice census-qual-degree census-qual-none census-sick census-tenure-outright census-tenure-private census-tenure-social ge24-con ge24-labour ge24-libdem ge24-nonvoters ge24-reform hmrc-employed hmrc-higher-rate hmrc-pension hmrc-self-employed hmrc-taxpayers osm-aldi osm-breweries osm-chippies osm-costa osm-distilleries osm-golf osm-greggs osm-iceland osm-lidl osm-mcdonalds osm-morrisons osm-starbucks osm-stations osm-tesco osm-wetherspoon pop-all repd-battery repd-battery-pipeline
osm-sainsburys,Sainsbury's shops (all formats),Supermarket sweep,osm,75,we,East/West,Find the line that puts 50% of Sainsbury's shops of every size east of it,(diagonal),North Yorkshire,24,East,hmrc-tax-amount,1,22,census-cars-none census-commute-bike census-commute-motorbike census-commute-train census-heat-electric census-home-commercial census-home-converted census-home-flat census-hours-49plus census-job-managers census-tenure-private census-work-from-home ge24-green hmrc-additional-rate hmrc-higher-rate hmrc-self-employed hmrc-tax-amount osm-mands osm-nandos osm-starbucks osm-tesco osm-waitrose
osm-standing-stones,Standing stones and other megaliths,Heritage & coast,osm,75,we,East/West,Find the line that puts 50% of standing stones and other megaliths east of it,(diagonal),Cotswold,74,West,osm-lighthouses,4,3,census-heat-oil osm-lighthouses repd-wind-onshore
osm-starbucks,Starbucks shops,High street,osm,75,we,East/West,Find the line that puts 50% of Starbucks shops east of it,(diagonal),Buckinghamshire,9,East,census-heat-electric,0,45,census-cars-none census-commute-bike census-commute-foot census-commute-motorbike census-commute-taxi census-heat-electric census-heat-gas census-home-commercial census-home-flat census-home-semi census-home-terraced census-hours-49plus census-job-managers census-job-operatives census-job-trades census-population census-qual-degree census-qual-none census-tenure-private census-tenure-social census-work-from-home ge24-con ge24-green ge24-labour ge24-nonvoters ge24-reform hmrc-employed hmrc-higher-rate hmrc-pension hmrc-self-employed hmrc-tax-amount hmrc-taxpayers osm-breweries osm-chippies osm-costa osm-mands osm-mcdonalds osm-nandos osm-pubs osm-sainsburys osm-tesco osm-waitrose osm-wetherspoon pop-all repd-battery
osm-stations,Railway stations,Out and about,osm,75,we,East/West,Find the line that puts 50% of railway stations east of it,(diagonal),Warwick,25,West,census-heat-solid,3,27,census-carers-50h census-cars-3plus census-commute-car census-health-verybad census-heat-bottled census-heat-renewable census-heat-solid census-home-caravan census-home-detached census-home-terraced census-job-trades census-qual-apprentice census-sick census-tenure-outright ge24-libdem hmrc-pension osm-aldi osm-chippies osm-distilleries osm-golf osm-greggs osm-iceland osm-lidl osm-morrisons osm-pubs repd-battery-pipeline repd-solar
osm-tesco,Tesco shops (all formats),Supermarket sweep,osm,75,we,East/West,Find the line that puts 50% of Tesco shops of every size east of it,(diagonal),Worthing,6,East,osm-costa,0,48,census-cars-none census-commute-bike census-commute-foot census-commute-motorbike census-commute-taxi census-heat-electric census-heat-gas census-home-caravan census-home-commercial census-home-flat census-home-semi census-home-terraced census-hours-49plus census-job-managers census-job-operatives census-job-trades census-population census-qual-degree census-qual-none census-tenure-private census-tenure-social census-work-from-home ge24-con ge24-green ge24-labour ge24-libdem ge24-nonvoters ge24-reform hmrc-employed hmrc-higher-rate hmrc-pension hmrc-self-employed hmrc-tax-amount hmrc-taxpayers osm-breweries osm-chippies osm-costa osm-iceland osm-mands osm-mcdonalds osm-nandos osm-pubs osm-sainsburys osm-starbucks osm-waitrose osm-wetherspoon pop-all repd-battery
osm-waitrose,Waitrose shops,Supermarket sweep,osm,75,we,East/West,Find the line that puts 50% of Waitrose shops east of it,(diagonal),Runnymede,16,East,census-home-flat,0,34,census-cars-none census-commute-bike census-commute-foot census-commute-motorbike census-heat-electric census-heat-gas census-home-commercial census-home-flat census-hours-49plus census-job-managers census-population census-qual-degree census-tenure-private census-tenure-social census-work-from-home ge24-con ge24-green ge24-labour ge24-reform hmrc-additional-rate hmrc-employed hmrc-higher-rate hmrc-self-employed hmrc-tax-amount hmrc-taxpayers osm-costa osm-mands osm-mcdonalds osm-nandos osm-sainsburys osm-starbucks osm-tesco pop-all repd-battery
osm-wetherspoon,Wetherspoon pubs,High street,osm,75,we,East/West,Find the line that puts 50% of Wetherspoon pubs east of it,(diagonal),Rushmoor,4,West,census-job-operatives,0,56,census-carers-50h census-cars-3plus census-cars-none census-commute-car census-commute-foot census-commute-taxi census-health-verybad census-heat-electric census-heat-gas census-heat-renewable census-home-caravan census-home-commercial census-home-detached census-home-semi census-home-terraced census-hours-49plus census-job-managers census-job-operatives census-job-trades census-population census-qual-apprentice census-qual-degree census-qual-none census-sick census-tenure-outright census-tenure-private census-tenure-social census-work-from-home ge24-con ge24-green ge24-labour ge24-libdem ge24-nonvoters ge24-reform hmrc-employed hmrc-higher-rate hmrc-pension hmrc-self-employed hmrc-taxpayers osm-aldi osm-breweries osm-chippies osm-costa osm-distilleries osm-greggs osm-iceland osm-lidl osm-mands osm-mcdonalds osm-morrisons osm-pubs osm-starbucks osm-tesco pop-all repd-battery repd-battery-pipeline
osm-windmills,Windmills (historic),Heritage & coast,osm,75,we,East/West,Find the line that puts 50% of old windmills east of it,(diagonal),Wealden,53,East,census-commute-metro,7,4,census-commute-metro census-commute-train osm-pret repd-solar-pipeline
pop-all,Population,Population,population,75,we,East/West,Find the line that puts 50% of the UK's population east of it,(diagonal),Bradford,1,West,census-commute-foot,0,53,census-carers-50h census-cars-3plus census-cars-none census-commute-car census-commute-foot census-commute-taxi census-heat-electric census-heat-gas census-heat-renewable census-home-caravan census-home-commercial census-home-detached census-home-flat census-home-semi census-home-terraced census-hours-49plus census-job-managers census-job-operatives census-job-trades census-population census-qual-apprentice census-qual-degree census-qual-none census-tenure-outright census-tenure-private census-tenure-social census-work-from-home ge24-con ge24-green ge24-labour ge24-libdem ge24-nonvoters ge24-reform hmrc-employed hmrc-higher-rate hmrc-pension hmrc-self-employed hmrc-taxpayers osm-aldi osm-breweries osm-chippies osm-costa osm-greggs osm-iceland osm-mands osm-mcdonalds osm-pubs osm-starbucks osm-tesco osm-waitrose osm-wetherspoon repd-battery repd-battery-pipeline
repd-battery,Battery storage capacity (MW),Power,repd,75,we,East/West,Find the line that puts 50% of grid battery storage capacity east of it,(diagonal),Buckinghamshire,2,East,ge24-reform,0,54,census-carers-50h census-cars-3plus census-cars-none census-commute-bike census-commute-car census-commute-foot census-commute-motorbike census-commute-taxi census-heat-electric census-heat-gas census-home-caravan census-home-commercial census-home-detached census-home-flat census-home-semi census-home-terraced census-hours-49plus census-job-managers census-job-operatives census-job-trades census-population census-qual-apprentice census-qual-degree census-qual-none census-tenure-outright census-tenure-private census-tenure-social census-work-from-home ge24-con ge24-green ge24-labour ge24-libdem ge24-nonvoters ge24-reform hmrc-employed hmrc-higher-rate hmrc-pension hmrc-self-employed hmrc-taxpayers osm-breweries osm-chippies osm-costa osm-greggs osm-iceland osm-mands osm-mcdonalds osm-nandos osm-pubs osm-starbucks osm-tesco osm-waitrose osm-wetherspoon pop-all repd-battery-pipeline
repd-battery-pipeline,Battery storage consented or being built (MW),Power,repd,75,we,East/West,Find the line that puts 50% of battery storage capacity that is consented or under construction east of it,(diagonal),East Lothian,12,West,census-qual-apprentice,0,46,census-carers-50h census-cars-3plus census-commute-car census-commute-foot census-commute-taxi census-health-verybad census-heat-bottled census-heat-gas census-heat-renewable census-heat-solid census-home-caravan census-home-detached census-home-semi census-home-terraced census-job-operatives census-job-trades census-population census-qual-apprentice census-qual-degree census-qual-none census-sick census-tenure-outright census-tenure-social ge24-con ge24-labour ge24-libdem ge24-nonvoters ge24-reform hmrc-employed hmrc-pension hmrc-taxpayers osm-aldi osm-breweries osm-chippies osm-distilleries osm-golf osm-greggs osm-iceland osm-lidl osm-mcdonalds osm-morrisons osm-pubs osm-stations osm-wetherspoon pop-all repd-battery
repd-hydro,Hydro-electric schemes,Power,repd,75,we,East/West,Find the line that puts 50% of hydro-electric schemes east of it,(diagonal),Highland,88,West,census-heat-oil,8,2,census-heat-oil osm-lighthouses
repd-solar,Solar farm capacity (MW),Power,repd,75,we,East/West,Find the line that puts 50% of solar farm capacity east of it,(diagonal),Winchester,35,West,census-heat-bottled,6,13,census-health-verybad census-heat-bottled census-heat-renewable census-heat-solid census-heat-wood census-sick osm-aldi osm-castles osm-distilleries osm-golf osm-lidl osm-morrisons osm-stations
repd-solar-pipeline,Solar capacity consented or being built (MW),Power,repd,75,we,East/West,Find the line that puts 50% of solar capacity that is consented or under construction east of it,(diagonal),Newark and Sherwood,43,East,osm-pret,1,6,census-commute-metro census-commute-train census-home-converted hmrc-additional-rate osm-pret osm-windmills
repd-wind-offshore,Offshore wind capacity (MW),Power,repd,75,we,East/West,Find the line that puts 50% of offshore wind power capacity east of it,(diagonal),North Norfolk,129,East,osm-windmills,78,0,
repd-wind-onshore,Onshore wind capacity (MW),Power,repd,75,we,East/West,Find the line that puts 50% of onshore wind power capacity east of it,(diagonal),South Lanarkshire,62,West,osm-standing-stones,9,3,osm-castles osm-lighthouses osm-standing-stones
census-carers-50h,Carers giving 50+ hours a week,Health & care,unified_census,105,we,West/East,Find the line that puts 50% of people giving 50 or more hours of unpaid care a week west of it,(diagonal),Walsall,15,West,osm-lidl,0,35,census-cars-3plus census-cars-none census-commute-car census-commute-foot census-commute-taxi census-health-verybad census-heat-bottled census-heat-gas census-heat-renewable census-home-detached census-home-semi census-home-terraced census-job-operatives census-job-trades census-population census-qual-apprentice census-qual-none census-sick census-tenure-outright census-tenure-social ge24-labour ge24-nonvoters hmrc-pension osm-aldi osm-breweries osm-chippies osm-greggs osm-iceland osm-lidl osm-mcdonalds osm-morrisons osm-pubs osm-stations osm-wetherspoon pop-all
census-cars-3plus,Households with 3+ cars,Owning & renting,unified_census,105,we,West/East,Find the line that puts 50% of households with three or more cars or vans west of it,(diagonal),Tewkesbury,1,East,pop-all,0,32,census-carers-50h census-cars-none census-commute-car census-commute-foot census-heat-gas census-home-detached census-home-semi census-home-terraced census-job-operatives census-job-trades census-population census-qual-apprentice census-qual-degree census-qual-none census-tenure-outright census-tenure-private census-tenure-social ge24-labour ge24-nonvoters ge24-reform hmrc-employed hmrc-pension hmrc-taxpayers osm-chippies osm-iceland osm-lidl osm-mcdonalds osm-pubs osm-starbucks osm-wetherspoon pop-all repd-battery
census-cars-none,Households with no car,Owning & renting,unified_census,105,we,West/East,Find the line that puts 50% of households with no car or van west of it,(diagonal),York,1,West,osm-mcdonalds,1,31,census-carers-50h census-cars-3plus census-commute-car census-commute-foot census-heat-gas census-home-detached census-home-semi census-home-terraced census-job-operatives census-job-trades census-population census-qual-apprentice census-qual-degree census-qual-none census-tenure-outright census-tenure-social ge24-labour ge24-nonvoters ge24-reform hmrc-employed hmrc-pension hmrc-taxpayers osm-breweries osm-chippies osm-iceland osm-lidl osm-mcdonalds osm-pubs osm-wetherspoon pop-all repd-battery
census-commute-bike,Commuters by bicycle,Getting to work,unified_census,105,we,West/East,Find the line that puts 50% of people who cycle to work west of it,(diagonal),Oxford,54,East,osm-sainsburys,1,9,census-commute-motorbike census-home-commercial census-home-flat ge24-libdem hmrc-higher-rate osm-mands osm-nandos osm-sainsburys repd-solar-pipeline
census-commute-car,Commuters by car or van,Getting to work,unified_census,105,we,West/East,Find the line that puts 50% of people who drive to work west of it,(diagonal),Barnsley,10,West,hmrc-pension,0,40,census-carers-50h census-cars-3plus census-cars-none census-commute-foot census-commute-taxi census-health-verybad census-heat-bottled census-heat-gas census-heat-renewable census-home-detached census-home-semi census-home-terraced census-job-operatives census-job-trades census-population census-qual-apprentice census-qual-degree census-qual-none census-sick census-tenure-outright census-tenure-social ge24-labour ge24-nonvoters ge24-reform hmrc-employed hmrc-pension hmrc-taxpayers osm-aldi osm-breweries osm-chippies osm-greggs osm-iceland osm-lidl osm-mcdonalds osm-morrisons osm-pubs osm-stations osm-wetherspoon pop-all repd-battery
census-commute-foot,Commuters on foot,Getting to work,unified_census,105,we,West/East,Find the line that puts 50% of people who walk to work west of it,(diagonal),Tamworth,1,East,census-population,1,31,census-carers-50h census-cars-3plus census-cars-none census-commute-car census-heat-gas census-home-detached census-home-semi census-home-terraced census-job-operatives census-job-trades census-population census-qual-apprentice census-qual-degree census-qual-none census-tenure-outright census-tenure-social ge24-labour ge24-nonvoters ge24-reform hmrc-employed hmrc-pension hmrc-taxpayers osm-chippies osm-iceland osm-lidl osm-mcdonalds osm-pubs osm-starbucks osm-wetherspoon pop-all repd-battery
census-commute-metro,"Commuters by underground, metro or tram",Getting to work,unified_census,105,we,West/East,"Find the line that puts 50% of people who commute by underground, metro or tram west of it",(diagonal),Merton,136,East,repd-wind-offshore,0,4,census-commute-train census-home-converted osm-pret repd-wind-offshore
census-commute-motorbike,Commuters by motorbike or moped,Getting to work,unified_census,105,we,West/East,Find the line that puts 50% of people who ride a motorbike or moped to work west of it,(diagonal),North Kesteven,60,East,osm-nandos,3,6,census-commute-bike census-home-flat hmrc-higher-rate osm-mands osm-nandos osm-sainsburys
census-commute-taxi,Commuters by taxi,Getting to work,unified_census,105,we,West/East,Find the line that puts 50% of people who get to work by taxi west of it,(diagonal),Leeds,23,West,census-sick,0,29,census-carers-50h census-commute-car census-health-verybad census-heat-bottled census-heat-renewable census-home-semi census-home-terraced census-job-operatives census-job-trades census-qual-apprentice census-qual-none census-sick census-tenure-outright census-tenure-social ge24-labour ge24-nonvoters hmrc-pension osm-aldi osm-breweries osm-chippies osm-golf osm-greggs osm-iceland osm-lidl osm-morrisons osm-pubs osm-stations osm-wetherspoon repd-battery-pipeline
census-commute-train,Commuters by train,Getting to work,unified_census,105,we,West/East,Find the line that puts 50% of people who commute by train west of it,(diagonal),Kingston upon Thames,127,East,osm-pret,7,5,census-commute-metro census-home-converted hmrc-additional-rate osm-pret repd-wind-offshore
census-health-verybad,Very bad health,Health & care,unified_census,105,we,West/East,Find the line that puts 50% of people in very bad health west of it,(diagonal),Walsall,21,West,osm-stations,1,30,census-carers-50h census-commute-car census-commute-taxi census-heat-bottled census-heat-renewable census-home-detached census-home-semi census-home-terraced census-job-operatives census-job-trades census-qual-apprentice census-qual-none census-sick census-tenure-outright census-tenure-social ge24-labour ge24-nonvoters hmrc-pension osm-aldi osm-breweries osm-chippies osm-golf osm-greggs osm-iceland osm-lidl osm-morrisons osm-pubs osm-stations osm-wetherspoon repd-battery-pipeline
census-heat-bottled,Homes heated only by tank or bottled gas,Heating,unified_census,105,we,West/East,Find the line that puts 50% of homes heated only by tank or bottled gas west of it,(diagonal),Forest of Dean,19,West,osm-breweries,0,32,census-carers-50h census-commute-car census-commute-taxi census-health-verybad census-heat-gas census-heat-renewable census-home-detached census-home-semi census-home-terraced census-job-operatives census-job-trades census-qual-apprentice census-qual-none census-sick census-tenure-outright census-tenure-social ge24-labour ge24-nonvoters hmrc-pension osm-aldi osm-breweries osm-chippies osm-golf osm-greggs osm-iceland osm-lidl osm-mcdonalds osm-morrisons osm-pubs osm-stations osm-wetherspoon repd-battery-pipeline
census-heat-electric,Homes heated only by electricity,Heating,unified_census,105,we,West/East,Find the line that puts 50% of homes heated only by electricity west of it,(diagonal),Nottingham,27,East,repd-solar,1,16,census-home-caravan census-home-commercial census-home-flat census-hours-49plus census-job-managers census-tenure-private census-work-from-home ge24-con ge24-green ge24-libdem hmrc-self-employed osm-costa osm-starbucks osm-tesco repd-solar repd-solar-pipeline
census-heat-gas,Homes heated only by mains gas,Heating,unified_census,105,we,West/East,Find the line that puts 50% of homes heated only by mains gas west of it,(diagonal),Chesterfield,3,West,osm-mcdonalds,1,32,census-carers-50h census-cars-3plus census-cars-none census-commute-car census-commute-foot census-heat-bottled census-home-detached census-home-semi census-home-terraced census-job-operatives census-job-trades census-population census-qual-apprentice census-qual-degree census-qual-none census-tenure-outright census-tenure-social ge24-labour ge24-nonvoters ge24-reform hmrc-employed hmrc-pension hmrc-taxpayers osm-breweries osm-chippies osm-iceland osm-lidl osm-mcdonalds osm-pubs osm-wetherspoon pop-all repd-battery
census-heat-oil,Homes heated only by oil,Heating,unified_census,105,we,West/East,Find the line that puts 50% of homes heated only by oil west of it,(diagonal),Powys,87,West,census-heat-wood,17,1,census-heat-wood
census-heat-renewable,Homes heated only by renewables,Heating,unified_census,105,we,West/East,Find the line that puts 50% of homes heated only by renewable energy west of it,(diagonal),Stafford,24,West,osm-morrisons,0,27,census-carers-50h census-commute-car census-commute-taxi census-health-verybad census-heat-bottled census-home-semi census-home-terraced census-job-operatives census-qual-apprentice census-qual-none census-sick census-tenure-outright census-tenure-social ge24-nonvoters hmrc-pension osm-aldi osm-breweries osm-chippies osm-golf osm-greggs osm-iceland osm-lidl osm-morrisons osm-pubs osm-stations osm-wetherspoon repd-battery-pipeline
census-heat-solid,Homes heated only by solid fuel,Heating,unified_census,105,we,West/East,"Find the line that puts 50% of homes heated only by solid fuel (coal, peat) west of it",(diagonal),Cheshire East,51,West,repd-battery-pipeline,15,3,census-heat-wood osm-golf repd-battery-pipeline
census-heat-wood,Homes heated only by wood,Heating,unified_census,105,we,West/East,Find the line that puts 50% of homes heated only by wood west of it,(diagonal),County Durham,69,West,census-heat-oil,17,2,census-heat-oil census-heat-solid
census-home-caravan,Households in a caravan or mobile home,Homes,unified_census,105,we,West/East,Find the line that puts 50% of households living in a caravan or mobile home west of it,(diagonal),North Lincolnshire,35,East,census-job-managers,0,17,census-heat-electric census-home-commercial census-home-flat census-hours-49plus census-job-managers census-tenure-private census-work-from-home ge24-con ge24-green ge24-libdem hmrc-higher-rate hmrc-self-employed osm-costa osm-mands osm-tesco repd-solar repd-solar-pipeline
census-home-commercial,Households in a commercial building,Homes,unified_census,105,we,West/East,"Find the line that puts 50% of households living above a shop, in an office building or hotel west of it",(diagonal),North Yorkshire,36,East,census-work-from-home,1,19,census-commute-bike census-heat-electric census-home-caravan census-home-flat census-hours-49plus census-job-managers census-tenure-private census-work-from-home ge24-con ge24-green ge24-libdem hmrc-higher-rate hmrc-self-employed osm-costa osm-mands osm-sainsburys osm-tesco repd-solar repd-solar-pipeline
census-home-converted,Households in converted or shared houses,Homes,unified_census,105,we,West/East,"Find the line that puts 50% of households in converted or shared houses, including bedsits west of it",(diagonal),Harrow,119,East,hmrc-additional-rate,4,5,census-commute-metro census-commute-train hmrc-additional-rate osm-pret repd-wind-offshore
census-home-detached,Households in detached houses,Homes,unified_census,105,we,West/East,Find the line that puts 50% of households in a detached house west of it,(diagonal),Stroud,4,West,census-job-trades,1,35,census-carers-50h census-cars-3plus census-cars-none census-commute-car census-commute-foot census-health-verybad census-heat-bottled census-heat-gas census-home-semi census-home-terraced census-job-operatives census-job-trades census-population census-qual-apprentice census-qual-degree census-qual-none census-tenure-outright census-tenure-social ge24-labour ge24-nonvoters ge24-reform hmrc-employed hmrc-pension hmrc-taxpayers osm-breweries osm-chippies osm-greggs osm-iceland osm-lidl osm-mcdonalds osm-pubs osm-stations osm-wetherspoon pop-all repd-battery
census-home-flat,Households in purpose-built flats,Homes,unified_census,105,we,West/East,Find the line that puts 50% of households in a purpose-built block of flats west of it,(diagonal),"Bournemouth, Christchurch and Poole",42,East,repd-solar-pipeline,0,17,census-commute-bike census-commute-motorbike census-heat-electric census-home-caravan census-home-commercial census-hours-49plus census-job-managers census-work-from-home ge24-con ge24-libdem hmrc-higher-rate hmrc-self-employed osm-mands osm-nandos osm-sainsburys repd-solar repd-solar-pipeline
census-home-semi,Households in semi-detached houses,Homes,unified_census,105,we,West/East,Find the line that puts 50% of households in a semi-detached house west of it,(diagonal),Birmingham,12,West,census-home-terraced,1,39,census-carers-50h census-cars-3plus census-cars-none census-commute-car census-commute-foot census-commute-taxi census-health-verybad census-heat-bottled census-heat-gas census-heat-renewable census-home-detached census-home-terraced census-job-operatives census-job-trades census-population census-qual-apprentice census-qual-none census-sick census-tenure-outright census-tenure-social ge24-labour ge24-nonvoters ge24-reform hmrc-employed hmrc-pension hmrc-taxpayers osm-aldi osm-breweries osm-chippies osm-greggs osm-iceland osm-lidl osm-mcdonalds osm-morrisons osm-pubs osm-stations osm-wetherspoon pop-all repd-battery
census-home-terraced,Households in terraced houses,Homes,unified_census,105,we,West/East,Find the line that puts 50% of households in a terraced house west of it,(diagonal),Barnsley,11,West,census-commute-car,0,40,census-carers-50h census-cars-3plus census-cars-none census-commute-car census-commute-foot census-commute-taxi census-health-verybad census-heat-bottled census-heat-gas census-heat-renewable census-home-detached census-home-semi census-job-operatives census-job-trades census-population census-qual-apprentice census-qual-degree census-qual-none census-sick census-tenure-outright census-tenure-social ge24-labour ge24-nonvoters ge24-reform hmrc-employed hmrc-pension hmrc-taxpayers osm-aldi osm-breweries osm-chippies osm-greggs osm-iceland osm-lidl osm-mcdonalds osm-morrisons osm-pubs osm-stations osm-wetherspoon pop-all repd-battery
census-hours-49plus,People working 49+ hours a week,Work & qualifications,unified_census,105,we,West/East,Find the line that puts 50% of people working 49 or more hours a week west of it,(diagonal),Stratford-on-Avon,28,East,hmrc-self-employed,1,17,census-heat-electric census-home-caravan census-home-commercial census-home-flat census-job-managers census-tenure-private census-work-from-home ge24-con ge24-green ge24-libdem hmrc-higher-rate hmrc-self-employed osm-costa osm-starbucks osm-tesco repd-solar repd-solar-pipeline
census-job-managers,"Managers, directors and senior officials",Work & qualifications,unified_census,105,we,West/East,"Find the line that puts 50% of managers, directors and senior officials west of it",(diagonal),West Oxfordshire,35,East,census-work-from-home,0,18,census-heat-electric census-home-caravan census-home-commercial census-home-flat census-hours-49plus census-tenure-private census-work-from-home ge24-con ge24-green ge24-libdem hmrc-higher-rate hmrc-self-employed osm-costa osm-mands osm-sainsburys osm-tesco repd-solar repd-solar-pipeline
census-job-operatives,"Process, plant and machine operatives",Work & qualifications,unified_census,105,we,West/East,"Find the line that puts 50% of process, plant and machine operatives west of it",(diagonal),Wakefield,7,West,census-qual-none,0,40,census-carers-50h census-cars-3plus census-cars-none census-commute-car census-commute-foot census-commute-taxi census-health-verybad census-heat-bottled census-heat-gas census-heat-renewable census-home-detached census-home-semi census-home-terraced census-job-trades census-population census-qual-apprentice census-qual-degree census-qual-none census-sick census-tenure-outright census-tenure-social ge24-labour ge24-nonvoters ge24-reform hmrc-employed hmrc-pension hmrc-taxpayers osm-aldi osm-breweries osm-chippies osm-greggs osm-iceland osm-lidl osm-mcdonalds osm-morrisons osm-pubs osm-stations osm-wetherspoon pop-all repd-battery
census-job-trades,Skilled trades,Work & qualifications,unified_census,105,we,West/East,Find the line that puts 50% of people working in skilled trades west of it,(diagonal),Derbyshire Dales,5,West,ge24-labour,0,38,census-carers-50h census-cars-3plus census-cars-none census-commute-car census-commute-foot census-commute-taxi census-health-verybad census-heat-bottled census-heat-gas census-home-detached census-home-semi census-home-terraced census-job-operatives census-population census-qual-apprentice census-qual-degree census-qual-none census-sick census-tenure-outright census-tenure-social ge24-labour ge24-nonvoters ge24-reform hmrc-employed hmrc-pension hmrc-taxpayers osm-aldi osm-breweries osm-chippies osm-greggs osm-iceland osm-lidl osm-mcdonalds osm-pubs osm-stations osm-wetherspoon pop-all repd-battery
census-population,Usual residents (census),Population,unified_census,105,we,West/East,Find the line that puts 50% of the UK's residents west of it,(diagonal),Wiltshire,0,,census-commute-foot,1,31,census-carers-50h census-cars-3plus census-cars-none census-commute-car census-commute-foot census-heat-gas census-home-detached census-home-semi census-home-terraced census-job-operatives census-job-trades census-qual-apprentice census-qual-degree census-qual-none census-tenure-outright census-tenure-social ge24-labour ge24-nonvoters ge24-reform hmrc-employed hmrc-pension hmrc-taxpayers osm-chippies osm-iceland osm-lidl osm-mcdonalds osm-pubs osm-starbucks osm-wetherspoon pop-all repd-battery
census-qual-apprentice,Apprenticeships,Work & qualifications,unified_census,105,we,West/East,Find the line that puts 50% of people whose highest qualification is an apprenticeship west of it,(diagonal),Redcar and Cleveland,15,West,census-carers-50h,1,35,census-carers-50h census-cars-3plus census-cars-none census-commute-car census-commute-foot census-commute-taxi census-health-verybad census-heat-bottled census-heat-gas census-heat-renewable census-home-detached census-home-semi census-home-terraced census-job-operatives census-job-trades census-population census-qual-none census-sick census-tenure-outright census-tenure-social ge24-labour ge24-nonvoters hmrc-pension osm-aldi osm-breweries osm-chippies osm-greggs osm-iceland osm-lidl osm-mcdonalds osm-morrisons osm-pubs osm-stations osm-wetherspoon pop-all
census-qual-degree,Degree-level qualifications,Work & qualifications,unified_census,105,we,West/East,Find the line that puts 50% of people with a degree-level qualification or above west of it,(diagonal),Cotswold,7,East,hmrc-employed,2,30,census-cars-3plus census-cars-none census-commute-car census-commute-foot census-heat-gas census-home-detached census-home-terraced census-job-operatives census-job-trades census-population census-qual-none census-tenure-outright census-tenure-private census-tenure-social ge24-green ge24-labour ge24-nonvoters ge24-reform hmrc-employed hmrc-pension hmrc-taxpayers osm-costa osm-iceland osm-mcdonalds osm-pubs osm-starbucks osm-tesco osm-wetherspoon pop-all repd-battery
census-qual-none,No qualifications,Work & qualifications,unified_census,105,we,West/East,Find the line that puts 50% of adults with no qualifications west of it,(diagonal),Birmingham,7,West,census-job-operatives,0,40,census-carers-50h census-cars-3plus census-cars-none census-commute-car census-commute-foot census-commute-taxi census-health-verybad census-heat-bottled census-heat-gas census-heat-renewable census-home-detached census-home-semi census-home-terraced census-job-operatives census-job-trades census-population census-qual-apprentice census-qual-degree census-sick census-tenure-outright census-tenure-social ge24-labour ge24-nonvoters ge24-reform hmrc-employed hmrc-pension hmrc-taxpayers osm-aldi osm-breweries osm-chippies osm-greggs osm-iceland osm-lidl osm-mcdonalds osm-morrisons osm-pubs osm-stations osm-wetherspoon pop-all repd-battery
census-sick,Long-term sick or disabled,Health & care,unified_census,105,we,West/East,Find the line that puts 50% of people out of work because they are long-term sick or disabled west of it,(diagonal),Middlesbrough,23,West,census-commute-taxi,0,29,census-carers-50h census-commute-car census-commute-taxi census-health-verybad census-heat-bottled census-heat-renewable census-home-semi census-home-terraced census-job-operatives census-job-trades census-qual-apprentice census-qual-none census-tenure-outright census-tenure-social ge24-labour ge24-nonvoters hmrc-pension osm-aldi osm-breweries osm-chippies osm-golf osm-greggs osm-iceland osm-lidl osm-morrisons osm-pubs osm-stations osm-wetherspoon repd-battery-pipeline
census-tenure-outright,Households that own outright,Owning & renting,unified_census,105,we,West/East,Find the line that puts 50% of households that own their home outright west of it,(diagonal),Gloucester,10,West,hmrc-pension,0,40,census-carers-50h census-cars-3plus census-cars-none census-commute-car census-commute-foot census-commute-taxi census-health-verybad census-heat-bottled census-heat-gas census-heat-renewable census-home-detached census-home-semi census-home-terraced census-job-operatives census-job-trades census-population census-qual-apprentice census-qual-degree census-qual-none census-sick census-tenure-social ge24-labour ge24-nonvoters ge24-reform hmrc-employed hmrc-pension hmrc-taxpayers osm-aldi osm-breweries osm-chippies osm-greggs osm-iceland osm-lidl osm-mcdonalds osm-morrisons osm-pubs osm-stations osm-wetherspoon pop-all repd-battery
census-tenure-private,Households renting privately,Owning & renting,unified_census,105,we,West/East,Find the line that puts 50% of households renting privately west of it,(diagonal),Mansfield,19,East,osm-costa,1,20,census-cars-3plus census-heat-electric census-home-caravan census-home-commercial census-hours-49plus census-job-managers census-qual-degree census-work-from-home ge24-con ge24-green ge24-reform hmrc-employed hmrc-self-employed hmrc-taxpayers osm-costa osm-starbucks osm-tesco pop-all repd-battery repd-solar
census-tenure-social,Households renting socially,Owning & renting,unified_census,105,we,West/East,Find the line that puts 50% of households in social housing west of it,(diagonal),Redditch,8,West,osm-wetherspoon,0,40,census-carers-50h census-cars-3plus census-cars-none census-commute-car census-commute-foot census-commute-taxi census-health-verybad census-heat-bottled census-heat-gas census-heat-renewable census-home-detached census-home-semi census-home-terraced census-job-operatives census-job-trades census-population census-qual-apprentice census-qual-degree census-qual-none census-sick census-tenure-outright ge24-labour ge24-nonvoters ge24-reform hmrc-employed hmrc-pension hmrc-taxpayers osm-aldi osm-breweries osm-chippies osm-greggs osm-iceland osm-lidl osm-mcdonalds osm-morrisons osm-pubs osm-stations osm-wetherspoon pop-all repd-battery
census-work-from-home,People working mainly from home,Getting to work,unified_census,105,we,West/East,Find the line that puts 50% of people who work mainly from home west of it,(diagonal),Vale of White Horse,35,East,census-job-managers,0,18,census-heat-electric census-home-caravan census-home-commercial census-home-flat census-hours-49plus census-job-managers census-tenure-private ge24-con ge24-green ge24-libdem hmrc-higher-rate hmrc-self-employed osm-costa osm-mands osm-sainsburys osm-tesco repd-solar repd-solar-pipeline
ge24-con,"Conservative votes, 2024",Election night,ge2024,105,we,West/East,Find the line that puts 50% of votes cast for the Conservatives in 2024 west of it,(diagonal),Mid Dorset and North Poole,29,East,hmrc-self-employed,0,17,census-heat-electric census-home-caravan census-home-commercial census-home-flat census-hours-49plus census-job-managers census-tenure-private census-work-from-home ge24-green ge24-libdem hmrc-higher-rate hmrc-self-employed osm-costa osm-starbucks osm-tesco repd-solar repd-solar-pipeline
ge24-green,"Green votes, 2024",Election night,ge2024,105,we,West/East,Find the line that puts 50% of votes cast for the Greens in 2024 west of it,(diagonal),Warwick and Leamington,21,East,osm-costa,1,18,census-heat-electric census-home-caravan census-home-commercial census-hours-49plus census-job-managers census-qual-degree census-tenure-private census-work-from-home ge24-con ge24-reform hmrc-employed hmrc-self-employed hmrc-taxpayers osm-costa osm-starbucks osm-tesco repd-battery repd-solar
ge24-labour,"Labour votes, 2024",Election night,ge2024,105,we,West/East,Find the line that puts 50% of votes cast for Labour in 2024 west of it,(diagonal),Sheffield Heeley,6,West,census-job-trades,0,38,census-carers-50h census-cars-3plus census-cars-none census-commute-car census-commute-foot census-commute-taxi census-health-verybad census-heat-bottled census-heat-gas census-home-detached census-home-semi census-home-terraced census-job-operatives census-job-trades census-population census-qual-apprentice census-qual-degree census-qual-none census-sick census-tenure-outright census-tenure-social ge24-nonvoters ge24-reform hmrc-employed hmrc-pension hmrc-taxpayers osm-aldi osm-breweries osm-chippies osm-greggs osm-iceland osm-lidl osm-mcdonalds osm-pubs osm-stations osm-wetherspoon pop-all repd-battery
ge24-libdem,"Liberal Democrat votes, 2024",Election night,ge2024,105,we,West/East,Find the line that puts 50% of votes cast for the Liberal Democrats in 2024 west of it,(diagonal),Witney,40,East,repd-solar-pipeline,2,17,census-commute-bike census-heat-electric census-home-caravan census-home-commercial census-home-flat census-hours-49plus census-job-managers census-work-from-home ge24-con hmrc-higher-rate hmrc-self-employed osm-mands osm-nandos osm-sainsburys osm-tesco repd-solar repd-solar-pipeline
ge24-nonvoters,"Registered voters who did not vote, 2024",Election night,ge2024,105,we,West/East,Find the line that puts 50% of registered voters who stayed at home in 2024 west of it,(diagonal),Birmingham Ladywood,8,West,osm-wetherspoon,0,40,census-carers-50h census-cars-3plus census-cars-none census-commute-car census-commute-foot census-commute-taxi census-health-verybad census-heat-bottled census-heat-gas census-heat-renewable census-home-detached census-home-semi census-home-terraced census-job-operatives census-job-trades census-population census-qual-apprentice census-qual-degree census-qual-none census-sick census-tenure-outright census-tenure-social ge24-labour ge24-reform hmrc-employed hmrc-pension hmrc-taxpayers osm-aldi osm-breweries osm-chippies osm-greggs osm-iceland osm-lidl osm-mcdonalds osm-morrisons osm-pubs osm-stations osm-wetherspoon pop-all repd-battery
ge24-reform,"Reform UK votes, 2024",Election night,ge2024,105,we,West/East,Find the line that puts 50% of votes cast for Reform UK in 2024 west of it,(diagonal),Amber Valley,5,East,repd-battery,0,31,census-cars-3plus census-cars-none census-commute-car census-commute-foot census-heat-gas census-home-detached census-home-semi census-home-terraced census-job-operatives census-job-trades census-population census-qual-degree census-qual-none census-tenure-outright census-tenure-private census-tenure-social ge24-green ge24-labour ge24-nonvoters hmrc-employed hmrc-pension hmrc-taxpayers osm-costa osm-iceland osm-mcdonalds osm-pubs osm-starbucks osm-tesco osm-wetherspoon pop-all repd-battery
hmrc-additional-rate,Additional-rate (top-rate) taxpayers,Income & tax,hmrc,105,we,West/East,Find the line that puts 50% of top-rate taxpayers west of it,(diagonal),Elmbridge,115,East,census-home-converted,4,2,census-commute-train census-home-converted
hmrc-employed,Taxpayers with a job,Income & tax,hmrc,105,we,West/East,Find the line that puts 50% of taxpayers with income from a job west of it,(diagonal),Dorset,6,East,repd-battery,0,31,census-cars-3plus census-cars-none census-commute-car census-commute-foot census-heat-gas census-home-detached census-home-semi census-home-terraced census-job-operatives census-job-trades census-population census-qual-degree census-qual-none census-tenure-outright census-tenure-private census-tenure-social ge24-green ge24-labour ge24-nonvoters ge24-reform hmrc-pension hmrc-taxpayers osm-costa osm-iceland osm-mcdonalds osm-pubs osm-starbucks osm-tesco osm-wetherspoon pop-all repd-battery
hmrc-higher-rate,Higher-rate taxpayers,Income & tax,hmrc,105,we,West/East,Find the line that puts 50% of higher-rate taxpayers west of it,(diagonal),West Northamptonshire,46,East,census-home-flat,4,15,census-commute-bike census-commute-motorbike census-home-caravan census-home-commercial census-home-flat census-hours-49plus census-job-managers census-work-from-home ge24-con ge24-libdem hmrc-self-employed osm-mands osm-nandos osm-sainsburys repd-solar-pipeline
hmrc-pension,Taxpayers with pension income,Income & tax,hmrc,105,we,West/East,Find the line that puts 50% of taxpayers drawing a pension west of it,(diagonal),Birmingham,10,West,census-commute-car,0,40,census-carers-50h census-cars-3plus census-cars-none census-commute-car census-commute-foot census-commute-taxi census-health-verybad census-heat-bottled census-heat-gas census-heat-renewable census-home-detached census-home-semi census-home-terraced census-job-operatives census-job-trades census-population census-qual-apprentice census-qual-degree census-qual-none census-sick census-tenure-outright census-tenure-social ge24-labour ge24-nonvoters ge24-reform hmrc-employed hmrc-taxpayers osm-aldi osm-breweries osm-chippies osm-greggs osm-iceland osm-lidl osm-mcdonalds osm-morrisons osm-pubs osm-stations osm-wetherspoon pop-all repd-battery
hmrc-self-employed,Self-employed taxpayers,Income & tax,hmrc,105,we,West/East,Find the line that puts 50% of self-employed taxpayers west of it,(diagonal),Wiltshire,29,East,ge24-con,0,17,census-heat-electric census-home-caravan census-home-commercial census-home-flat census-hours-49plus census-job-managers census-tenure-private census-work-from-home ge24-con ge24-green ge24-libdem hmrc-higher-rate osm-costa osm-starbucks osm-tesco repd-solar repd-solar-pipeline
hmrc-tax-amount,Income tax paid,Income & tax,hmrc,105,we,West/East,Find the line that puts 50% of all income tax paid west of it,(diagonal),Buckinghamshire,82,East,osm-windmills,11,2,osm-waitrose osm-windmills
hmrc-taxpayers,Income taxpayers,Income & tax,hmrc,105,we,West/East,Find the line that puts 50% of income taxpayers west of it,(diagonal),Dorset,5,East,ge24-reform,0,31,census-cars-3plus census-cars-none census-commute-car census-commute-foot census-heat-gas census-home-detached census-home-semi census-home-terraced census-job-operatives census-job-trades census-population census-qual-degree census-qual-none census-tenure-outright census-tenure-private census-tenure-social ge24-green ge24-labour ge24-nonvoters ge24-reform hmrc-employed hmrc-pension osm-chippies osm-costa osm-iceland osm-mcdonalds osm-pubs osm-starbucks osm-wetherspoon pop-all repd-battery
osm-aldi,Aldi shops,Supermarket sweep,osm,105,we,West/East,Find the line that puts 50% of Aldi shops west of it,(diagonal),"Bristol, City of",22,West,census-sick,0,29,census-carers-50h census-commute-car census-commute-taxi census-health-verybad census-heat-bottled census-heat-renewable census-home-semi census-home-terraced census-job-operatives census-job-trades census-qual-apprentice census-qual-none census-sick census-tenure-outright census-tenure-social ge24-labour ge24-nonvoters hmrc-pension osm-breweries osm-chippies osm-golf osm-greggs osm-iceland osm-lidl osm-morrisons osm-pubs osm-stations osm-wetherspoon repd-battery-pipeline
osm-breweries,Breweries,Out and about,osm,105,we,West/East,Find the line that puts 50% of breweries west of it,(diagonal),Walsall,19,West,census-heat-bottled,0,33,census-carers-50h census-cars-none census-commute-car census-commute-taxi census-health-verybad census-heat-bottled census-heat-gas census-heat-renewable census-home-detached census-home-semi census-home-terraced census-job-operatives census-job-trades census-qual-apprentice census-qual-none census-sick census-tenure-outright census-tenure-social ge24-labour ge24-nonvoters hmrc-pension osm-aldi osm-chippies osm-golf osm-greggs osm-iceland osm-lidl osm-mcdonalds osm-morrisons osm-pubs osm-stations osm-wetherspoon repd-battery-pipeline
osm-castles,Castles,Heritage & coast,osm,105,we,West/East,Find the line that puts 50% of castles west of it,(diagonal),Cornwall,144,West,osm-standing-stones,20,0,
osm-chippies,Fish and chip shops,Out and about,osm,105,we,West/East,Find the line that puts 50% of fish and chip shops west of it,(diagonal),Birmingham,13,West,census-home-semi,1,36,census-carers-50h census-cars-3plus census-cars-none census-commute-car census-commute-foot census-commute-taxi census-health-verybad census-heat-bottled census-heat-gas census-heat-renewable census-home-detached census-home-semi census-home-terraced census-job-operatives census-job-trades census-population census-qual-apprentice census-qual-none census-sick census-tenure-outright census-tenure-social ge24-labour ge24-nonvoters hmrc-pension hmrc-taxpayers osm-aldi osm-breweries osm-greggs osm-iceland osm-lidl osm-mcdonalds osm-morrisons osm-pubs osm-stations osm-wetherspoon pop-all
osm-costa,Costa Coffee shops,High street,osm,105,we,West/East,Find the line that puts 50% of Costa Coffee shops west of it,(diagonal),North West Leicestershire,20,East,ge24-green,1,18,census-heat-electric census-home-caravan census-home-commercial census-hours-49plus census-job-managers census-qual-degree census-tenure-private census-work-from-home ge24-con ge24-green ge24-reform hmrc-employed hmrc-self-employed hmrc-taxpayers osm-starbucks osm-tesco repd-battery repd-solar
osm-distilleries,Distilleries,Out and about,osm,105,we,West/East,Find the line that puts 50% of distilleries west of it,(diagonal),Moray,225,West,repd-wind-onshore,7,1,repd-wind-onshore
osm-golf,Golf courses,Out and about,osm,105,we,West/East,Find the line that puts 50% of golf courses west of it,(diagonal),East Devon,34,West,repd-battery-pipeline,3,12,census-commute-taxi census-health-verybad census-heat-bottled census-heat-renewable census-heat-solid census-sick osm-aldi osm-breweries osm-greggs osm-morrisons osm-stations repd-battery-pipeline
osm-greggs,Greggs shops,High street,osm,105,we,West/East,Find the line that puts 50% of Greggs shops west of it,(diagonal),Dudley,22,West,osm-stations,0,30,census-carers-50h census-commute-car census-commute-taxi census-health-verybad census-heat-bottled census-heat-renewable census-home-detached census-home-semi census-home-terraced census-job-operatives census-job-trades census-qual-apprentice census-qual-none census-sick census-tenure-outright census-tenure-social ge24-labour ge24-nonvoters hmrc-pension osm-aldi osm-breweries osm-chippies osm-golf osm-iceland osm-lidl osm-morrisons osm-pubs osm-stations osm-wetherspoon repd-battery-pipeline
osm-iceland,Iceland shops,Supermarket sweep,osm,105,we,West/East,Find the line that puts 50% of Iceland shops west of it,(diagonal),Sheffield,7,West,census-qual-none,0,40,census-carers-50h census-cars-3plus census-cars-none census-commute-car census-commute-foot census-commute-taxi census-health-verybad census-heat-bottled census-heat-gas census-heat-renewable census-home-detached census-home-semi census-home-terraced census-job-operatives census-job-trades census-population census-qual-apprentice census-qual-degree census-qual-none census-sick census-tenure-outright census-tenure-social ge24-labour ge24-nonvoters ge24-reform hmrc-employed hmrc-pension hmrc-taxpayers osm-aldi osm-breweries osm-chippies osm-greggs osm-lidl osm-mcdonalds osm-morrisons osm-pubs osm-stations osm-wetherspoon pop-all repd-battery
osm-lidl,Lidl shops,Supermarket sweep,osm,105,we,West/East,Find the line that puts 50% of Lidl shops west of it,(diagonal),Gloucester,15,West,census-carers-50h,0,35,census-carers-50h census-cars-3plus census-cars-none census-commute-car census-commute-foot census-commute-taxi census-health-verybad census-heat-bottled census-heat-gas census-heat-renewable census-home-detached census-home-semi census-home-terraced census-job-operatives census-job-trades census-population census-qual-apprentice census-qual-none census-sick census-tenure-outright census-tenure-social ge24-labour ge24-nonvoters hmrc-pension osm-aldi osm-breweries osm-chippies osm-greggs osm-iceland osm-mcdonalds osm-morrisons osm-pubs osm-stations osm-wetherspoon pop-all
osm-lighthouses,Lighthouses,Heritage & coast,osm,105,we,West/East,Find the line that puts 50% of lighthouses west of it,(diagonal),Dundee City,183,West,osm-standing-stones,23,0,
osm-mands,M&S shops,Supermarket sweep,osm,105,we,West/East,Find the line that puts 50% of Marks & Spencer shops west of it,(diagonal),Cherwell,53,East,osm-sainsburys,0,12,census-commute-bike census-commute-motorbike census-home-caravan census-home-commercial census-home-flat census-job-managers census-work-from-home ge24-libdem hmrc-higher-rate osm-nandos osm-sainsburys repd-solar-pipeline
osm-mcdonalds,McDonald's restaurants,High street,osm,105,we,West/East,Find the line that puts 50% of McDonald's restaurants west of it,(diagonal),York,2,West,census-cars-none,1,32,census-carers-50h census-cars-3plus census-cars-none census-commute-car census-commute-foot census-heat-bottled census-heat-gas census-home-detached census-home-semi census-home-terraced census-job-operatives census-job-trades census-population census-qual-apprentice census-qual-degree census-qual-none census-tenure-outright census-tenure-social ge24-labour ge24-nonvoters ge24-reform hmrc-employed hmrc-pension hmrc-taxpayers osm-breweries osm-chippies osm-iceland osm-lidl osm-pubs osm-wetherspoon pop-all repd-battery
osm-morrisons,Morrisons supermarkets,Supermarket sweep,osm,105,we,West/East,Find the line that puts 50% of Morrisons supermarkets west of it,(diagonal),"Bristol, City of",24,West,census-heat-renewable,0,27,census-carers-50h census-commute-car census-commute-taxi census-health-verybad census-heat-bottled census-heat-renewable census-home-semi census-home-terraced census-job-operatives census-qual-apprentice census-qual-none census-sick census-tenure-outright census-tenure-social ge24-nonvoters hmrc-pension osm-aldi osm-breweries osm-chippies osm-golf osm-greggs osm-iceland osm-lidl osm-pubs osm-stations osm-wetherspoon repd-battery-pipeline
osm-nandos,Nando's restaurants,High street,osm,105,we,West/East,Find the line that puts 50% of Nando's restaurants west of it,(diagonal),"Kingston upon Hull, City of",56,East,census-commute-bike,3,8,census-commute-bike census-commute-motorbike census-home-flat ge24-libdem hmrc-higher-rate osm-mands osm-sainsburys repd-solar-pipeline
osm-pret,Pret A Manger shops,High street,osm,105,we,West/East,Find the line that puts 50% of Pret A Manger shops west of it,(diagonal),Westminster,135,East,repd-wind-offshore,1,4,census-commute-metro census-commute-train census-home-converted repd-wind-offshore
osm-pubs,Pubs,Out and about,osm,105,we,West/East,Find the line that puts 50% of pubs west of it,(diagonal),Birmingham,9,West,census-tenure-outright,1,40,census-carers-50h census-cars-3plus census-cars-none census-commute-car census-commute-foot census-commute-taxi census-health-verybad census-heat-bottled census-heat-gas census-heat-renewable census-home-detached census-home-semi census-home-terraced census-job-operatives census-job-trades census-population census-qual-apprentice census-qual-degree census-qual-none census-sick census-tenure-outright census-tenure-social ge24-labour ge24-nonvoters ge24-reform hmrc-employed hmrc-pension hmrc-taxpayers osm-aldi osm-breweries osm-chippies osm-greggs osm-iceland osm-lidl osm-mcdonalds osm-morrisons osm-stations osm-wetherspoon pop-all repd-battery
osm-sainsburys,Sainsbury's shops (all formats),Supermarket sweep,osm,105,we,West/East,Find the line that puts 50% of Sainsbury's shops of every size west of it,(diagonal),Oxford,53,East,osm-mands,0,12,census-commute-bike census-commute-motorbike census-home-caravan census-home-commercial census-home-flat census-job-managers census-work-from-home ge24-libdem hmrc-higher-rate osm-mands osm-nandos repd-solar-pipeline
osm-standing-stones,Standing stones and other megaliths,Heritage & coast,osm,105,we,West/East,Find the line that puts 50% of standing stones and other megaliths west of it,(diagonal),Cumberland,164,West,osm-castles,20,0,
osm-starbucks,Starbucks shops,High street,osm,105,we,West/East,Find the line that puts 50% of Starbucks shops west of it,(diagonal),Erewash,17,East,census-tenure-private,2,19,census-cars-3plus census-commute-foot census-heat-electric census-home-caravan census-hours-49plus census-population census-qual-degree census-tenure-private ge24-con ge24-green ge24-reform hmrc-employed hmrc-self-employed hmrc-taxpayers osm-costa osm-tesco pop-all repd-battery repd-solar
osm-stations,Railway stations,Out and about,osm,105,we,West/East,Find the line that puts 50% of railway stations west of it,(diagonal),Middlesbrough,22,West,osm-greggs,0,30,census-carers-50h census-commute-car census-commute-taxi census-health-verybad census-heat-bottled census-heat-renewable census-home-detached census-home-semi census-home-terraced census-job-operatives census-job-trades census-qual-apprentice census-qual-none census-sick census-tenure-outright census-tenure-social ge24-labour ge24-nonvoters hmrc-pension osm-aldi osm-breweries osm-chippies osm-golf osm-greggs osm-iceland osm-lidl osm-morrisons osm-pubs osm-wetherspoon repd-battery-pipeline
osm-tesco,Tesco shops (all formats),Supermarket sweep,osm,105,we,West/East,Find the line that puts 50% of Tesco shops of every size west of it,(diagonal),Nottingham,23,East,ge24-green,2,18,census-heat-electric census-home-caravan census-home-commercial census-hours-49plus census-job-managers census-qual-degree census-tenure-private census-work-from-home ge24-con ge24-green ge24-libdem ge24-reform hmrc-employed hmrc-self-employed osm-costa osm-starbucks repd-battery repd-solar
osm-waitrose,Waitrose shops,Supermarket sweep,osm,105,we,West/East,Find the line that puts 50% of Waitrose shops west of it,(diagonal),East Hampshire,96,East,osm-windmills,2,2,hmrc-tax-amount osm-windmills
osm-wetherspoon,Wetherspoon pubs,High street,osm,105,we,West/East,Find the line that puts 50% of Wetherspoon pubs west of it,(diagonal),Bath and North East Somerset,8,West,ge24-nonvoters,0,40,census-carers-50h census-cars-3plus census-cars-none census-commute-car census-commute-foot census-commute-taxi census-health-verybad census-heat-bottled census-heat-gas census-heat-renewable census-home-detached census-home-semi census-home-terraced census-job-operatives census-job-trades census-population census-qual-apprentice census-qual-degree census-qual-none census-sick census-tenure-outright census-tenure-social ge24-labour ge24-nonvoters ge24-reform hmrc-employed hmrc-pension hmrc-taxpayers osm-aldi osm-breweries osm-chippies osm-greggs osm-iceland osm-lidl osm-mcdonalds osm-morrisons osm-pubs osm-stations pop-all repd-battery
osm-windmills,Windmills (historic),Heritage & coast,osm,105,we,West/East,Find the line that puts 50% of old windmills west of it,(diagonal),Bedford,93,East,osm-waitrose,2,2,hmrc-tax-amount osm-waitrose
pop-all,Population,Population,population,105,we,West/East,Find the line that puts 50% of the UK's population west of it,(diagonal),Birmingham,1,East,census-cars-3plus,0,32,census-carers-50h census-cars-3plus census-cars-none census-commute-car census-commute-foot census-heat-gas census-home-detached census-home-semi census-home-terraced census-job-operatives census-job-trades census-population census-qual-apprentice census-qual-degree census-qual-none census-tenure-outright census-tenure-private census-tenure-social ge24-labour ge24-nonvoters ge24-reform hmrc-employed hmrc-pension hmrc-taxpayers osm-chippies osm-iceland osm-lidl osm-mcdonalds osm-pubs osm-starbucks osm-wetherspoon repd-battery
repd-battery,Battery storage capacity (MW),Power,repd,105,we,West/East,Find the line that puts 50% of grid battery storage capacity west of it,(diagonal),North Yorkshire,5,East,ge24-reform,0,31,census-cars-3plus census-cars-none census-commute-car census-commute-foot census-heat-gas census-home-detached census-home-semi census-home-terraced census-job-operatives census-job-trades census-population census-qual-degree census-qual-none census-tenure-outright census-tenure-private census-tenure-social ge24-green ge24-labour ge24-nonvoters ge24-reform hmrc-employed hmrc-pension hmrc-taxpayers osm-costa osm-iceland osm-mcdonalds osm-pubs osm-starbucks osm-tesco osm-wetherspoon pop-all
repd-battery-pipeline,Battery storage consented or being built (MW),Power,repd,105,we,West/East,Find the line that puts 50% of battery storage capacity that is consented or under construction west of it,(diagonal),Staffordshire Moorlands,36,West,osm-golf,3,12,census-commute-taxi census-health-verybad census-heat-bottled census-heat-renewable census-heat-solid census-sick osm-aldi osm-breweries osm-golf osm-greggs osm-morrisons osm-stations
repd-hydro,Hydro-electric schemes,Power,repd,105,we,West/East,Find the line that puts 50% of hydro-electric schemes west of it,(diagonal),Highland,304,West,osm-distilleries,84,0,
repd-solar,Solar farm capacity (MW),Power,repd,105,we,West/East,Find the line that puts 50% of solar farm capacity west of it,(diagonal),Newark and Sherwood,26,East,census-heat-electric,1,16,census-heat-electric census-home-caravan census-home-commercial census-home-flat census-hours-49plus census-job-managers census-tenure-private census-work-from-home ge24-con ge24-green ge24-libdem hmrc-self-employed osm-costa osm-starbucks osm-tesco repd-solar-pipeline
repd-solar-pipeline,Solar capacity consented or being built (MW),Power,repd,105,we,West/East,Find the line that puts 50% of solar capacity that is consented or under construction west of it,(diagonal),Bassetlaw,41,East,census-home-flat,0,17,census-commute-bike census-commute-motorbike census-heat-electric census-home-caravan census-home-commercial census-home-flat census-hours-49plus census-job-managers census-work-from-home ge24-con ge24-libdem hmrc-higher-rate hmrc-self-employed osm-mands osm-nandos osm-sainsburys repd-solar
repd-wind-offshore,Offshore wind capacity (MW),Power,repd,105,we,West/East,Find the line that puts 50% of offshore wind power capacity west of it,(diagonal),North Norfolk,129,East,census-commute-metro,0,4,census-commute-metro census-commute-train census-home-converted osm-pret
repd-wind-onshore,Onshore wind capacity (MW),Power,repd,105,we,West/East,Find the line that puts 50% of onshore wind power capacity west of it,(diagonal),South Lanarkshire,217,West,osm-distilleries,7,1,osm-distilleries
census-carers-50h,Carers giving 50+ hours a week,Health & care,unified_census,120,we,North-west/South-east,Find the line that puts 50% of people giving 50 or more hours of unpaid care a week north-west of it,(diagonal),Sandwell,18,North-west,census-qual-apprentice,0,35,census-cars-none census-commute-car census-commute-taxi census-health-verybad census-heat-bottled census-heat-gas census-heat-renewable census-home-detached census-home-semi census-home-terraced census-job-operatives census-job-trades census-qual-apprentice census-qual-none census-sick census-tenure-outright census-tenure-social ge24-labour ge24-nonvoters ge24-reform hmrc-pension osm-aldi osm-breweries osm-chippies osm-golf osm-greggs osm-iceland osm-lidl osm-mcdonalds osm-morrisons osm-pubs osm-stations osm-wetherspoon pop-all repd-battery-pipeline
census-cars-3plus,Households with 3+ cars,Owning & renting,unified_census,120,we,North-west/South-east,Find the line that puts 50% of households with three or more cars or vans north-west of it,(diagonal),Wychavon,2,South-east,repd-battery,0,34,census-cars-none census-commute-car census-commute-foot census-heat-bottled census-heat-gas census-home-detached census-home-semi census-home-terraced census-job-operatives census-job-trades census-population census-qual-degree census-qual-none census-tenure-outright census-tenure-private census-tenure-social ge24-green ge24-labour ge24-nonvoters ge24-reform hmrc-employed hmrc-pension hmrc-taxpayers osm-costa osm-iceland osm-lidl osm-mcdonalds osm-pubs osm-starbucks osm-tesco osm-wetherspoon pop-all repd-battery repd-solar-pipeline
census-cars-none,Households with no car,Owning & renting,unified_census,120,we,North-west/South-east,Find the line that puts 50% of households with no car or van north-west of it,(diagonal),Teignbridge,3,North-west,census-heat-gas,1,36,census-carers-50h census-cars-3plus census-commute-car census-commute-foot census-heat-bottled census-heat-gas census-heat-renewable census-home-detached census-home-semi census-home-terraced census-job-operatives census-job-trades census-population census-qual-apprentice census-qual-degree census-qual-none census-tenure-outright census-tenure-private census-tenure-social ge24-labour ge24-nonvoters ge24-reform hmrc-employed hmrc-pension hmrc-taxpayers osm-breweries osm-chippies osm-iceland osm-lidl osm-mcdonalds osm-pubs osm-starbucks osm-wetherspoon pop-all repd-battery repd-solar-pipeline
census-commute-bike,Commuters by bicycle,Getting to work,unified_census,120,we,North-west/South-east,Find the line that puts 50% of people who cycle to work north-west of it,(diagonal),West Oxfordshire,52,South-east,hmrc-higher-rate,0,8,census-home-caravan census-home-flat ge24-libdem hmrc-higher-rate osm-mands osm-nandos osm-sainsburys repd-solar
census-commute-car,Commuters by car or van,Getting to work,unified_census,120,we,North-west/South-east,Find the line that puts 50% of people who drive to work north-west of it,(diagonal),Bromsgrove,11,North-west,census-tenure-social,0,37,census-carers-50h census-cars-3plus census-cars-none census-commute-foot census-health-verybad census-heat-bottled census-heat-gas census-heat-renewable census-home-detached census-home-semi census-home-terraced census-job-operatives census-job-trades census-population census-qual-apprentice census-qual-none census-sick census-tenure-outright census-tenure-social ge24-labour ge24-nonvoters ge24-reform hmrc-employed hmrc-pension hmrc-taxpayers osm-aldi osm-breweries osm-chippies osm-greggs osm-iceland osm-lidl osm-mcdonalds osm-pubs osm-stations osm-wetherspoon pop-all repd-battery
census-commute-foot,Commuters on foot,Getting to work,unified_census,120,we,North-west/South-east,Find the line that puts 50% of people who walk to work north-west of it,(diagonal),Torbay,3,South-east,repd-battery,0,33,census-cars-3plus census-cars-none census-commute-car census-heat-bottled census-heat-gas census-home-detached census-home-terraced census-job-operatives census-job-trades census-population census-qual-degree census-qual-none census-tenure-outright census-tenure-private census-tenure-social ge24-green ge24-labour ge24-nonvoters ge24-reform hmrc-employed hmrc-pension hmrc-taxpayers osm-costa osm-iceland osm-lidl osm-mcdonalds osm-pubs osm-starbucks osm-tesco osm-wetherspoon pop-all repd-battery repd-solar-pipeline
census-commute-metro,"Commuters by underground, metro or tram",Getting to work,unified_census,120,we,North-west/South-east,"Find the line that puts 50% of people who commute by underground, metro or tram north-west of it",(diagonal),Haringey,149,South-east,osm-pret,1,4,census-commute-train census-home-converted hmrc-additional-rate osm-pret
census-commute-motorbike,Commuters by motorbike or moped,Getting to work,unified_census,120,we,North-west/South-east,Find the line that puts 50% of people who ride a motorbike or moped to work north-west of it,(diagonal),Oxford,74,South-east,osm-nandos,6,5,ge24-libdem osm-mands osm-nandos osm-sainsburys osm-windmills
census-commute-taxi,Commuters by taxi,Getting to work,unified_census,120,we,North-west/South-east,Find the line that puts 50% of people who get to work by taxi north-west of it,(diagonal),Wolverhampton,31,North-west,osm-morrisons,1,15,census-carers-50h census-health-verybad census-heat-bottled census-heat-renewable census-home-semi census-qual-apprentice census-sick osm-aldi osm-breweries osm-chippies osm-golf osm-greggs osm-morrisons osm-stations repd-battery-pipeline
census-commute-train,Commuters by train,Getting to work,unified_census,120,we,North-west/South-east,Find the line that puts 50% of people who commute by train north-west of it,(diagonal),East Hertfordshire,141,South-east,osm-pret,6,4,census-commute-metro census-home-converted hmrc-additional-rate osm-pret
census-health-verybad,Very bad health,Health & care,unified_census,120,we,North-west/South-east,Find the line that puts 50% of people in very bad health north-west of it,(diagonal),Rotherham,25,North-west,osm-stations,1,28,census-carers-50h census-commute-car census-commute-taxi census-heat-bottled census-heat-renewable census-home-semi census-home-terraced census-job-operatives census-qual-apprentice census-qual-none census-sick census-tenure-outright census-tenure-social ge24-labour ge24-nonvoters hmrc-pension osm-aldi osm-breweries osm-chippies osm-golf osm-greggs osm-iceland osm-lidl osm-morrisons osm-pubs osm-stations osm-wetherspoon repd-battery-pipeline
census-heat-bottled,Homes heated only by tank or bottled gas,Heating,unified_census,120,we,North-west/South-east,Find the line that puts 50% of homes heated only by tank or bottled gas north-west of it,(diagonal),Forest of Dean,13,North-west,census-home-semi,2,37,census-carers-50h census-cars-3plus census-cars-none census-commute-car census-commute-foot census-commute-taxi census-health-verybad census-heat-gas census-heat-renewable census-home-detached census-home-semi census-home-terraced census-job-operatives census-job-trades census-population census-qual-apprentice census-qual-none census-sick census-tenure-outright census-tenure-social ge24-labour ge24-nonvoters ge24-reform hmrc-pension osm-aldi osm-breweries osm-chippies osm-greggs osm-iceland osm-lidl osm-mcdonalds osm-morrisons osm-pubs osm-stations osm-wetherspoon pop-all repd-battery
census-heat-electric,Homes heated only by electricity,Heating,unified_census,120,we,North-west/South-east,Find the line that puts 50% of homes heated only by electricity north-west of it,(diagonal),Leicester,27,South-east,census-home-commercial,2,14,census-home-caravan census-home-commercial census-hours-49plus census-job-managers census-tenure-private census-work-from-home ge24-con ge24-green hmrc-self-employed osm-costa osm-starbucks osm-tesco repd-solar repd-solar-pipeline
census-heat-gas,Homes heated only by mains gas,Heating,unified_census,120,we,North-west/South-east,Find the line that puts 50% of homes heated only by mains gas north-west of it,(diagonal),Forest of Dean,4,North-west,census-cars-none,1,35,census-carers-50h census-cars-3plus census-cars-none census-commute-car census-commute-foot census-heat-bottled census-heat-renewable census-home-detached census-home-semi census-home-terraced census-job-operatives census-job-trades census-population census-qual-apprentice census-qual-degree census-qual-none census-tenure-outright census-tenure-private census-tenure-social ge24-labour ge24-nonvoters ge24-reform hmrc-employed hmrc-pension hmrc-taxpayers osm-breweries osm-chippies osm-iceland osm-lidl osm-mcdonalds osm-pubs osm-starbucks osm-wetherspoon pop-all repd-battery
census-heat-oil,Homes heated only by oil,Heating,unified_census,120,we,North-west/South-east,Find the line that puts 50% of homes heated only by oil north-west of it,(diagonal),Cheshire East,78,North-west,census-heat-wood,13,1,census-heat-wood
census-heat-renewable,Homes heated only by renewables,Heating,unified_census,120,we,North-west/South-east,Find the line that puts 50% of homes heated only by renewable energy north-west of it,(diagonal),East Riding of Yorkshire,17,North-west,osm-chippies,1,35,census-carers-50h census-cars-none census-commute-car census-commute-taxi census-health-verybad census-heat-bottled census-heat-gas census-home-detached census-home-semi census-home-terraced census-job-operatives census-job-trades census-population census-qual-apprentice census-qual-none census-sick census-tenure-outright census-tenure-social ge24-labour ge24-nonvoters ge24-reform hmrc-pension osm-aldi osm-breweries osm-chippies osm-golf osm-greggs osm-iceland osm-lidl osm-mcdonalds osm-morrisons osm-pubs osm-stations osm-wetherspoon pop-all
census-heat-solid,Homes heated only by solid fuel,Heating,unified_census,120,we,North-west/South-east,"Find the line that puts 50% of homes heated only by solid fuel (coal, peat) north-west of it",(diagonal),Rhondda Cynon Taf,56,North-west,census-heat-wood,9,1,census-heat-wood
census-heat-wood,Homes heated only by wood,Heating,unified_census,120,we,North-west/South-east,Find the line that puts 50% of homes heated only by wood north-west of it,(diagonal),Cornwall,65,North-west,census-heat-solid,9,2,census-heat-oil census-heat-solid
census-home-caravan,Households in a caravan or mobile home,Homes,unified_census,120,we,North-west/South-east,Find the line that puts 50% of households living in a caravan or mobile home north-west of it,(diagonal),West Lindsey,35,South-east,census-work-from-home,1,11,census-commute-bike census-heat-electric census-home-commercial census-hours-49plus census-job-managers census-work-from-home ge24-con hmrc-higher-rate hmrc-self-employed osm-tesco repd-solar
census-home-commercial,Households in a commercial building,Homes,unified_census,120,we,North-west/South-east,"Find the line that puts 50% of households living above a shop, in an office building or hotel north-west of it",(diagonal),Cotswold,29,South-east,ge24-con,0,13,census-heat-electric census-home-caravan census-hours-49plus census-job-managers census-tenure-private census-work-from-home ge24-con ge24-green hmrc-self-employed osm-costa osm-tesco repd-solar repd-solar-pipeline
census-home-converted,Households in converted or shared houses,Homes,unified_census,120,we,North-west/South-east,"Find the line that puts 50% of households in converted or shared houses, including bedsits north-west of it",(diagonal),Ealing,134,South-east,hmrc-additional-rate,2,4,census-commute-metro census-commute-train hmrc-additional-rate osm-pret
census-home-detached,Households in detached houses,Homes,unified_census,120,we,North-west/South-east,Find the line that puts 50% of households in a detached house north-west of it,(diagonal),North Somerset,5,North-west,osm-mcdonalds,0,35,census-carers-50h census-cars-3plus census-cars-none census-commute-car census-commute-foot census-heat-bottled census-heat-gas census-heat-renewable census-home-semi census-home-terraced census-job-operatives census-job-trades census-population census-qual-apprentice census-qual-degree census-qual-none census-tenure-outright census-tenure-private census-tenure-social ge24-labour ge24-nonvoters ge24-reform hmrc-employed hmrc-pension hmrc-taxpayers osm-breweries osm-chippies osm-iceland osm-lidl osm-mcdonalds osm-pubs osm-starbucks osm-wetherspoon pop-all repd-battery
census-home-flat,Households in purpose-built flats,Homes,unified_census,120,we,North-west/South-east,Find the line that puts 50% of households in a purpose-built block of flats north-west of it,(diagonal),Dorset,54,South-east,census-commute-bike,2,6,census-commute-bike ge24-libdem hmrc-higher-rate osm-mands osm-nandos osm-sainsburys
census-home-semi,Households in semi-detached houses,Homes,unified_census,120,we,North-west/South-east,Find the line that puts 50% of households in a semi-detached house north-west of it,(diagonal),Sandwell,15,North-west,census-heat-renewable,2,36,census-carers-50h census-cars-3plus census-cars-none census-commute-car census-commute-taxi census-health-verybad census-heat-bottled census-heat-gas census-heat-renewable census-home-detached census-home-terraced census-job-operatives census-job-trades census-population census-qual-apprentice census-qual-none census-sick census-tenure-outright census-tenure-social ge24-labour ge24-nonvoters ge24-reform hmrc-pension osm-aldi osm-breweries osm-chippies osm-greggs osm-iceland osm-lidl osm-mcdonalds osm-morrisons osm-pubs osm-stations osm-wetherspoon pop-all repd-battery
census-home-terraced,Households in terraced houses,Homes,unified_census,120,we,North-west/South-east,Find the line that puts 50% of households in a terraced house north-west of it,(diagonal),Bassetlaw,10,North-west,census-tenure-social,0,38,census-carers-50h census-cars-3plus census-cars-none census-commute-car census-commute-foot census-health-verybad census-heat-bottled census-heat-gas census-heat-renewable census-home-detached census-home-semi census-job-operatives census-job-trades census-population census-qual-apprentice census-qual-degree census-qual-none census-sick census-tenure-outright census-tenure-social ge24-labour ge24-nonvoters ge24-reform hmrc-employed hmrc-pension hmrc-taxpayers osm-aldi osm-breweries osm-chippies osm-greggs osm-iceland osm-lidl osm-mcdonalds osm-pubs osm-stations osm-wetherspoon pop-all repd-battery
census-hours-49plus,People working 49+ hours a week,Work & qualifications,unified_census,120,we,North-west/South-east,Find the line that puts 50% of people working 49 or more hours a week north-west of it,(diagonal),Bath and North East Somerset,24,South-east,census-heat-electric,3,16,census-heat-electric census-home-caravan census-home-commercial census-job-managers census-qual-degree census-tenure-private census-work-from-home ge24-con ge24-green hmrc-employed hmrc-self-employed osm-costa osm-starbucks osm-tesco repd-solar repd-solar-pipeline
census-job-managers,"Managers, directors and senior officials",Work & qualifications,unified_census,120,we,North-west/South-east,"Find the line that puts 50% of managers, directors and senior officials north-west of it",(diagonal),Harborough,33,South-east,census-work-from-home,1,11,census-heat-electric census-home-caravan census-home-commercial census-hours-49plus census-work-from-home ge24-con ge24-green hmrc-self-employed osm-costa osm-tesco repd-solar
census-job-operatives,"Process, plant and machine operatives",Work & qualifications,unified_census,120,we,North-west/South-east,"Find the line that puts 50% of process, plant and machine operatives north-west of it",(diagonal),Derby,10,North-west,census-qual-none,0,37,census-carers-50h census-cars-3plus census-cars-none census-commute-car census-commute-foot census-health-verybad census-heat-bottled census-heat-gas census-heat-renewable census-home-detached census-home-semi census-home-terraced census-job-trades census-population census-qual-apprentice census-qual-degree census-qual-none census-sick census-tenure-outright census-tenure-social ge24-labour ge24-nonvoters ge24-reform hmrc-employed hmrc-pension hmrc-taxpayers osm-breweries osm-chippies osm-greggs osm-iceland osm-lidl osm-mcdonalds osm-pubs osm-stations osm-wetherspoon pop-all repd-battery
census-job-trades,Skilled trades,Work & qualifications,unified_census,120,we,North-west/South-east,Find the line that puts 50% of people working in skilled trades north-west of it,(diagonal),Somerset,6,North-west,osm-mcdonalds,0,35,census-carers-50h census-cars-3plus census-cars-none census-commute-car census-commute-foot census-heat-bottled census-heat-gas census-heat-renewable census-home-detached census-home-semi census-home-terraced census-job-operatives census-population census-qual-apprentice census-qual-degree census-qual-none census-tenure-outright census-tenure-private census-tenure-social ge24-labour ge24-nonvoters ge24-reform hmrc-employed hmrc-pension hmrc-taxpayers osm-breweries osm-chippies osm-iceland osm-lidl osm-mcdonalds osm-pubs osm-starbucks osm-wetherspoon pop-all repd-battery
census-population,Usual residents (census),Population,unified_census,120,we,North-west/South-east,Find the line that puts 50% of the UK's residents north-west of it,(diagonal),Somerset,0,,ge24-reform,1,36,census-cars-3plus census-cars-none census-commute-car census-commute-foot census-heat-bottled census-heat-gas census-heat-renewable census-home-detached census-home-semi census-home-terraced census-job-operatives census-job-trades census-qual-apprentice census-qual-degree census-qual-none census-tenure-outright census-tenure-private census-tenure-social ge24-green ge24-labour ge24-nonvoters ge24-reform hmrc-employed hmrc-pension hmrc-taxpayers osm-chippies osm-costa osm-iceland osm-lidl osm-mcdonalds osm-pubs osm-starbucks osm-wetherspoon pop-all repd-battery repd-solar-pipeline
census-qual-apprentice,Apprenticeships,Work & qualifications,unified_census,120,we,North-west/South-east,Find the line that puts 50% of people whose highest qualification is an apprenticeship north-west of it,(diagonal),Walsall,18,North-west,osm-chippies,0,35,census-carers-50h census-cars-none census-commute-car census-commute-taxi census-health-verybad census-heat-bottled census-heat-gas census-heat-renewable census-home-detached census-home-semi census-home-terraced census-job-operatives census-job-trades census-population census-qual-none census-sick census-tenure-outright census-tenure-social ge24-labour ge24-nonvoters ge24-reform hmrc-pension osm-aldi osm-breweries osm-chippies osm-golf osm-greggs osm-iceland osm-lidl osm-mcdonalds osm-morrisons osm-pubs osm-stations osm-wetherspoon pop-all
census-qual-degree,Degree-level qualifications,Work & qualifications,unified_census,120,we,North-west/South-east,Find the line that puts 50% of people with a degree-level qualification or above north-west of it,(diagonal),"Bristol, City of",7,South-east,hmrc-employed,1,32,census-cars-3plus census-cars-none census-commute-foot census-heat-gas census-home-detached census-home-terraced census-hours-49plus census-job-operatives census-job-trades census-population census-qual-none census-tenure-outright census-tenure-private census-tenure-social ge24-green ge24-labour ge24-nonvoters ge24-reform hmrc-employed hmrc-pension hmrc-taxpayers osm-costa osm-iceland osm-lidl osm-mcdonalds osm-pubs osm-starbucks osm-tesco osm-wetherspoon pop-all repd-battery repd-solar-pipeline
census-qual-none,No qualifications,Work & qualifications,unified_census,120,we,North-west/South-east,Find the line that puts 50% of adults with no qualifications north-west of it,(diagonal),Bolsover,10,North-west,census-tenure-outright,0,37,census-carers-50h census-cars-3plus census-cars-none census-commute-car census-commute-foot census-health-verybad census-heat-bottled census-heat-gas census-heat-renewable census-home-detached census-home-semi census-home-terraced census-job-operatives census-job-trades census-population census-qual-apprentice census-qual-degree census-sick census-tenure-outright census-tenure-social ge24-labour ge24-nonvoters ge24-reform hmrc-employed hmrc-pension hmrc-taxpayers osm-breweries osm-chippies osm-greggs osm-iceland osm-lidl osm-mcdonalds osm-pubs osm-stations osm-wetherspoon pop-all repd-battery
census-sick,Long-term sick or disabled,Health & care,unified_census,120,we,North-west/South-east,Find the line that puts 50% of people out of work because they are long-term sick or disabled north-west of it,(diagonal),Doncaster,27,North-west,osm-aldi,1,24,census-carers-50h census-commute-car census-commute-taxi census-health-verybad census-heat-bottled census-heat-renewable census-home-semi census-home-terraced census-job-operatives census-qual-apprentice census-qual-none census-tenure-outright census-tenure-social ge24-nonvoters osm-aldi osm-breweries osm-chippies osm-golf osm-greggs osm-iceland osm-morrisons osm-pubs osm-stations repd-battery-pipeline
census-tenure-outright,Households that own outright,Owning & renting,unified_census,120,we,North-west/South-east,Find the line that puts 50% of households that own their home outright north-west of it,(diagonal),Bromsgrove,10,North-west,osm-pubs,0,37,census-carers-50h census-cars-3plus census-cars-none census-commute-car census-commute-foot census-health-verybad census-heat-bottled census-heat-gas census-heat-renewable census-home-detached census-home-semi census-home-terraced census-job-operatives census-job-trades census-population census-qual-apprentice census-qual-degree census-qual-none census-sick census-tenure-social ge24-labour ge24-nonvoters ge24-reform hmrc-employed hmrc-pension hmrc-taxpayers osm-breweries osm-chippies osm-greggs osm-iceland osm-lidl osm-mcdonalds osm-pubs osm-stations osm-wetherspoon pop-all repd-battery
census-tenure-private,Households renting privately,Owning & renting,unified_census,120,we,North-west/South-east,Find the line that puts 50% of households renting privately north-west of it,(diagonal),Rushcliffe,11,South-east,osm-starbucks,0,23,census-cars-3plus census-cars-none census-commute-foot census-heat-electric census-heat-gas census-home-commercial census-home-detached census-hours-49plus census-job-trades census-population census-qual-degree ge24-green ge24-reform hmrc-employed hmrc-taxpayers osm-costa osm-mcdonalds osm-starbucks osm-tesco osm-wetherspoon pop-all repd-battery repd-solar-pipeline
census-tenure-social,Households renting socially,Owning & renting,unified_census,120,we,North-west/South-east,Find the line that puts 50% of households in social housing north-west of it,(diagonal),Birmingham,11,North-west,census-home-terraced,0,38,census-carers-50h census-cars-3plus census-cars-none census-commute-car census-commute-foot census-health-verybad census-heat-bottled census-heat-gas census-heat-renewable census-home-detached census-home-semi census-home-terraced census-job-operatives census-job-trades census-population census-qual-apprentice census-qual-degree census-qual-none census-sick census-tenure-outright ge24-labour ge24-nonvoters ge24-reform hmrc-employed hmrc-pension hmrc-taxpayers osm-aldi osm-breweries osm-chippies osm-greggs osm-iceland osm-lidl osm-mcdonalds osm-pubs osm-stations osm-wetherspoon pop-all repd-battery
census-work-from-home,People working mainly from home,Getting to work,unified_census,120,we,North-west/South-east,Find the line that puts 50% of people who work mainly from home north-west of it,(diagonal),Stratford-on-Avon,34,South-east,census-home-caravan,1,9,census-heat-electric census-home-caravan census-home-commercial census-hours-49plus census-job-managers ge24-con hmrc-self-employed osm-tesco repd-solar
ge24-con,"Conservative votes, 2024",Election night,ge2024,120,we,North-west/South-east,Find the line that puts 50% of votes cast for the Conservatives in 2024 north-west of it,(diagonal),Kenilworth and Southam,29,South-east,hmrc-self-employed,0,12,census-heat-electric census-home-caravan census-home-commercial census-hours-49plus census-job-managers census-work-from-home ge24-green hmrc-self-employed osm-costa osm-tesco repd-solar repd-solar-pipeline
ge24-green,"Green votes, 2024",Election night,ge2024,120,we,North-west/South-east,Find the line that puts 50% of votes cast for the Greens in 2024 north-west of it,(diagonal),Bristol East,15,South-east,osm-costa,0,20,census-cars-3plus census-commute-foot census-heat-electric census-home-commercial census-hours-49plus census-job-managers census-population census-qual-degree census-tenure-private ge24-con ge24-reform hmrc-employed hmrc-self-employed hmrc-taxpayers osm-costa osm-starbucks osm-tesco pop-all repd-battery repd-solar-pipeline
ge24-labour,"Labour votes, 2024",Election night,ge2024,120,we,North-west/South-east,Find the line that puts 50% of votes cast for Labour in 2024 north-west of it,(diagonal),Worcester,9,North-west,osm-lidl,0,36,census-carers-50h census-cars-3plus census-cars-none census-commute-car census-commute-foot census-health-verybad census-heat-bottled census-heat-gas census-heat-renewable census-home-detached census-home-semi census-home-terraced census-job-operatives census-job-trades census-population census-qual-apprentice census-qual-degree census-qual-none census-tenure-outright census-tenure-social ge24-nonvoters ge24-reform hmrc-employed hmrc-pension hmrc-taxpayers osm-breweries osm-chippies osm-greggs osm-iceland osm-lidl osm-mcdonalds osm-pubs osm-stations osm-wetherspoon pop-all repd-battery
ge24-libdem,"Liberal Democrat votes, 2024",Election night,ge2024,120,we,North-west/South-east,Find the line that puts 50% of votes cast for the Liberal Democrats in 2024 north-west of it,(diagonal),Oxford West and Abingdon,62,South-east,osm-sainsburys,0,7,census-commute-bike census-commute-motorbike census-home-flat hmrc-higher-rate osm-mands osm-nandos osm-sainsburys
ge24-nonvoters,"Registered voters who did not vote, 2024",Election night,ge2024,120,we,North-west/South-east,Find the line that puts 50% of registered voters who stayed at home in 2024 north-west of it,(diagonal),Birmingham Ladywood,10,North-west,osm-iceland,0,37,census-carers-50h census-cars-3plus census-cars-none census-commute-car census-commute-foot census-health-verybad census-heat-bottled census-heat-gas census-heat-renewable census-home-detached census-home-semi census-home-terraced census-job-operatives census-job-trades census-population census-qual-apprentice census-qual-degree census-qual-none census-sick census-tenure-outright census-tenure-social ge24-labour ge24-reform hmrc-employed hmrc-pension hmrc-taxpayers osm-breweries osm-chippies osm-greggs osm-iceland osm-lidl osm-mcdonalds osm-pubs osm-stations osm-wetherspoon pop-all repd-battery
ge24-reform,"Reform UK votes, 2024",Election night,ge2024,120,we,North-west/South-east,Find the line that puts 50% of votes cast for Reform UK in 2024 north-west of it,(diagonal),Sherwood Forest,1,North-west,census-population,1,37,census-carers-50h census-cars-3plus census-cars-none census-commute-car census-commute-foot census-heat-bottled census-heat-gas census-heat-renewable census-home-detached census-home-semi census-home-terraced census-job-operatives census-job-trades census-population census-qual-apprentice census-qual-degree census-qual-none census-tenure-outright census-tenure-private census-tenure-social ge24-green ge24-labour ge24-nonvoters hmrc-employed hmrc-pension hmrc-taxpayers osm-chippies osm-costa osm-iceland osm-lidl osm-mcdonalds osm-pubs osm-starbucks osm-wetherspoon pop-all repd-battery repd-solar-pipeline
hmrc-additional-rate,Additional-rate (top-rate) taxpayers,Income & tax,hmrc,120,we,North-west/South-east,Find the line that puts 50% of top-rate taxpayers north-west of it,(diagonal),Barnet,132,South-east,census-home-converted,2,5,census-commute-metro census-commute-train census-home-converted osm-pret osm-waitrose
hmrc-employed,Taxpayers with a job,Income & tax,hmrc,120,we,North-west/South-east,Find the line that puts 50% of taxpayers with income from a job north-west of it,(diagonal),"Bristol, City of",6,South-east,hmrc-taxpayers,1,33,census-cars-3plus census-cars-none census-commute-car census-commute-foot census-heat-gas census-home-detached census-home-terraced census-hours-49plus census-job-operatives census-job-trades census-population census-qual-degree census-qual-none census-tenure-outright census-tenure-private census-tenure-social ge24-green ge24-labour ge24-nonvoters ge24-reform hmrc-pension hmrc-taxpayers osm-costa osm-iceland osm-lidl osm-mcdonalds osm-pubs osm-starbucks osm-tesco osm-wetherspoon pop-all repd-battery repd-solar-pipeline
hmrc-higher-rate,Higher-rate taxpayers,Income & tax,hmrc,120,we,North-west/South-east,Find the line that puts 50% of higher-rate taxpayers north-west of it,(diagonal),Wiltshire,52,South-east,census-commute-bike,0,8,census-commute-bike census-home-caravan census-home-flat ge24-libdem osm-mands osm-nandos osm-sainsburys repd-solar
hmrc-pension,Taxpayers with pension income,Income & tax,hmrc,120,we,North-west/South-east,Find the line that puts 50% of taxpayers drawing a pension north-west of it,(diagonal),Somerset,9,North-west,ge24-labour,0,36,census-carers-50h census-cars-3plus census-cars-none census-commute-car census-commute-foot census-health-verybad census-heat-bottled census-heat-gas census-heat-renewable census-home-detached census-home-semi census-home-terraced census-job-operatives census-job-trades census-population census-qual-apprentice census-qual-degree census-qual-none census-tenure-outright census-tenure-social ge24-labour ge24-nonvoters ge24-reform hmrc-employed hmrc-taxpayers osm-breweries osm-chippies osm-greggs osm-iceland osm-lidl osm-mcdonalds osm-pubs osm-stations osm-wetherspoon pop-all repd-battery
hmrc-self-employed,Self-employed taxpayers,Income & tax,hmrc,120,we,North-west/South-east,Find the line that puts 50% of self-employed taxpayers north-west of it,(diagonal),Bath and North East Somerset,29,South-east,ge24-con,0,12,census-heat-electric census-home-caravan census-home-commercial census-hours-49plus census-job-managers census-work-from-home ge24-con ge24-green osm-costa osm-tesco repd-solar repd-solar-pipeline
hmrc-tax-amount,Income tax paid,Income & tax,hmrc,120,we,North-west/South-east,Find the line that puts 50% of all income tax paid north-west of it,(diagonal),Buckinghamshire,97,South-east,repd-wind-offshore,4,3,osm-waitrose osm-windmills repd-wind-offshore
hmrc-taxpayers,Income taxpayers,Income & tax,hmrc,120,we,North-west/South-east,Find the line that puts 50% of income taxpayers north-west of it,(diagonal),"Bristol, City of",5,South-east,hmrc-employed,1,32,census-cars-3plus census-cars-none census-commute-car census-commute-foot census-heat-gas census-home-detached census-home-terraced census-job-operatives census-job-trades census-population census-qual-degree census-qual-none census-tenure-outright census-tenure-private census-tenure-social ge24-green ge24-labour ge24-nonvoters ge24-reform hmrc-employed hmrc-pension osm-costa osm-iceland osm-lidl osm-mcdonalds osm-pubs osm-starbucks osm-tesco osm-wetherspoon pop-all repd-battery repd-solar-pipeline
osm-aldi,Aldi shops,Supermarket sweep,osm,120,we,North-west/South-east,Find the line that puts 50% of Aldi shops north-west of it,(diagonal),Wolverhampton,28,North-west,census-sick,1,18,census-carers-50h census-commute-car census-commute-taxi census-health-verybad census-heat-bottled census-heat-renewable census-home-semi census-home-terraced census-qual-apprentice census-sick census-tenure-social osm-breweries osm-chippies osm-golf osm-greggs osm-morrisons osm-stations repd-battery-pipeline
osm-breweries,Breweries,Out and about,osm,120,we,North-west/South-east,Find the line that puts 50% of breweries north-west of it,(diagonal),"Herefordshire, County of",21,North-west,census-carers-50h,3,33,census-carers-50h census-cars-none census-commute-car census-commute-taxi census-health-verybad census-heat-bottled census-heat-gas census-heat-renewable census-home-detached census-home-semi census-home-terraced census-job-operatives census-job-trades census-qual-apprentice census-qual-none census-sick census-tenure-outright census-tenure-social ge24-labour ge24-nonvoters hmrc-pension osm-aldi osm-chippies osm-golf osm-greggs osm-iceland osm-lidl osm-mcdonalds osm-morrisons osm-pubs osm-stations osm-wetherspoon repd-battery-pipeline
osm-castles,Castles,Heritage & coast,osm,120,we,North-west/South-east,Find the line that puts 50% of castles north-west of it,(diagonal),Westmorland and Furness,170,North-west,osm-standing-stones,4,1,osm-standing-stones
osm-chippies,Fish and chip shops,Out and about,osm,120,we,North-west/South-east,Find the line that puts 50% of fish and chip shops north-west of it,(diagonal),Sandwell,17,North-west,census-qual-apprentice,0,35,census-carers-50h census-cars-none census-commute-car census-commute-taxi census-health-verybad census-heat-bottled census-heat-gas census-heat-renewable census-home-detached census-home-semi census-home-terraced census-job-operatives census-job-trades census-population census-qual-apprentice census-qual-none census-sick census-tenure-outright census-tenure-social ge24-labour ge24-nonvoters ge24-reform hmrc-pension osm-aldi osm-breweries osm-golf osm-greggs osm-iceland osm-lidl osm-mcdonalds osm-morrisons osm-pubs osm-stations osm-wetherspoon pop-all
osm-costa,Costa Coffee shops,High street,osm,120,we,North-west/South-east,Find the line that puts 50% of Costa Coffee shops north-west of it,(diagonal),Somerset,15,South-east,ge24-green,0,20,census-cars-3plus census-commute-foot census-heat-electric census-home-commercial census-hours-49plus census-job-managers census-population census-qual-degree census-tenure-private ge24-con ge24-green ge24-reform hmrc-employed hmrc-self-employed hmrc-taxpayers osm-starbucks osm-tesco pop-all repd-battery repd-solar-pipeline
osm-distilleries,Distilleries,Out and about,osm,120,we,North-west/South-east,Find the line that puts 50% of distilleries north-west of it,(diagonal),Aberdeenshire,326,North-west,repd-wind-onshore,31,0,
osm-golf,Golf courses,Out and about,osm,120,we,North-west/South-east,Find the line that puts 50% of golf courses north-west of it,(diagonal),Stafford,35,North-west,repd-battery-pipeline,1,13,census-carers-50h census-commute-taxi census-health-verybad census-heat-renewable census-qual-apprentice census-sick osm-aldi osm-breweries osm-chippies osm-greggs osm-morrisons osm-stations repd-battery-pipeline
osm-greggs,Greggs shops,High street,osm,120,we,North-west/South-east,Find the line that puts 50% of Greggs shops north-west of it,(diagonal),Chesterfield,24,North-west,osm-stations,0,28,census-carers-50h census-commute-car census-commute-taxi census-health-verybad census-heat-bottled census-heat-renewable census-home-semi census-home-terraced census-job-operatives census-qual-apprentice census-qual-none census-sick census-tenure-outright census-tenure-social ge24-labour ge24-nonvoters hmrc-pension osm-aldi osm-breweries osm-chippies osm-golf osm-iceland osm-lidl osm-morrisons osm-pubs osm-stations osm-wetherspoon repd-battery-pipeline
osm-iceland,Iceland shops,Supermarket sweep,osm,120,we,North-west/South-east,Find the line that puts 50% of Iceland shops north-west of it,(diagonal),Derby,10,North-west,osm-pubs,0,37,census-carers-50h census-cars-3plus census-cars-none census-commute-car census-commute-foot census-health-verybad census-heat-bottled census-heat-gas census-heat-renewable census-home-detached census-home-semi census-home-terraced census-job-operatives census-job-trades census-population census-qual-apprentice census-qual-degree census-qual-none census-sick census-tenure-outright census-tenure-social ge24-labour ge24-nonvoters ge24-reform hmrc-employed hmrc-pension hmrc-taxpayers osm-breweries osm-chippies osm-greggs osm-lidl osm-mcdonalds osm-pubs osm-stations osm-wetherspoon pop-all repd-battery
osm-lidl,Lidl shops,Supermarket sweep,osm,120,we,North-west/South-east,Find the line that puts 50% of Lidl shops north-west of it,(diagonal),Derby,9,North-west,ge24-labour,0,36,census-carers-50h census-cars-3plus census-cars-none census-commute-car census-commute-foot census-health-verybad census-heat-bottled census-heat-gas census-heat-renewable census-home-detached census-home-semi census-home-terraced census-job-operatives census-job-trades census-population census-qual-apprentice census-qual-degree census-qual-none census-tenure-outright census-tenure-social ge24-labour ge24-nonvoters ge24-reform hmrc-employed hmrc-pension hmrc-taxpayers osm-breweries osm-chippies osm-greggs osm-iceland osm-mcdonalds osm-pubs osm-stations osm-wetherspoon pop-all repd-battery
osm-lighthouses,Lighthouses,Heritage & coast,osm,120,we,North-west/South-east,Find the line that puts 50% of lighthouses north-west of it,(diagonal),Angus,273,North-west,repd-wind-onshore,23,0,
osm-mands,M&S shops,Supermarket sweep,osm,120,we,North-west/South-east,Find the line that puts 50% of Marks & Spencer shops north-west of it,(diagonal),West Northamptonshire,64,South-east,ge24-libdem,2,7,census-commute-bike census-commute-motorbike census-home-flat ge24-libdem hmrc-higher-rate osm-nandos osm-sainsburys
osm-mcdonalds,McDonald's restaurants,High street,osm,120,we,North-west/South-east,Find the line that puts 50% of McDonald's restaurants north-west of it,(diagonal),North Somerset,6,North-west,census-job-trades,0,35,census-carers-50h census-cars-3plus census-cars-none census-commute-car census-commute-foot census-heat-bottled census-heat-gas census-heat-renewable census-home-detached census-home-semi census-home-terraced census-job-operatives census-job-trades census-population census-qual-apprentice census-qual-degree census-qual-none census-tenure-outright census-tenure-private census-tenure-social ge24-labour ge24-nonvoters ge24-reform hmrc-employed hmrc-pension hmrc-taxpayers osm-breweries osm-chippies osm-iceland osm-lidl osm-pubs osm-starbucks osm-wetherspoon pop-all repd-battery
osm-morrisons,Morrisons supermarkets,Supermarket sweep,osm,120,we,North-west/South-east,Find the line that puts 50% of Morrisons supermarkets north-west of it,(diagonal),Rotherham,30,North-west,census-commute-taxi,1,15,census-carers-50h census-commute-taxi census-health-verybad census-heat-bottled census-heat-renewable census-home-semi census-qual-apprentice census-sick osm-aldi osm-breweries osm-chippies osm-golf osm-greggs osm-stations repd-battery-pipeline
osm-nandos,Nando's restaurants,High street,osm,120,we,North-west/South-east,Find the line that puts 50% of Nando's restaurants north-west of it,(diagonal),Cherwell,67,South-east,osm-mands,3,7,census-commute-bike census-commute-motorbike census-home-flat ge24-libdem hmrc-higher-rate osm-mands osm-sainsburys
osm-pret,Pret A Manger shops,High street,osm,120,we,North-west/South-east,Find the line that puts 50% of Pret A Manger shops north-west of it,(diagonal),Westminster,148,South-east,census-commute-metro,1,4,census-commute-metro census-commute-train census-home-converted hmrc-additional-rate
osm-pubs,Pubs,Out and about,osm,120,we,North-west/South-east,Find the line that puts 50% of pubs north-west of it,(diagonal),Exeter,10,North-west,osm-iceland,0,37,census-carers-50h census-cars-3plus census-cars-none census-commute-car census-commute-foot census-health-verybad census-heat-bottled census-heat-gas census-heat-renewable census-home-detached census-home-semi census-home-terraced census-job-operatives census-job-trades census-population census-qual-apprentice census-qual-degree census-qual-none census-sick census-tenure-outright census-tenure-social ge24-labour ge24-nonvoters ge24-reform hmrc-employed hmrc-pension hmrc-taxpayers osm-breweries osm-chippies osm-greggs osm-iceland osm-lidl osm-mcdonalds osm-stations osm-wetherspoon pop-all repd-battery
osm-sainsburys,Sainsbury's shops (all formats),Supermarket sweep,osm,120,we,North-west/South-east,Find the line that puts 50% of Sainsbury's shops of every size north-west of it,(diagonal),North Northamptonshire,61,South-east,ge24-libdem,0,7,census-commute-bike census-commute-motorbike census-home-flat ge24-libdem hmrc-higher-rate osm-mands osm-nandos
osm-standing-stones,Standing stones and other megaliths,Heritage & coast,osm,120,we,North-west/South-east,Find the line that puts 50% of standing stones and other megaliths north-west of it,(diagonal),Northumberland,175,North-west,osm-castles,4,1,osm-castles
osm-starbucks,Starbucks shops,High street,osm,120,we,North-west/South-east,Find the line that puts 50% of Starbucks shops north-west of it,(diagonal),"Bristol, City of",10,South-east,census-tenure-private,0,22,census-cars-3plus census-cars-none census-commute-foot census-heat-electric census-heat-gas census-home-detached census-hours-49plus census-job-trades census-population census-qual-degree census-tenure-private ge24-green ge24-reform hmrc-employed hmrc-taxpayers osm-costa osm-mcdonalds osm-tesco osm-wetherspoon pop-all repd-battery repd-solar-pipeline
osm-stations,Railway stations,Out and about,osm,120,we,North-west/South-east,Find the line that puts 50% of railway stations north-west of it,(diagonal),Walsall,24,North-west,osm-greggs,0,28,census-carers-50h census-commute-car census-commute-taxi census-health-verybad census-heat-bottled census-heat-renewable census-home-semi census-home-terraced census-job-operatives census-qual-apprentice census-qual-none census-sick census-tenure-outright census-tenure-social ge24-labour ge24-nonvoters hmrc-pension osm-aldi osm-breweries osm-chippies osm-golf osm-greggs osm-iceland osm-lidl osm-morrisons osm-pubs osm-wetherspoon repd-battery-pipeline
osm-tesco,Tesco shops (all formats),Supermarket sweep,osm,120,we,North-west/South-east,Find the line that puts 50% of Tesco shops of every size north-west of it,(diagonal),Warwick,19,South-east,ge24-green,4,20,census-cars-3plus census-commute-foot census-heat-electric census-home-caravan census-home-commercial census-hours-49plus census-job-managers census-qual-degree census-tenure-private census-work-from-home ge24-con ge24-green hmrc-employed hmrc-self-employed hmrc-taxpayers osm-costa osm-starbucks repd-battery repd-solar repd-solar-pipeline
osm-waitrose,Waitrose shops,Supermarket sweep,osm,120,we,North-west/South-east,Find the line that puts 50% of Waitrose shops north-west of it,(diagonal),Windsor and Maidenhead,115,South-east,repd-wind-offshore,14,3,hmrc-additional-rate hmrc-tax-amount repd-wind-offshore
osm-wetherspoon,Wetherspoon pubs,High street,osm,120,we,North-west/South-east,Find the line that puts 50% of Wetherspoon pubs north-west of it,(diagonal),Birmingham,7,North-west,census-job-trades,1,38,census-carers-50h census-cars-3plus census-cars-none census-commute-car census-commute-foot census-health-verybad census-heat-bottled census-heat-gas census-heat-renewable census-home-detached census-home-semi census-home-terraced census-job-operatives census-job-trades census-population census-qual-apprentice census-qual-degree census-qual-none census-tenure-outright census-tenure-private census-tenure-social ge24-labour ge24-nonvoters ge24-reform hmrc-employed hmrc-pension hmrc-taxpayers osm-breweries osm-chippies osm-greggs osm-iceland osm-lidl osm-mcdonalds osm-pubs osm-starbucks osm-stations pop-all repd-battery
osm-windmills,Windmills (historic),Heritage & coast,osm,120,we,North-west/South-east,Find the line that puts 50% of old windmills north-west of it,(diagonal),Wiltshire,87,South-east,hmrc-tax-amount,9,3,census-commute-motorbike hmrc-tax-amount repd-wind-offshore
pop-all,Population,Population,population,120,we,North-west/South-east,Find the line that puts 50% of the UK's population north-west of it,(diagonal),Birmingham,2,North-west,census-cars-none,1,37,census-carers-50h census-cars-3plus census-cars-none census-commute-car census-commute-foot census-heat-bottled census-heat-gas census-heat-renewable census-home-detached census-home-semi census-home-terraced census-job-operatives census-job-trades census-population census-qual-apprentice census-qual-degree census-qual-none census-tenure-outright census-tenure-private census-tenure-social ge24-green ge24-labour ge24-nonvoters ge24-reform hmrc-employed hmrc-pension hmrc-taxpayers osm-chippies osm-costa osm-iceland osm-lidl osm-mcdonalds osm-pubs osm-starbucks osm-wetherspoon repd-battery repd-solar-pipeline
repd-battery,Battery storage capacity (MW),Power,repd,120,we,North-west/South-east,Find the line that puts 50% of grid battery storage capacity north-west of it,(diagonal),East Riding of Yorkshire,2,South-east,census-cars-3plus,0,34,census-cars-3plus census-cars-none census-commute-car census-commute-foot census-heat-bottled census-heat-gas census-home-detached census-home-semi census-home-terraced census-job-operatives census-job-trades census-population census-qual-degree census-qual-none census-tenure-outright census-tenure-private census-tenure-social ge24-green ge24-labour ge24-nonvoters ge24-reform hmrc-employed hmrc-pension hmrc-taxpayers osm-costa osm-iceland osm-lidl osm-mcdonalds osm-pubs osm-starbucks osm-tesco osm-wetherspoon pop-all repd-solar-pipeline
repd-battery-pipeline,Battery storage consented or being built (MW),Power,repd,120,we,North-west/South-east,Find the line that puts 50% of battery storage capacity that is consented or under construction north-west of it,(diagonal),North Yorkshire,36,North-west,osm-golf,1,10,census-carers-50h census-commute-taxi census-health-verybad census-sick osm-aldi osm-breweries osm-golf osm-greggs osm-morrisons osm-stations
repd-hydro,Hydro-electric schemes,Power,repd,120,we,North-west/South-east,Find the line that puts 50% of hydro-electric schemes north-west of it,(diagonal),Highland,403,North-west,osm-distilleries,82,0,
repd-solar,Solar farm capacity (MW),Power,repd,120,we,North-west/South-east,Find the line that puts 50% of solar farm capacity north-west of it,(diagonal),South Kesteven,36,South-east,census-home-caravan,1,11,census-commute-bike census-heat-electric census-home-caravan census-home-commercial census-hours-49plus census-job-managers census-work-from-home ge24-con hmrc-higher-rate hmrc-self-employed osm-tesco
repd-solar-pipeline,Solar capacity consented or being built (MW),Power,repd,120,we,North-west/South-east,Find the line that puts 50% of solar capacity that is consented or under construction north-west of it,(diagonal),West Lindsey,14,South-east,osm-costa,1,20,census-cars-3plus census-cars-none census-commute-foot census-heat-electric census-home-commercial census-hours-49plus census-population census-qual-degree census-tenure-private ge24-con ge24-green ge24-reform hmrc-employed hmrc-self-employed hmrc-taxpayers osm-costa osm-starbucks osm-tesco pop-all repd-battery
repd-wind-offshore,Offshore wind capacity (MW),Power,repd,120,we,North-west/South-east,Find the line that puts 50% of offshore wind power capacity north-west of it,(diagonal),North Norfolk,97,South-east,hmrc-tax-amount,3,3,hmrc-tax-amount osm-waitrose osm-windmills
repd-wind-onshore,Onshore wind capacity (MW),Power,repd,120,we,North-west/South-east,Find the line that puts 50% of onshore wind power capacity north-west of it,(diagonal),East Ayrshire,295,North-west,osm-lighthouses,23,0,
census-carers-50h,Carers giving 50+ hours a week,Health & care,unified_census,135,ns,North-west/South-east,Find the line that puts 50% of people giving 50 or more hours of unpaid care a week north-west of it,(diagonal),Sandwell,19,North-west,osm-chippies,0,34,census-cars-none census-commute-car census-health-verybad census-heat-bottled census-heat-gas census-heat-renewable census-home-detached census-home-semi census-home-terraced census-job-operatives census-job-trades census-qual-apprentice census-qual-none census-sick census-tenure-outright census-tenure-social ge24-labour ge24-nonvoters ge24-reform hmrc-pension osm-aldi osm-breweries osm-chippies osm-golf osm-greggs osm-iceland osm-lidl osm-mcdonalds osm-morrisons osm-pubs osm-stations osm-wetherspoon repd-battery repd-solar-pipeline
census-cars-3plus,Households with 3+ cars,Owning & renting,unified_census,135,ns,North-west/South-east,Find the line that puts 50% of households with three or more cars or vans north-west of it,(diagonal),Cornwall,7,South-east,census-commute-foot,0,23,census-cars-none census-commute-foot census-heat-bottled census-heat-gas census-heat-renewable census-home-detached census-job-trades census-population census-qual-degree census-tenure-outright census-tenure-private ge24-reform hmrc-employed hmrc-pension hmrc-taxpayers osm-breweries osm-lidl osm-mcdonalds osm-pubs osm-starbucks osm-wetherspoon pop-all repd-solar-pipeline
census-cars-none,Households with no car,Owning & renting,unified_census,135,ns,North-west/South-east,Find the line that puts 50% of households with no car or van north-west of it,(diagonal),Birmingham,8,North-west,osm-mcdonalds,0,36,census-carers-50h census-cars-3plus census-commute-car census-commute-foot census-health-verybad census-heat-bottled census-heat-gas census-heat-renewable census-home-detached census-home-semi census-home-terraced census-job-operatives census-job-trades census-population census-qual-apprentice census-qual-none census-tenure-outright census-tenure-social ge24-labour ge24-nonvoters ge24-reform hmrc-employed hmrc-pension hmrc-taxpayers osm-breweries osm-chippies osm-greggs osm-iceland osm-lidl osm-mcdonalds osm-pubs osm-stations osm-wetherspoon pop-all repd-battery repd-solar-pipeline
census-commute-bike,Commuters by bicycle,Getting to work,unified_census,135,ns,North-west/South-east,Find the line that puts 50% of people who cycle to work north-west of it,(diagonal),Peterborough,56,South-east,hmrc-higher-rate,0,13,census-heat-electric census-home-caravan census-home-commercial census-home-flat census-job-managers census-work-from-home ge24-con hmrc-higher-rate hmrc-self-employed osm-mands osm-nandos osm-sainsburys repd-solar
census-commute-car,Commuters by car or van,Getting to work,unified_census,135,ns,North-west/South-east,Find the line that puts 50% of people who drive to work north-west of it,(diagonal),Rhondda Cynon Taf,14,North-west,census-tenure-social,0,33,census-carers-50h census-cars-none census-health-verybad census-heat-bottled census-heat-gas census-heat-renewable census-home-detached census-home-semi census-home-terraced census-job-operatives census-job-trades census-population census-qual-apprentice census-qual-none census-sick census-tenure-outright census-tenure-social ge24-labour ge24-nonvoters ge24-reform hmrc-pension osm-breweries osm-chippies osm-greggs osm-iceland osm-lidl osm-mcdonalds osm-pubs osm-stations osm-wetherspoon pop-all repd-battery repd-solar-pipeline
census-commute-foot,Commuters on foot,Getting to work,unified_census,135,ns,North-west/South-east,Find the line that puts 50% of people who walk to work north-west of it,(diagonal),Leicester,6,South-east,census-cars-3plus,0,23,census-cars-3plus census-cars-none census-heat-bottled census-heat-gas census-heat-renewable census-home-detached census-job-trades census-population census-qual-degree census-tenure-outright census-tenure-private ge24-reform hmrc-employed hmrc-pension hmrc-taxpayers osm-breweries osm-lidl osm-mcdonalds osm-pubs osm-starbucks osm-wetherspoon pop-all repd-solar-pipeline
census-commute-metro,"Commuters by underground, metro or tram",Getting to work,unified_census,135,ns,North-west/South-east,"Find the line that puts 50% of people who commute by underground, metro or tram north-west of it",(diagonal),Waltham Forest,146,South-east,osm-pret,0,4,census-commute-train census-home-converted hmrc-additional-rate osm-pret
census-commute-motorbike,Commuters by motorbike or moped,Getting to work,unified_census,135,ns,North-west/South-east,Find the line that puts 50% of people who ride a motorbike or moped to work north-west of it,(diagonal),King's Lynn and West Norfolk,75,South-east,ge24-libdem,1,6,census-home-flat ge24-libdem osm-mands osm-nandos osm-sainsburys osm-windmills
census-commute-taxi,Commuters by taxi,Getting to work,unified_census,135,ns,North-west/South-east,Find the line that puts 50% of people who get to work by taxi north-west of it,(diagonal),"Kingston upon Hull, City of",45,North-west,osm-morrisons,8,4,census-sick osm-aldi osm-golf osm-morrisons
census-commute-train,Commuters by train,Getting to work,unified_census,135,ns,North-west/South-east,Find the line that puts 50% of people who commute by train north-west of it,(diagonal),Brent,141,South-east,census-home-converted,5,4,census-commute-metro census-home-converted hmrc-additional-rate osm-pret
census-health-verybad,Very bad health,Health & care,unified_census,135,ns,North-west/South-east,Find the line that puts 50% of people in very bad health north-west of it,(diagonal),Walsall,26,North-west,census-sick,3,27,census-carers-50h census-cars-none census-commute-car census-heat-gas census-home-semi census-home-terraced census-job-operatives census-qual-apprentice census-qual-none census-sick census-tenure-outright census-tenure-social ge24-labour ge24-nonvoters osm-aldi osm-breweries osm-chippies osm-golf osm-greggs osm-iceland osm-lidl osm-mcdonalds osm-morrisons osm-pubs osm-stations repd-battery repd-solar-pipeline
census-heat-bottled,Homes heated only by tank or bottled gas,Heating,unified_census,135,ns,North-west/South-east,Find the line that puts 50% of homes heated only by tank or bottled gas north-west of it,(diagonal),Cornwall,4,North-west,ge24-reform,1,37,census-carers-50h census-cars-3plus census-cars-none census-commute-car census-commute-foot census-heat-gas census-heat-renewable census-home-detached census-home-semi census-home-terraced census-job-operatives census-job-trades census-population census-qual-apprentice census-qual-degree census-qual-none census-tenure-outright census-tenure-social ge24-labour ge24-nonvoters ge24-reform hmrc-employed hmrc-pension hmrc-taxpayers osm-breweries osm-chippies osm-greggs osm-iceland osm-lidl osm-mcdonalds osm-pubs osm-starbucks osm-stations osm-wetherspoon pop-all repd-battery repd-solar-pipeline
census-heat-electric,Homes heated only by electricity,Heating,unified_census,135,ns,North-west/South-east,Find the line that puts 50% of homes heated only by electricity north-west of it,(diagonal),Exeter,42,South-east,hmrc-self-employed,0,15,census-commute-bike census-home-caravan census-home-commercial census-home-flat census-hours-49plus census-job-managers census-work-from-home ge24-con ge24-green hmrc-higher-rate hmrc-self-employed osm-costa osm-tesco repd-solar repd-wind-offshore
census-heat-gas,Homes heated only by mains gas,Heating,unified_census,135,ns,North-west/South-east,Find the line that puts 50% of homes heated only by mains gas north-west of it,(diagonal),Rushcliffe,8,North-west,census-cars-none,0,36,census-carers-50h census-cars-3plus census-cars-none census-commute-car census-commute-foot census-health-verybad census-heat-bottled census-heat-renewable census-home-detached census-home-semi census-home-terraced census-job-operatives census-job-trades census-population census-qual-apprentice census-qual-none census-tenure-outright census-tenure-social ge24-labour ge24-nonvoters ge24-reform hmrc-employed hmrc-pension hmrc-taxpayers osm-breweries osm-chippies osm-greggs osm-iceland osm-lidl osm-mcdonalds osm-pubs osm-stations osm-wetherspoon pop-all repd-battery repd-solar-pipeline
census-heat-oil,Homes heated only by oil,Heating,unified_census,135,ns,North-west/South-east,Find the line that puts 50% of homes heated only by oil north-west of it,(diagonal),Barnsley,78,North-west,repd-battery-pipeline,4,3,census-heat-solid census-heat-wood repd-battery-pipeline
census-heat-renewable,Homes heated only by renewables,Heating,unified_census,135,ns,North-west/South-east,Find the line that puts 50% of homes heated only by renewable energy north-west of it,(diagonal),Cornwall,5,North-west,hmrc-pension,0,36,census-carers-50h census-cars-3plus census-cars-none census-commute-car census-commute-foot census-heat-bottled census-heat-gas census-home-detached census-home-semi census-home-terraced census-job-operatives census-job-trades census-population census-qual-apprentice census-qual-none census-tenure-outright census-tenure-social ge24-labour ge24-nonvoters ge24-reform hmrc-employed hmrc-pension hmrc-taxpayers osm-breweries osm-chippies osm-greggs osm-iceland osm-lidl osm-mcdonalds osm-pubs osm-starbucks osm-stations osm-wetherspoon pop-all repd-battery repd-solar-pipeline
census-heat-solid,Homes heated only by solid fuel,Heating,unified_census,135,ns,North-west/South-east,"Find the line that puts 50% of homes heated only by solid fuel (coal, peat) north-west of it",(diagonal),Barnsley,68,North-west,census-heat-wood,3,3,census-heat-oil census-heat-wood repd-battery-pipeline
census-heat-wood,Homes heated only by wood,Heating,unified_census,135,ns,North-west/South-east,Find the line that puts 50% of homes heated only by wood north-west of it,(diagonal),Derbyshire Dales,65,North-west,census-heat-solid,3,3,census-heat-oil census-heat-solid repd-battery-pipeline
census-home-caravan,Households in a caravan or mobile home,Homes,unified_census,135,ns,North-west/South-east,Find the line that puts 50% of households living in a caravan or mobile home north-west of it,(diagonal),South Kesteven,46,South-east,census-home-commercial,1,17,census-commute-bike census-heat-electric census-home-commercial census-home-flat census-hours-49plus census-job-managers census-work-from-home ge24-con ge24-green hmrc-higher-rate hmrc-self-employed osm-costa osm-mands osm-sainsburys osm-tesco repd-solar repd-wind-offshore
census-home-commercial,Households in a commercial building,Homes,unified_census,135,ns,North-west/South-east,"Find the line that puts 50% of households living above a shop, in an office building or hotel north-west of it",(diagonal),West Oxfordshire,45,South-east,census-job-managers,0,17,census-commute-bike census-heat-electric census-home-caravan census-home-flat census-hours-49plus census-job-managers census-work-from-home ge24-con ge24-green hmrc-higher-rate hmrc-self-employed osm-costa osm-mands osm-sainsburys osm-tesco repd-solar repd-wind-offshore
census-home-converted,Households in converted or shared houses,Homes,unified_census,135,ns,North-west/South-east,"Find the line that puts 50% of households in converted or shared houses, including bedsits north-west of it",(diagonal),Barnet,136,South-east,hmrc-additional-rate,5,5,census-commute-metro census-commute-train hmrc-additional-rate osm-pret osm-waitrose
census-home-detached,Households in detached houses,Homes,unified_census,135,ns,North-west/South-east,Find the line that puts 50% of households in a detached house north-west of it,(diagonal),Rushcliffe,7,North-west,census-job-trades,0,35,census-carers-50h census-cars-3plus census-cars-none census-commute-car census-commute-foot census-heat-bottled census-heat-gas census-heat-renewable census-home-semi census-home-terraced census-job-operatives census-job-trades census-population census-qual-apprentice census-qual-none census-tenure-outright census-tenure-social ge24-labour ge24-nonvoters ge24-reform hmrc-employed hmrc-pension hmrc-taxpayers osm-breweries osm-chippies osm-greggs osm-iceland osm-lidl osm-mcdonalds osm-pubs osm-stations osm-wetherspoon pop-all repd-battery repd-solar-pipeline
census-home-flat,Households in purpose-built flats,Homes,unified_census,135,ns,North-west/South-east,Find the line that puts 50% of households in a purpose-built block of flats north-west of it,(diagonal),Wiltshire,59,South-east,osm-mands,2,16,census-commute-bike census-commute-motorbike census-heat-electric census-home-caravan census-home-commercial census-job-managers census-work-from-home ge24-con ge24-libdem hmrc-higher-rate hmrc-self-employed osm-mands osm-nandos osm-sainsburys osm-windmills repd-solar
census-home-semi,Households in semi-detached houses,Homes,unified_census,135,ns,North-west/South-east,Find the line that puts 50% of households in a semi-detached house north-west of it,(diagonal),Bridgend,20,North-west,census-qual-apprentice,0,34,census-carers-50h census-cars-none census-commute-car census-health-verybad census-heat-bottled census-heat-gas census-heat-renewable census-home-detached census-home-terraced census-job-operatives census-job-trades census-qual-apprentice census-qual-none census-sick census-tenure-outright census-tenure-social ge24-labour ge24-nonvoters ge24-reform hmrc-pension osm-aldi osm-breweries osm-chippies osm-golf osm-greggs osm-iceland osm-lidl osm-mcdonalds osm-morrisons osm-pubs osm-stations osm-wetherspoon repd-battery repd-solar-pipeline
census-home-terraced,Households in terraced houses,Homes,unified_census,135,ns,North-west/South-east,Find the line that puts 50% of households in a terraced house north-west of it,(diagonal),North East Lincolnshire,12,North-west,ge24-labour,0,33,census-carers-50h census-cars-none census-commute-car census-health-verybad census-heat-bottled census-heat-gas census-heat-renewable census-home-detached census-home-semi census-job-operatives census-job-trades census-population census-qual-apprentice census-qual-none census-sick census-tenure-outright census-tenure-social ge24-labour ge24-nonvoters ge24-reform hmrc-pension osm-breweries osm-chippies osm-greggs osm-iceland osm-lidl osm-mcdonalds osm-pubs osm-stations osm-wetherspoon pop-all repd-battery repd-solar-pipeline
census-hours-49plus,People working 49+ hours a week,Work & qualifications,unified_census,135,ns,North-west/South-east,Find the line that puts 50% of people working 49 or more hours a week north-west of it,(diagonal),West Northamptonshire,36,South-east,osm-tesco,0,13,census-heat-electric census-home-caravan census-home-commercial census-job-managers census-tenure-private census-work-from-home ge24-con ge24-green hmrc-self-employed osm-costa osm-tesco repd-solar repd-wind-offshore
census-job-managers,"Managers, directors and senior officials",Work & qualifications,unified_census,135,ns,North-west/South-east,"Find the line that puts 50% of managers, directors and senior officials north-west of it",(diagonal),West Northamptonshire,45,South-east,census-home-commercial,0,17,census-commute-bike census-heat-electric census-home-caravan census-home-commercial census-home-flat census-hours-49plus census-work-from-home ge24-con ge24-green hmrc-higher-rate hmrc-self-employed osm-costa osm-mands osm-sainsburys osm-tesco repd-solar repd-wind-offshore
census-job-operatives,"Process, plant and machine operatives",Work & qualifications,unified_census,135,ns,North-west/South-east,"Find the line that puts 50% of process, plant and machine operatives north-west of it",(diagonal),Birmingham,16,North-west,osm-stations,0,33,census-carers-50h census-cars-none census-commute-car census-health-verybad census-heat-bottled census-heat-gas census-heat-renewable census-home-detached census-home-semi census-home-terraced census-job-trades census-population census-qual-apprentice census-qual-none census-sick census-tenure-outright census-tenure-social ge24-labour ge24-nonvoters ge24-reform hmrc-pension osm-breweries osm-chippies osm-greggs osm-iceland osm-lidl osm-mcdonalds osm-pubs osm-stations osm-wetherspoon pop-all repd-battery repd-solar-pipeline
census-job-trades,Skilled trades,Work & qualifications,unified_census,135,ns,North-west/South-east,Find the line that puts 50% of people working in skilled trades north-west of it,(diagonal),North West Leicestershire,7,North-west,census-home-detached,0,35,census-carers-50h census-cars-3plus census-cars-none census-commute-car census-commute-foot census-heat-bottled census-heat-gas census-heat-renewable census-home-detached census-home-semi census-home-terraced census-job-operatives census-population census-qual-apprentice census-qual-none census-tenure-outright census-tenure-social ge24-labour ge24-nonvoters ge24-reform hmrc-employed hmrc-pension hmrc-taxpayers osm-breweries osm-chippies osm-greggs osm-iceland osm-lidl osm-mcdonalds osm-pubs osm-stations osm-wetherspoon pop-all repd-battery repd-solar-pipeline
census-population,Usual residents (census),Population,unified_census,135,ns,North-west/South-east,Find the line that puts 50% of the UK's residents north-west of it,(diagonal),South Kesteven,0,,pop-all,0,32,census-cars-3plus census-cars-none census-commute-car census-commute-foot census-heat-bottled census-heat-gas census-heat-renewable census-home-detached census-home-terraced census-job-operatives census-job-trades census-qual-degree census-qual-none census-tenure-outright census-tenure-social ge24-labour ge24-nonvoters ge24-reform hmrc-employed hmrc-pension hmrc-taxpayers osm-breweries osm-iceland osm-lidl osm-mcdonalds osm-pubs osm-starbucks osm-stations osm-wetherspoon pop-all repd-battery repd-solar-pipeline
census-qual-apprentice,Apprenticeships,Work & qualifications,unified_census,135,ns,North-west/South-east,Find the line that puts 50% of people whose highest qualification is an apprenticeship north-west of it,(diagonal),Wyre Forest,21,North-west,census-home-semi,0,34,census-carers-50h census-cars-none census-commute-car census-health-verybad census-heat-bottled census-heat-gas census-heat-renewable census-home-detached census-home-semi census-home-terraced census-job-operatives census-job-trades census-qual-none census-sick census-tenure-outright census-tenure-social ge24-labour ge24-nonvoters ge24-reform hmrc-pension osm-aldi osm-breweries osm-chippies osm-golf osm-greggs osm-iceland osm-lidl osm-mcdonalds osm-morrisons osm-pubs osm-stations osm-wetherspoon repd-battery repd-solar-pipeline
census-qual-degree,Degree-level qualifications,Work & qualifications,unified_census,135,ns,North-west/South-east,Find the line that puts 50% of people with a degree-level qualification or above north-west of it,(diagonal),Monmouthshire,13,South-east,osm-starbucks,2,11,census-cars-3plus census-commute-foot census-heat-bottled census-population census-tenure-private ge24-reform hmrc-employed hmrc-taxpayers osm-starbucks pop-all repd-wind-offshore
census-qual-none,No qualifications,Work & qualifications,unified_census,135,ns,North-west/South-east,Find the line that puts 50% of adults with no qualifications north-west of it,(diagonal),Birmingham,14,North-west,repd-battery,0,33,census-carers-50h census-cars-none census-commute-car census-health-verybad census-heat-bottled census-heat-gas census-heat-renewable census-home-detached census-home-semi census-home-terraced census-job-operatives census-job-trades census-population census-qual-apprentice census-sick census-tenure-outright census-tenure-social ge24-labour ge24-nonvoters ge24-reform hmrc-pension osm-breweries osm-chippies osm-greggs osm-iceland osm-lidl osm-mcdonalds osm-pubs osm-stations osm-wetherspoon pop-all repd-battery repd-solar-pipeline
census-sick,Long-term sick or disabled,Health & care,unified_census,135,ns,North-west/South-east,Find the line that puts 50% of people out of work because they are long-term sick or disabled north-west of it,(diagonal),Derby,28,North-west,census-health-verybad,3,23,census-carers-50h census-commute-car census-commute-taxi census-health-verybad census-home-semi census-home-terraced census-job-operatives census-qual-apprentice census-qual-none census-tenure-outright census-tenure-social ge24-labour ge24-nonvoters osm-aldi osm-breweries osm-chippies osm-golf osm-greggs osm-iceland osm-morrisons osm-pubs osm-stations repd-battery
census-tenure-outright,Households that own outright,Owning & renting,unified_census,135,ns,North-west/South-east,Find the line that puts 50% of households that own their home outright north-west of it,(diagonal),North East Lincolnshire,11,North-west,osm-breweries,0,35,census-carers-50h census-cars-3plus census-cars-none census-commute-car census-commute-foot census-health-verybad census-heat-bottled census-heat-gas census-heat-renewable census-home-detached census-home-semi census-home-terraced census-job-operatives census-job-trades census-population census-qual-apprentice census-qual-none census-sick census-tenure-social ge24-labour ge24-nonvoters ge24-reform hmrc-pension osm-breweries osm-chippies osm-greggs osm-iceland osm-lidl osm-mcdonalds osm-pubs osm-stations osm-wetherspoon pop-all repd-battery repd-solar-pipeline
census-tenure-private,Households renting privately,Owning & renting,unified_census,135,ns,North-west/South-east,Find the line that puts 50% of households renting privately north-west of it,(diagonal),West Devon,20,South-east,census-qual-degree,6,11,census-cars-3plus census-commute-foot census-hours-49plus census-qual-degree ge24-green hmrc-employed hmrc-taxpayers osm-costa osm-starbucks osm-tesco repd-wind-offshore
census-tenure-social,Households renting socially,Owning & renting,unified_census,135,ns,North-west/South-east,Find the line that puts 50% of households in social housing north-west of it,(diagonal),Birmingham,14,North-west,census-commute-car,0,33,census-carers-50h census-cars-none census-commute-car census-health-verybad census-heat-bottled census-heat-gas census-heat-renewable census-home-detached census-home-semi census-home-terraced census-job-operatives census-job-trades census-population census-qual-apprentice census-qual-none census-sick census-tenure-outright ge24-labour ge24-nonvoters ge24-reform hmrc-pension osm-breweries osm-chippies osm-greggs osm-iceland osm-lidl osm-mcdonalds osm-pubs osm-stations osm-wetherspoon pop-all repd-battery repd-solar-pipeline
census-work-from-home,People working mainly from home,Getting to work,unified_census,135,ns,North-west/South-east,Find the line that puts 50% of people who work mainly from home north-west of it,(diagonal),Bath and North East Somerset,48,South-east,census-home-caravan,2,18,census-commute-bike census-heat-electric census-home-caravan census-home-commercial census-home-flat census-hours-49plus census-job-managers ge24-con ge24-green hmrc-higher-rate hmrc-self-employed osm-costa osm-mands osm-nandos osm-sainsburys osm-tesco repd-solar repd-wind-offshore
ge24-con,"Conservative votes, 2024",Election night,ge2024,135,ns,North-west/South-east,Find the line that puts 50% of votes cast for the Conservatives in 2024 north-west of it,(diagonal),Rutland and Stamford,42,South-east,hmrc-self-employed,0,15,census-commute-bike census-heat-electric census-home-caravan census-home-commercial census-home-flat census-hours-49plus census-job-managers census-work-from-home ge24-green hmrc-higher-rate hmrc-self-employed osm-costa osm-tesco repd-solar repd-wind-offshore
ge24-green,"Green votes, 2024",Election night,ge2024,135,ns,North-west/South-east,Find the line that puts 50% of votes cast for the Greens in 2024 north-west of it,(diagonal),Bristol Central,34,South-east,osm-costa,1,12,census-heat-electric census-home-caravan census-home-commercial census-hours-49plus census-job-managers census-tenure-private census-work-from-home ge24-con hmrc-self-employed osm-costa osm-tesco repd-wind-offshore
ge24-labour,"Labour votes, 2024",Election night,ge2024,135,ns,North-west/South-east,Find the line that puts 50% of votes cast for Labour in 2024 north-west of it,(diagonal),Gedling,12,North-west,census-home-terraced,0,33,census-carers-50h census-cars-none census-commute-car census-health-verybad census-heat-bottled census-heat-gas census-heat-renewable census-home-detached census-home-semi census-home-terraced census-job-operatives census-job-trades census-population census-qual-apprentice census-qual-none census-sick census-tenure-outright census-tenure-social ge24-nonvoters ge24-reform hmrc-pension osm-breweries osm-chippies osm-greggs osm-iceland osm-lidl osm-mcdonalds osm-pubs osm-stations osm-wetherspoon pop-all repd-battery repd-solar-pipeline
ge24-libdem,"Liberal Democrat votes, 2024",Election night,ge2024,135,ns,North-west/South-east,Find the line that puts 50% of votes cast for the Liberal Democrats in 2024 north-west of it,(diagonal),West Dorset,74,South-east,census-commute-motorbike,1,6,census-commute-motorbike census-home-flat osm-mands osm-nandos osm-sainsburys osm-windmills
ge24-nonvoters,"Registered voters who did not vote, 2024",Election night,ge2024,135,ns,North-west/South-east,Find the line that puts 50% of registered voters who stayed at home in 2024 north-west of it,(diagonal),Birmingham Ladywood,13,North-west,census-qual-none,0,33,census-carers-50h census-cars-none census-commute-car census-health-verybad census-heat-bottled census-heat-gas census-heat-renewable census-home-detached census-home-semi census-home-terraced census-job-operatives census-job-trades census-population census-qual-apprentice census-qual-none census-sick census-tenure-outright census-tenure-social ge24-labour ge24-reform hmrc-pension osm-breweries osm-chippies osm-greggs osm-iceland osm-lidl osm-mcdonalds osm-pubs osm-stations osm-wetherspoon pop-all repd-battery repd-solar-pipeline
ge24-reform,"Reform UK votes, 2024",Election night,ge2024,135,ns,North-west/South-east,Find the line that puts 50% of votes cast for Reform UK in 2024 north-west of it,(diagonal),North Warwickshire and Bedworth,3,North-west,census-heat-bottled,1,36,census-carers-50h census-cars-3plus census-cars-none census-commute-car census-commute-foot census-heat-bottled census-heat-gas census-heat-renewable census-home-detached census-home-semi census-home-terraced census-job-operatives census-job-trades census-population census-qual-apprentice census-qual-degree census-qual-none census-tenure-outright census-tenure-social ge24-labour ge24-nonvoters hmrc-employed hmrc-pension hmrc-taxpayers osm-breweries osm-chippies osm-iceland osm-lidl osm-mcdonalds osm-pubs osm-starbucks osm-stations osm-wetherspoon pop-all repd-battery repd-solar-pipeline
hmrc-additional-rate,Additional-rate (top-rate) taxpayers,Income & tax,hmrc,135,ns,North-west/South-east,Find the line that puts 50% of top-rate taxpayers north-west of it,(diagonal),Barnet,131,South-east,census-home-converted,5,5,census-commute-metro census-commute-train census-home-converted osm-pret osm-waitrose
hmrc-employed,Taxpayers with a job,Income & tax,hmrc,135,ns,North-west/South-east,Find the line that puts 50% of taxpayers with income from a job north-west of it,(diagonal),Cornwall,10,South-east,hmrc-taxpayers,0,18,census-cars-3plus census-cars-none census-commute-foot census-heat-bottled census-heat-gas census-heat-renewable census-home-detached census-job-trades census-population census-qual-degree census-tenure-private ge24-reform hmrc-pension hmrc-taxpayers osm-mcdonalds osm-starbucks osm-wetherspoon pop-all
hmrc-higher-rate,Higher-rate taxpayers,Income & tax,hmrc,135,ns,North-west/South-east,Find the line that puts 50% of higher-rate taxpayers north-west of it,(diagonal),Wiltshire,55,South-east,census-commute-bike,0,13,census-commute-bike census-heat-electric census-home-caravan census-home-commercial census-home-flat census-job-managers census-work-from-home ge24-con hmrc-self-employed osm-mands osm-nandos osm-sainsburys repd-solar
hmrc-pension,Taxpayers with pension income,Income & tax,hmrc,135,ns,North-west/South-east,Find the line that puts 50% of taxpayers drawing a pension north-west of it,(diagonal),Birmingham,6,North-west,census-heat-renewable,0,36,census-carers-50h census-cars-3plus census-cars-none census-commute-car census-commute-foot census-heat-bottled census-heat-gas census-heat-renewable census-home-detached census-home-semi census-home-terraced census-job-operatives census-job-trades census-population census-qual-apprentice census-qual-none census-tenure-outright census-tenure-social ge24-labour ge24-nonvoters ge24-reform hmrc-employed hmrc-taxpayers osm-breweries osm-chippies osm-greggs osm-iceland osm-lidl osm-mcdonalds osm-pubs osm-starbucks osm-stations osm-wetherspoon pop-all repd-battery repd-solar-pipeline
hmrc-self-employed,Self-employed taxpayers,Income & tax,hmrc,135,ns,North-west/South-east,Find the line that puts 50% of self-employed taxpayers north-west of it,(diagonal),Somerset,42,South-east,ge24-con,0,15,census-commute-bike census-heat-electric census-home-caravan census-home-commercial census-home-flat census-hours-49plus census-job-managers census-work-from-home ge24-con ge24-green hmrc-higher-rate osm-costa osm-tesco repd-solar repd-wind-offshore
hmrc-tax-amount,Income tax paid,Income & tax,hmrc,135,ns,North-west/South-east,Find the line that puts 50% of all income tax paid north-west of it,(diagonal),Buckinghamshire,99,South-east,osm-windmills,22,0,
hmrc-taxpayers,Income taxpayers,Income & tax,hmrc,135,ns,North-west/South-east,Find the line that puts 50% of income taxpayers north-west of it,(diagonal),Cornwall,10,South-east,hmrc-employed,0,18,census-cars-3plus census-cars-none census-commute-foot census-heat-bottled census-heat-gas census-heat-renewable census-home-detached census-job-trades census-population census-qual-degree census-tenure-private ge24-reform hmrc-employed hmrc-pension osm-mcdonalds osm-starbucks osm-wetherspoon pop-all
osm-aldi,Aldi shops,Supermarket sweep,osm,135,ns,North-west/South-east,Find the line that puts 50% of Aldi shops north-west of it,(diagonal),Cannock Chase,37,North-west,osm-morrisons,0,10,census-carers-50h census-commute-taxi census-health-verybad census-home-semi census-qual-apprentice census-sick osm-chippies osm-golf osm-greggs osm-morrisons
osm-breweries,Breweries,Out and about,osm,135,ns,North-west/South-east,Find the line that puts 50% of breweries north-west of it,(diagonal),Cornwall,11,North-west,census-tenure-outright,0,35,census-carers-50h census-cars-3plus census-cars-none census-commute-car census-commute-foot census-health-verybad census-heat-bottled census-heat-gas census-heat-renewable census-home-detached census-home-semi census-home-terraced census-job-operatives census-job-trades census-population census-qual-apprentice census-qual-none census-sick census-tenure-outright census-tenure-social ge24-labour ge24-nonvoters ge24-reform hmrc-pension osm-chippies osm-greggs osm-iceland osm-lidl osm-mcdonalds osm-pubs osm-stations osm-wetherspoon pop-all repd-battery repd-solar-pipeline
osm-castles,Castles,Heritage & coast,osm,135,ns,North-west/South-east,Find the line that puts 50% of castles north-west of it,(diagonal),Northumberland,216,North-west,osm-standing-stones,14,1,osm-standing-stones
osm-chippies,Fish and chip shops,Out and about,osm,135,ns,North-west/South-east,Find the line that puts 50% of fish and chip shops north-west of it,(diagonal),Nottingham,19,North-west,census-carers-50h,0,34,census-carers-50h census-cars-none census-commute-car census-health-verybad census-heat-bottled census-heat-gas census-heat-renewable census-home-detached census-home-semi census-home-terraced census-job-operatives census-job-trades census-qual-apprentice census-qual-none census-sick census-tenure-outright census-tenure-social ge24-labour ge24-nonvoters ge24-reform hmrc-pension osm-aldi osm-breweries osm-golf osm-greggs osm-iceland osm-lidl osm-mcdonalds osm-morrisons osm-pubs osm-stations osm-wetherspoon repd-battery repd-solar-pipeline
osm-costa,Costa Coffee shops,High street,osm,135,ns,North-west/South-east,Find the line that puts 50% of Costa Coffee shops north-west of it,(diagonal),"Bristol, City of",32,South-east,ge24-green,1,12,census-heat-electric census-home-caravan census-home-commercial census-hours-49plus census-job-managers census-tenure-private census-work-from-home ge24-con ge24-green hmrc-self-employed osm-tesco repd-wind-offshore
osm-distilleries,Distilleries,Out and about,osm,135,ns,North-west/South-east,Find the line that puts 50% of distilleries north-west of it,(diagonal),West Dunbartonshire,396,North-west,repd-wind-onshore,49,0,
osm-golf,Golf courses,Out and about,osm,135,ns,North-west/South-east,Find the line that puts 50% of golf courses north-west of it,(diagonal),Wolverhampton,34,North-west,osm-aldi,3,10,census-carers-50h census-commute-taxi census-health-verybad census-home-semi census-qual-apprentice census-sick osm-aldi osm-chippies osm-greggs osm-morrisons
osm-greggs,Greggs shops,High street,osm,135,ns,North-west/South-east,Find the line that puts 50% of Greggs shops north-west of it,(diagonal),South Derbyshire,22,North-west,census-qual-apprentice,1,33,census-carers-50h census-cars-none census-commute-car census-health-verybad census-heat-bottled census-heat-gas census-heat-renewable census-home-detached census-home-semi census-home-terraced census-job-operatives census-job-trades census-qual-apprentice census-qual-none census-sick census-tenure-outright census-tenure-social ge24-labour ge24-nonvoters hmrc-pension osm-aldi osm-breweries osm-chippies osm-golf osm-iceland osm-lidl osm-mcdonalds osm-morrisons osm-pubs osm-stations osm-wetherspoon repd-battery repd-solar-pipeline
osm-iceland,Iceland shops,Supermarket sweep,osm,135,ns,North-west/South-east,Find the line that puts 50% of Iceland shops north-west of it,(diagonal),Nottingham,13,North-west,ge24-nonvoters,1,33,census-carers-50h census-cars-none census-commute-car census-health-verybad census-heat-bottled census-heat-gas census-heat-renewable census-home-detached census-home-semi census-home-terraced census-job-operatives census-job-trades census-population census-qual-apprentice census-qual-none census-sick census-tenure-outright census-tenure-social ge24-labour ge24-nonvoters ge24-reform hmrc-pension osm-breweries osm-chippies osm-greggs osm-lidl osm-mcdonalds osm-pubs osm-stations osm-wetherspoon pop-all repd-battery repd-solar-pipeline
osm-lidl,Lidl shops,Supermarket sweep,osm,135,ns,North-west/South-east,Find the line that puts 50% of Lidl shops north-west of it,(diagonal),Worcester,9,North-west,repd-solar-pipeline,0,34,census-carers-50h census-cars-3plus census-cars-none census-commute-car census-commute-foot census-health-verybad census-heat-bottled census-heat-gas census-heat-renewable census-home-detached census-home-semi census-home-terraced census-job-operatives census-job-trades census-population census-qual-apprentice census-qual-none census-tenure-outright census-tenure-social ge24-labour ge24-nonvoters ge24-reform hmrc-pension osm-breweries osm-chippies osm-greggs osm-iceland osm-mcdonalds osm-pubs osm-stations osm-wetherspoon pop-all repd-battery repd-solar-pipeline
osm-lighthouses,Lighthouses,Heritage & coast,osm,135,ns,North-west/South-east,Find the line that puts 50% of lighthouses north-west of it,(diagonal),East Lothian,328,North-west,repd-wind-onshore,20,0,
osm-mands,M&S shops,Supermarket sweep,osm,135,ns,North-west/South-east,Find the line that puts 50% of Marks & Spencer shops north-west of it,(diagonal),North Northamptonshire,61,South-east,osm-sainsburys,1,13,census-commute-bike census-commute-motorbike census-home-caravan census-home-commercial census-home-flat census-job-managers census-work-from-home ge24-libdem hmrc-higher-rate osm-nandos osm-sainsburys osm-windmills repd-solar
osm-mcdonalds,McDonald's restaurants,High street,osm,135,ns,North-west/South-east,Find the line that puts 50% of McDonald's restaurants north-west of it,(diagonal),North Devon,8,North-west,census-cars-none,0,36,census-carers-50h census-cars-3plus census-cars-none census-commute-car census-commute-foot census-health-verybad census-heat-bottled census-heat-gas census-heat-renewable census-home-detached census-home-semi census-home-terraced census-job-operatives census-job-trades census-population census-qual-apprentice census-qual-none census-tenure-outright census-tenure-social ge24-labour ge24-nonvoters ge24-reform hmrc-employed hmrc-pension hmrc-taxpayers osm-breweries osm-chippies osm-greggs osm-iceland osm-lidl osm-pubs osm-stations osm-wetherspoon pop-all repd-battery repd-solar-pipeline
osm-morrisons,Morrisons supermarkets,Supermarket sweep,osm,135,ns,North-west/South-east,Find the line that puts 50% of Morrisons supermarkets north-west of it,(diagonal),Amber Valley,37,North-west,osm-aldi,0,10,census-carers-50h census-commute-taxi census-health-verybad census-home-semi census-qual-apprentice census-sick osm-aldi osm-chippies osm-golf osm-greggs
osm-nandos,Nando's restaurants,High street,osm,135,ns,North-west/South-east,Find the line that puts 50% of Nando's restaurants north-west of it,(diagonal),Swindon,65,South-east,osm-sainsburys,3,10,census-commute-bike census-commute-motorbike census-home-flat census-work-from-home ge24-libdem hmrc-higher-rate osm-mands osm-sainsburys osm-windmills repd-solar
osm-pret,Pret A Manger shops,High street,osm,135,ns,North-west/South-east,Find the line that puts 50% of Pret A Manger shops north-west of it,(diagonal),Westminster,146,South-east,census-commute-metro,0,4,census-commute-metro census-commute-train census-home-converted hmrc-additional-rate
osm-pubs,Pubs,Out and about,osm,135,ns,North-west/South-east,Find the line that puts 50% of pubs north-west of it,(diagonal),Birmingham,10,North-west,osm-breweries,0,35,census-carers-50h census-cars-3plus census-cars-none census-commute-car census-commute-foot census-health-verybad census-heat-bottled census-heat-gas census-heat-renewable census-home-detached census-home-semi census-home-terraced census-job-operatives census-job-trades census-population census-qual-apprentice census-qual-none census-sick census-tenure-outright census-tenure-social ge24-labour ge24-nonvoters ge24-reform hmrc-pension osm-breweries osm-chippies osm-greggs osm-iceland osm-lidl osm-mcdonalds osm-stations osm-wetherspoon pop-all repd-battery repd-solar-pipeline
osm-sainsburys,Sainsbury's shops (all formats),Supermarket sweep,osm,135,ns,North-west/South-east,Find the line that puts 50% of Sainsbury's shops of every size north-west of it,(diagonal),Torbay,62,South-east,osm-mands,1,13,census-commute-bike census-commute-motorbike census-home-caravan census-home-commercial census-home-flat census-job-managers census-work-from-home ge24-libdem hmrc-higher-rate osm-mands osm-nandos osm-windmills repd-solar
osm-standing-stones,Standing stones and other megaliths,Heritage & coast,osm,135,ns,North-west/South-east,Find the line that puts 50% of standing stones and other megaliths north-west of it,(diagonal),Westmorland and Furness,203,North-west,osm-castles,14,1,osm-castles
osm-starbucks,Starbucks shops,High street,osm,135,ns,North-west/South-east,Find the line that puts 50% of Starbucks shops north-west of it,(diagonal),Blaby,12,South-east,hmrc-employed,2,12,census-cars-3plus census-commute-foot census-heat-bottled census-heat-renewable census-population census-qual-degree census-tenure-private ge24-reform hmrc-employed hmrc-pension hmrc-taxpayers pop-all
osm-stations,Railway stations,Out and about,osm,135,ns,North-west/South-east,Find the line that puts 50% of railway stations north-west of it,(diagonal),Tamworth,16,North-west,census-job-operatives,0,33,census-carers-50h census-cars-none census-commute-car census-health-verybad census-heat-bottled census-heat-gas census-heat-renewable census-home-detached census-home-semi census-home-terraced census-job-operatives census-job-trades census-population census-qual-apprentice census-qual-none census-sick census-tenure-outright census-tenure-social ge24-labour ge24-nonvoters ge24-reform hmrc-pension osm-breweries osm-chippies osm-greggs osm-iceland osm-lidl osm-mcdonalds osm-pubs osm-wetherspoon pop-all repd-battery repd-solar-pipeline
osm-tesco,Tesco shops (all formats),Supermarket sweep,osm,135,ns,North-west/South-east,Find the line that puts 50% of Tesco shops of every size north-west of it,(diagonal),South Gloucestershire,35,South-east,census-hours-49plus,0,13,census-heat-electric census-home-caravan census-home-commercial census-hours-49plus census-job-managers census-tenure-private census-work-from-home ge24-con ge24-green hmrc-self-employed osm-costa repd-solar repd-wind-offshore
osm-waitrose,Waitrose shops,Supermarket sweep,osm,135,ns,North-west/South-east,Find the line that puts 50% of Waitrose shops north-west of it,(diagonal),"Bournemouth, Christchurch and Poole",121,South-east,hmrc-additional-rate,10,2,census-home-converted hmrc-additional-rate
osm-wetherspoon,Wetherspoon pubs,High street,osm,135,ns,North-west/South-east,Find the line that puts 50% of Wetherspoon pubs north-west of it,(diagonal),Cornwall,8,North-west,census-heat-gas,0,35,census-carers-50h census-cars-3plus census-cars-none census-commute-car census-commute-foot census-heat-bottled census-heat-gas census-heat-renewable census-home-detached census-home-semi census-home-terraced census-job-operatives census-job-trades census-population census-qual-apprentice census-qual-none census-tenure-outright census-tenure-social ge24-labour ge24-nonvoters ge24-reform hmrc-employed hmrc-pension hmrc-taxpayers osm-breweries osm-chippies osm-greggs osm-iceland osm-lidl osm-mcdonalds osm-pubs osm-stations pop-all repd-battery repd-solar-pipeline
osm-windmills,Windmills (historic),Heritage & coast,osm,135,ns,North-west/South-east,Find the line that puts 50% of old windmills north-west of it,(diagonal),King's Lynn and West Norfolk,77,South-east,census-commute-motorbike,3,6,census-commute-motorbike census-home-flat ge24-libdem osm-mands osm-nandos osm-sainsburys
pop-all,Population,Population,population,135,ns,North-west/South-east,Find the line that puts 50% of the UK's population north-west of it,(diagonal),Cardiff,0,South-east,census-population,0,32,census-cars-3plus census-cars-none census-commute-car census-commute-foot census-heat-bottled census-heat-gas census-heat-renewable census-home-detached census-home-terraced census-job-operatives census-job-trades census-population census-qual-degree census-qual-none census-tenure-outright census-tenure-social ge24-labour ge24-nonvoters ge24-reform hmrc-employed hmrc-pension hmrc-taxpayers osm-breweries osm-iceland osm-lidl osm-mcdonalds osm-pubs osm-starbucks osm-stations osm-wetherspoon repd-battery repd-solar-pipeline
repd-battery,Battery storage capacity (MW),Power,repd,135,ns,North-west/South-east,Find the line that puts 50% of grid battery storage capacity north-west of it,(diagonal),Sandwell,14,North-west,census-qual-none,0,33,census-carers-50h census-cars-none census-commute-car census-health-verybad census-heat-bottled census-heat-gas census-heat-renewable census-home-detached census-home-semi census-home-terraced census-job-operatives census-job-trades census-population census-qual-apprentice census-qual-none census-sick census-tenure-outright census-tenure-social ge24-labour ge24-nonvoters ge24-reform hmrc-pension osm-breweries osm-chippies osm-greggs osm-iceland osm-lidl osm-mcdonalds osm-pubs osm-stations osm-wetherspoon pop-all repd-solar-pipeline
repd-battery-pipeline,Battery storage consented or being built (MW),Power,repd,135,ns,North-west/South-east,Find the line that puts 50% of battery storage capacity that is consented or under construction north-west of it,(diagonal),North Yorkshire,73,North-west,census-heat-oil,4,3,census-heat-oil census-heat-solid census-heat-wood
repd-hydro,Hydro-electric schemes,Power,repd,135,ns,North-west/South-east,Find the line that puts 50% of hydro-electric schemes north-west of it,(diagonal),Highland,475,North-west,osm-distilleries,80,0,
repd-solar,Solar farm capacity (MW),Power,repd,135,ns,North-west/South-east,Find the line that puts 50% of solar farm capacity north-west of it,(diagonal),Wiltshire,52,South-east,hmrc-higher-rate,3,15,census-commute-bike census-heat-electric census-home-caravan census-home-commercial census-home-flat census-hours-49plus census-job-managers census-work-from-home ge24-con hmrc-higher-rate hmrc-self-employed osm-mands osm-nandos osm-sainsburys osm-tesco
repd-solar-pipeline,Solar capacity consented or being built (MW),Power,repd,135,ns,North-west/South-east,Find the line that puts 50% of solar capacity that is consented or under construction north-west of it,(diagonal),Lincoln,9,North-west,osm-lidl,0,34,census-carers-50h census-cars-3plus census-cars-none census-commute-car census-commute-foot census-health-verybad census-heat-bottled census-heat-gas census-heat-renewable census-home-detached census-home-semi census-home-terraced census-job-operatives census-job-trades census-population census-qual-apprentice census-qual-none census-tenure-outright census-tenure-social ge24-labour ge24-nonvoters ge24-reform hmrc-pension osm-breweries osm-chippies osm-greggs osm-iceland osm-lidl osm-mcdonalds osm-pubs osm-stations osm-wetherspoon pop-all repd-battery
repd-wind-offshore,Offshore wind capacity (MW),Power,repd,135,ns,North-west/South-east,Find the line that puts 50% of offshore wind power capacity north-west of it,(diagonal),North Norfolk,30,South-east,osm-costa,2,13,census-heat-electric census-home-caravan census-home-commercial census-hours-49plus census-job-managers census-qual-degree census-tenure-private census-work-from-home ge24-con ge24-green hmrc-self-employed osm-costa osm-tesco
repd-wind-onshore,Onshore wind capacity (MW),Power,repd,135,ns,North-west/South-east,Find the line that puts 50% of onshore wind power capacity north-west of it,(diagonal),South Ayrshire,348,North-west,osm-lighthouses,20,0,
census-carers-50h,Carers giving 50+ hours a week,Health & care,unified_census,150,ns,North-west/South-east,Find the line that puts 50% of people giving 50 or more hours of unpaid care a week north-west of it,(diagonal),Dudley,23,North-west,repd-solar-pipeline,0,28,census-cars-none census-commute-car census-health-verybad census-heat-gas census-home-detached census-home-semi census-home-terraced census-job-operatives census-job-trades census-qual-apprentice census-qual-none census-sick census-tenure-outright census-tenure-social ge24-labour ge24-nonvoters hmrc-pension osm-chippies osm-greggs osm-iceland osm-lidl osm-mcdonalds osm-pubs osm-stations osm-wetherspoon repd-battery repd-solar-pipeline repd-wind-offshore
census-cars-3plus,Households with 3+ cars,Owning & renting,unified_census,150,ns,North-west/South-east,Find the line that puts 50% of households with three or more cars or vans north-west of it,(diagonal),Stratford-on-Avon,14,South-east,hmrc-employed,3,12,census-commute-foot census-heat-bottled census-heat-renewable census-population census-qual-degree census-tenure-private ge24-reform hmrc-employed hmrc-taxpayers osm-breweries osm-starbucks pop-all
census-cars-none,Households with no car,Owning & renting,unified_census,150,ns,North-west/South-east,Find the line that puts 50% of households with no car or van north-west of it,(diagonal),Leicester,7,North-west,osm-lidl,0,28,census-carers-50h census-commute-car census-commute-foot census-heat-bottled census-heat-gas census-heat-renewable census-home-detached census-home-terraced census-job-operatives census-job-trades census-population census-qual-none census-tenure-outright census-tenure-social ge24-labour ge24-nonvoters ge24-reform hmrc-pension osm-breweries osm-iceland osm-lidl osm-mcdonalds osm-pubs osm-stations osm-wetherspoon pop-all repd-battery repd-solar-pipeline
census-commute-bike,Commuters by bicycle,Getting to work,unified_census,150,ns,North-west/South-east,Find the line that puts 50% of people who cycle to work north-west of it,(diagonal),West Oxfordshire,63,South-east,osm-windmills,0,16,census-heat-electric census-home-caravan census-home-commercial census-home-flat census-job-managers census-work-from-home ge24-con ge24-green hmrc-higher-rate hmrc-self-employed osm-mands osm-nandos osm-sainsburys osm-tesco osm-windmills repd-solar
census-commute-car,Commuters by car or van,Getting to work,unified_census,150,ns,North-west/South-east,Find the line that puts 50% of people who drive to work north-west of it,(diagonal),South Kesteven,18,North-west,census-tenure-social,1,32,census-carers-50h census-cars-none census-health-verybad census-heat-bottled census-heat-gas census-heat-renewable census-home-detached census-home-semi census-home-terraced census-job-operatives census-job-trades census-population census-qual-apprentice census-qual-none census-tenure-outright census-tenure-social ge24-labour ge24-nonvoters ge24-reform hmrc-pension osm-breweries osm-chippies osm-greggs osm-iceland osm-lidl osm-mcdonalds osm-pubs osm-stations osm-wetherspoon pop-all repd-battery repd-solar-pipeline
census-commute-foot,Commuters on foot,Getting to work,unified_census,150,ns,North-west/South-east,Find the line that puts 50% of people who walk to work north-west of it,(diagonal),South Holland,10,South-east,hmrc-employed,1,18,census-cars-3plus census-cars-none census-heat-bottled census-heat-gas census-heat-renewable census-job-trades census-population census-qual-degree ge24-reform hmrc-employed hmrc-pension hmrc-taxpayers osm-breweries osm-lidl osm-mcdonalds osm-starbucks osm-wetherspoon pop-all
census-commute-metro,"Commuters by underground, metro or tram",Getting to work,unified_census,150,ns,North-west/South-east,"Find the line that puts 50% of people who commute by underground, metro or tram north-west of it",(diagonal),Waltham Forest,132,South-east,osm-pret,1,4,census-commute-train census-home-converted hmrc-additional-rate osm-pret
census-commute-motorbike,Commuters by motorbike or moped,Getting to work,unified_census,150,ns,North-west/South-east,Find the line that puts 50% of people who ride a motorbike or moped to work north-west of it,(diagonal),Cornwall,85,South-east,ge24-libdem,2,7,census-home-flat ge24-libdem hmrc-higher-rate hmrc-tax-amount osm-mands osm-nandos osm-sainsburys
census-commute-taxi,Commuters by taxi,Getting to work,unified_census,150,ns,North-west/South-east,Find the line that puts 50% of people who get to work by taxi north-west of it,(diagonal),Telford and Wrekin,60,North-west,osm-aldi,4,5,census-heat-oil census-heat-wood osm-aldi osm-golf osm-morrisons
census-commute-train,Commuters by train,Getting to work,unified_census,150,ns,North-west/South-east,Find the line that puts 50% of people who commute by train north-west of it,(diagonal),Waltham Forest,130,South-east,census-commute-metro,3,5,census-commute-metro census-home-converted hmrc-additional-rate osm-pret osm-waitrose
census-health-verybad,Very bad health,Health & care,unified_census,150,ns,North-west/South-east,Find the line that puts 50% of people in very bad health north-west of it,(diagonal),Walsall,33,North-west,osm-greggs,1,16,census-carers-50h census-commute-car census-home-semi census-job-operatives census-qual-apprentice census-qual-none census-sick census-tenure-social ge24-nonvoters osm-chippies osm-golf osm-greggs osm-morrisons osm-stations repd-solar-pipeline repd-wind-offshore
census-heat-bottled,Homes heated only by tank or bottled gas,Heating,unified_census,150,ns,North-west/South-east,Find the line that puts 50% of homes heated only by tank or bottled gas north-west of it,(diagonal),Boston,0,North-west,census-population,0,27,census-cars-3plus census-cars-none census-commute-car census-commute-foot census-heat-gas census-heat-renewable census-home-detached census-home-terraced census-job-trades census-population census-qual-none census-tenure-outright census-tenure-social ge24-labour ge24-nonvoters ge24-reform hmrc-employed hmrc-pension hmrc-taxpayers osm-breweries osm-iceland osm-lidl osm-mcdonalds osm-pubs osm-wetherspoon pop-all repd-battery
census-heat-electric,Homes heated only by electricity,Heating,unified_census,150,ns,North-west/South-east,Find the line that puts 50% of homes heated only by electricity north-west of it,(diagonal),West Oxfordshire,60,South-east,census-work-from-home,1,17,census-commute-bike census-home-caravan census-home-commercial census-home-flat census-hours-49plus census-job-managers census-work-from-home ge24-con ge24-green hmrc-higher-rate hmrc-self-employed osm-mands osm-nandos osm-sainsburys osm-tesco osm-windmills repd-solar
census-heat-gas,Homes heated only by mains gas,Heating,unified_census,150,ns,North-west/South-east,Find the line that puts 50% of homes heated only by mains gas north-west of it,(diagonal),Hinckley and Bosworth,7,North-west,census-cars-none,0,28,census-carers-50h census-cars-none census-commute-car census-commute-foot census-heat-bottled census-heat-renewable census-home-detached census-home-terraced census-job-operatives census-job-trades census-population census-qual-none census-tenure-outright census-tenure-social ge24-labour ge24-nonvoters ge24-reform hmrc-pension osm-breweries osm-iceland osm-lidl osm-mcdonalds osm-pubs osm-stations osm-wetherspoon pop-all repd-battery repd-solar-pipeline
census-heat-oil,Homes heated only by oil,Heating,unified_census,150,ns,North-west/South-east,Find the line that puts 50% of homes heated only by oil north-west of it,(diagonal),Ceredigion,73,North-west,census-heat-wood,5,4,census-commute-taxi census-heat-solid census-heat-wood osm-aldi
census-heat-renewable,Homes heated only by renewables,Heating,unified_census,150,ns,North-west/South-east,Find the line that puts 50% of homes heated only by renewable energy north-west of it,(diagonal),South Kesteven,2,North-west,ge24-reform,0,28,census-cars-3plus census-cars-none census-commute-car census-commute-foot census-heat-bottled census-heat-gas census-home-detached census-home-terraced census-job-trades census-population census-qual-none census-tenure-outright census-tenure-social ge24-labour ge24-nonvoters ge24-reform hmrc-employed hmrc-pension hmrc-taxpayers osm-breweries osm-iceland osm-lidl osm-mcdonalds osm-pubs osm-stations osm-wetherspoon pop-all repd-battery
census-heat-solid,Homes heated only by solid fuel,Heating,unified_census,150,ns,North-west/South-east,"Find the line that puts 50% of homes heated only by solid fuel (coal, peat) north-west of it",(diagonal),Staffordshire Moorlands,88,North-west,repd-battery-pipeline,11,2,census-heat-oil repd-battery-pipeline
census-heat-wood,Homes heated only by wood,Heating,unified_census,150,ns,North-west/South-east,Find the line that puts 50% of homes heated only by wood north-west of it,(diagonal),Pembrokeshire,67,North-west,census-heat-oil,5,4,census-commute-taxi census-heat-oil osm-aldi osm-morrisons
census-home-caravan,Households in a caravan or mobile home,Homes,unified_census,150,ns,North-west/South-east,Find the line that puts 50% of households living in a caravan or mobile home north-west of it,(diagonal),East Cambridgeshire,64,South-east,repd-solar,0,16,census-commute-bike census-heat-electric census-home-commercial census-home-flat census-job-managers census-work-from-home ge24-con ge24-green hmrc-higher-rate hmrc-self-employed osm-mands osm-nandos osm-sainsburys osm-tesco osm-windmills repd-solar
census-home-commercial,Households in a commercial building,Homes,unified_census,150,ns,North-west/South-east,"Find the line that puts 50% of households living above a shop, in an office building or hotel north-west of it",(diagonal),Cherwell,62,South-east,osm-windmills,1,17,census-commute-bike census-heat-electric census-home-caravan census-home-flat census-hours-49plus census-job-managers census-work-from-home ge24-con ge24-green hmrc-higher-rate hmrc-self-employed osm-mands osm-nandos osm-sainsburys osm-tesco osm-windmills repd-solar
census-home-converted,Households in converted or shared houses,Homes,unified_census,150,ns,North-west/South-east,"Find the line that puts 50% of households in converted or shared houses, including bedsits north-west of it",(diagonal),Haringey,126,South-east,census-commute-train,3,5,census-commute-metro census-commute-train hmrc-additional-rate osm-pret osm-waitrose
census-home-detached,Households in detached houses,Homes,unified_census,150,ns,North-west/South-east,Find the line that puts 50% of households in a detached house north-west of it,(diagonal),Nuneaton and Bedworth,9,North-west,census-home-terraced,1,29,census-carers-50h census-cars-none census-commute-car census-heat-bottled census-heat-gas census-heat-renewable census-home-semi census-home-terraced census-job-operatives census-job-trades census-population census-qual-none census-tenure-outright census-tenure-social ge24-labour ge24-nonvoters ge24-reform hmrc-pension osm-breweries osm-chippies osm-iceland osm-lidl osm-mcdonalds osm-pubs osm-stations osm-wetherspoon pop-all repd-battery repd-solar-pipeline
census-home-flat,Households in purpose-built flats,Homes,unified_census,150,ns,North-west/South-east,Find the line that puts 50% of households in a purpose-built block of flats north-west of it,(diagonal),Swindon,72,South-east,osm-sainsburys,1,17,census-commute-bike census-commute-motorbike census-heat-electric census-home-caravan census-home-commercial census-job-managers census-work-from-home ge24-green ge24-libdem hmrc-higher-rate hmrc-self-employed hmrc-tax-amount osm-mands osm-nandos osm-sainsburys osm-windmills repd-solar
census-home-semi,Households in semi-detached houses,Homes,unified_census,150,ns,North-west/South-east,Find the line that puts 50% of households in a semi-detached house north-west of it,(diagonal),Dudley,26,North-west,osm-chippies,0,22,census-carers-50h census-commute-car census-health-verybad census-home-detached census-home-terraced census-job-operatives census-qual-apprentice census-qual-none census-sick census-tenure-outright census-tenure-social ge24-labour ge24-nonvoters osm-chippies osm-golf osm-greggs osm-iceland osm-pubs osm-stations repd-battery repd-solar-pipeline repd-wind-offshore
census-home-terraced,Households in terraced houses,Homes,unified_census,150,ns,North-west/South-east,Find the line that puts 50% of households in a terraced house north-west of it,(diagonal),Leicester,9,North-west,repd-battery,1,30,census-carers-50h census-cars-none census-commute-car census-heat-bottled census-heat-gas census-heat-renewable census-home-detached census-home-semi census-job-operatives census-job-trades census-population census-qual-apprentice census-qual-none census-tenure-outright census-tenure-social ge24-labour ge24-nonvoters ge24-reform hmrc-pension osm-breweries osm-chippies osm-iceland osm-lidl osm-mcdonalds osm-pubs osm-stations osm-wetherspoon pop-all repd-battery repd-solar-pipeline
census-hours-49plus,People working 49+ hours a week,Work & qualifications,unified_census,150,ns,North-west/South-east,Find the line that puts 50% of people working 49 or more hours a week north-west of it,(diagonal),North Northamptonshire,44,South-east,osm-costa,4,11,census-heat-electric census-home-commercial census-job-managers census-qual-degree census-tenure-private census-work-from-home ge24-con ge24-green hmrc-self-employed osm-costa osm-tesco
census-job-managers,"Managers, directors and senior officials",Work & qualifications,unified_census,150,ns,North-west/South-east,"Find the line that puts 50% of managers, directors and senior officials north-west of it",(diagonal),West Northamptonshire,56,South-east,hmrc-self-employed,0,18,census-commute-bike census-heat-electric census-home-caravan census-home-commercial census-home-flat census-hours-49plus census-work-from-home ge24-con ge24-green hmrc-higher-rate hmrc-self-employed osm-costa osm-mands osm-nandos osm-sainsburys osm-tesco osm-windmills repd-solar
census-job-operatives,"Process, plant and machine operatives",Work & qualifications,unified_census,150,ns,North-west/South-east,"Find the line that puts 50% of process, plant and machine operatives north-west of it",(diagonal),Birmingham,21,North-west,osm-stations,2,28,census-carers-50h census-cars-none census-commute-car census-health-verybad census-heat-gas census-home-detached census-home-semi census-home-terraced census-job-trades census-qual-apprentice census-qual-none census-sick census-tenure-outright census-tenure-social ge24-labour ge24-nonvoters hmrc-pension osm-chippies osm-greggs osm-iceland osm-lidl osm-mcdonalds osm-pubs osm-stations osm-wetherspoon repd-battery repd-solar-pipeline repd-wind-offshore
census-job-trades,Skilled trades,Work & qualifications,unified_census,150,ns,North-west/South-east,Find the line that puts 50% of people working in skilled trades north-west of it,(diagonal),"Herefordshire, County of",6,North-west,osm-wetherspoon,1,30,census-carers-50h census-cars-none census-commute-car census-commute-foot census-heat-bottled census-heat-gas census-heat-renewable census-home-detached census-home-terraced census-job-operatives census-population census-qual-none census-tenure-outright census-tenure-social ge24-labour ge24-nonvoters ge24-reform hmrc-employed hmrc-pension hmrc-taxpayers osm-breweries osm-iceland osm-lidl osm-mcdonalds osm-pubs osm-stations osm-wetherspoon pop-all repd-battery repd-solar-pipeline
census-population,Usual residents (census),Population,unified_census,150,ns,North-west/South-east,Find the line that puts 50% of the UK's residents north-west of it,(diagonal),Boston,0,,census-heat-bottled,0,27,census-cars-3plus census-cars-none census-commute-car census-commute-foot census-heat-bottled census-heat-gas census-heat-renewable census-home-detached census-home-terraced census-job-trades census-qual-none census-tenure-outright census-tenure-social ge24-labour ge24-nonvoters ge24-reform hmrc-employed hmrc-pension hmrc-taxpayers osm-breweries osm-iceland osm-lidl osm-mcdonalds osm-pubs osm-wetherspoon pop-all repd-battery
census-qual-apprentice,Apprenticeships,Work & qualifications,unified_census,150,ns,North-west/South-east,Find the line that puts 50% of people whose highest qualification is an apprenticeship north-west of it,(diagonal),Walsall,27,North-west,osm-chippies,1,21,census-carers-50h census-commute-car census-health-verybad census-home-semi census-home-terraced census-job-operatives census-qual-none census-sick census-tenure-outright census-tenure-social ge24-labour ge24-nonvoters osm-chippies osm-golf osm-greggs osm-iceland osm-pubs osm-stations repd-battery repd-solar-pipeline repd-wind-offshore
census-qual-degree,Degree-level qualifications,Work & qualifications,unified_census,150,ns,North-west/South-east,Find the line that puts 50% of people with a degree-level qualification or above north-west of it,(diagonal),Tewkesbury,27,South-east,census-tenure-private,4,8,census-cars-3plus census-commute-foot census-hours-49plus census-tenure-private hmrc-employed hmrc-taxpayers osm-costa osm-starbucks
census-qual-none,No qualifications,Work & qualifications,unified_census,150,ns,North-west/South-east,Find the line that puts 50% of adults with no qualifications north-west of it,(diagonal),Birmingham,17,North-west,census-tenure-social,1,32,census-carers-50h census-cars-none census-commute-car census-health-verybad census-heat-bottled census-heat-gas census-heat-renewable census-home-detached census-home-semi census-home-terraced census-job-operatives census-job-trades census-population census-qual-apprentice census-tenure-outright census-tenure-social ge24-labour ge24-nonvoters ge24-reform hmrc-pension osm-breweries osm-chippies osm-greggs osm-iceland osm-lidl osm-mcdonalds osm-pubs osm-stations osm-wetherspoon pop-all repd-battery repd-solar-pipeline
census-sick,Long-term sick or disabled,Health & care,unified_census,150,ns,North-west/South-east,Find the line that puts 50% of people out of work because they are long-term sick or disabled north-west of it,(diagonal),Newark and Sherwood,38,North-west,repd-wind-offshore,1,12,census-carers-50h census-health-verybad census-home-semi census-job-operatives census-qual-apprentice osm-aldi osm-chippies osm-golf osm-greggs osm-morrisons repd-solar-pipeline repd-wind-offshore
census-tenure-outright,Households that own outright,Owning & renting,unified_census,150,ns,North-west/South-east,Find the line that puts 50% of households that own their home outright north-west of it,(diagonal),Charnwood,12,North-west,osm-iceland,0,30,census-carers-50h census-cars-none census-commute-car census-heat-bottled census-heat-gas census-heat-renewable census-home-detached census-home-semi census-home-terraced census-job-operatives census-job-trades census-population census-qual-apprentice census-qual-none census-tenure-social ge24-labour ge24-nonvoters ge24-reform hmrc-pension osm-breweries osm-chippies osm-iceland osm-lidl osm-mcdonalds osm-pubs osm-stations osm-wetherspoon pop-all repd-battery repd-solar-pipeline
census-tenure-private,Households renting privately,Owning & renting,unified_census,150,ns,North-west/South-east,Find the line that puts 50% of households renting privately north-west of it,(diagonal),Cardiff,31,South-east,census-qual-degree,4,5,census-cars-3plus census-hours-49plus census-qual-degree osm-costa osm-starbucks
census-tenure-social,Households renting socially,Owning & renting,unified_census,150,ns,North-west/South-east,Find the line that puts 50% of households in social housing north-west of it,(diagonal),Birmingham,17,North-west,census-qual-none,1,32,census-carers-50h census-cars-none census-commute-car census-health-verybad census-heat-bottled census-heat-gas census-heat-renewable census-home-detached census-home-semi census-home-terraced census-job-operatives census-job-trades census-population census-qual-apprentice census-qual-none census-tenure-outright ge24-labour ge24-nonvoters ge24-reform hmrc-pension osm-breweries osm-chippies osm-greggs osm-iceland osm-lidl osm-mcdonalds osm-pubs osm-stations osm-wetherspoon pop-all repd-battery repd-solar-pipeline
census-work-from-home,People working mainly from home,Getting to work,unified_census,150,ns,North-west/South-east,Find the line that puts 50% of people who work mainly from home north-west of it,(diagonal),Milton Keynes,59,South-east,census-heat-electric,1,17,census-commute-bike census-heat-electric census-home-caravan census-home-commercial census-home-flat census-hours-49plus census-job-managers ge24-con ge24-green hmrc-higher-rate hmrc-self-employed osm-mands osm-nandos osm-sainsburys osm-tesco osm-windmills repd-solar
ge24-con,"Conservative votes, 2024",Election night,ge2024,150,ns,North-west/South-east,Find the line that puts 50% of votes cast for the Conservatives in 2024 north-west of it,(diagonal),North Bedfordshire,54,South-east,ge24-green,0,16,census-commute-bike census-heat-electric census-home-caravan census-home-commercial census-hours-49plus census-job-managers census-work-from-home ge24-green hmrc-higher-rate hmrc-self-employed osm-costa osm-mands osm-nandos osm-tesco osm-windmills repd-solar
ge24-green,"Green votes, 2024",Election night,ge2024,150,ns,North-west/South-east,Find the line that puts 50% of votes cast for the Greens in 2024 north-west of it,(diagonal),Bristol Central,54,South-east,ge24-con,0,17,census-commute-bike census-heat-electric census-home-caravan census-home-commercial census-home-flat census-hours-49plus census-job-managers census-work-from-home ge24-con hmrc-higher-rate hmrc-self-employed osm-costa osm-mands osm-nandos osm-tesco osm-windmills repd-solar
ge24-labour,"Labour votes, 2024",Election night,ge2024,150,ns,North-west/South-east,Find the line that puts 50% of votes cast for Labour in 2024 north-west of it,(diagonal),Gower,15,North-west,ge24-nonvoters,1,31,census-carers-50h census-cars-none census-commute-car census-heat-bottled census-heat-gas census-heat-renewable census-home-detached census-home-semi census-home-terraced census-job-operatives census-job-trades census-population census-qual-apprentice census-qual-none census-tenure-outright census-tenure-social ge24-nonvoters ge24-reform hmrc-pension osm-breweries osm-chippies osm-greggs osm-iceland osm-lidl osm-mcdonalds osm-pubs osm-stations osm-wetherspoon pop-all repd-battery repd-solar-pipeline
ge24-libdem,"Liberal Democrat votes, 2024",Election night,ge2024,150,ns,North-west/South-east,Find the line that puts 50% of votes cast for the Liberal Democrats in 2024 north-west of it,(diagonal),South Cambridgeshire,83,South-east,census-commute-motorbike,2,7,census-commute-motorbike census-home-flat hmrc-higher-rate hmrc-tax-amount osm-mands osm-nandos osm-sainsburys
ge24-nonvoters,"Registered voters who did not vote, 2024",Election night,ge2024,150,ns,North-west/South-east,Find the line that puts 50% of registered voters who stayed at home in 2024 north-west of it,(diagonal),Birmingham Ladywood,15,North-west,ge24-labour,1,32,census-carers-50h census-cars-none census-commute-car census-health-verybad census-heat-bottled census-heat-gas census-heat-renewable census-home-detached census-home-semi census-home-terraced census-job-operatives census-job-trades census-population census-qual-apprentice census-qual-none census-tenure-outright census-tenure-social ge24-labour ge24-reform hmrc-pension osm-breweries osm-chippies osm-greggs osm-iceland osm-lidl osm-mcdonalds osm-pubs osm-stations osm-wetherspoon pop-all repd-battery repd-solar-pipeline
ge24-reform,"Reform UK votes, 2024",Election night,ge2024,150,ns,North-west/South-east,Find the line that puts 50% of votes cast for Reform UK in 2024 north-west of it,(diagonal),Boston and Skegness,3,North-west,census-heat-renewable,0,28,census-cars-3plus census-cars-none census-commute-car census-commute-foot census-heat-bottled census-heat-gas census-heat-renewable census-home-detached census-home-terraced census-job-trades census-population census-qual-none census-tenure-outright census-tenure-social ge24-labour ge24-nonvoters hmrc-employed hmrc-pension hmrc-taxpayers osm-breweries osm-iceland osm-lidl osm-mcdonalds osm-pubs osm-stations osm-wetherspoon pop-all repd-battery
hmrc-additional-rate,Additional-rate (top-rate) taxpayers,Income & tax,hmrc,150,ns,North-west/South-east,Find the line that puts 50% of top-rate taxpayers north-west of it,(diagonal),Barnet,123,South-east,census-home-converted,4,5,census-commute-metro census-commute-train census-home-converted osm-pret osm-waitrose
hmrc-employed,Taxpayers with a job,Income & tax,hmrc,150,ns,North-west/South-east,Find the line that puts 50% of taxpayers with income from a job north-west of it,(diagonal),Coventry,11,South-east,hmrc-taxpayers,0,13,census-cars-3plus census-commute-foot census-heat-bottled census-heat-renewable census-job-trades census-population census-qual-degree ge24-reform hmrc-taxpayers osm-breweries osm-starbucks osm-wetherspoon pop-all
hmrc-higher-rate,Higher-rate taxpayers,Income & tax,hmrc,150,ns,North-west/South-east,Find the line that puts 50% of higher-rate taxpayers north-west of it,(diagonal),"Bristol, City of",67,South-east,osm-mands,2,18,census-commute-bike census-commute-motorbike census-heat-electric census-home-caravan census-home-commercial census-home-flat census-job-managers census-work-from-home ge24-con ge24-green ge24-libdem hmrc-self-employed osm-mands osm-nandos osm-sainsburys osm-tesco osm-windmills repd-solar
hmrc-pension,Taxpayers with pension income,Income & tax,hmrc,150,ns,North-west/South-east,Find the line that puts 50% of taxpayers drawing a pension north-west of it,(diagonal),Solihull,7,North-west,census-heat-gas,0,28,census-carers-50h census-cars-none census-commute-car census-commute-foot census-heat-bottled census-heat-gas census-heat-renewable census-home-detached census-home-terraced census-job-operatives census-job-trades census-population census-qual-none census-tenure-outright census-tenure-social ge24-labour ge24-nonvoters ge24-reform osm-breweries osm-iceland osm-lidl osm-mcdonalds osm-pubs osm-stations osm-wetherspoon pop-all repd-battery repd-solar-pipeline
hmrc-self-employed,Self-employed taxpayers,Income & tax,hmrc,150,ns,North-west/South-east,Find the line that puts 50% of self-employed taxpayers north-west of it,(diagonal),Somerset,57,South-east,census-job-managers,0,18,census-commute-bike census-heat-electric census-home-caravan census-home-commercial census-home-flat census-hours-49plus census-job-managers census-work-from-home ge24-con ge24-green hmrc-higher-rate osm-costa osm-mands osm-nandos osm-sainsburys osm-tesco osm-windmills repd-solar
hmrc-tax-amount,Income tax paid,Income & tax,hmrc,150,ns,North-west/South-east,Find the line that puts 50% of all income tax paid north-west of it,(diagonal),Buckinghamshire,90,South-east,census-commute-motorbike,5,4,census-commute-motorbike census-home-flat ge24-libdem osm-sainsburys
hmrc-taxpayers,Income taxpayers,Income & tax,hmrc,150,ns,North-west/South-east,Find the line that puts 50% of income taxpayers north-west of it,(diagonal),Coventry,11,South-east,hmrc-employed,0,13,census-cars-3plus census-commute-foot census-heat-bottled census-heat-renewable census-job-trades census-population census-qual-degree ge24-reform hmrc-employed osm-breweries osm-starbucks osm-wetherspoon pop-all
osm-aldi,Aldi shops,Supermarket sweep,osm,150,ns,North-west/South-east,Find the line that puts 50% of Aldi shops north-west of it,(diagonal),Mansfield,56,North-west,census-commute-taxi,4,6,census-commute-taxi census-heat-oil census-heat-wood census-sick osm-golf osm-morrisons
osm-breweries,Breweries,Out and about,osm,150,ns,North-west/South-east,Find the line that puts 50% of breweries north-west of it,(diagonal),Coventry,1,North-west,pop-all,0,28,census-cars-3plus census-cars-none census-commute-car census-commute-foot census-heat-bottled census-heat-gas census-heat-renewable census-home-detached census-home-terraced census-job-trades census-population census-qual-none census-tenure-outright census-tenure-social ge24-labour ge24-nonvoters ge24-reform hmrc-employed hmrc-pension hmrc-taxpayers osm-iceland osm-lidl osm-mcdonalds osm-pubs osm-stations osm-wetherspoon pop-all repd-battery
osm-castles,Castles,Heritage & coast,osm,150,ns,North-west/South-east,Find the line that puts 50% of castles north-west of it,(diagonal),Northumberland,258,North-west,osm-standing-stones,29,0,
osm-chippies,Fish and chip shops,Out and about,osm,150,ns,North-west/South-east,Find the line that puts 50% of fish and chip shops north-west of it,(diagonal),Tamworth,26,North-west,census-home-semi,0,22,census-carers-50h census-commute-car census-health-verybad census-home-detached census-home-semi census-home-terraced census-job-operatives census-qual-apprentice census-qual-none census-sick census-tenure-outright census-tenure-social ge24-labour ge24-nonvoters osm-golf osm-greggs osm-iceland osm-pubs osm-stations repd-battery repd-solar-pipeline repd-wind-offshore
osm-costa,Costa Coffee shops,High street,osm,150,ns,North-west/South-east,Find the line that puts 50% of Costa Coffee shops north-west of it,(diagonal),North Norfolk,40,South-east,census-hours-49plus,4,8,census-hours-49plus census-job-managers census-qual-degree census-tenure-private ge24-con ge24-green hmrc-self-employed osm-tesco
osm-distilleries,Distilleries,Out and about,osm,150,ns,North-west/South-east,Find the line that puts 50% of distilleries north-west of it,(diagonal),Angus,435,North-west,repd-wind-onshore,60,0,
osm-golf,Golf courses,Out and about,osm,150,ns,North-west/South-east,Find the line that puts 50% of golf courses north-west of it,(diagonal),Shropshire,42,North-west,census-sick,4,10,census-commute-taxi census-health-verybad census-home-semi census-qual-apprentice census-sick osm-aldi osm-chippies osm-greggs osm-morrisons repd-wind-offshore
osm-greggs,Greggs shops,High street,osm,150,ns,North-west/South-east,Find the line that puts 50% of Greggs shops north-west of it,(diagonal),Walsall,32,North-west,census-health-verybad,1,16,census-carers-50h census-commute-car census-health-verybad census-home-semi census-job-operatives census-qual-apprentice census-qual-none census-sick census-tenure-social ge24-labour ge24-nonvoters osm-chippies osm-golf osm-stations repd-solar-pipeline repd-wind-offshore
osm-iceland,Iceland shops,Supermarket sweep,osm,150,ns,North-west/South-east,Find the line that puts 50% of Iceland shops north-west of it,(diagonal),Melton,12,North-west,census-tenure-outright,0,30,census-carers-50h census-cars-none census-commute-car census-heat-bottled census-heat-gas census-heat-renewable census-home-detached census-home-semi census-home-terraced census-job-operatives census-job-trades census-population census-qual-apprentice census-qual-none census-tenure-outright census-tenure-social ge24-labour ge24-nonvoters ge24-reform hmrc-pension osm-breweries osm-chippies osm-lidl osm-mcdonalds osm-pubs osm-stations osm-wetherspoon pop-all repd-battery repd-solar-pipeline
osm-lidl,Lidl shops,Supermarket sweep,osm,150,ns,North-west/South-east,Find the line that puts 50% of Lidl shops north-west of it,(diagonal),Leicester,8,North-west,osm-mcdonalds,0,28,census-carers-50h census-cars-none census-commute-car census-commute-foot census-heat-bottled census-heat-gas census-heat-renewable census-home-detached census-home-terraced census-job-operatives census-job-trades census-population census-qual-none census-tenure-outright census-tenure-social ge24-labour ge24-nonvoters ge24-reform hmrc-pension osm-breweries osm-iceland osm-mcdonalds osm-pubs osm-stations osm-wetherspoon pop-all repd-battery repd-solar-pipeline
osm-lighthouses,Lighthouses,Heritage & coast,osm,150,ns,North-west/South-east,Find the line that puts 50% of lighthouses north-west of it,(diagonal),Ards and North Down,349,North-west,repd-wind-onshore,28,0,
osm-mands,M&S shops,Supermarket sweep,osm,150,ns,North-west/South-east,Find the line that puts 50% of Marks & Spencer shops north-west of it,(diagonal),Bath and North East Somerset,69,South-east,osm-nandos,0,17,census-commute-bike census-commute-motorbike census-heat-electric census-home-caravan census-home-commercial census-home-flat census-job-managers census-work-from-home ge24-con ge24-green ge24-libdem hmrc-higher-rate hmrc-self-employed osm-nandos osm-sainsburys osm-windmills repd-solar
osm-mcdonalds,McDonald's restaurants,High street,osm,150,ns,North-west/South-east,Find the line that puts 50% of McDonald's restaurants north-west of it,(diagonal),East Lindsey,8,North-west,osm-lidl,0,28,census-carers-50h census-cars-none census-commute-car census-commute-foot census-heat-bottled census-heat-gas census-heat-renewable census-home-detached census-home-terraced census-job-operatives census-job-trades census-population census-qual-none census-tenure-outright census-tenure-social ge24-labour ge24-nonvoters ge24-reform hmrc-pension osm-breweries osm-iceland osm-lidl osm-pubs osm-stations osm-wetherspoon pop-all repd-battery repd-solar-pipeline
osm-morrisons,Morrisons supermarkets,Supermarket sweep,osm,150,ns,North-west/South-east,Find the line that puts 50% of Morrisons supermarkets north-west of it,(diagonal),Derby,50,North-west,osm-aldi,6,7,census-commute-taxi census-health-verybad census-heat-wood census-sick osm-aldi osm-golf repd-wind-offshore
osm-nandos,Nando's restaurants,High street,osm,150,ns,North-west/South-east,Find the line that puts 50% of Nando's restaurants north-west of it,(diagonal),Bath and North East Somerset,69,South-east,osm-mands,0,17,census-commute-bike census-commute-motorbike census-heat-electric census-home-caravan census-home-commercial census-home-flat census-job-managers census-work-from-home ge24-con ge24-green ge24-libdem hmrc-higher-rate hmrc-self-employed osm-mands osm-sainsburys osm-windmills repd-solar
osm-pret,Pret A Manger shops,High street,osm,150,ns,North-west/South-east,Find the line that puts 50% of Pret A Manger shops north-west of it,(diagonal),Westminster,134,South-east,census-commute-metro,1,4,census-commute-metro census-commute-train census-home-converted hmrc-additional-rate
osm-pubs,Pubs,Out and about,osm,150,ns,North-west/South-east,Find the line that puts 50% of pubs north-west of it,(diagonal),Leicester,10,North-west,repd-battery,0,30,census-carers-50h census-cars-none census-commute-car census-heat-bottled census-heat-gas census-heat-renewable census-home-detached census-home-semi census-home-terraced census-job-operatives census-job-trades census-population census-qual-apprentice census-qual-none census-tenure-outright census-tenure-social ge24-labour ge24-nonvoters ge24-reform hmrc-pension osm-breweries osm-chippies osm-iceland osm-lidl osm-mcdonalds osm-stations osm-wetherspoon pop-all repd-battery repd-solar-pipeline
osm-sainsburys,Sainsbury's shops (all formats),Supermarket sweep,osm,150,ns,North-west/South-east,Find the line that puts 50% of Sainsbury's shops of every size north-west of it,(diagonal),Swindon,73,South-east,census-home-flat,1,16,census-commute-bike census-commute-motorbike census-heat-electric census-home-caravan census-home-commercial census-home-flat census-job-managers census-work-from-home ge24-libdem hmrc-higher-rate hmrc-self-employed hmrc-tax-amount osm-mands osm-nandos osm-windmills repd-solar
osm-standing-stones,Standing stones and other megaliths,Heritage & coast,osm,150,ns,North-west/South-east,Find the line that puts 50% of standing stones and other megaliths north-west of it,(diagonal),Westmorland and Furness,230,North-west,osm-castles,29,0,
osm-starbucks,Starbucks shops,High street,osm,150,ns,North-west/South-east,Find the line that puts 50% of Starbucks shops north-west of it,(diagonal),Peterborough,20,South-east,census-cars-3plus,6,6,census-cars-3plus census-commute-foot census-qual-degree census-tenure-private hmrc-employed hmrc-taxpayers
osm-stations,Railway stations,Out and about,osm,150,ns,North-west/South-east,Find the line that puts 50% of railway stations north-west of it,(diagonal),Birmingham,19,North-west,census-commute-car,1,30,census-carers-50h census-cars-none census-commute-car census-health-verybad census-heat-gas census-heat-renewable census-home-detached census-home-semi census-home-terraced census-job-operatives census-job-trades census-qual-apprentice census-qual-none census-tenure-outright census-tenure-social ge24-labour ge24-nonvoters ge24-reform hmrc-pension osm-breweries osm-chippies osm-greggs osm-iceland osm-lidl osm-mcdonalds osm-pubs osm-wetherspoon repd-battery repd-solar-pipeline repd-wind-offshore
osm-tesco,Tesco shops (all formats),Supermarket sweep,osm,150,ns,North-west/South-east,Find the line that puts 50% of Tesco shops of every size north-west of it,(diagonal),South Gloucestershire,51,South-east,ge24-con,3,14,census-commute-bike census-heat-electric census-home-caravan census-home-commercial census-hours-49plus census-job-managers census-work-from-home ge24-con ge24-green hmrc-higher-rate hmrc-self-employed osm-costa osm-windmills repd-solar
osm-waitrose,Waitrose shops,Supermarket sweep,osm,150,ns,North-west/South-east,Find the line that puts 50% of Waitrose shops north-west of it,(diagonal),Windsor and Maidenhead,114,South-east,hmrc-additional-rate,9,3,census-commute-train census-home-converted hmrc-additional-rate
osm-wetherspoon,Wetherspoon pubs,High street,osm,150,ns,North-west/South-east,Find the line that puts 50% of Wetherspoon pubs north-west of it,(diagonal),Swansea,6,North-west,census-job-trades,1,30,census-carers-50h census-cars-none census-commute-car census-commute-foot census-heat-bottled census-heat-gas census-heat-renewable census-home-detached census-home-terraced census-job-operatives census-job-trades census-population census-qual-none census-tenure-outright census-tenure-social ge24-labour ge24-nonvoters ge24-reform hmrc-employed hmrc-pension hmrc-taxpayers osm-breweries osm-iceland osm-lidl osm-mcdonalds osm-pubs osm-stations pop-all repd-battery repd-solar-pipeline
osm-windmills,Windmills (historic),Heritage & coast,osm,150,ns,North-west/South-east,Find the line that puts 50% of old windmills north-west of it,(diagonal),East Cambridgeshire,63,South-east,census-commute-bike,0,16,census-commute-bike census-heat-electric census-home-caravan census-home-commercial census-home-flat census-job-managers census-work-from-home ge24-con ge24-green hmrc-higher-rate hmrc-self-employed osm-mands osm-nandos osm-sainsburys osm-tesco repd-solar
pop-all,Population,Population,population,150,ns,North-west/South-east,Find the line that puts 50% of the UK's population north-west of it,(diagonal),Leicester,1,North-west,osm-breweries,0,27,census-cars-3plus census-cars-none census-commute-car census-commute-foot census-heat-bottled census-heat-gas census-heat-renewable census-home-detached census-home-terraced census-job-trades census-population census-qual-none census-tenure-outright census-tenure-social ge24-labour ge24-nonvoters ge24-reform hmrc-employed hmrc-pension hmrc-taxpayers osm-breweries osm-iceland osm-lidl osm-mcdonalds osm-pubs osm-wetherspoon repd-battery
repd-battery,Battery storage capacity (MW),Power,repd,150,ns,North-west/South-east,Find the line that puts 50% of grid battery storage capacity north-west of it,(diagonal),Blaby,10,North-west,osm-pubs,0,30,census-carers-50h census-cars-none census-commute-car census-heat-bottled census-heat-gas census-heat-renewable census-home-detached census-home-semi census-home-terraced census-job-operatives census-job-trades census-population census-qual-apprentice census-qual-none census-tenure-outright census-tenure-social ge24-labour ge24-nonvoters ge24-reform hmrc-pension osm-breweries osm-chippies osm-iceland osm-lidl osm-mcdonalds osm-pubs osm-stations osm-wetherspoon pop-all repd-solar-pipeline
repd-battery-pipeline,Battery storage consented or being built (MW),Power,repd,150,ns,North-west/South-east,Find the line that puts 50% of battery storage capacity that is consented or under construction north-west of it,(diagonal),Doncaster,99,North-west,census-heat-solid,11,1,census-heat-solid
repd-hydro,Hydro-electric schemes,Power,repd,150,ns,North-west/South-east,Find the line that puts 50% of hydro-electric schemes north-west of it,(diagonal),Highland,524,North-west,osm-distilleries,88,0,
repd-solar,Solar farm capacity (MW),Power,repd,150,ns,North-west/South-east,Find the line that puts 50% of solar farm capacity north-west of it,(diagonal),Wiltshire,64,South-east,census-commute-bike,0,16,census-commute-bike census-heat-electric census-home-caravan census-home-commercial census-home-flat census-job-managers census-work-from-home ge24-con ge24-green hmrc-higher-rate hmrc-self-employed osm-mands osm-nandos osm-sainsburys osm-tesco osm-windmills
repd-solar-pipeline,Solar capacity consented or being built (MW),Power,repd,150,ns,North-west/South-east,Find the line that puts 50% of solar capacity that is consented or under construction north-west of it,(diagonal),Carmarthenshire,23,North-west,census-carers-50h,0,28,census-carers-50h census-cars-none census-commute-car census-health-verybad census-heat-gas census-home-detached census-home-semi census-home-terraced census-job-operatives census-job-trades census-qual-apprentice census-qual-none census-sick census-tenure-outright census-tenure-social ge24-labour ge24-nonvoters hmrc-pension osm-chippies osm-greggs osm-iceland osm-lidl osm-mcdonalds osm-pubs osm-stations osm-wetherspoon repd-battery repd-wind-offshore
repd-wind-offshore,Offshore wind capacity (MW),Power,repd,150,ns,North-west/South-east,Find the line that puts 50% of offshore wind power capacity north-west of it,(diagonal),North Norfolk,36,North-west,census-sick,1,12,census-carers-50h census-health-verybad census-home-semi census-job-operatives census-qual-apprentice census-sick osm-chippies osm-golf osm-greggs osm-morrisons osm-stations repd-solar-pipeline
repd-wind-onshore,Onshore wind capacity (MW),Power,repd,150,ns,North-west/South-east,Find the line that puts 50% of onshore wind power capacity north-west of it,(diagonal),South Ayrshire,376,North-west,osm-lighthouses,28,0,
census-carers-50h,Carers giving 50+ hours a week,Health & care,unified_census,165,ns,North/South,Find the line that puts 50% of people giving 50 or more hours of unpaid care a week north of it,(diagonal),Birmingham,25,North,census-job-operatives,1,24,census-cars-none census-commute-car census-health-verybad census-heat-gas census-home-detached census-home-semi census-home-terraced census-job-operatives census-job-trades census-qual-apprentice census-qual-none census-tenure-outright census-tenure-social ge24-labour ge24-nonvoters osm-chippies osm-greggs osm-iceland osm-lidl osm-mcdonalds osm-pubs osm-stations osm-wetherspoon repd-battery
census-cars-3plus,Households with 3+ cars,Owning & renting,unified_census,165,ns,North/South,Find the line that puts 50% of households with three or more cars or vans north of it,(diagonal),Breckland,12,South,osm-starbucks,3,11,census-commute-foot census-heat-bottled census-population census-qual-degree ge24-reform hmrc-employed hmrc-taxpayers osm-breweries osm-starbucks osm-windmills pop-all
census-cars-none,Households with no car,Owning & renting,unified_census,165,ns,North/South,Find the line that puts 50% of households with no car or van north of it,(diagonal),Birmingham,12,North,census-heat-gas,0,28,census-carers-50h census-commute-car census-heat-bottled census-heat-gas census-heat-renewable census-home-detached census-home-semi census-home-terraced census-job-operatives census-job-trades census-population census-qual-none census-tenure-outright census-tenure-social ge24-labour ge24-nonvoters ge24-reform hmrc-pension osm-breweries osm-chippies osm-iceland osm-lidl osm-mcdonalds osm-pubs osm-stations osm-wetherspoon pop-all repd-battery
census-commute-bike,Commuters by bicycle,Getting to work,unified_census,165,ns,North/South,Find the line that puts 50% of people who cycle to work north of it,(diagonal),South Cambridgeshire,51,South,census-job-managers,0,14,census-heat-electric census-home-caravan census-home-commercial census-hours-49plus census-job-managers census-work-from-home ge24-con ge24-green hmrc-higher-rate hmrc-self-employed osm-costa osm-mands osm-tesco repd-solar
census-commute-car,Commuters by car or van,Getting to work,unified_census,165,ns,North/South,Find the line that puts 50% of people who drive to work north of it,(diagonal),South Holland,21,North,repd-battery,0,27,census-carers-50h census-cars-none census-health-verybad census-heat-gas census-heat-renewable census-home-detached census-home-semi census-home-terraced census-job-operatives census-job-trades census-qual-apprentice census-qual-none census-tenure-outright census-tenure-social ge24-labour ge24-nonvoters ge24-reform hmrc-pension osm-chippies osm-greggs osm-iceland osm-lidl osm-mcdonalds osm-pubs osm-stations osm-wetherspoon repd-battery
census-commute-foot,Commuters on foot,Getting to work,unified_census,165,ns,North/South,Find the line that puts 50% of people who walk to work north of it,(diagonal),Warwick,6,South,hmrc-employed,2,14,census-cars-3plus census-heat-bottled census-heat-renewable census-job-trades census-population ge24-reform hmrc-employed hmrc-pension hmrc-taxpayers osm-breweries osm-lidl osm-starbucks osm-wetherspoon pop-all
census-commute-metro,"Commuters by underground, metro or tram",Getting to work,unified_census,165,ns,North/South,"Find the line that puts 50% of people who commute by underground, metro or tram north of it",(diagonal),Ealing,113,South,osm-pret,2,5,census-commute-train census-home-converted hmrc-additional-rate osm-pret osm-waitrose
census-commute-motorbike,Commuters by motorbike or moped,Getting to work,unified_census,165,ns,North/South,Find the line that puts 50% of people who ride a motorbike or moped to work north of it,(diagonal),South Oxfordshire,86,South,hmrc-tax-amount,2,5,census-home-flat ge24-libdem hmrc-tax-amount osm-nandos osm-sainsburys
census-commute-taxi,Commuters by taxi,Getting to work,unified_census,165,ns,North/South,Find the line that puts 50% of people who get to work by taxi north of it,(diagonal),Amber Valley,71,North,census-heat-wood,3,4,census-heat-oil census-heat-wood osm-aldi osm-morrisons
census-commute-train,Commuters by train,Getting to work,unified_census,165,ns,North/South,Find the line that puts 50% of people who commute by train north of it,(diagonal),Ealing,111,South,census-home-converted,1,5,census-commute-metro census-home-converted hmrc-additional-rate osm-pret osm-waitrose
census-health-verybad,Very bad health,Health & care,unified_census,165,ns,North/South,Find the line that puts 50% of people in very bad health north of it,(diagonal),Walsall,35,North,osm-greggs,1,16,census-carers-50h census-commute-car census-home-semi census-job-operatives census-qual-apprentice census-qual-none census-sick census-tenure-social ge24-labour ge24-nonvoters osm-chippies osm-golf osm-greggs osm-iceland repd-battery repd-solar-pipeline
census-heat-bottled,Homes heated only by tank or bottled gas,Heating,unified_census,165,ns,North/South,Find the line that puts 50% of homes heated only by tank or bottled gas north of it,(diagonal),Warwick,2,South,osm-breweries,0,20,census-cars-3plus census-cars-none census-commute-foot census-heat-gas census-heat-renewable census-home-detached census-home-terraced census-job-trades census-population ge24-reform hmrc-employed hmrc-pension hmrc-taxpayers osm-breweries osm-lidl osm-mcdonalds osm-pubs osm-starbucks osm-wetherspoon pop-all
census-heat-electric,Homes heated only by electricity,Heating,unified_census,165,ns,North/South,Find the line that puts 50% of homes heated only by electricity north of it,(diagonal),West Oxfordshire,57,South,hmrc-self-employed,1,17,census-commute-bike census-home-caravan census-home-commercial census-home-flat census-hours-49plus census-job-managers census-work-from-home ge24-con ge24-green hmrc-higher-rate hmrc-self-employed osm-costa osm-mands osm-nandos osm-sainsburys osm-tesco repd-solar
census-heat-gas,Homes heated only by mains gas,Heating,unified_census,165,ns,North/South,Find the line that puts 50% of homes heated only by mains gas north of it,(diagonal),Solihull,12,North,census-cars-none,0,28,census-carers-50h census-cars-none census-commute-car census-heat-bottled census-heat-renewable census-home-detached census-home-semi census-home-terraced census-job-operatives census-job-trades census-population census-qual-none census-tenure-outright census-tenure-social ge24-labour ge24-nonvoters ge24-reform hmrc-pension osm-breweries osm-chippies osm-iceland osm-lidl osm-mcdonalds osm-pubs osm-stations osm-wetherspoon pop-all repd-battery
census-heat-oil,Homes heated only by oil,Heating,unified_census,165,ns,North/South,Find the line that puts 50% of homes heated only by oil north of it,(diagonal),East Lindsey,75,North,census-commute-taxi,3,4,census-commute-taxi census-heat-wood osm-aldi osm-morrisons
census-heat-renewable,Homes heated only by renewables,Heating,unified_census,165,ns,North/South,Find the line that puts 50% of homes heated only by renewable energy north of it,(diagonal),King's Lynn and West Norfolk,7,North,hmrc-pension,0,29,census-cars-none census-commute-car census-commute-foot census-heat-bottled census-heat-gas census-home-detached census-home-terraced census-job-operatives census-job-trades census-population census-qual-none census-tenure-outright census-tenure-social ge24-labour ge24-nonvoters ge24-reform hmrc-employed hmrc-pension hmrc-taxpayers osm-breweries osm-iceland osm-lidl osm-mcdonalds osm-pubs osm-starbucks osm-stations osm-wetherspoon pop-all repd-battery
census-heat-solid,Homes heated only by solid fuel,Heating,unified_census,165,ns,North/South,"Find the line that puts 50% of homes heated only by solid fuel (coal, peat) north of it",(diagonal),Bassetlaw,105,North,repd-wind-offshore,2,1,repd-wind-offshore
census-heat-wood,Homes heated only by wood,Heating,unified_census,165,ns,North/South,Find the line that puts 50% of homes heated only by wood north of it,(diagonal),Powys,68,North,census-commute-taxi,3,5,census-commute-taxi census-heat-oil osm-aldi osm-golf osm-morrisons
census-home-caravan,Households in a caravan or mobile home,Homes,unified_census,165,ns,North/South,Find the line that puts 50% of households living in a caravan or mobile home north of it,(diagonal),North Hertfordshire,64,South,osm-mands,1,14,census-commute-bike census-heat-electric census-home-commercial census-home-flat census-job-managers census-work-from-home ge24-green hmrc-higher-rate hmrc-self-employed osm-mands osm-nandos osm-sainsburys osm-tesco repd-solar
census-home-commercial,Households in a commercial building,Homes,unified_census,165,ns,North/South,"Find the line that puts 50% of households living above a shop, in an office building or hotel north of it",(diagonal),Central Bedfordshire,68,South,osm-nandos,2,13,census-commute-bike census-heat-electric census-home-caravan census-home-flat census-job-managers census-work-from-home hmrc-higher-rate hmrc-self-employed hmrc-tax-amount osm-mands osm-nandos osm-sainsburys repd-solar
census-home-converted,Households in converted or shared houses,Homes,unified_census,165,ns,North/South,"Find the line that puts 50% of households in converted or shared houses, including bedsits north of it",(diagonal),Brent,110,South,census-commute-train,1,5,census-commute-metro census-commute-train hmrc-additional-rate osm-pret osm-waitrose
census-home-detached,Households in detached houses,Homes,unified_census,165,ns,North/South,Find the line that puts 50% of households in a detached house north of it,(diagonal),Powys,13,North,osm-mcdonalds,0,29,census-carers-50h census-cars-none census-commute-car census-heat-bottled census-heat-gas census-heat-renewable census-home-semi census-home-terraced census-job-operatives census-job-trades census-population census-qual-apprentice census-qual-none census-tenure-outright census-tenure-social ge24-labour ge24-nonvoters ge24-reform hmrc-pension osm-breweries osm-chippies osm-iceland osm-lidl osm-mcdonalds osm-pubs osm-stations osm-wetherspoon pop-all repd-battery
census-home-flat,Households in purpose-built flats,Homes,unified_census,165,ns,North/South,Find the line that puts 50% of households in a purpose-built block of flats north of it,(diagonal),Luton,70,South,osm-nandos,0,12,census-commute-motorbike census-heat-electric census-home-caravan census-home-commercial census-work-from-home hmrc-higher-rate hmrc-self-employed hmrc-tax-amount osm-mands osm-nandos osm-sainsburys repd-solar
census-home-semi,Households in semi-detached houses,Homes,unified_census,165,ns,North/South,Find the line that puts 50% of households in a semi-detached house north of it,(diagonal),Charnwood,28,North,osm-chippies,0,23,census-carers-50h census-cars-none census-commute-car census-health-verybad census-heat-gas census-home-detached census-home-terraced census-job-operatives census-qual-apprentice census-qual-none census-sick census-tenure-outright census-tenure-social ge24-labour ge24-nonvoters osm-chippies osm-greggs osm-iceland osm-mcdonalds osm-pubs osm-stations repd-battery repd-solar-pipeline
census-home-terraced,Households in terraced houses,Homes,unified_census,165,ns,North/South,Find the line that puts 50% of households in a terraced house north of it,(diagonal),South Kesteven,14,North,osm-pubs,1,29,census-carers-50h census-cars-none census-commute-car census-heat-bottled census-heat-gas census-heat-renewable census-home-detached census-home-semi census-job-operatives census-job-trades census-population census-qual-apprentice census-qual-none census-tenure-outright census-tenure-social ge24-labour ge24-nonvoters ge24-reform hmrc-pension osm-breweries osm-chippies osm-iceland osm-lidl osm-mcdonalds osm-pubs osm-stations osm-wetherspoon pop-all repd-battery
census-hours-49plus,People working 49+ hours a week,Work & qualifications,unified_census,165,ns,North/South,Find the line that puts 50% of people working 49 or more hours a week north of it,(diagonal),Cheltenham,42,South,ge24-con,1,12,census-commute-bike census-heat-electric census-job-managers census-qual-degree census-tenure-private census-work-from-home ge24-con ge24-green hmrc-self-employed osm-costa osm-tesco osm-windmills
census-job-managers,"Managers, directors and senior officials",Work & qualifications,unified_census,165,ns,North/South,"Find the line that puts 50% of managers, directors and senior officials north of it",(diagonal),Milton Keynes,52,South,census-commute-bike,0,14,census-commute-bike census-heat-electric census-home-caravan census-home-commercial census-hours-49plus census-work-from-home ge24-con ge24-green hmrc-higher-rate hmrc-self-employed osm-costa osm-mands osm-tesco repd-solar
census-job-operatives,"Process, plant and machine operatives",Work & qualifications,unified_census,165,ns,North/South,"Find the line that puts 50% of process, plant and machine operatives north of it",(diagonal),Leicester,24,North,census-carers-50h,1,26,census-carers-50h census-cars-none census-commute-car census-health-verybad census-heat-gas census-heat-renewable census-home-detached census-home-semi census-home-terraced census-job-trades census-qual-apprentice census-qual-none census-tenure-outright census-tenure-social ge24-labour ge24-nonvoters hmrc-pension osm-chippies osm-greggs osm-iceland osm-lidl osm-mcdonalds osm-pubs osm-stations osm-wetherspoon repd-battery
census-job-trades,Skilled trades,Work & qualifications,unified_census,165,ns,North/South,Find the line that puts 50% of people working in skilled trades north of it,(diagonal),"Herefordshire, County of",8,North,census-heat-renewable,1,30,census-carers-50h census-cars-none census-commute-car census-commute-foot census-heat-bottled census-heat-gas census-heat-renewable census-home-detached census-home-terraced census-job-operatives census-population census-qual-none census-tenure-outright census-tenure-social ge24-labour ge24-nonvoters ge24-reform hmrc-employed hmrc-pension hmrc-taxpayers osm-breweries osm-iceland osm-lidl osm-mcdonalds osm-pubs osm-starbucks osm-stations osm-wetherspoon pop-all repd-battery
census-population,Usual residents (census),Population,unified_census,165,ns,North/South,Find the line that puts 50% of the UK's residents north of it,(diagonal),Redditch,0,,pop-all,0,22,census-cars-3plus census-cars-none census-commute-foot census-heat-bottled census-heat-gas census-heat-renewable census-home-detached census-home-terraced census-job-trades census-tenure-outright ge24-reform hmrc-employed hmrc-pension hmrc-taxpayers osm-breweries osm-lidl osm-mcdonalds osm-pubs osm-starbucks osm-stations osm-wetherspoon pop-all
census-qual-apprentice,Apprenticeships,Work & qualifications,unified_census,165,ns,North/South,Find the line that puts 50% of people whose highest qualification is an apprenticeship north of it,(diagonal),Sandwell,30,North,census-home-semi,2,21,census-carers-50h census-commute-car census-health-verybad census-home-detached census-home-semi census-home-terraced census-job-operatives census-qual-none census-sick census-tenure-outright census-tenure-social ge24-labour ge24-nonvoters osm-chippies osm-greggs osm-iceland osm-mcdonalds osm-pubs osm-stations repd-battery repd-solar-pipeline
census-qual-degree,Degree-level qualifications,Work & qualifications,unified_census,165,ns,North/South,Find the line that puts 50% of people with a degree-level qualification or above north of it,(diagonal),East Cambridgeshire,26,South,osm-windmills,3,7,census-cars-3plus census-hours-49plus census-tenure-private ge24-con osm-costa osm-starbucks osm-windmills
census-qual-none,No qualifications,Work & qualifications,unified_census,165,ns,North/South,Find the line that puts 50% of adults with no qualifications north of it,(diagonal),Birmingham,21,North,census-commute-car,0,27,census-carers-50h census-cars-none census-commute-car census-health-verybad census-heat-gas census-heat-renewable census-home-detached census-home-semi census-home-terraced census-job-operatives census-job-trades census-qual-apprentice census-tenure-outright census-tenure-social ge24-labour ge24-nonvoters ge24-reform hmrc-pension osm-chippies osm-greggs osm-iceland osm-lidl osm-mcdonalds osm-pubs osm-stations osm-wetherspoon repd-battery
census-sick,Long-term sick or disabled,Health & care,unified_census,165,ns,North/South,Find the line that puts 50% of people out of work because they are long-term sick or disabled north of it,(diagonal),South Kesteven,44,North,repd-solar-pipeline,0,8,census-health-verybad census-home-semi census-qual-apprentice osm-chippies osm-golf osm-greggs osm-morrisons repd-solar-pipeline
census-tenure-outright,Households that own outright,Owning & renting,unified_census,165,ns,North/South,Find the line that puts 50% of households that own their home outright north of it,(diagonal),Wyre Forest,16,North,osm-stations,1,28,census-carers-50h census-cars-none census-commute-car census-heat-gas census-heat-renewable census-home-detached census-home-semi census-home-terraced census-job-operatives census-job-trades census-population census-qual-apprentice census-qual-none census-tenure-social ge24-labour ge24-nonvoters ge24-reform hmrc-pension osm-chippies osm-greggs osm-iceland osm-lidl osm-mcdonalds osm-pubs osm-stations osm-wetherspoon pop-all repd-battery
census-tenure-private,Households renting privately,Owning & renting,unified_census,165,ns,North/South,Find the line that puts 50% of households renting privately north of it,(diagonal),Great Yarmouth,31,South,osm-windmills,2,7,census-hours-49plus census-qual-degree ge24-con ge24-green osm-costa osm-tesco osm-windmills
census-tenure-social,Households renting socially,Owning & renting,unified_census,165,ns,North/South,Find the line that puts 50% of households in social housing north of it,(diagonal),Birmingham,20,North,ge24-nonvoters,1,27,census-carers-50h census-cars-none census-commute-car census-health-verybad census-heat-gas census-heat-renewable census-home-detached census-home-semi census-home-terraced census-job-operatives census-job-trades census-qual-apprentice census-qual-none census-tenure-outright ge24-labour ge24-nonvoters ge24-reform hmrc-pension osm-chippies osm-greggs osm-iceland osm-lidl osm-mcdonalds osm-pubs osm-stations osm-wetherspoon repd-battery
census-work-from-home,People working mainly from home,Getting to work,unified_census,165,ns,North/South,Find the line that puts 50% of people who work mainly from home north of it,(diagonal),Buckinghamshire,56,South,hmrc-self-employed,0,17,census-commute-bike census-heat-electric census-home-caravan census-home-commercial census-home-flat census-hours-49plus census-job-managers ge24-con ge24-green hmrc-higher-rate hmrc-self-employed osm-costa osm-mands osm-nandos osm-sainsburys osm-tesco repd-solar
ge24-con,"Conservative votes, 2024",Election night,ge2024,165,ns,North/South,Find the line that puts 50% of votes cast for the Conservatives in 2024 north of it,(diagonal),North Bedfordshire,42,South,census-hours-49plus,1,12,census-commute-bike census-heat-electric census-hours-49plus census-job-managers census-qual-degree census-tenure-private census-work-from-home ge24-green hmrc-self-employed osm-costa osm-tesco osm-windmills
ge24-green,"Green votes, 2024",Election night,ge2024,165,ns,North/South,Find the line that puts 50% of votes cast for the Greens in 2024 north of it,(diagonal),Waveney Valley,47,South,osm-tesco,1,14,census-commute-bike census-heat-electric census-home-caravan census-hours-49plus census-job-managers census-tenure-private census-work-from-home ge24-con hmrc-higher-rate hmrc-self-employed osm-costa osm-mands osm-tesco repd-solar
ge24-labour,"Labour votes, 2024",Election night,ge2024,165,ns,North/South,Find the line that puts 50% of votes cast for Labour in 2024 north of it,(diagonal),Birmingham Selly Oak,18,North,osm-iceland,0,27,census-carers-50h census-cars-none census-commute-car census-health-verybad census-heat-gas census-heat-renewable census-home-detached census-home-semi census-home-terraced census-job-operatives census-job-trades census-qual-apprentice census-qual-none census-tenure-outright census-tenure-social ge24-nonvoters ge24-reform hmrc-pension osm-chippies osm-greggs osm-iceland osm-lidl osm-mcdonalds osm-pubs osm-stations osm-wetherspoon repd-battery
ge24-libdem,"Liberal Democrat votes, 2024",Election night,ge2024,165,ns,North/South,Find the line that puts 50% of votes cast for the Liberal Democrats in 2024 north of it,(diagonal),St Albans,89,South,census-commute-motorbike,4,4,census-commute-motorbike hmrc-additional-rate hmrc-tax-amount osm-waitrose
ge24-nonvoters,"Registered voters who did not vote, 2024",Election night,ge2024,165,ns,North/South,Find the line that puts 50% of registered voters who stayed at home in 2024 north of it,(diagonal),Birmingham Ladywood,20,North,census-tenure-social,1,27,census-carers-50h census-cars-none census-commute-car census-health-verybad census-heat-gas census-heat-renewable census-home-detached census-home-semi census-home-terraced census-job-operatives census-job-trades census-qual-apprentice census-qual-none census-tenure-outright census-tenure-social ge24-labour ge24-reform hmrc-pension osm-chippies osm-greggs osm-iceland osm-lidl osm-mcdonalds osm-pubs osm-stations osm-wetherspoon repd-battery
ge24-reform,"Reform UK votes, 2024",Election night,ge2024,165,ns,North/South,Find the line that puts 50% of votes cast for Reform UK in 2024 north of it,(diagonal),South Leicestershire,4,North,hmrc-pension,2,29,census-cars-3plus census-cars-none census-commute-car census-commute-foot census-heat-bottled census-heat-gas census-heat-renewable census-home-detached census-home-terraced census-job-trades census-population census-qual-none census-tenure-outright census-tenure-social ge24-labour ge24-nonvoters hmrc-employed hmrc-pension hmrc-taxpayers osm-breweries osm-iceland osm-lidl osm-mcdonalds osm-pubs osm-starbucks osm-stations osm-wetherspoon pop-all repd-battery
hmrc-additional-rate,Additional-rate (top-rate) taxpayers,Income & tax,hmrc,165,ns,North/South,Find the line that puts 50% of top-rate taxpayers north of it,(diagonal),Camden,107,South,census-home-converted,3,6,census-commute-metro census-commute-train census-home-converted ge24-libdem osm-pret osm-waitrose
hmrc-employed,Taxpayers with a job,Income & tax,hmrc,165,ns,North/South,Find the line that puts 50% of taxpayers with income from a job north of it,(diagonal),West Northamptonshire,8,South,hmrc-taxpayers,0,12,census-cars-3plus census-commute-foot census-heat-bottled census-heat-renewable census-job-trades census-population ge24-reform hmrc-pension hmrc-taxpayers osm-breweries osm-starbucks pop-all
hmrc-higher-rate,Higher-rate taxpayers,Income & tax,hmrc,165,ns,North/South,Find the line that puts 50% of higher-rate taxpayers north of it,(diagonal),Buckinghamshire,61,South,repd-solar,1,14,census-commute-bike census-heat-electric census-home-caravan census-home-commercial census-home-flat census-job-managers census-work-from-home ge24-green hmrc-self-employed osm-mands osm-nandos osm-sainsburys osm-tesco repd-solar
hmrc-pension,Taxpayers with pension income,Income & tax,hmrc,165,ns,North/South,Find the line that puts 50% of taxpayers drawing a pension north of it,(diagonal),Solihull,6,North,census-heat-renewable,0,29,census-cars-none census-commute-car census-commute-foot census-heat-bottled census-heat-gas census-heat-renewable census-home-detached census-home-terraced census-job-operatives census-job-trades census-population census-qual-none census-tenure-outright census-tenure-social ge24-labour ge24-nonvoters ge24-reform hmrc-employed hmrc-taxpayers osm-breweries osm-iceland osm-lidl osm-mcdonalds osm-pubs osm-starbucks osm-stations osm-wetherspoon pop-all repd-battery
hmrc-self-employed,Self-employed taxpayers,Income & tax,hmrc,165,ns,North/South,Find the line that puts 50% of self-employed taxpayers north of it,(diagonal),Central Bedfordshire,56,South,census-work-from-home,0,17,census-commute-bike census-heat-electric census-home-caravan census-home-commercial census-home-flat census-hours-49plus census-job-managers census-work-from-home ge24-con ge24-green hmrc-higher-rate osm-costa osm-mands osm-nandos osm-sainsburys osm-tesco repd-solar
hmrc-tax-amount,Income tax paid,Income & tax,hmrc,165,ns,North/South,Find the line that puts 50% of all income tax paid north of it,(diagonal),Buckinghamshire,84,South,census-commute-motorbike,2,6,census-commute-motorbike census-home-commercial census-home-flat ge24-libdem osm-nandos osm-sainsburys
hmrc-taxpayers,Income taxpayers,Income & tax,hmrc,165,ns,North/South,Find the line that puts 50% of income taxpayers north of it,(diagonal),West Northamptonshire,8,South,hmrc-employed,0,12,census-cars-3plus census-commute-foot census-heat-bottled census-heat-renewable census-job-trades census-population ge24-reform hmrc-employed hmrc-pension osm-breweries osm-starbucks pop-all
osm-aldi,Aldi shops,Supermarket sweep,osm,165,ns,North/South,Find the line that puts 50% of Aldi shops north of it,(diagonal),Nottingham,62,North,osm-morrisons,1,5,census-commute-taxi census-heat-oil census-heat-wood osm-golf osm-morrisons
osm-breweries,Breweries,Out and about,osm,165,ns,North/South,Find the line that puts 50% of breweries north of it,(diagonal),"Herefordshire, County of",2,South,census-heat-bottled,0,20,census-cars-3plus census-cars-none census-commute-foot census-heat-bottled census-heat-gas census-heat-renewable census-home-detached census-home-terraced census-job-trades census-population ge24-reform hmrc-employed hmrc-pension hmrc-taxpayers osm-lidl osm-mcdonalds osm-pubs osm-starbucks osm-wetherspoon pop-all
osm-castles,Castles,Heritage & coast,osm,165,ns,North/South,Find the line that puts 50% of castles north of it,(diagonal),Westmorland and Furness,273,North,osm-standing-stones,42,0,
osm-chippies,Fish and chip shops,Out and about,osm,165,ns,North/South,Find the line that puts 50% of fish and chip shops north of it,(diagonal),South Kesteven,28,North,census-home-semi,0,24,census-carers-50h census-cars-none census-commute-car census-health-verybad census-heat-gas census-home-detached census-home-semi census-home-terraced census-job-operatives census-qual-apprentice census-qual-none census-sick census-tenure-outright census-tenure-social ge24-labour ge24-nonvoters osm-greggs osm-iceland osm-mcdonalds osm-pubs osm-stations osm-wetherspoon repd-battery repd-solar-pipeline
osm-costa,Costa Coffee shops,High street,osm,165,ns,North/South,Find the line that puts 50% of Costa Coffee shops north of it,(diagonal),Bedford,39,South,census-hours-49plus,2,12,census-commute-bike census-heat-electric census-hours-49plus census-job-managers census-qual-degree census-tenure-private census-work-from-home ge24-con ge24-green hmrc-self-employed osm-tesco osm-windmills
osm-distilleries,Distilleries,Out and about,osm,165,ns,North/South,Find the line that puts 50% of distilleries north of it,(diagonal),Stirling,440,North,repd-wind-onshore,68,0,
osm-golf,Golf courses,Out and about,osm,165,ns,North/South,Find the line that puts 50% of golf courses north of it,(diagonal),Shropshire,50,North,repd-solar-pipeline,6,7,census-health-verybad census-heat-wood census-sick osm-aldi osm-greggs osm-morrisons repd-solar-pipeline
osm-greggs,Greggs shops,High street,osm,165,ns,North/South,Find the line that puts 50% of Greggs shops north of it,(diagonal),Walsall,34,North,census-health-verybad,1,18,census-carers-50h census-commute-car census-health-verybad census-home-semi census-job-operatives census-qual-apprentice census-qual-none census-sick census-tenure-outright census-tenure-social ge24-labour ge24-nonvoters osm-chippies osm-golf osm-iceland osm-stations repd-battery repd-solar-pipeline
osm-iceland,Iceland shops,Supermarket sweep,osm,165,ns,North/South,Find the line that puts 50% of Iceland shops north of it,(diagonal),Birmingham,18,North,ge24-labour,0,27,census-carers-50h census-cars-none census-commute-car census-health-verybad census-heat-gas census-heat-renewable census-home-detached census-home-semi census-home-terraced census-job-operatives census-job-trades census-qual-apprentice census-qual-none census-tenure-outright census-tenure-social ge24-labour ge24-nonvoters ge24-reform hmrc-pension osm-chippies osm-greggs osm-lidl osm-mcdonalds osm-pubs osm-stations osm-wetherspoon repd-battery
osm-lidl,Lidl shops,Supermarket sweep,osm,165,ns,North/South,Find the line that puts 50% of Lidl shops north of it,(diagonal),North Norfolk,10,North,osm-wetherspoon,0,27,census-carers-50h census-cars-none census-commute-car census-commute-foot census-heat-bottled census-heat-gas census-heat-renewable census-home-detached census-home-terraced census-job-operatives census-job-trades census-population census-qual-none census-tenure-outright census-tenure-social ge24-labour ge24-nonvoters ge24-reform hmrc-pension osm-breweries osm-iceland osm-mcdonalds osm-pubs osm-stations osm-wetherspoon pop-all repd-battery
osm-lighthouses,Lighthouses,Heritage & coast,osm,165,ns,North/South,Find the line that puts 50% of lighthouses north of it,(diagonal),Belfast,343,North,repd-wind-onshore,30,0,
osm-mands,M&S shops,Supermarket sweep,osm,165,ns,North/South,Find the line that puts 50% of Marks & Spencer shops north of it,(diagonal),Vale of Glamorgan,64,South,census-home-caravan,1,14,census-commute-bike census-heat-electric census-home-caravan census-home-commercial census-home-flat census-job-managers census-work-from-home ge24-green hmrc-higher-rate hmrc-self-employed osm-nandos osm-sainsburys osm-tesco repd-solar
osm-mcdonalds,McDonald's restaurants,High street,osm,165,ns,North/South,Find the line that puts 50% of McDonald's restaurants north of it,(diagonal),Birmingham,12,North,census-home-detached,0,29,census-carers-50h census-cars-none census-commute-car census-heat-bottled census-heat-gas census-heat-renewable census-home-detached census-home-semi census-home-terraced census-job-operatives census-job-trades census-population census-qual-apprentice census-qual-none census-tenure-outright census-tenure-social ge24-labour ge24-nonvoters ge24-reform hmrc-pension osm-breweries osm-chippies osm-iceland osm-lidl osm-pubs osm-stations osm-wetherspoon pop-all repd-battery
osm-morrisons,Morrisons supermarkets,Supermarket sweep,osm,165,ns,North/South,Find the line that puts 50% of Morrisons supermarkets north of it,(diagonal),Shropshire,61,North,osm-aldi,1,7,census-commute-taxi census-heat-oil census-heat-wood census-sick osm-aldi osm-golf repd-solar-pipeline
osm-nandos,Nando's restaurants,High street,osm,165,ns,North/South,Find the line that puts 50% of Nando's restaurants north of it,(diagonal),South Gloucestershire,70,South,census-home-flat,0,12,census-commute-motorbike census-heat-electric census-home-caravan census-home-commercial census-home-flat census-work-from-home hmrc-higher-rate hmrc-self-employed hmrc-tax-amount osm-mands osm-sainsburys repd-solar
osm-pret,Pret A Manger shops,High street,osm,165,ns,North/South,Find the line that puts 50% of Pret A Manger shops north of it,(diagonal),Camden,115,South,census-commute-metro,2,5,census-commute-metro census-commute-train census-home-converted hmrc-additional-rate osm-waitrose
osm-pubs,Pubs,Out and about,osm,165,ns,North/South,Find the line that puts 50% of pubs north of it,(diagonal),South Kesteven,14,North,census-home-terraced,1,29,census-carers-50h census-cars-none census-commute-car census-heat-bottled census-heat-gas census-heat-renewable census-home-detached census-home-semi census-home-terraced census-job-operatives census-job-trades census-population census-qual-apprentice census-qual-none census-tenure-outright census-tenure-social ge24-labour ge24-nonvoters ge24-reform hmrc-pension osm-breweries osm-chippies osm-iceland osm-lidl osm-mcdonalds osm-stations osm-wetherspoon pop-all repd-battery
osm-sainsburys,Sainsbury's shops (all formats),Supermarket sweep,osm,165,ns,North/South,Find the line that puts 50% of Sainsbury's shops of every size north of it,(diagonal),Vale of Glamorgan,71,South,census-home-flat,1,12,census-commute-motorbike census-heat-electric census-home-caravan census-home-commercial census-home-flat census-work-from-home hmrc-higher-rate hmrc-self-employed hmrc-tax-amount osm-mands osm-nandos repd-solar
osm-standing-stones,Standing stones and other megaliths,Heritage & coast,osm,165,ns,North/South,Find the line that puts 50% of standing stones and other megaliths north of it,(diagonal),Westmorland and Furness,231,North,osm-castles,42,0,
osm-starbucks,Starbucks shops,High street,osm,165,ns,North/South,Find the line that puts 50% of Starbucks shops north of it,(diagonal),North Northamptonshire,10,South,hmrc-employed,2,13,census-cars-3plus census-commute-foot census-heat-bottled census-heat-renewable census-job-trades census-population census-qual-degree ge24-reform hmrc-employed hmrc-pension hmrc-taxpayers osm-breweries pop-all
osm-stations,Railway stations,Out and about,osm,165,ns,North/South,Find the line that puts 50% of railway stations north of it,(diagonal),Hinckley and Bosworth,17,North,census-tenure-outright,1,28,census-carers-50h census-cars-none census-commute-car census-heat-gas census-heat-renewable census-home-detached census-home-semi census-home-terraced census-job-operatives census-job-trades census-population census-qual-apprentice census-qual-none census-tenure-outright census-tenure-social ge24-labour ge24-nonvoters ge24-reform hmrc-pension osm-chippies osm-greggs osm-iceland osm-lidl osm-mcdonalds osm-pubs osm-wetherspoon pop-all repd-battery
osm-tesco,Tesco shops (all formats),Supermarket sweep,osm,165,ns,North/South,Find the line that puts 50% of Tesco shops of every size north of it,(diagonal),Milton Keynes,48,South,ge24-green,1,14,census-commute-bike census-heat-electric census-home-caravan census-hours-49plus census-job-managers census-tenure-private census-work-from-home ge24-con ge24-green hmrc-higher-rate hmrc-self-employed osm-costa osm-mands repd-solar
osm-waitrose,Waitrose shops,Supermarket sweep,osm,165,ns,North/South,Find the line that puts 50% of Waitrose shops north of it,(diagonal),Hillingdon,104,South,hmrc-additional-rate,3,6,census-commute-metro census-commute-train census-home-converted ge24-libdem hmrc-additional-rate osm-pret
osm-wetherspoon,Wetherspoon pubs,High street,osm,165,ns,North/South,Find the line that puts 50% of Wetherspoon pubs north of it,(diagonal),Solihull,10,North,osm-lidl,0,28,census-carers-50h census-cars-none census-commute-car census-commute-foot census-heat-bottled census-heat-gas census-heat-renewable census-home-detached census-home-terraced census-job-operatives census-job-trades census-population census-qual-none census-tenure-outright census-tenure-social ge24-labour ge24-nonvoters ge24-reform hmrc-pension osm-breweries osm-chippies osm-iceland osm-lidl osm-mcdonalds osm-pubs osm-stations pop-all repd-battery
osm-windmills,Windmills (historic),Heritage & coast,osm,165,ns,North/South,Find the line that puts 50% of old windmills north of it,(diagonal),Broadland,29,South,census-tenure-private,2,6,census-cars-3plus census-hours-49plus census-qual-degree census-tenure-private ge24-con osm-costa
pop-all,Population,Population,population,165,ns,North/South,Find the line that puts 50% of the UK's population north of it,(diagonal),North Northamptonshire,0,South,census-population,0,22,census-cars-3plus census-cars-none census-commute-foot census-heat-bottled census-heat-gas census-heat-renewable census-home-detached census-home-terraced census-job-trades census-population census-tenure-outright ge24-reform hmrc-employed hmrc-pension hmrc-taxpayers osm-breweries osm-lidl osm-mcdonalds osm-pubs osm-starbucks osm-stations osm-wetherspoon
repd-battery,Battery storage capacity (MW),Power,repd,165,ns,North/South,Find the line that puts 50% of grid battery storage capacity north of it,(diagonal),Blaby,22,North,census-commute-car,0,27,census-carers-50h census-cars-none census-commute-car census-health-verybad census-heat-gas census-heat-renewable census-home-detached census-home-semi census-home-terraced census-job-operatives census-job-trades census-qual-apprentice census-qual-none census-tenure-outright census-tenure-social ge24-labour ge24-nonvoters ge24-reform hmrc-pension osm-chippies osm-greggs osm-iceland osm-lidl osm-mcdonalds osm-pubs osm-stations osm-wetherspoon
repd-battery-pipeline,Battery storage consented or being built (MW),Power,repd,165,ns,North/South,Find the line that puts 50% of battery storage capacity that is consented or under construction north of it,(diagonal),Doncaster,124,North,repd-wind-offshore,18,1,repd-wind-offshore
repd-hydro,Hydro-electric schemes,Power,repd,165,ns,North/South,Find the line that puts 50% of hydro-electric schemes north of it,(diagonal),Aberdeenshire,528,North,osm-distilleries,87,0,
repd-solar,Solar farm capacity (MW),Power,repd,165,ns,North/South,Find the line that puts 50% of solar farm capacity north of it,(diagonal),Newport,61,South,hmrc-higher-rate,1,14,census-commute-bike census-heat-electric census-home-caravan census-home-commercial census-home-flat census-job-managers census-work-from-home ge24-green hmrc-higher-rate hmrc-self-employed osm-mands osm-nandos osm-sainsburys osm-tesco
repd-solar-pipeline,Solar capacity consented or being built (MW),Power,repd,165,ns,North/South,Find the line that puts 50% of solar capacity that is consented or under construction north of it,(diagonal),North Kesteven,44,North,census-sick,0,8,census-health-verybad census-home-semi census-qual-apprentice census-sick osm-chippies osm-golf osm-greggs osm-morrisons
repd-wind-offshore,Offshore wind capacity (MW),Power,repd,165,ns,North/South,Find the line that puts 50% of offshore wind power capacity north of it,(diagonal),North Norfolk,106,North,census-heat-solid,2,2,census-heat-solid repd-battery-pipeline
repd-wind-onshore,Onshore wind capacity (MW),Power,repd,165,ns,North/South,Find the line that puts 50% of onshore wind power capacity north of it,(diagonal),South Lanarkshire,373,North,osm-lighthouses,30,0,
