statistic,label,family,source,axis,normal_mode_axis,sides,question,line_at,place,km_from_population,toward,closest_other,closest_km,n_within_min_gap,within_min_gap
census-carers-50h,Carers giving 50+ hours a week,Health & care,unified_census,ns,ns,North/South,Find the line that puts 50% of people giving 50 or more hours of unpaid care a week north of it,52.59°N,Sandwell,19,North,census-job-operatives,0,28,census-cars-none census-commute-car census-health-verybad census-heat-gas census-heat-renewable census-home-detached census-home-semi census-home-terraced census-job-operatives census-job-trades census-qual-apprentice census-qual-none census-sick census-tenure-outright census-tenure-social ge24-labour ge24-nonvoters ge24-reform hmrc-pension osm-chippies osm-greggs osm-iceland osm-lidl osm-mcdonalds osm-pubs osm-stations osm-wetherspoon repd-battery
census-cars-3plus,Households with 3+ cars,Owning & renting,unified_census,ns,ns,North/South,Find the line that puts 50% of households with three or more cars or vans north of it,52.32°N,West Northamptonshire,11,South,osm-windmills,2,17,census-cars-none census-commute-foot census-heat-bottled census-heat-gas census-home-terraced census-job-trades census-population census-qual-degree census-tenure-private ge24-reform hmrc-employed hmrc-taxpayers osm-breweries osm-starbucks osm-wetherspoon osm-windmills pop-all
census-cars-none,Households with no car,Owning & renting,unified_census,ns,ns,North/South,Find the line that puts 50% of households with no car or van north of it,52.48°N,Birmingham,6,North,census-heat-gas,0,33,census-carers-50h census-cars-3plus census-commute-car census-commute-foot census-heat-bottled census-heat-gas census-heat-renewable census-home-detached census-home-semi census-home-terraced census-job-operatives census-job-trades census-population census-qual-none census-tenure-outright census-tenure-social ge24-labour ge24-nonvoters ge24-reform hmrc-employed hmrc-pension hmrc-taxpayers osm-breweries osm-iceland osm-lidl osm-mcdonalds osm-pubs osm-starbucks osm-stations osm-wetherspoon osm-windmills pop-all repd-battery
census-commute-bike,Commuters by bicycle,Getting to work,unified_census,ns,ns,North/South,Find the line that puts 50% of people who cycle to work north of it,51.95°N,Milton Keynes,53,South,osm-tesco,3,13,census-heat-electric census-home-caravan census-hours-49plus census-job-managers census-work-from-home ge24-con ge24-green hmrc-higher-rate hmrc-self-employed osm-costa osm-mands osm-tesco repd-solar
census-commute-car,Commuters by car or van,Getting to work,unified_census,ns,ns,North/South,Find the line that puts 50% of people who drive to work north of it,52.58°N,Dudley,18,North,census-qual-none,1,29,census-carers-50h census-cars-none census-health-verybad census-heat-gas census-heat-renewable census-home-detached census-home-semi census-home-terraced census-job-operatives census-job-trades census-population census-qual-apprentice census-qual-none census-sick census-tenure-outright census-tenure-social ge24-labour ge24-nonvoters ge24-reform hmrc-pension osm-chippies osm-greggs osm-iceland osm-lidl osm-mcdonalds osm-pubs osm-stations osm-wetherspoon repd-battery
census-commute-foot,Commuters on foot,Getting to work,unified_census,ns,ns,North/South,Find the line that puts 50% of people who walk to work north of it,52.38°N,Birmingham,5,South,osm-starbucks,0,25,census-cars-3plus census-cars-none census-heat-bottled census-heat-gas census-home-terraced census-job-trades census-population census-tenure-outright census-tenure-social ge24-labour ge24-nonvoters ge24-reform hmrc-employed hmrc-pension hmrc-taxpayers osm-breweries osm-iceland osm-lidl osm-mcdonalds osm-pubs osm-starbucks osm-stations osm-wetherspoon osm-windmills pop-all
census-commute-metro,"Commuters by underground, metro or tram",Getting to work,unified_census,ns,ns,North/South,"Find the line that puts 50% of people who commute by underground, metro or tram north of it",51.54°N,Newham,98,South,census-home-converted,0,8,census-commute-motorbike census-commute-train census-home-converted ge24-libdem hmrc-additional-rate hmrc-tax-amount osm-pret osm-waitrose
census-commute-motorbike,Commuters by motorbike or moped,Getting to work,unified_census,ns,ns,North/South,Find the line that puts 50% of people who ride a motorbike or moped to work north of it,51.61°N,Barnet,90,South,ge24-libdem,1,12,census-commute-metro census-commute-train census-home-commercial census-home-converted census-home-flat ge24-libdem hmrc-additional-rate hmrc-tax-amount osm-nandos osm-pret osm-sainsburys osm-waitrose
census-commute-taxi,Commuters by taxi,Getting to work,unified_census,ns,ns,North/South,Find the line that puts 50% of people who get to work by taxi north of it,53.01°N,Stoke-on-Trent,65,North,census-heat-oil,2,4,census-heat-oil census-heat-wood osm-aldi osm-morrisons
census-commute-train,Commuters by train,Getting to work,unified_census,ns,ns,North/South,Find the line that puts 50% of people who commute by train north of it,51.55°N,Newham,97,South,hmrc-additional-rate,1,8,census-commute-metro census-commute-motorbike census-home-converted ge24-libdem hmrc-additional-rate hmrc-tax-amount osm-pret osm-waitrose
census-health-verybad,Very bad health,Health & care,unified_census,ns,ns,North/South,Find the line that puts 50% of people in very bad health north of it,52.69°N,Leicester,29,North,census-qual-apprentice,2,16,census-carers-50h census-commute-car census-heat-renewable census-home-detached census-home-semi census-job-operatives census-qual-apprentice census-qual-none census-sick ge24-labour ge24-nonvoters osm-chippies osm-golf osm-greggs repd-battery repd-solar-pipeline
census-heat-bottled,Homes heated only by tank or bottled gas,Heating,unified_census,ns,ns,North/South,Find the line that puts 50% of homes heated only by tank or bottled gas north of it,52.34°N,Powys,9,South,osm-windmills,0,23,census-cars-3plus census-cars-none census-commute-foot census-heat-gas census-home-terraced census-job-trades census-population census-qual-degree census-tenure-private ge24-reform hmrc-employed hmrc-pension hmrc-taxpayers osm-breweries osm-iceland osm-lidl osm-mcdonalds osm-pubs osm-starbucks osm-stations osm-wetherspoon osm-windmills pop-all
census-heat-electric,Homes heated only by electricity,Heating,unified_census,ns,ns,North/South,Find the line that puts 50% of homes heated only by electricity north of it,51.89°N,Colchester,59,South,hmrc-self-employed,1,16,census-commute-bike census-home-caravan census-home-commercial census-home-flat census-hours-49plus census-job-managers census-work-from-home ge24-con ge24-green hmrc-higher-rate hmrc-self-employed osm-costa osm-mands osm-nandos osm-tesco repd-solar
census-heat-gas,Homes heated only by mains gas,Heating,unified_census,ns,ns,North/South,Find the line that puts 50% of homes heated only by mains gas north of it,52.48°N,Birmingham,6,North,census-cars-none,0,33,census-carers-50h census-cars-3plus census-cars-none census-commute-car census-commute-foot census-heat-bottled census-heat-renewable census-home-detached census-home-semi census-home-terraced census-job-operatives census-job-trades census-population census-qual-none census-tenure-outright census-tenure-social ge24-labour ge24-nonvoters ge24-reform hmrc-employed hmrc-pension hmrc-taxpayers osm-breweries osm-iceland osm-lidl osm-mcdonalds osm-pubs osm-starbucks osm-stations osm-wetherspoon osm-windmills pop-all repd-battery
census-heat-oil,Homes heated only by oil,Heating,unified_census,ns,ns,North/South,Find the line that puts 50% of homes heated only by oil north of it,53.02°N,Gwynedd,66,North,census-commute-taxi,2,4,census-commute-taxi census-heat-wood osm-aldi osm-morrisons
census-heat-renewable,Homes heated only by renewables,Heating,unified_census,ns,ns,North/South,Find the line that puts 50% of homes heated only by renewable energy north of it,52.60°N,Shropshire,20,North,census-carers-50h,1,28,census-carers-50h census-cars-none census-commute-car census-health-verybad census-heat-gas census-home-detached census-home-semi census-home-terraced census-job-operatives census-job-trades census-qual-apprentice census-qual-none census-sick census-tenure-outright census-tenure-social ge24-labour ge24-nonvoters ge24-reform hmrc-pension osm-chippies osm-greggs osm-iceland osm-lidl osm-mcdonalds osm-pubs osm-stations osm-wetherspoon repd-battery
census-heat-solid,Homes heated only by solid fuel,Heating,unified_census,ns,ns,North/South,"Find the line that puts 50% of homes heated only by solid fuel (coal, peat) north of it",53.25°N,Bassetlaw,92,North,census-heat-oil,26,0,
census-heat-wood,Homes heated only by wood,Heating,unified_census,ns,ns,North/South,Find the line that puts 50% of homes heated only by wood north of it,52.93°N,Gwynedd,56,North,osm-morrisons,2,6,census-commute-taxi census-heat-oil osm-aldi osm-golf osm-morrisons repd-solar-pipeline
census-home-caravan,Households in a caravan or mobile home,Homes,unified_census,ns,ns,North/South,Find the line that puts 50% of households living in a caravan or mobile home north of it,51.83°N,Tendring,67,South,osm-mands,0,13,census-commute-bike census-heat-electric census-home-commercial census-home-flat census-job-managers census-work-from-home hmrc-higher-rate hmrc-self-employed osm-mands osm-nandos osm-sainsburys osm-tesco repd-solar
census-home-commercial,Households in a commercial building,Homes,unified_census,ns,ns,North/South,"Find the line that puts 50% of households living above a shop, in an office building or hotel north of it",51.75°N,Buckinghamshire,74,South,census-home-flat,1,14,census-commute-motorbike census-heat-electric census-home-caravan census-home-flat census-job-managers census-work-from-home ge24-libdem hmrc-higher-rate hmrc-self-employed hmrc-tax-amount osm-mands osm-nandos osm-sainsburys repd-solar
census-home-converted,Households in converted or shared houses,Homes,unified_census,ns,ns,North/South,"Find the line that puts 50% of households in converted or shared houses, including bedsits north of it",51.55°N,Camden,98,South,hmrc-additional-rate,0,8,census-commute-metro census-commute-motorbike census-commute-train ge24-libdem hmrc-additional-rate hmrc-tax-amount osm-pret osm-waitrose
census-home-detached,Households in detached houses,Homes,unified_census,ns,ns,North/South,Find the line that puts 50% of households in a detached house north of it,52.55°N,Birmingham,14,North,ge24-labour,1,30,census-carers-50h census-cars-none census-commute-car census-health-verybad census-heat-gas census-heat-renewable census-home-semi census-home-terraced census-job-operatives census-job-trades census-population census-qual-apprentice census-qual-none census-tenure-outright census-tenure-social ge24-labour ge24-nonvoters ge24-reform hmrc-pension osm-breweries osm-chippies osm-greggs osm-iceland osm-lidl osm-mcdonalds osm-pubs osm-stations osm-wetherspoon pop-all repd-battery
census-home-flat,Households in purpose-built flats,Homes,unified_census,ns,ns,North/South,Find the line that puts 50% of households in a purpose-built block of flats north of it,51.76°N,Buckinghamshire,74,South,census-home-commercial,1,14,census-commute-motorbike census-heat-electric census-home-caravan census-home-commercial census-job-managers census-work-from-home ge24-libdem hmrc-higher-rate hmrc-self-employed hmrc-tax-amount osm-mands osm-nandos osm-sainsburys repd-solar
census-home-semi,Households in semi-detached houses,Homes,unified_census,ns,ns,North/South,Find the line that puts 50% of households in a semi-detached house north of it,52.62°N,Wolverhampton,22,North,osm-chippies,3,29,census-carers-50h census-cars-none census-commute-car census-health-verybad census-heat-gas census-heat-renewable census-home-detached census-home-terraced census-job-operatives census-job-trades census-qual-apprentice census-qual-none census-sick census-tenure-outright census-tenure-social ge24-labour ge24-nonvoters ge24-reform hmrc-pension osm-chippies osm-golf osm-greggs osm-iceland osm-lidl osm-mcdonalds osm-pubs osm-stations osm-wetherspoon repd-battery
census-home-terraced,Households in terraced houses,Homes,unified_census,ns,ns,North/South,Find the line that puts 50% of households in a terraced house north of it,52.48°N,Birmingham,6,North,osm-wetherspoon,0,33,census-carers-50h census-cars-3plus census-cars-none census-commute-car census-commute-foot census-heat-bottled census-heat-gas census-heat-renewable census-home-detached census-home-semi census-job-operatives census-job-trades census-population census-qual-none census-tenure-outright census-tenure-social ge24-labour ge24-nonvoters ge24-reform hmrc-employed hmrc-pension hmrc-taxpayers osm-breweries osm-iceland osm-lidl osm-mcdonalds osm-pubs osm-starbucks osm-stations osm-wetherspoon osm-windmills pop-all repd-battery
census-hours-49plus,People working 49+ hours a week,Work & qualifications,unified_census,ns,ns,North/South,Find the line that puts 50% of people working 49 or more hours a week north of it,52.05°N,Central Bedfordshire,42,South,osm-costa,1,9,census-commute-bike census-heat-electric census-job-managers census-tenure-private ge24-con ge24-green hmrc-self-employed osm-costa osm-tesco
census-job-managers,"Managers, directors and senior officials",Work & qualifications,unified_census,ns,ns,North/South,"Find the line that puts 50% of managers, directors and senior officials north of it",51.90°N,Central Bedfordshire,58,South,census-heat-electric,1,16,census-commute-bike census-heat-electric census-home-caravan census-home-commercial census-home-flat census-hours-49plus census-work-from-home ge24-con ge24-green hmrc-higher-rate hmrc-self-employed osm-costa osm-mands osm-nandos osm-tesco repd-solar
census-job-operatives,"Process, plant and machine operatives",Work & qualifications,unified_census,ns,ns,North/South,"Find the line that puts 50% of process, plant and machine operatives north of it",52.59°N,Leicester,19,North,census-carers-50h,0,28,census-carers-50h census-cars-none census-commute-car census-health-verybad census-heat-gas census-heat-renewable census-home-detached census-home-semi census-home-terraced census-job-trades census-qual-apprentice census-qual-none census-sick census-tenure-outright census-tenure-social ge24-labour ge24-nonvoters ge24-reform hmrc-pension osm-chippies osm-greggs osm-iceland osm-lidl osm-mcdonalds osm-pubs osm-stations osm-wetherspoon repd-battery
census-job-trades,Skilled trades,Work & qualifications,unified_census,ns,ns,North/South,Find the line that puts 50% of people working in skilled trades north of it,52.48°N,Birmingham,7,North,census-cars-none,0,33,census-carers-50h census-cars-3plus census-cars-none census-commute-car census-commute-foot census-heat-bottled census-heat-gas census-heat-renewable census-home-detached census-home-semi census-home-terraced census-job-operatives census-population census-qual-none census-tenure-outright census-tenure-social ge24-labour ge24-nonvoters ge24-reform hmrc-employed hmrc-pension hmrc-taxpayers osm-breweries osm-iceland osm-lidl osm-mcdonalds osm-pubs osm-starbucks osm-stations osm-wetherspoon osm-windmills pop-all repd-battery
census-population,Usual residents (census),Population,unified_census,ns,ns,North/South,Find the line that puts 50% of the UK's residents north of it,52.42°N,Birmingham,0,,pop-all,0,29,census-cars-3plus census-cars-none census-commute-car census-commute-foot census-heat-bottled census-heat-gas census-home-detached census-home-terraced census-job-trades census-qual-none census-tenure-outright census-tenure-social ge24-labour ge24-nonvoters ge24-reform hmrc-employed hmrc-pension hmrc-taxpayers osm-breweries osm-iceland osm-lidl osm-mcdonalds osm-pubs osm-starbucks osm-stations osm-wetherspoon osm-windmills pop-all repd-battery
census-qual-apprentice,Apprenticeships,Work & qualifications,unified_census,ns,ns,North/South,Find the line that puts 50% of people whose highest qualification is an apprenticeship north of it,52.67°N,Shropshire,28,North,census-health-verybad,2,18,census-carers-50h census-commute-car census-health-verybad census-heat-renewable census-home-detached census-home-semi census-job-operatives census-qual-none census-sick census-tenure-outright census-tenure-social ge24-labour ge24-nonvoters osm-chippies osm-golf osm-greggs repd-battery repd-solar-pipeline
census-qual-degree,Degree-level qualifications,Work & qualifications,unified_census,ns,ns,North/South,Find the line that puts 50% of people with a degree-level qualification or above north of it,52.21°N,West Northamptonshire,24,South,census-tenure-private,1,6,census-cars-3plus census-heat-bottled census-tenure-private hmrc-employed hmrc-taxpayers osm-windmills
census-qual-none,No qualifications,Work & qualifications,unified_census,ns,ns,North/South,Find the line that puts 50% of adults with no qualifications north of it,52.57°N,Leicester,17,North,census-commute-car,1,30,census-carers-50h census-cars-none census-commute-car census-health-verybad census-heat-gas census-heat-renewable census-home-detached census-home-semi census-home-terraced census-job-operatives census-job-trades census-population census-qual-apprentice census-sick census-tenure-outright census-tenure-social ge24-labour ge24-nonvoters ge24-reform hmrc-pension osm-chippies osm-greggs osm-iceland osm-lidl osm-mcdonalds osm-pubs osm-stations osm-wetherspoon pop-all repd-battery
census-sick,Long-term sick or disabled,Health & care,unified_census,ns,ns,North/South,Find the line that puts 50% of people out of work because they are long-term sick or disabled north of it,52.72°N,Leicester,33,North,census-health-verybad,3,13,census-carers-50h census-commute-car census-health-verybad census-heat-renewable census-home-semi census-job-operatives census-qual-apprentice census-qual-none osm-chippies osm-golf osm-greggs repd-battery repd-solar-pipeline
census-tenure-outright,Households that own outright,Owning & renting,unified_census,ns,ns,North/South,Find the line that puts 50% of households that own their home outright north of it,52.52°N,Birmingham,10,North,census-tenure-social,1,31,census-carers-50h census-cars-none census-commute-car census-commute-foot census-heat-gas census-heat-renewable census-home-detached census-home-semi census-home-terraced census-job-operatives census-job-trades census-population census-qual-apprentice census-qual-none census-tenure-social ge24-labour ge24-nonvoters ge24-reform hmrc-pension osm-breweries osm-chippies osm-greggs osm-iceland osm-lidl osm-mcdonalds osm-pubs osm-starbucks osm-stations osm-wetherspoon pop-all repd-battery
census-tenure-private,Households renting privately,Owning & renting,unified_census,ns,ns,North/South,Find the line that puts 50% of households renting privately north of it,52.20°N,West Northamptonshire,25,South,census-qual-degree,1,8,census-cars-3plus census-heat-bottled census-hours-49plus census-qual-degree hmrc-employed hmrc-taxpayers osm-costa osm-windmills
census-tenure-social,Households renting socially,Owning & renting,unified_census,ns,ns,North/South,Find the line that puts 50% of households in social housing north of it,52.52°N,Birmingham,11,North,census-tenure-outright,1,31,census-carers-50h census-cars-none census-commute-car census-commute-foot census-heat-gas census-heat-renewable census-home-detached census-home-semi census-home-terraced census-job-operatives census-job-trades census-population census-qual-apprentice census-qual-none census-tenure-outright ge24-labour ge24-nonvoters ge24-reform hmrc-pension osm-breweries osm-chippies osm-greggs osm-iceland osm-lidl osm-mcdonalds osm-pubs osm-starbucks osm-stations osm-wetherspoon pop-all repd-battery
census-work-from-home,People working mainly from home,Getting to work,unified_census,ns,ns,North/South,Find the line that puts 50% of people who work mainly from home north of it,51.87°N,St Albans,61,South,hmrc-higher-rate,1,15,census-commute-bike census-heat-electric census-home-caravan census-home-commercial census-home-flat census-job-managers ge24-con ge24-green hmrc-higher-rate hmrc-self-employed osm-mands osm-nandos osm-sainsburys osm-tesco repd-solar
ge24-con,"Conservative votes, 2024",Election night,ge2024,ns,ns,North/South,Find the line that puts 50% of votes cast for the Conservatives in 2024 north of it,52.00°N,North West Essex,47,South,ge24-green,2,10,census-commute-bike census-heat-electric census-hours-49plus census-job-managers census-work-from-home ge24-green hmrc-higher-rate hmrc-self-employed osm-costa osm-tesco
ge24-green,"Green votes, 2024",Election night,ge2024,ns,ns,North/South,Find the line that puts 50% of votes cast for the Greens in 2024 north of it,52.02°N,Forest of Dean,45,South,ge24-con,2,10,census-commute-bike census-heat-electric census-hours-49plus census-job-managers census-work-from-home ge24-con hmrc-higher-rate hmrc-self-employed osm-costa osm-tesco
ge24-labour,"Labour votes, 2024",Election night,ge2024,ns,ns,North/South,Find the line that puts 50% of votes cast for Labour in 2024 north of it,52.54°N,Wolverhampton West,13,North,ge24-nonvoters,1,32,census-carers-50h census-cars-none census-commute-car census-commute-foot census-health-verybad census-heat-gas census-heat-renewable census-home-detached census-home-semi census-home-terraced census-job-operatives census-job-trades census-population census-qual-apprentice census-qual-none census-tenure-outright census-tenure-social ge24-nonvoters ge24-reform hmrc-pension osm-breweries osm-chippies osm-greggs osm-iceland osm-lidl osm-mcdonalds osm-pubs osm-starbucks osm-stations osm-wetherspoon pop-all repd-battery
ge24-libdem,"Liberal Democrat votes, 2024",Election night,ge2024,ns,ns,North/South,Find the line that puts 50% of votes cast for the Liberal Democrats in 2024 north of it,51.60°N,Henley and Thame,91,South,census-commute-motorbike,1,12,census-commute-metro census-commute-motorbike census-commute-train census-home-commercial census-home-converted census-home-flat hmrc-additional-rate hmrc-tax-amount osm-nandos osm-pret osm-sainsburys osm-waitrose
ge24-nonvoters,"Registered voters who did not vote, 2024",Election night,ge2024,ns,ns,North/South,Find the line that puts 50% of registered voters who stayed at home in 2024 north of it,52.53°N,Wolverhampton South East,12,North,ge24-labour,1,32,census-carers-50h census-cars-none census-commute-car census-commute-foot census-health-verybad census-heat-gas census-heat-renewable census-home-detached census-home-semi census-home-terraced census-job-operatives census-job-trades census-population census-qual-apprentice census-qual-none census-tenure-outright census-tenure-social ge24-labour ge24-reform hmrc-pension osm-breweries osm-chippies osm-greggs osm-iceland osm-lidl osm-mcdonalds osm-pubs osm-starbucks osm-stations osm-wetherspoon pop-all repd-battery
ge24-reform,"Reform UK votes, 2024",Election night,ge2024,ns,ns,North/South,Find the line that puts 50% of votes cast for Reform UK in 2024 north of it,52.46°N,South Leicestershire,5,North,osm-wetherspoon,1,33,census-carers-50h census-cars-3plus census-cars-none census-commute-car census-commute-foot census-heat-bottled census-heat-gas census-heat-renewable census-home-detached census-home-semi census-home-terraced census-job-operatives census-job-trades census-population census-qual-none census-tenure-outright census-tenure-social ge24-labour ge24-nonvoters hmrc-employed hmrc-pension hmrc-taxpayers osm-breweries osm-iceland osm-lidl osm-mcdonalds osm-pubs osm-starbucks osm-stations osm-wetherspoon osm-windmills pop-all repd-battery
hmrc-additional-rate,Additional-rate (top-rate) taxpayers,Income & tax,hmrc,ns,ns,North/South,Find the line that puts 50% of top-rate taxpayers north of it,51.55°N,Westminster,97,South,census-home-converted,0,8,census-commute-metro census-commute-motorbike census-commute-train census-home-converted ge24-libdem hmrc-tax-amount osm-pret osm-waitrose
hmrc-employed,Taxpayers with a job,Income & tax,hmrc,ns,ns,North/South,Find the line that puts 50% of taxpayers with income from a job north of it,52.35°N,Birmingham,8,South,hmrc-taxpayers,0,23,census-cars-3plus census-cars-none census-commute-foot census-heat-bottled census-heat-gas census-home-terraced census-job-trades census-population census-qual-degree census-tenure-private ge24-reform hmrc-pension hmrc-taxpayers osm-breweries osm-iceland osm-lidl osm-mcdonalds osm-pubs osm-starbucks osm-stations osm-wetherspoon osm-windmills pop-all
hmrc-higher-rate,Higher-rate taxpayers,Income & tax,hmrc,ns,ns,North/South,Find the line that puts 50% of higher-rate taxpayers north of it,51.86°N,Buckinghamshire,63,South,census-work-from-home,1,15,census-commute-bike census-heat-electric census-home-caravan census-home-commercial census-home-flat census-job-managers census-work-from-home ge24-con ge24-green hmrc-self-employed osm-mands osm-nandos osm-sainsburys osm-tesco repd-solar
hmrc-pension,Taxpayers with pension income,Income & tax,hmrc,ns,ns,North/South,Find the line that puts 50% of taxpayers drawing a pension north of it,52.49°N,Birmingham,7,North,osm-lidl,0,33,census-carers-50h census-cars-none census-commute-car census-commute-foot census-heat-bottled census-heat-gas census-heat-renewable census-home-detached census-home-semi census-home-terraced census-job-operatives census-job-trades census-population census-qual-none census-tenure-outright census-tenure-social ge24-labour ge24-nonvoters ge24-reform hmrc-employed hmrc-taxpayers osm-breweries osm-chippies osm-iceland osm-lidl osm-mcdonalds osm-pubs osm-starbucks osm-stations osm-wetherspoon osm-windmills pop-all repd-battery
hmrc-self-employed,Self-employed taxpayers,Income & tax,hmrc,ns,ns,North/South,Find the line that puts 50% of self-employed taxpayers north of it,51.89°N,Central Bedfordshire,59,South,census-heat-electric,1,17,census-commute-bike census-heat-electric census-home-caravan census-home-commercial census-home-flat census-hours-49plus census-job-managers census-work-from-home ge24-con ge24-green hmrc-higher-rate osm-costa osm-mands osm-nandos osm-sainsburys osm-tesco repd-solar
hmrc-tax-amount,Income tax paid,Income & tax,hmrc,ns,ns,North/South,Find the line that puts 50% of all income tax paid north of it,51.65°N,Barnet,86,South,census-commute-motorbike,5,13,census-commute-metro census-commute-motorbike census-commute-train census-home-commercial census-home-converted census-home-flat ge24-libdem hmrc-additional-rate osm-nandos osm-pret osm-sainsburys osm-waitrose repd-solar
hmrc-taxpayers,Income taxpayers,Income & tax,hmrc,ns,ns,North/South,Find the line that puts 50% of income taxpayers north of it,52.35°N,Birmingham,8,South,hmrc-employed,0,23,census-cars-3plus census-cars-none census-commute-foot census-heat-bottled census-heat-gas census-home-terraced census-job-trades census-population census-qual-degree census-tenure-private ge24-reform hmrc-employed hmrc-pension osm-breweries osm-iceland osm-lidl osm-mcdonalds osm-pubs osm-starbucks osm-stations osm-wetherspoon osm-windmills pop-all
osm-aldi,Aldi shops,Supermarket sweep,osm,ns,ns,North/South,Find the line that puts 50% of Aldi shops north of it,52.98°N,Nottingham,62,North,census-commute-taxi,3,4,census-commute-taxi census-heat-oil census-heat-wood osm-morrisons
osm-breweries,Breweries,Out and about,osm,ns,ns,North/South,Find the line that puts 50% of breweries north of it,52.41°N,East Suffolk,2,South,pop-all,1,27,census-cars-3plus census-cars-none census-commute-foot census-heat-bottled census-heat-gas census-home-detached census-home-terraced census-job-trades census-population census-tenure-outright census-tenure-social ge24-labour ge24-nonvoters ge24-reform hmrc-employed hmrc-pension hmrc-taxpayers osm-iceland osm-lidl osm-mcdonalds osm-pubs osm-starbucks osm-stations osm-wetherspoon osm-windmills pop-all repd-battery
osm-castles,Castles,Heritage & coast,osm,ns,ns,North/South,Find the line that puts 50% of castles north of it,54.36°N,North Yorkshire,215,North,osm-standing-stones,15,1,osm-standing-stones
osm-chippies,Fish and chip shops,Out and about,osm,ns,ns,North/South,Find the line that puts 50% of fish and chip shops north of it,52.65°N,Shropshire,25,North,osm-greggs,1,24,census-carers-50h census-commute-car census-health-verybad census-heat-renewable census-home-detached census-home-semi census-job-operatives census-qual-apprentice census-qual-none census-sick census-tenure-outright census-tenure-social ge24-labour ge24-nonvoters hmrc-pension osm-golf osm-greggs osm-iceland osm-lidl osm-mcdonalds osm-pubs osm-stations repd-battery repd-solar-pipeline
osm-costa,Costa Coffee shops,High street,osm,ns,ns,North/South,Find the line that puts 50% of Costa Coffee shops north of it,52.04°N,Milton Keynes,43,South,census-hours-49plus,1,9,census-commute-bike census-heat-electric census-hours-49plus census-job-managers census-tenure-private ge24-con ge24-green hmrc-self-employed osm-tesco
osm-distilleries,Distilleries,Out and about,osm,ns,ns,North/South,Find the line that puts 50% of distilleries north of it,55.97°N,City of Edinburgh,395,North,repd-wind-onshore,53,0,
osm-golf,Golf courses,Out and about,osm,ns,ns,North/South,Find the line that puts 50% of golf courses north of it,52.78°N,Shropshire,40,North,repd-solar-pipeline,2,9,census-health-verybad census-heat-wood census-home-semi census-qual-apprentice census-sick osm-chippies osm-greggs osm-morrisons repd-solar-pipeline
osm-greggs,Greggs shops,High street,osm,ns,ns,North/South,Find the line that puts 50% of Greggs shops north of it,52.65°N,Shropshire,26,North,osm-chippies,1,22,census-carers-50h census-commute-car census-health-verybad census-heat-renewable census-home-detached census-home-semi census-job-operatives census-qual-apprentice census-qual-none census-sick census-tenure-outright census-tenure-social ge24-labour ge24-nonvoters osm-chippies osm-golf osm-iceland osm-mcdonalds osm-pubs osm-stations repd-battery repd-solar-pipeline
osm-iceland,Iceland shops,Supermarket sweep,osm,ns,ns,North/South,Find the line that puts 50% of Iceland shops north of it,52.49°N,Birmingham,8,North,osm-stations,0,34,census-carers-50h census-cars-none census-commute-car census-commute-foot census-heat-bottled census-heat-gas census-heat-renewable census-home-detached census-home-semi census-home-terraced census-job-operatives census-job-trades census-population census-qual-none census-tenure-outright census-tenure-social ge24-labour ge24-nonvoters ge24-reform hmrc-employed hmrc-pension hmrc-taxpayers osm-breweries osm-chippies osm-greggs osm-lidl osm-mcdonalds osm-pubs osm-starbucks osm-stations osm-wetherspoon osm-windmills pop-all repd-battery
osm-lidl,Lidl shops,Supermarket sweep,osm,ns,ns,North/South,Find the line that puts 50% of Lidl shops north of it,52.49°N,Birmingham,7,North,hmrc-pension,0,33,census-carers-50h census-cars-none census-commute-car census-commute-foot census-heat-bottled census-heat-gas census-heat-renewable census-home-detached census-home-semi census-home-terraced census-job-operatives census-job-trades census-population census-qual-none census-tenure-outright census-tenure-social ge24-labour ge24-nonvoters ge24-reform hmrc-employed hmrc-pension hmrc-taxpayers osm-breweries osm-chippies osm-iceland osm-mcdonalds osm-pubs osm-starbucks osm-stations osm-wetherspoon osm-windmills pop-all repd-battery
osm-lighthouses,Lighthouses,Heritage & coast,osm,ns,ns,North/South,Find the line that puts 50% of lighthouses north of it,55.12°N,South Ayrshire,299,North,repd-wind-onshore,43,0,
osm-mands,M&S shops,Supermarket sweep,osm,ns,ns,North/South,Find the line that puts 50% of Marks & Spencer shops north of it,51.83°N,Oxford,66,South,census-home-caravan,0,13,census-commute-bike census-heat-electric census-home-caravan census-home-commercial census-home-flat census-job-managers census-work-from-home hmrc-higher-rate hmrc-self-employed osm-nandos osm-sainsburys osm-tesco repd-solar
osm-mcdonalds,McDonald's restaurants,High street,osm,ns,ns,North/South,Find the line that puts 50% of McDonald's restaurants north of it,52.50°N,Birmingham,8,North,osm-pubs,0,34,census-carers-50h census-cars-none census-commute-car census-commute-foot census-heat-bottled census-heat-gas census-heat-renewable census-home-detached census-home-semi census-home-terraced census-job-operatives census-job-trades census-population census-qual-none census-tenure-outright census-tenure-social ge24-labour ge24-nonvoters ge24-reform hmrc-employed hmrc-pension hmrc-taxpayers osm-breweries osm-chippies osm-greggs osm-iceland osm-lidl osm-pubs osm-starbucks osm-stations osm-wetherspoon osm-windmills pop-all repd-battery
osm-morrisons,Morrisons supermarkets,Supermarket sweep,osm,ns,ns,North/South,Find the line that puts 50% of Morrisons supermarkets north of it,52.91°N,Shropshire,55,North,census-heat-wood,2,6,census-commute-taxi census-heat-oil census-heat-wood osm-aldi osm-golf repd-solar-pipeline
osm-nandos,Nando's restaurants,High street,osm,ns,ns,North/South,Find the line that puts 50% of Nando's restaurants north of it,51.75°N,Buckinghamshire,75,South,census-home-commercial,1,14,census-commute-motorbike census-heat-electric census-home-caravan census-home-commercial census-home-flat census-job-managers census-work-from-home ge24-libdem hmrc-higher-rate hmrc-self-employed hmrc-tax-amount osm-mands osm-sainsburys repd-solar
osm-pret,Pret A Manger shops,High street,osm,ns,ns,North/South,Find the line that puts 50% of Pret A Manger shops north of it,51.52°N,City of London,101,South,osm-waitrose,2,8,census-commute-metro census-commute-motorbike census-commute-train census-home-converted ge24-libdem hmrc-additional-rate hmrc-tax-amount osm-waitrose
osm-pubs,Pubs,Out and about,osm,ns,ns,North/South,Find the line that puts 50% of pubs north of it,52.49°N,Birmingham,8,North,osm-mcdonalds,0,34,census-carers-50h census-cars-none census-commute-car census-commute-foot census-heat-bottled census-heat-gas census-heat-renewable census-home-detached census-home-semi census-home-terraced census-job-operatives census-job-trades census-population census-qual-none census-tenure-outright census-tenure-social ge24-labour ge24-nonvoters ge24-reform hmrc-employed hmrc-pension hmrc-taxpayers osm-breweries osm-chippies osm-greggs osm-iceland osm-lidl osm-mcdonalds osm-starbucks osm-stations osm-wetherspoon osm-windmills pop-all repd-battery
osm-sainsburys,Sainsbury's shops (all formats),Supermarket sweep,osm,ns,ns,North/South,Find the line that puts 50% of Sainsbury's shops of every size north of it,51.73°N,Buckinghamshire,77,South,osm-nandos,2,12,census-commute-motorbike census-home-caravan census-home-commercial census-home-flat census-work-from-home ge24-libdem hmrc-higher-rate hmrc-self-employed hmrc-tax-amount osm-mands osm-nandos repd-solar
osm-standing-stones,Standing stones and other megaliths,Heritage & coast,osm,ns,ns,North/South,Find the line that puts 50% of standing stones and other megaliths north of it,54.22°N,Cumberland,200,North,osm-castles,15,1,osm-castles
osm-starbucks,Starbucks shops,High street,osm,ns,ns,North/South,Find the line that puts 50% of Starbucks shops north of it,52.38°N,Birmingham,5,South,census-commute-foot,0,25,census-cars-3plus census-cars-none census-commute-foot census-heat-bottled census-heat-gas census-home-terraced census-job-trades census-population census-tenure-outright census-tenure-social ge24-labour ge24-nonvoters ge24-reform hmrc-employed hmrc-pension hmrc-taxpayers osm-breweries osm-iceland osm-lidl osm-mcdonalds osm-pubs osm-stations osm-wetherspoon osm-windmills pop-all
osm-stations,Railway stations,Out and about,osm,ns,ns,North/South,Find the line that puts 50% of railway stations north of it,52.49°N,Birmingham,8,North,osm-iceland,0,34,census-carers-50h census-cars-none census-commute-car census-commute-foot census-heat-bottled census-heat-gas census-heat-renewable census-home-detached census-home-semi census-home-terraced census-job-operatives census-job-trades census-population census-qual-none census-tenure-outright census-tenure-social ge24-labour ge24-nonvoters ge24-reform hmrc-employed hmrc-pension hmrc-taxpayers osm-breweries osm-chippies osm-greggs osm-iceland osm-lidl osm-mcdonalds osm-pubs osm-starbucks osm-wetherspoon osm-windmills pop-all repd-battery
osm-tesco,Tesco shops (all formats),Supermarket sweep,osm,ns,ns,North/South,Find the line that puts 50% of Tesco shops of every size north of it,51.92°N,Milton Keynes,56,South,census-job-managers,2,13,census-commute-bike census-heat-electric census-home-caravan census-hours-49plus census-job-managers census-work-from-home ge24-con ge24-green hmrc-higher-rate hmrc-self-employed osm-costa osm-mands repd-solar
osm-waitrose,Waitrose shops,Supermarket sweep,osm,ns,ns,North/South,Find the line that puts 50% of Waitrose shops north of it,51.54°N,Westminster,99,South,census-commute-metro,1,8,census-commute-metro census-commute-motorbike census-commute-train census-home-converted ge24-libdem hmrc-additional-rate hmrc-tax-amount osm-pret
osm-wetherspoon,Wetherspoon pubs,High street,osm,ns,ns,North/South,Find the line that puts 50% of Wetherspoon pubs north of it,52.48°N,Birmingham,6,North,census-home-terraced,0,33,census-carers-50h census-cars-3plus census-cars-none census-commute-car census-commute-foot census-heat-bottled census-heat-gas census-heat-renewable census-home-detached census-home-semi census-home-terraced census-job-operatives census-job-trades census-population census-qual-none census-tenure-outright census-tenure-social ge24-labour ge24-nonvoters ge24-reform hmrc-employed hmrc-pension hmrc-taxpayers osm-breweries osm-iceland osm-lidl osm-mcdonalds osm-pubs osm-starbucks osm-stations osm-windmills pop-all repd-battery
osm-windmills,Windmills (historic),Heritage & coast,osm,ns,ns,North/South,Find the line that puts 50% of old windmills north of it,52.34°N,South Cambridgeshire,9,South,census-heat-bottled,0,23,census-cars-3plus census-cars-none census-commute-foot census-heat-bottled census-heat-gas census-home-terraced census-job-trades census-population census-qual-degree census-tenure-private ge24-reform hmrc-employed hmrc-pension hmrc-taxpayers osm-breweries osm-iceland osm-lidl osm-mcdonalds osm-pubs osm-starbucks osm-stations osm-wetherspoon pop-all
pop-all,Population,Population,population,ns,ns,North/South,Find the line that puts 50% of the UK's population north of it,52.42°N,Birmingham,0,South,census-population,0,28,census-cars-3plus census-cars-none census-commute-foot census-heat-bottled census-heat-gas census-home-detached census-home-terraced census-job-trades census-population census-qual-none census-tenure-outright census-tenure-social ge24-labour ge24-nonvoters ge24-reform hmrc-employed hmrc-pension hmrc-taxpayers osm-breweries osm-iceland osm-lidl osm-mcdonalds osm-pubs osm-starbucks osm-stations osm-wetherspoon osm-windmills repd-battery
repd-battery,Battery storage capacity (MW),Power,repd,ns,ns,North/South,Find the line that puts 50% of grid battery storage capacity north of it,52.56°N,Sandwell,15,North,census-home-detached,1,31,census-carers-50h census-cars-none census-commute-car census-health-verybad census-heat-gas census-heat-renewable census-home-detached census-home-semi census-home-terraced census-job-operatives census-job-trades census-population census-qual-apprentice census-qual-none census-sick census-tenure-outright census-tenure-social ge24-labour ge24-nonvoters ge24-reform hmrc-pension osm-breweries osm-chippies osm-greggs osm-iceland osm-lidl osm-mcdonalds osm-pubs osm-stations osm-wetherspoon pop-all
repd-battery-pipeline,Battery storage consented or being built (MW),Power,repd,ns,ns,North/South,Find the line that puts 50% of battery storage capacity that is consented or under construction north of it,53.57°N,Doncaster,127,North,repd-wind-offshore,2,1,repd-wind-offshore
repd-hydro,Hydro-electric schemes,Power,repd,ns,ns,North/South,Find the line that puts 50% of hydro-electric schemes north of it,56.76°N,Highland,482,North,osm-distilleries,87,0,
repd-solar,Solar farm capacity (MW),Power,repd,ns,ns,North/South,Find the line that puts 50% of solar farm capacity north of it,51.81°N,Pembrokeshire,68,South,census-home-caravan,2,14,census-commute-bike census-heat-electric census-home-caravan census-home-commercial census-home-flat census-job-managers census-work-from-home hmrc-higher-rate hmrc-self-employed hmrc-tax-amount osm-mands osm-nandos osm-sainsburys osm-tesco
repd-solar-pipeline,Solar capacity consented or being built (MW),Power,repd,ns,ns,North/South,Find the line that puts 50% of solar capacity that is consented or under construction north of it,52.80°N,Charnwood,42,North,osm-golf,2,8,census-health-verybad census-heat-wood census-qual-apprentice census-sick osm-chippies osm-golf osm-greggs osm-morrisons
repd-wind-offshore,Offshore wind capacity (MW),Power,repd,ns,ns,North/South,Find the line that puts 50% of offshore wind power capacity north of it,53.58°N,North Norfolk,129,North,repd-battery-pipeline,2,1,repd-battery-pipeline
repd-wind-onshore,Onshore wind capacity (MW),Power,repd,ns,ns,North/South,Find the line that puts 50% of onshore wind power capacity north of it,55.50°N,South Lanarkshire,342,North,osm-lighthouses,43,0,
census-carers-50h,Carers giving 50+ hours a week,Health & care,unified_census,we,we,West/East,Find the line that puts 50% of people giving 50 or more hours of unpaid care a week west of it,1.66°W,County Durham,11,West,census-qual-apprentice,0,42,census-cars-3plus census-cars-none census-commute-car census-commute-foot census-commute-taxi census-health-verybad census-heat-bottled census-heat-gas census-home-detached census-home-semi census-home-terraced census-job-operatives census-job-trades census-population census-qual-apprentice census-qual-degree census-qual-none census-sick census-tenure-outright census-tenure-private census-tenure-social ge24-labour ge24-nonvoters ge24-reform hmrc-employed hmrc-pension hmrc-taxpayers osm-aldi osm-breweries osm-chippies osm-greggs osm-iceland osm-lidl osm-mcdonalds osm-morrisons osm-pubs osm-starbucks osm-stations osm-wetherspoon pop-all repd-battery repd-solar
census-cars-3plus,Households with 3+ cars,Owning & renting,unified_census,we,we,West/East,Find the line that puts 50% of households with three or more cars or vans west of it,1.55°W,Leeds,4,West,census-tenure-social,0,48,census-carers-50h census-cars-none census-commute-car census-commute-foot census-commute-taxi census-health-verybad census-heat-electric census-heat-gas census-home-caravan census-home-detached census-home-semi census-home-terraced census-hours-49plus census-job-operatives census-job-trades census-population census-qual-apprentice census-qual-degree census-qual-none census-sick census-tenure-outright census-tenure-private census-tenure-social ge24-green ge24-labour ge24-libdem ge24-nonvoters ge24-reform hmrc-employed hmrc-pension hmrc-self-employed hmrc-taxpayers osm-aldi osm-breweries osm-chippies osm-costa osm-greggs osm-iceland osm-lidl osm-mcdonalds osm-morrisons osm-pubs osm-starbucks osm-tesco osm-wetherspoon pop-all repd-battery repd-solar
census-cars-none,Households with no car,Owning & renting,unified_census,we,we,West/East,Find the line that puts 50% of households with no car or van west of it,1.46°W,Leeds,2,East,ge24-reform,1,48,census-carers-50h census-cars-3plus census-commute-car census-commute-foot census-heat-electric census-heat-gas census-home-caravan census-home-commercial census-home-detached census-home-flat census-home-semi census-home-terraced census-hours-49plus census-job-managers census-job-operatives census-job-trades census-population census-qual-apprentice census-qual-degree census-qual-none census-tenure-outright census-tenure-private census-tenure-social census-work-from-home ge24-con ge24-green ge24-labour ge24-libdem ge24-nonvoters ge24-reform hmrc-employed hmrc-higher-rate hmrc-pension hmrc-self-employed hmrc-taxpayers osm-breweries osm-chippies osm-costa osm-greggs osm-iceland osm-mcdonalds osm-pubs osm-starbucks osm-tesco osm-wetherspoon pop-all repd-battery repd-solar
census-commute-bike,Commuters by bicycle,Getting to work,unified_census,we,we,West/East,Find the line that puts 50% of people who cycle to work west of it,1.11°W,York,26,East,census-commute-motorbike,0,19,census-commute-motorbike census-heat-electric census-home-caravan census-home-commercial census-home-flat census-hours-49plus census-job-managers census-work-from-home ge24-con ge24-green ge24-libdem hmrc-higher-rate hmrc-self-employed osm-costa osm-mands osm-nandos osm-sainsburys osm-tesco repd-solar-pipeline
census-commute-car,Commuters by car or van,Getting to work,unified_census,we,we,West/East,Find the line that puts 50% of people who drive to work west of it,1.63°W,Leeds,9,West,osm-chippies,0,44,census-carers-50h census-cars-3plus census-cars-none census-commute-foot census-commute-taxi census-health-verybad census-heat-electric census-heat-gas census-home-detached census-home-semi census-home-terraced census-job-operatives census-job-trades census-population census-qual-apprentice census-qual-degree census-qual-none census-sick census-tenure-outright census-tenure-private census-tenure-social ge24-green ge24-labour ge24-nonvoters ge24-reform hmrc-employed hmrc-pension hmrc-taxpayers osm-aldi osm-breweries osm-chippies osm-costa osm-greggs osm-iceland osm-lidl osm-mcdonalds osm-morrisons osm-pubs osm-starbucks osm-stations osm-wetherspoon pop-all repd-battery repd-solar
census-commute-foot,Commuters on foot,Getting to work,unified_census,we,we,West/East,Find the line that puts 50% of people who walk to work west of it,1.48°W,Leeds,1,East,census-qual-degree,0,49,census-carers-50h census-cars-3plus census-cars-none census-commute-car census-commute-taxi census-heat-electric census-heat-gas census-home-caravan census-home-commercial census-home-detached census-home-flat census-home-semi census-home-terraced census-hours-49plus census-job-managers census-job-operatives census-job-trades census-population census-qual-apprentice census-qual-degree census-qual-none census-tenure-outright census-tenure-private census-tenure-social census-work-from-home ge24-con ge24-green ge24-labour ge24-libdem ge24-nonvoters ge24-reform hmrc-employed hmrc-higher-rate hmrc-pension hmrc-self-employed hmrc-taxpayers osm-breweries osm-chippies osm-costa osm-greggs osm-iceland osm-mcdonalds osm-pubs osm-starbucks osm-tesco osm-wetherspoon pop-all repd-battery repd-solar
census-commute-metro,"Commuters by underground, metro or tram",Getting to work,unified_census,we,we,West/East,"Find the line that puts 50% of people who commute by underground, metro or tram west of it",0.12°W,Haringey,95,East,osm-pret,2,3,census-commute-train census-home-converted osm-pret
census-commute-motorbike,Commuters by motorbike or moped,Getting to work,unified_census,we,we,West/East,Find the line that puts 50% of people who ride a motorbike or moped to work west of it,1.11°W,North Yorkshire,26,East,census-commute-bike,0,18,census-commute-bike census-heat-electric census-home-caravan census-home-commercial census-home-flat census-hours-49plus census-job-managers census-work-from-home ge24-con ge24-green ge24-libdem hmrc-higher-rate hmrc-self-employed osm-mands osm-nandos osm-sainsburys osm-tesco repd-solar-pipeline
census-commute-taxi,Commuters by taxi,Getting to work,unified_census,we,we,West/East,Find the line that puts 50% of people who get to work by taxi west of it,1.74°W,Birmingham,17,West,osm-aldi,2,40,census-carers-50h census-cars-3plus census-commute-car census-commute-foot census-health-verybad census-heat-bottled census-heat-gas census-heat-renewable census-home-detached census-home-semi census-home-terraced census-job-operatives census-job-trades census-population census-qual-apprentice census-qual-degree census-qual-none census-sick census-tenure-outright census-tenure-social ge24-labour ge24-nonvoters hmrc-employed hmrc-pension hmrc-taxpayers osm-aldi osm-breweries osm-chippies osm-golf osm-greggs osm-iceland osm-lidl osm-mcdonalds osm-morrisons osm-pubs osm-stations osm-wetherspoon pop-all repd-battery repd-solar
census-commute-train,Commuters by train,Getting to work,unified_census,we,we,West/East,Find the line that puts 50% of people who commute by train west of it,0.26°W,Brent,84,East,census-home-converted,5,5,census-commute-metro census-home-converted hmrc-additional-rate osm-pret osm-windmills
census-health-verybad,Very bad health,Health & care,unified_census,we,we,West/East,Find the line that puts 50% of people in very bad health west of it,1.79°W,Birmingham,20,West,census-sick,0,31,census-carers-50h census-cars-3plus census-commute-car census-commute-taxi census-heat-bottled census-heat-renewable census-home-detached census-home-semi census-home-terraced census-job-operatives census-job-trades census-qual-apprentice census-qual-none census-sick census-tenure-outright census-tenure-social ge24-labour ge24-nonvoters hmrc-pension osm-aldi osm-breweries osm-chippies osm-golf osm-greggs osm-iceland osm-lidl osm-morrisons osm-pubs osm-stations osm-wetherspoon repd-battery
census-heat-bottled,Homes heated only by tank or bottled gas,Heating,unified_census,we,we,West/East,Find the line that puts 50% of homes heated only by tank or bottled gas west of it,1.90°W,Wiltshire,27,West,osm-stations,2,15,census-carers-50h census-commute-taxi census-health-verybad census-heat-renewable census-heat-solid census-home-detached census-qual-apprentice census-sick osm-aldi osm-golf osm-greggs osm-lidl osm-morrisons osm-stations repd-battery-pipeline
census-heat-electric,Homes heated only by electricity,Heating,unified_census,we,we,West/East,Find the line that puts 50% of homes heated only by electricity west of it,1.36°W,Southampton,9,East,ge24-green,0,48,census-cars-3plus census-cars-none census-commute-bike census-commute-car census-commute-foot census-commute-motorbike census-heat-gas census-home-caravan census-home-commercial census-home-flat census-home-semi census-home-terraced census-hours-49plus census-job-managers census-job-operatives census-job-trades census-population census-qual-degree census-qual-none census-tenure-private census-tenure-social census-work-from-home ge24-con ge24-green ge24-labour ge24-libdem ge24-nonvoters ge24-reform hmrc-employed hmrc-higher-rate hmrc-pension hmrc-self-employed hmrc-taxpayers osm-breweries osm-chippies osm-costa osm-iceland osm-mands osm-mcdonalds osm-nandos osm-pubs osm-sainsburys osm-starbucks osm-tesco osm-wetherspoon pop-all repd-battery repd-solar
census-heat-gas,Homes heated only by mains gas,Heating,unified_census,we,we,West/East,Find the line that puts 50% of homes heated only by mains gas west of it,1.51°W,Leeds,1,West,hmrc-taxpayers,0,47,census-carers-50h census-cars-3plus census-cars-none census-commute-car census-commute-foot census-commute-taxi census-heat-electric census-home-caravan census-home-detached census-home-semi census-home-terraced census-hours-49plus census-job-managers census-job-operatives census-job-trades census-population census-qual-apprentice census-qual-degree census-qual-none census-tenure-outright census-tenure-private census-tenure-social census-work-from-home ge24-con ge24-green ge24-labour ge24-libdem ge24-nonvoters ge24-reform hmrc-employed hmrc-pension hmrc-self-employed hmrc-taxpayers osm-aldi osm-breweries osm-chippies osm-costa osm-greggs osm-iceland osm-mcdonalds osm-pubs osm-starbucks osm-tesco osm-wetherspoon pop-all repd-battery repd-solar
census-heat-oil,Homes heated only by oil,Heating,unified_census,we,we,West/East,Find the line that puts 50% of homes heated only by oil west of it,2.79°W,Somerset,86,West,census-heat-wood,8,2,census-heat-wood osm-castles
census-heat-renewable,Homes heated only by renewables,Heating,unified_census,we,we,West/East,Find the line that puts 50% of homes heated only by renewable energy west of it,1.96°W,Wiltshire,31,West,osm-golf,3,11,census-commute-taxi census-health-verybad census-heat-bottled census-heat-solid census-sick osm-aldi osm-golf osm-lidl osm-morrisons osm-stations repd-battery-pipeline
census-heat-solid,Homes heated only by solid fuel,Heating,unified_census,we,we,West/East,"Find the line that puts 50% of homes heated only by solid fuel (coal, peat) west of it",2.11°W,Staffordshire Moorlands,41,West,repd-battery-pipeline,1,5,census-heat-bottled census-heat-renewable osm-golf osm-stations repd-battery-pipeline
census-heat-wood,Homes heated only by wood,Heating,unified_census,we,we,West/East,Find the line that puts 50% of homes heated only by wood west of it,2.67°W,Shropshire,78,West,census-heat-oil,7,2,census-heat-oil osm-castles
census-home-caravan,Households in a caravan or mobile home,Homes,unified_census,we,we,West/East,Find the line that puts 50% of households living in a caravan or mobile home west of it,1.35°W,Vale of White Horse,10,East,ge24-libdem,0,46,census-cars-3plus census-cars-none census-commute-bike census-commute-foot census-commute-motorbike census-heat-electric census-heat-gas census-home-commercial census-home-flat census-home-semi census-home-terraced census-hours-49plus census-job-managers census-job-operatives census-job-trades census-population census-qual-degree census-qual-none census-tenure-private census-tenure-social census-work-from-home ge24-con ge24-green ge24-labour ge24-libdem ge24-nonvoters ge24-reform hmrc-employed hmrc-higher-rate hmrc-pension hmrc-self-employed hmrc-taxpayers osm-breweries osm-costa osm-iceland osm-mands osm-mcdonalds osm-nandos osm-pubs osm-sainsburys osm-starbucks osm-tesco osm-wetherspoon pop-all repd-battery repd-solar
census-home-commercial,Households in a commercial building,Homes,unified_census,we,we,West/East,"Find the line that puts 50% of households living above a shop, in an office building or hotel west of it",1.22°W,North Yorkshire,18,East,census-home-flat,0,25,census-cars-none census-commute-bike census-commute-foot census-commute-motorbike census-heat-electric census-home-caravan census-home-flat census-hours-49plus census-job-managers census-qual-degree census-tenure-private census-work-from-home ge24-con ge24-green ge24-libdem ge24-reform hmrc-higher-rate hmrc-self-employed osm-costa osm-mands osm-nandos osm-sainsburys osm-starbucks osm-tesco repd-solar-pipeline
census-home-converted,Households in converted or shared houses,Homes,unified_census,we,we,West/East,"Find the line that puts 50% of households in converted or shared houses, including bedsits west of it",0.33°W,Brent,79,East,hmrc-additional-rate,4,5,census-commute-metro census-commute-train hmrc-additional-rate osm-pret osm-windmills
census-home-detached,Households in detached houses,Homes,unified_census,we,we,West/East,Find the line that puts 50% of households in a detached house west of it,1.64°W,Leeds,10,West,osm-greggs,0,43,census-carers-50h census-cars-3plus census-cars-none census-commute-car census-commute-foot census-commute-taxi census-health-verybad census-heat-bottled census-heat-gas census-home-semi census-home-terraced census-job-operatives census-job-trades census-population census-qual-apprentice census-qual-degree census-qual-none census-sick census-tenure-outright census-tenure-private census-tenure-social ge24-labour ge24-nonvoters ge24-reform hmrc-employed hmrc-pension hmrc-taxpayers osm-aldi osm-breweries osm-chippies osm-costa osm-greggs osm-iceland osm-lidl osm-mcdonalds osm-morrisons osm-pubs osm-starbucks osm-stations osm-wetherspoon pop-all repd-battery repd-solar
census-home-flat,Households in purpose-built flats,Homes,unified_census,we,we,West/East,Find the line that puts 50% of households in a purpose-built block of flats west of it,1.22°W,Nottingham,18,East,census-home-commercial,0,25,census-cars-none census-commute-bike census-commute-foot census-commute-motorbike census-heat-electric census-home-caravan census-home-commercial census-hours-49plus census-job-managers census-qual-degree census-tenure-private census-work-from-home ge24-con ge24-green ge24-libdem ge24-reform hmrc-higher-rate hmrc-self-employed osm-costa osm-mands osm-nandos osm-sainsburys osm-starbucks osm-tesco repd-solar-pipeline
census-home-semi,Households in semi-detached houses,Homes,unified_census,we,we,West/East,Find the line that puts 50% of households in a semi-detached house west of it,1.58°W,Leeds,6,West,osm-pubs,0,47,census-carers-50h census-cars-3plus census-cars-none census-commute-car census-commute-foot census-commute-taxi census-health-verybad census-heat-electric census-heat-gas census-home-caravan census-home-detached census-home-terraced census-hours-49plus census-job-operatives census-job-trades census-population census-qual-apprentice census-qual-degree census-qual-none census-sick census-tenure-outright census-tenure-private census-tenure-social ge24-green ge24-labour ge24-libdem ge24-nonvoters ge24-reform hmrc-employed hmrc-pension hmrc-taxpayers osm-aldi osm-breweries osm-chippies osm-costa osm-greggs osm-iceland osm-lidl osm-mcdonalds osm-morrisons osm-pubs osm-starbucks osm-tesco osm-wetherspoon pop-all repd-battery repd-solar
census-home-terraced,Households in terraced houses,Homes,unified_census,we,we,West/East,Find the line that puts 50% of households in a terraced house west of it,1.61°W,Leeds,8,West,osm-breweries,1,46,census-carers-50h census-cars-3plus census-cars-none census-commute-car census-commute-foot census-commute-taxi census-health-verybad census-heat-electric census-heat-gas census-home-caravan census-home-detached census-home-semi census-job-operatives census-job-trades census-population census-qual-apprentice census-qual-degree census-qual-none census-sick census-tenure-outright census-tenure-private census-tenure-social ge24-green ge24-labour ge24-libdem ge24-nonvoters ge24-reform hmrc-employed hmrc-pension hmrc-taxpayers osm-aldi osm-breweries osm-chippies osm-costa osm-greggs osm-iceland osm-lidl osm-mcdonalds osm-morrisons osm-pubs osm-starbucks osm-tesco osm-wetherspoon pop-all repd-battery repd-solar
census-hours-49plus,People working 49+ hours a week,Work & qualifications,unified_census,we,we,West/East,Find the line that puts 50% of people working 49 or more hours a week west of it,1.31°W,North Yorkshire,12,East,hmrc-self-employed,1,42,census-cars-3plus census-cars-none census-commute-bike census-commute-foot census-commute-motorbike census-heat-electric census-heat-gas census-home-caravan census-home-commercial census-home-flat census-home-semi census-job-managers census-job-operatives census-job-trades census-population census-qual-degree census-qual-none census-tenure-private census-tenure-social census-work-from-home ge24-con ge24-green ge24-labour ge24-libdem ge24-nonvoters ge24-reform hmrc-employed hmrc-higher-rate hmrc-self-employed hmrc-taxpayers osm-costa osm-iceland osm-mands osm-mcdonalds osm-nandos osm-sainsburys osm-starbucks osm-tesco osm-wetherspoon pop-all repd-battery repd-solar
census-job-managers,"Managers, directors and senior officials",Work & qualifications,unified_census,we,we,West/East,"Find the line that puts 50% of managers, directors and senior officials west of it",1.25°W,North Yorkshire,16,East,census-work-from-home,1,32,census-cars-none census-commute-bike census-commute-foot census-commute-motorbike census-heat-electric census-heat-gas census-home-caravan census-home-commercial census-home-flat census-hours-49plus census-population census-qual-degree census-tenure-private census-work-from-home ge24-con ge24-green ge24-libdem ge24-reform hmrc-employed hmrc-higher-rate hmrc-self-employed hmrc-taxpayers osm-costa osm-mands osm-mcdonalds osm-nandos osm-sainsburys osm-starbucks osm-tesco pop-all repd-solar repd-solar-pipeline
census-job-operatives,"Process, plant and machine operatives",Work & qualifications,unified_census,we,we,West/East,"Find the line that puts 50% of process, plant and machine operatives west of it",1.55°W,Leeds,4,West,census-cars-3plus,0,48,census-carers-50h census-cars-3plus census-cars-none census-commute-car census-commute-foot census-commute-taxi census-health-verybad census-heat-electric census-heat-gas census-home-caravan census-home-detached census-home-semi census-home-terraced census-hours-49plus census-job-trades census-population census-qual-apprentice census-qual-degree census-qual-none census-sick census-tenure-outright census-tenure-private census-tenure-social ge24-green ge24-labour ge24-libdem ge24-nonvoters ge24-reform hmrc-employed hmrc-pension hmrc-self-employed hmrc-taxpayers osm-aldi osm-breweries osm-chippies osm-costa osm-greggs osm-iceland osm-lidl osm-mcdonalds osm-morrisons osm-pubs osm-starbucks osm-tesco osm-wetherspoon pop-all repd-battery repd-solar
census-job-trades,Skilled trades,Work & qualifications,unified_census,we,we,West/East,Find the line that puts 50% of people working in skilled trades west of it,1.56°W,Leeds,4,West,osm-iceland,0,48,census-carers-50h census-cars-3plus census-cars-none census-commute-car census-commute-foot census-commute-taxi census-health-verybad census-heat-electric census-heat-gas census-home-caravan census-home-detached census-home-semi census-home-terraced census-hours-49plus census-job-operatives census-population census-qual-apprentice census-qual-degree census-qual-none census-sick census-tenure-outright census-tenure-private census-tenure-social ge24-green ge24-labour ge24-libdem ge24-nonvoters ge24-reform hmrc-employed hmrc-pension hmrc-self-employed hmrc-taxpayers osm-aldi osm-breweries osm-chippies osm-costa osm-greggs osm-iceland osm-lidl osm-mcdonalds osm-morrisons osm-pubs osm-starbucks osm-tesco osm-wetherspoon pop-all repd-battery repd-solar
census-population,Usual residents (census),Population,unified_census,we,we,West/East,Find the line that puts 50% of the UK's residents west of it,1.49°W,Leeds,0,,osm-mcdonalds,0,47,census-carers-50h census-cars-3plus census-cars-none census-commute-car census-commute-foot census-commute-taxi census-heat-electric census-heat-gas census-home-caravan census-home-detached census-home-semi census-home-terraced census-hours-49plus census-job-managers census-job-operatives census-job-trades census-qual-apprentice census-qual-degree census-qual-none census-tenure-outright census-tenure-private census-tenure-social census-work-from-home ge24-con ge24-green ge24-labour ge24-libdem ge24-nonvoters ge24-reform hmrc-employed hmrc-higher-rate hmrc-pension hmrc-self-employed hmrc-taxpayers osm-breweries osm-chippies osm-costa osm-greggs osm-iceland osm-mcdonalds osm-pubs osm-starbucks osm-tesco osm-wetherspoon pop-all repd-battery repd-solar
census-qual-apprentice,Apprenticeships,Work & qualifications,unified_census,we,we,West/East,Find the line that puts 50% of people whose highest qualification is an apprenticeship west of it,1.66°W,Leeds,11,West,census-carers-50h,0,42,census-carers-50h census-cars-3plus census-cars-none census-commute-car census-commute-foot census-commute-taxi census-health-verybad census-heat-bottled census-heat-gas census-home-detached census-home-semi census-home-terraced census-job-operatives census-job-trades census-population census-qual-degree census-qual-none census-sick census-tenure-outright census-tenure-private census-tenure-social ge24-labour ge24-nonvoters ge24-reform hmrc-employed hmrc-pension hmrc-taxpayers osm-aldi osm-breweries osm-chippies osm-greggs osm-iceland osm-lidl osm-mcdonalds osm-morrisons osm-pubs osm-starbucks osm-stations osm-wetherspoon pop-all repd-battery repd-solar
census-qual-degree,Degree-level qualifications,Work & qualifications,unified_census,we,we,West/East,Find the line that puts 50% of people with a degree-level qualification or above west of it,1.48°W,Leeds,1,East,census-commute-foot,0,49,census-carers-50h census-cars-3plus census-cars-none census-commute-car census-commute-foot census-commute-taxi census-heat-electric census-heat-gas census-home-caravan census-home-commercial census-home-detached census-home-flat census-home-semi census-home-terraced census-hours-49plus census-job-managers census-job-operatives census-job-trades census-population census-qual-apprentice census-qual-none census-tenure-outright census-tenure-private census-tenure-social census-work-from-home ge24-con ge24-green ge24-labour ge24-libdem ge24-nonvoters ge24-reform hmrc-employed hmrc-higher-rate hmrc-pension hmrc-self-employed hmrc-taxpayers osm-breweries osm-chippies osm-costa osm-greggs osm-iceland osm-mcdonalds osm-pubs osm-starbucks osm-tesco osm-wetherspoon pop-all repd-battery repd-solar
census-qual-none,No qualifications,Work & qualifications,unified_census,we,we,West/East,Find the line that puts 50% of adults with no qualifications west of it,1.55°W,Leeds,4,West,census-tenure-social,0,48,census-carers-50h census-cars-3plus census-cars-none census-commute-car census-commute-foot census-commute-taxi census-health-verybad census-heat-electric census-heat-gas census-home-caravan census-home-detached census-home-semi census-home-terraced census-hours-49plus census-job-operatives census-job-trades census-population census-qual-apprentice census-qual-degree census-sick census-tenure-outright census-tenure-private census-tenure-social ge24-green ge24-labour ge24-libdem ge24-nonvoters ge24-reform hmrc-employed hmrc-pension hmrc-self-employed hmrc-taxpayers osm-aldi osm-breweries osm-chippies osm-costa osm-greggs osm-iceland osm-lidl osm-mcdonalds osm-morrisons osm-pubs osm-starbucks osm-tesco osm-wetherspoon pop-all repd-battery repd-solar
census-sick,Long-term sick or disabled,Health & care,unified_census,we,we,West/East,Find the line that puts 50% of people out of work because they are long-term sick or disabled west of it,1.79°W,Birmingham,20,West,census-health-verybad,0,31,census-carers-50h census-cars-3plus census-commute-car census-commute-taxi census-health-verybad census-heat-bottled census-heat-renewable census-home-detached census-home-semi census-home-terraced census-job-operatives census-job-trades census-qual-apprentice census-qual-none census-tenure-outright census-tenure-social ge24-labour ge24-nonvoters hmrc-pension osm-aldi osm-breweries osm-chippies osm-golf osm-greggs osm-iceland osm-lidl osm-morrisons osm-pubs osm-stations osm-wetherspoon repd-battery
census-tenure-outright,Households that own outright,Owning & renting,unified_census,we,we,West/East,Find the line that puts 50% of households that own their home outright west of it,1.63°W,Leeds,9,West,census-commute-car,0,44,census-carers-50h census-cars-3plus census-cars-none census-commute-car census-commute-foot census-commute-taxi census-health-verybad census-heat-electric census-heat-gas census-home-detached census-home-semi census-home-terraced census-job-operatives census-job-trades census-population census-qual-apprentice census-qual-degree census-qual-none census-sick census-tenure-private census-tenure-social ge24-green ge24-labour ge24-nonvoters ge24-reform hmrc-employed hmrc-pension hmrc-taxpayers osm-aldi osm-breweries osm-chippies osm-costa osm-greggs osm-iceland osm-lidl osm-mcdonalds osm-morrisons osm-pubs osm-starbucks osm-stations osm-wetherspoon pop-all repd-battery repd-solar
census-tenure-private,Households renting privately,Owning & renting,unified_census,we,we,West/East,Find the line that puts 50% of households renting privately west of it,1.40°W,Sheffield,6,East,osm-starbucks,1,49,census-carers-50h census-cars-3plus census-cars-none census-commute-car census-commute-foot census-heat-electric census-heat-gas census-home-caravan census-home-commercial census-home-detached census-home-flat census-home-semi census-home-terraced census-hours-49plus census-job-managers census-job-operatives census-job-trades census-population census-qual-apprentice census-qual-degree census-qual-none census-tenure-outright census-tenure-social census-work-from-home ge24-con ge24-green ge24-labour ge24-libdem ge24-nonvoters ge24-reform hmrc-employed hmrc-higher-rate hmrc-pension hmrc-self-employed hmrc-taxpayers osm-breweries osm-chippies osm-costa osm-greggs osm-iceland osm-mands osm-mcdonalds osm-pubs osm-starbucks osm-tesco osm-wetherspoon pop-all repd-battery repd-solar
census-tenure-social,Households renting socially,Owning & renting,unified_census,we,we,West/East,Find the line that puts 50% of households in social housing west of it,1.55°W,Leeds,4,West,census-cars-3plus,0,48,census-carers-50h census-cars-3plus census-cars-none census-commute-car census-commute-foot census-commute-taxi census-health-verybad census-heat-electric census-heat-gas census-home-caravan census-home-detached census-home-semi census-home-terraced census-hours-49plus census-job-operatives census-job-trades census-population census-qual-apprentice census-qual-degree census-qual-none census-sick census-tenure-outright census-tenure-private ge24-green ge24-labour ge24-libdem ge24-nonvoters ge24-reform hmrc-employed hmrc-pension hmrc-self-employed hmrc-taxpayers osm-aldi osm-breweries osm-chippies osm-costa osm-greggs osm-iceland osm-lidl osm-mcdonalds osm-morrisons osm-pubs osm-starbucks osm-tesco osm-wetherspoon pop-all repd-battery repd-solar
census-work-from-home,People working mainly from home,Getting to work,unified_census,we,we,West/East,Find the line that puts 50% of people who work mainly from home west of it,1.26°W,North Yorkshire,15,East,census-job-managers,1,33,census-cars-none census-commute-bike census-commute-foot census-commute-motorbike census-heat-electric census-heat-gas census-home-caravan census-home-commercial census-home-flat census-hours-49plus census-job-managers census-population census-qual-degree census-tenure-private ge24-con ge24-green ge24-labour ge24-libdem ge24-reform hmrc-employed hmrc-higher-rate hmrc-self-employed hmrc-taxpayers osm-costa osm-mands osm-mcdonalds osm-nandos osm-sainsburys osm-starbucks osm-tesco pop-all repd-solar repd-solar-pipeline
ge24-con,"Conservative votes, 2024",Election night,ge2024,we,we,West/East,Find the line that puts 50% of votes cast for the Conservatives in 2024 west of it,1.28°W,Wetherby and Easingwold,15,East,census-work-from-home,1,34,census-cars-none census-commute-bike census-commute-foot census-commute-motorbike census-heat-electric census-heat-gas census-home-caravan census-home-commercial census-home-flat census-hours-49plus census-job-managers census-population census-qual-degree census-tenure-private census-work-from-home ge24-green ge24-labour ge24-libdem ge24-reform hmrc-employed hmrc-higher-rate hmrc-self-employed hmrc-taxpayers osm-costa osm-mands osm-mcdonalds osm-nandos osm-sainsburys osm-starbucks osm-tesco pop-all repd-battery repd-solar repd-solar-pipeline
ge24-green,"Green votes, 2024",Election night,ge2024,we,we,West/East,Find the line that puts 50% of votes cast for the Greens in 2024 west of it,1.37°W,South Shields,9,East,census-heat-electric,0,48,census-cars-3plus census-cars-none census-commute-bike census-commute-car census-commute-foot census-commute-motorbike census-heat-electric census-heat-gas census-home-caravan census-home-commercial census-home-flat census-home-semi census-home-terraced census-hours-49plus census-job-managers census-job-operatives census-job-trades census-population census-qual-degree census-qual-none census-tenure-outright census-tenure-private census-tenure-social census-work-from-home ge24-con ge24-labour ge24-libdem ge24-nonvoters ge24-reform hmrc-employed hmrc-higher-rate hmrc-pension hmrc-self-employed hmrc-taxpayers osm-breweries osm-chippies osm-costa osm-iceland osm-mands osm-mcdonalds osm-nandos osm-pubs osm-starbucks osm-tesco osm-wetherspoon pop-all repd-battery repd-solar
ge24-labour,"Labour votes, 2024",Election night,ge2024,we,we,West/East,Find the line that puts 50% of votes cast for Labour in 2024 west of it,1.52°W,Warwick and Leamington,2,West,pop-all,1,50,census-carers-50h census-cars-3plus census-cars-none census-commute-car census-commute-foot census-commute-taxi census-health-verybad census-heat-electric census-heat-gas census-home-caravan census-home-detached census-home-semi census-home-terraced census-hours-49plus census-job-operatives census-job-trades census-population census-qual-apprentice census-qual-degree census-qual-none census-sick census-tenure-outright census-tenure-private census-tenure-social census-work-from-home ge24-con ge24-green ge24-libdem ge24-nonvoters ge24-reform hmrc-employed hmrc-pension hmrc-self-employed hmrc-taxpayers osm-aldi osm-breweries osm-chippies osm-costa osm-greggs osm-iceland osm-lidl osm-mcdonalds osm-morrisons osm-pubs osm-starbucks osm-tesco osm-wetherspoon pop-all repd-battery repd-solar
ge24-libdem,"Liberal Democrat votes, 2024",Election night,ge2024,we,we,West/East,Find the line that puts 50% of votes cast for the Liberal Democrats in 2024 west of it,1.35°W,Oxford West and Abingdon,10,East,census-home-caravan,0,46,census-cars-3plus census-cars-none census-commute-bike census-commute-foot census-commute-motorbike census-heat-electric census-heat-gas census-home-caravan census-home-commercial census-home-flat census-home-semi census-home-terraced census-hours-49plus census-job-managers census-job-operatives census-job-trades census-population census-qual-degree census-qual-none census-tenure-private census-tenure-social census-work-from-home ge24-con ge24-green ge24-labour ge24-nonvoters ge24-reform hmrc-employed hmrc-higher-rate hmrc-pension hmrc-self-employed hmrc-taxpayers osm-breweries osm-costa osm-iceland osm-mands osm-mcdonalds osm-nandos osm-pubs osm-sainsburys osm-starbucks osm-tesco osm-wetherspoon pop-all repd-battery repd-solar
ge24-nonvoters,"Registered voters who did not vote, 2024",Election night,ge2024,we,we,West/East,Find the line that puts 50% of registered voters who stayed at home in 2024 west of it,1.57°W,Leeds South,5,West,census-home-semi,1,47,census-carers-50h census-cars-3plus census-cars-none census-commute-car census-commute-foot census-commute-taxi census-health-verybad census-heat-electric census-heat-gas census-home-caravan census-home-detached census-home-semi census-home-terraced census-hours-49plus census-job-operatives census-job-trades census-population census-qual-apprentice census-qual-degree census-qual-none census-sick census-tenure-outright census-tenure-private census-tenure-social ge24-green ge24-labour ge24-libdem ge24-reform hmrc-employed hmrc-pension hmrc-taxpayers osm-aldi osm-breweries osm-chippies osm-costa osm-greggs osm-iceland osm-lidl osm-mcdonalds osm-morrisons osm-pubs osm-starbucks osm-tesco osm-wetherspoon pop-all repd-battery repd-solar
ge24-reform,"Reform UK votes, 2024",Election night,ge2024,we,we,West/East,Find the line that puts 50% of votes cast for Reform UK in 2024 west of it,1.47°W,Houghton and Sunderland South,2,East,census-cars-none,1,48,census-carers-50h census-cars-3plus census-cars-none census-commute-car census-commute-foot census-heat-electric census-heat-gas census-home-caravan census-home-commercial census-home-detached census-home-flat census-home-semi census-home-terraced census-hours-49plus census-job-managers census-job-operatives census-job-trades census-population census-qual-apprentice census-qual-degree census-qual-none census-tenure-outright census-tenure-private census-tenure-social census-work-from-home ge24-con ge24-green ge24-labour ge24-libdem ge24-nonvoters hmrc-employed hmrc-higher-rate hmrc-pension hmrc-self-employed hmrc-taxpayers osm-breweries osm-chippies osm-costa osm-greggs osm-iceland osm-mcdonalds osm-pubs osm-starbucks osm-tesco osm-wetherspoon pop-all repd-battery repd-solar
hmrc-additional-rate,Additional-rate (top-rate) taxpayers,Income & tax,hmrc,we,we,West/East,Find the line that puts 50% of top-rate taxpayers west of it,0.39°W,Richmond upon Thames,75,East,census-home-converted,4,4,census-commute-train census-home-converted osm-pret osm-windmills
hmrc-employed,Taxpayers with a job,Income & tax,hmrc,we,we,West/East,Find the line that puts 50% of taxpayers with income from a job west of it,1.51°W,Leeds,1,West,census-heat-gas,0,47,census-carers-50h census-cars-3plus census-cars-none census-commute-car census-commute-foot census-commute-taxi census-heat-electric census-heat-gas census-home-caravan census-home-detached census-home-semi census-home-terraced census-hours-49plus census-job-managers census-job-operatives census-job-trades census-population census-qual-apprentice census-qual-degree census-qual-none census-tenure-outright census-tenure-private census-tenure-social census-work-from-home ge24-con ge24-green ge24-labour ge24-libdem ge24-nonvoters ge24-reform hmrc-pension hmrc-self-employed hmrc-taxpayers osm-aldi osm-breweries osm-chippies osm-costa osm-greggs osm-iceland osm-mcdonalds osm-pubs osm-starbucks osm-tesco osm-wetherspoon pop-all repd-battery repd-solar
hmrc-higher-rate,Higher-rate taxpayers,Income & tax,hmrc,we,we,West/East,Find the line that puts 50% of higher-rate taxpayers west of it,1.23°W,Basingstoke and Deane,18,East,census-home-commercial,0,27,census-cars-none census-commute-bike census-commute-foot census-commute-motorbike census-heat-electric census-home-caravan census-home-commercial census-home-flat census-hours-49plus census-job-managers census-population census-qual-degree census-tenure-private census-work-from-home ge24-con ge24-green ge24-libdem ge24-reform hmrc-self-employed osm-costa osm-mands osm-mcdonalds osm-nandos osm-sainsburys osm-starbucks osm-tesco repd-solar-pipeline
hmrc-pension,Taxpayers with pension income,Income & tax,hmrc,we,we,West/East,Find the line that puts 50% of taxpayers drawing a pension west of it,1.59°W,North Yorkshire,6,West,osm-breweries,0,46,census-carers-50h census-cars-3plus census-cars-none census-commute-car census-commute-foot census-commute-taxi census-health-verybad census-heat-electric census-heat-gas census-home-caravan census-home-detached census-home-semi census-home-terraced census-job-operatives census-job-trades census-population census-qual-apprentice census-qual-degree census-qual-none census-sick census-tenure-outright census-tenure-private census-tenure-social ge24-green ge24-labour ge24-libdem ge24-nonvoters ge24-reform hmrc-employed hmrc-taxpayers osm-aldi osm-breweries osm-chippies osm-costa osm-greggs osm-iceland osm-lidl osm-mcdonalds osm-morrisons osm-pubs osm-starbucks osm-tesco osm-wetherspoon pop-all repd-battery repd-solar
hmrc-self-employed,Self-employed taxpayers,Income & tax,hmrc,we,we,West/East,Find the line that puts 50% of self-employed taxpayers west of it,1.30°W,Southampton,13,East,census-hours-49plus,1,40,census-cars-3plus census-cars-none census-commute-bike census-commute-foot census-commute-motorbike census-heat-electric census-heat-gas census-home-caravan census-home-commercial census-home-flat census-hours-49plus census-job-managers census-job-operatives census-job-trades census-population census-qual-degree census-qual-none census-tenure-private census-tenure-social census-work-from-home ge24-con ge24-green ge24-labour ge24-libdem ge24-reform hmrc-employed hmrc-higher-rate hmrc-taxpayers osm-costa osm-iceland osm-mands osm-mcdonalds osm-nandos osm-sainsburys osm-starbucks osm-tesco osm-wetherspoon pop-all repd-battery repd-solar
hmrc-tax-amount,Income tax paid,Income & tax,hmrc,we,we,West/East,Find the line that puts 50% of all income tax paid west of it,0.79°W,Buckinghamshire,48,East,osm-waitrose,4,2,osm-waitrose repd-solar-pipeline
hmrc-taxpayers,Income taxpayers,Income & tax,hmrc,we,we,West/East,Find the line that puts 50% of income taxpayers west of it,1.51°W,Leeds,1,West,census-heat-gas,0,47,census-carers-50h census-cars-3plus census-cars-none census-commute-car census-commute-foot census-commute-taxi census-heat-electric census-heat-gas census-home-caravan census-home-detached census-home-semi census-home-terraced census-hours-49plus census-job-managers census-job-operatives census-job-trades census-population census-qual-apprentice census-qual-degree census-qual-none census-tenure-outright census-tenure-private census-tenure-social census-work-from-home ge24-con ge24-green ge24-labour ge24-libdem ge24-nonvoters ge24-reform hmrc-employed hmrc-pension hmrc-self-employed osm-aldi osm-breweries osm-chippies osm-costa osm-greggs osm-iceland osm-mcdonalds osm-pubs osm-starbucks osm-tesco osm-wetherspoon pop-all repd-battery repd-solar
osm-aldi,Aldi shops,Supermarket sweep,osm,we,we,West/East,Find the line that puts 50% of Aldi shops west of it,1.77°W,Birmingham,19,West,osm-lidl,0,36,census-carers-50h census-cars-3plus census-commute-car census-commute-taxi census-health-verybad census-heat-bottled census-heat-gas census-heat-renewable census-home-detached census-home-semi census-home-terraced census-job-operatives census-job-trades census-qual-apprentice census-qual-none census-sick census-tenure-outright census-tenure-social ge24-labour ge24-nonvoters hmrc-employed hmrc-pension hmrc-taxpayers osm-breweries osm-chippies osm-golf osm-greggs osm-iceland osm-lidl osm-morrisons osm-pubs osm-stations osm-wetherspoon pop-all repd-battery repd-solar
osm-breweries,Breweries,Out and about,osm,we,we,West/East,Find the line that puts 50% of breweries west of it,1.59°W,Leeds,7,West,hmrc-pension,0,46,census-carers-50h census-cars-3plus census-cars-none census-commute-car census-commute-foot census-commute-taxi census-health-verybad census-heat-electric census-heat-gas census-home-caravan census-home-detached census-home-semi census-home-terraced census-job-operatives census-job-trades census-population census-qual-apprentice census-qual-degree census-qual-none census-sick census-tenure-outright census-tenure-private census-tenure-social ge24-green ge24-labour ge24-libdem ge24-nonvoters ge24-reform hmrc-employed hmrc-pension hmrc-taxpayers osm-aldi osm-chippies osm-costa osm-greggs osm-iceland osm-lidl osm-mcdonalds osm-morrisons osm-pubs osm-starbucks osm-tesco osm-wetherspoon pop-all repd-battery repd-solar
osm-castles,Castles,Heritage & coast,osm,we,we,West/East,Find the line that puts 50% of castles west of it,2.92°W,Scottish Borders,93,West,census-heat-oil,9,2,census-heat-oil census-heat-wood
osm-chippies,Fish and chip shops,Out and about,osm,we,we,West/East,Find the line that puts 50% of fish and chip shops west of it,1.63°W,Leeds,9,West,census-commute-car,0,44,census-carers-50h census-cars-3plus census-cars-none census-commute-car census-commute-foot census-commute-taxi census-health-verybad census-heat-electric census-heat-gas census-home-detached census-home-semi census-home-terraced census-job-operatives census-job-trades census-population census-qual-apprentice census-qual-degree census-qual-none census-sick census-tenure-outright census-tenure-private census-tenure-social ge24-green ge24-labour ge24-nonvoters ge24-reform hmrc-employed hmrc-pension hmrc-taxpayers osm-aldi osm-breweries osm-costa osm-greggs osm-iceland osm-lidl osm-mcdonalds osm-morrisons osm-pubs osm-starbucks osm-stations osm-wetherspoon pop-all repd-battery repd-solar
osm-costa,Costa Coffee shops,High street,osm,we,we,West/East,Find the line that puts 50% of Costa Coffee shops west of it,1.37°W,North Yorkshire,8,East,ge24-green,0,50,census-cars-3plus census-cars-none census-commute-bike census-commute-car census-commute-foot census-commute-motorbike census-heat-electric census-heat-gas census-home-caravan census-home-commercial census-home-detached census-home-flat census-home-semi census-home-terraced census-hours-49plus census-job-managers census-job-operatives census-job-trades census-population census-qual-degree census-qual-none census-tenure-outright census-tenure-private census-tenure-social census-work-from-home ge24-con ge24-green ge24-labour ge24-libdem ge24-nonvoters ge24-reform hmrc-employed hmrc-higher-rate hmrc-pension hmrc-self-employed hmrc-taxpayers osm-breweries osm-chippies osm-greggs osm-iceland osm-mands osm-mcdonalds osm-nandos osm-pubs osm-starbucks osm-tesco osm-wetherspoon pop-all repd-battery repd-solar
osm-distilleries,Distilleries,Out and about,osm,we,we,West/East,Find the line that puts 50% of distilleries west of it,3.24°W,Moray,110,West,osm-lighthouses,2,1,osm-lighthouses
osm-golf,Golf courses,Out and about,osm,we,we,West/East,Find the line that puts 50% of golf courses west of it,2.00°W,Wiltshire,34,West,census-heat-renewable,3,11,census-commute-taxi census-health-verybad census-heat-bottled census-heat-renewable census-heat-solid census-sick osm-aldi osm-lidl osm-morrisons osm-stations repd-battery-pipeline
osm-greggs,Greggs shops,High street,osm,we,we,West/East,Find the line that puts 50% of Greggs shops west of it,1.64°W,Leeds,10,West,census-home-detached,0,44,census-carers-50h census-cars-3plus census-cars-none census-commute-car census-commute-foot census-commute-taxi census-health-verybad census-heat-bottled census-heat-gas census-home-detached census-home-semi census-home-terraced census-job-operatives census-job-trades census-population census-qual-apprentice census-qual-degree census-qual-none census-sick census-tenure-outright census-tenure-private census-tenure-social ge24-green ge24-labour ge24-nonvoters ge24-reform hmrc-employed hmrc-pension hmrc-taxpayers osm-aldi osm-breweries osm-chippies osm-costa osm-iceland osm-lidl osm-mcdonalds osm-morrisons osm-pubs osm-starbucks osm-stations osm-wetherspoon pop-all repd-battery repd-solar
osm-iceland,Iceland shops,Supermarket sweep,osm,we,we,West/East,Find the line that puts 50% of Iceland shops west of it,1.56°W,County Durham,4,West,census-job-trades,0,48,census-carers-50h census-cars-3plus census-cars-none census-commute-car census-commute-foot census-commute-taxi census-health-verybad census-heat-electric census-heat-gas census-home-caravan census-home-detached census-home-semi census-home-terraced census-hours-49plus census-job-operatives census-job-trades census-population census-qual-apprentice census-qual-degree census-qual-none census-sick census-tenure-outright census-tenure-private census-tenure-social ge24-green ge24-labour ge24-libdem ge24-nonvoters ge24-reform hmrc-employed hmrc-pension hmrc-self-employed hmrc-taxpayers osm-aldi osm-breweries osm-chippies osm-costa osm-greggs osm-lidl osm-mcdonalds osm-morrisons osm-pubs osm-starbucks osm-tesco osm-wetherspoon pop-all repd-battery repd-solar
osm-lidl,Lidl shops,Supermarket sweep,osm,we,we,West/East,Find the line that puts 50% of Lidl shops west of it,1.78°W,Birmingham,19,West,osm-morrisons,0,35,census-carers-50h census-cars-3plus census-commute-car census-commute-taxi census-health-verybad census-heat-bottled census-heat-gas census-heat-renewable census-home-detached census-home-semi census-home-terraced census-job-operatives census-job-trades census-qual-apprentice census-qual-none census-sick census-tenure-outright census-tenure-social ge24-labour ge24-nonvoters hmrc-pension hmrc-taxpayers osm-aldi osm-breweries osm-chippies osm-golf osm-greggs osm-iceland osm-morrisons osm-pubs osm-stations osm-wetherspoon pop-all repd-battery repd-solar
osm-lighthouses,Lighthouses,Heritage & coast,osm,we,we,West/East,Find the line that puts 50% of lighthouses west of it,3.21°W,Orkney Islands,109,West,osm-distilleries,2,1,osm-distilleries
osm-mands,M&S shops,Supermarket sweep,osm,we,we,West/East,Find the line that puts 50% of Marks & Spencer shops west of it,1.18°W,York,21,East,census-home-flat,2,21,census-commute-bike census-commute-motorbike census-heat-electric census-home-caravan census-home-commercial census-home-flat census-hours-49plus census-job-managers census-tenure-private census-work-from-home ge24-con ge24-green ge24-libdem hmrc-higher-rate hmrc-self-employed osm-costa osm-nandos osm-sainsburys osm-starbucks osm-tesco repd-solar-pipeline
osm-mcdonalds,McDonald's restaurants,High street,osm,we,we,West/East,Find the line that puts 50% of McDonald's restaurants west of it,1.50°W,Leeds,0,West,census-population,0,47,census-carers-50h census-cars-3plus census-cars-none census-commute-car census-commute-foot census-commute-taxi census-heat-electric census-heat-gas census-home-caravan census-home-detached census-home-semi census-home-terraced census-hours-49plus census-job-managers census-job-operatives census-job-trades census-population census-qual-apprentice census-qual-degree census-qual-none census-tenure-outright census-tenure-private census-tenure-social census-work-from-home ge24-con ge24-green ge24-labour ge24-libdem ge24-nonvoters ge24-reform hmrc-employed hmrc-higher-rate hmrc-pension hmrc-self-employed hmrc-taxpayers osm-breweries osm-chippies osm-costa osm-greggs osm-iceland osm-pubs osm-starbucks osm-tesco osm-wetherspoon pop-all repd-battery repd-solar
osm-morrisons,Morrisons supermarkets,Supermarket sweep,osm,we,we,West/East,Find the line that puts 50% of Morrisons supermarkets west of it,1.78°W,Leeds,19,West,osm-lidl,0,35,census-carers-50h census-cars-3plus census-commute-car census-commute-taxi census-health-verybad census-heat-bottled census-heat-gas census-heat-renewable census-home-detached census-home-semi census-home-terraced census-job-operatives census-job-trades census-qual-apprentice census-qual-none census-sick census-tenure-outright census-tenure-social ge24-labour ge24-nonvoters hmrc-pension hmrc-taxpayers osm-aldi osm-breweries osm-chippies osm-golf osm-greggs osm-iceland osm-lidl osm-pubs osm-stations osm-wetherspoon pop-all repd-battery repd-solar
osm-nandos,Nando's restaurants,High street,osm,we,we,West/East,Find the line that puts 50% of Nando's restaurants west of it,1.12°W,Leicester,25,East,census-commute-bike,0,19,census-commute-bike census-commute-motorbike census-heat-electric census-home-caravan census-home-commercial census-home-flat census-hours-49plus census-job-managers census-work-from-home ge24-con ge24-green ge24-libdem hmrc-higher-rate hmrc-self-employed osm-costa osm-mands osm-sainsburys osm-tesco repd-solar-pipeline
osm-pret,Pret A Manger shops,High street,osm,we,we,West/East,Find the line that puts 50% of Pret A Manger shops west of it,0.14°W,Westminster,92,East,census-commute-metro,2,4,census-commute-metro census-commute-train census-home-converted hmrc-additional-rate
osm-pubs,Pubs,Out and about,osm,we,we,West/East,Find the line that puts 50% of pubs west of it,1.58°W,Leeds,6,West,census-home-semi,0,46,census-carers-50h census-cars-3plus census-cars-none census-commute-car census-commute-foot census-commute-taxi census-health-verybad census-heat-electric census-heat-gas census-home-caravan census-home-detached census-home-semi census-home-terraced census-job-operatives census-job-trades census-population census-qual-apprentice census-qual-degree census-qual-none census-sick census-tenure-outright census-tenure-private census-tenure-social ge24-green ge24-labour ge24-libdem ge24-nonvoters ge24-reform hmrc-employed hmrc-pension hmrc-taxpayers osm-aldi osm-breweries osm-chippies osm-costa osm-greggs osm-iceland osm-lidl osm-mcdonalds osm-morrisons osm-starbucks osm-tesco osm-wetherspoon pop-all repd-battery repd-solar
osm-sainsburys,Sainsbury's shops (all formats),Supermarket sweep,osm,we,we,West/East,Find the line that puts 50% of Sainsbury's shops of every size west of it,1.10°W,North Yorkshire,27,East,census-commute-motorbike,1,17,census-commute-bike census-commute-motorbike census-heat-electric census-home-caravan census-home-commercial census-home-flat census-hours-49plus census-job-managers census-work-from-home ge24-con ge24-libdem hmrc-higher-rate hmrc-self-employed osm-mands osm-nandos osm-tesco repd-solar-pipeline
osm-standing-stones,Standing stones and other megaliths,Heritage & coast,osm,we,we,West/East,Find the line that puts 50% of standing stones and other megaliths west of it,3.62°W,West Lothian,138,West,repd-wind-onshore,8,1,repd-wind-onshore
osm-starbucks,Starbucks shops,High street,osm,we,we,West/East,Find the line that puts 50% of Starbucks shops west of it,1.41°W,Sheffield,5,East,census-tenure-private,1,49,census-carers-50h census-cars-3plus census-cars-none census-commute-car census-commute-foot census-heat-electric census-heat-gas census-home-caravan census-home-commercial census-home-detached census-home-flat census-home-semi census-home-terraced census-hours-49plus census-job-managers census-job-operatives census-job-trades census-population census-qual-apprentice census-qual-degree census-qual-none census-tenure-outright census-tenure-private census-tenure-social census-work-from-home ge24-con ge24-green ge24-labour ge24-libdem ge24-nonvoters ge24-reform hmrc-employed hmrc-higher-rate hmrc-pension hmrc-self-employed hmrc-taxpayers osm-breweries osm-chippies osm-costa osm-greggs osm-iceland osm-mands osm-mcdonalds osm-pubs osm-tesco osm-wetherspoon pop-all repd-battery repd-solar
osm-stations,Railway stations,Out and about,osm,we,we,West/East,Find the line that puts 50% of railway stations west of it,1.88°W,Birmingham,26,West,census-heat-bottled,2,18,census-carers-50h census-commute-car census-commute-taxi census-health-verybad census-heat-bottled census-heat-renewable census-heat-solid census-home-detached census-qual-apprentice census-sick census-tenure-outright osm-aldi osm-chippies osm-golf osm-greggs osm-lidl osm-morrisons repd-battery-pipeline
osm-tesco,Tesco shops (all formats),Supermarket sweep,osm,we,we,West/East,Find the line that puts 50% of Tesco shops of every size west of it,1.35°W,Southampton,9,East,census-home-caravan,1,46,census-cars-3plus census-cars-none census-commute-bike census-commute-foot census-commute-motorbike census-heat-electric census-heat-gas census-home-caravan census-home-commercial census-home-flat census-home-semi census-home-terraced census-hours-49plus census-job-managers census-job-operatives census-job-trades census-population census-qual-degree census-qual-none census-tenure-private census-tenure-social census-work-from-home ge24-con ge24-green ge24-labour ge24-libdem ge24-nonvoters ge24-reform hmrc-employed hmrc-higher-rate hmrc-pension hmrc-self-employed hmrc-taxpayers osm-breweries osm-costa osm-iceland osm-mands osm-mcdonalds osm-nandos osm-pubs osm-sainsburys osm-starbucks osm-wetherspoon pop-all repd-battery repd-solar
osm-waitrose,Waitrose shops,Supermarket sweep,osm,we,we,West/East,Find the line that puts 50% of Waitrose shops west of it,0.73°W,Buckinghamshire,53,East,hmrc-tax-amount,4,2,hmrc-tax-amount osm-windmills
osm-wetherspoon,Wetherspoon pubs,High street,osm,we,we,West/East,Find the line that puts 50% of Wetherspoon pubs west of it,1.56°W,Leeds,4,West,census-job-trades,0,48,census-carers-50h census-cars-3plus census-cars-none census-commute-car census-commute-foot census-commute-taxi census-health-verybad census-heat-electric census-heat-gas census-home-caravan census-home-detached census-home-semi census-home-terraced census-hours-49plus census-job-operatives census-job-trades census-population census-qual-apprentice census-qual-degree census-qual-none census-sick census-tenure-outright census-tenure-private census-tenure-social ge24-green ge24-labour ge24-libdem ge24-nonvoters ge24-reform hmrc-employed hmrc-pension hmrc-self-employed hmrc-taxpayers osm-aldi osm-breweries osm-chippies osm-costa osm-greggs osm-iceland osm-lidl osm-mcdonalds osm-morrisons osm-pubs osm-starbucks osm-tesco pop-all repd-battery repd-solar
osm-windmills,Windmills (historic),Heritage & coast,osm,we,we,West/East,Find the line that puts 50% of old windmills west of it,0.50°W,East Riding of Yorkshire,67,East,hmrc-additional-rate,7,4,census-commute-train census-home-converted hmrc-additional-rate osm-waitrose
pop-all,Population,Population,population,we,we,West/East,Find the line that puts 50% of the UK's population west of it,1.51°W,Leeds,1,West,repd-solar,0,49,census-carers-50h census-cars-3plus census-cars-none census-commute-car census-commute-foot census-commute-taxi census-heat-electric census-heat-gas census-home-caravan census-home-detached census-home-semi census-home-terraced census-hours-49plus census-job-managers census-job-operatives census-job-trades census-population census-qual-apprentice census-qual-degree census-qual-none census-tenure-outright census-tenure-private census-tenure-social census-work-from-home ge24-con ge24-green ge24-labour ge24-libdem ge24-nonvoters ge24-reform hmrc-employed hmrc-pension hmrc-self-employed hmrc-taxpayers osm-aldi osm-breweries osm-chippies osm-costa osm-greggs osm-iceland osm-lidl osm-mcdonalds osm-morrisons osm-pubs osm-starbucks osm-tesco osm-wetherspoon repd-battery repd-solar
repd-battery,Battery storage capacity (MW),Power,repd,we,we,West/East,Find the line that puts 50% of grid battery storage capacity west of it,1.54°W,North Yorkshire,3,West,census-qual-none,0,49,census-carers-50h census-cars-3plus census-cars-none census-commute-car census-commute-foot census-commute-taxi census-health-verybad census-heat-electric census-heat-gas census-home-caravan census-home-detached census-home-semi census-home-terraced census-hours-49plus census-job-operatives census-job-trades census-population census-qual-apprentice census-qual-degree census-qual-none census-sick census-tenure-outright census-tenure-private census-tenure-social ge24-con ge24-green ge24-labour ge24-libdem ge24-nonvoters ge24-reform hmrc-employed hmrc-pension hmrc-self-employed hmrc-taxpayers osm-aldi osm-breweries osm-chippies osm-costa osm-greggs osm-iceland osm-lidl osm-mcdonalds osm-morrisons osm-pubs osm-starbucks osm-tesco osm-wetherspoon pop-all repd-solar
repd-battery-pipeline,Battery storage consented or being built (MW),Power,repd,we,we,West/East,Find the line that puts 50% of battery storage capacity that is consented or under construction west of it,2.10°W,Staffordshire Moorlands,40,West,census-heat-solid,1,5,census-heat-bottled census-heat-renewable census-heat-solid osm-golf osm-stations
repd-hydro,Hydro-electric schemes,Power,repd,we,we,West/East,Find the line that puts 50% of hydro-electric schemes west of it,4.72°W,Highland,198,West,repd-wind-onshore,60,0,
repd-solar,Solar farm capacity (MW),Power,repd,we,we,West/East,Find the line that puts 50% of solar farm capacity west of it,1.51°W,Test Valley,1,West,hmrc-taxpayers,0,47,census-carers-50h census-cars-3plus census-cars-none census-commute-car census-commute-foot census-commute-taxi census-heat-electric census-heat-gas census-home-caravan census-home-detached census-home-semi census-home-terraced census-hours-49plus census-job-managers census-job-operatives census-job-trades census-population census-qual-apprentice census-qual-degree census-qual-none census-tenure-outright census-tenure-private census-tenure-social census-work-from-home ge24-con ge24-green ge24-labour ge24-libdem ge24-nonvoters ge24-reform hmrc-employed hmrc-pension hmrc-self-employed hmrc-taxpayers osm-aldi osm-breweries osm-chippies osm-costa osm-greggs osm-iceland osm-mcdonalds osm-pubs osm-starbucks osm-tesco osm-wetherspoon pop-all repd-battery
repd-solar-pipeline,Solar capacity consented or being built (MW),Power,repd,we,we,West/East,Find the line that puts 50% of solar capacity that is consented or under construction west of it,1.01°W,South Oxfordshire,32,East,osm-sainsburys,6,12,census-commute-bike census-commute-motorbike census-home-commercial census-home-flat census-job-managers census-work-from-home ge24-con hmrc-higher-rate hmrc-tax-amount osm-mands osm-nandos osm-sainsburys
repd-wind-offshore,Offshore wind capacity (MW),Power,repd,we,we,West/East,Find the line that puts 50% of offshore wind power capacity west of it,0.50°E,North Norfolk,129,East,census-commute-metro,40,0,
repd-wind-onshore,Onshore wind capacity (MW),Power,repd,we,we,West/East,Find the line that puts 50% of onshore wind power capacity west of it,3.74°W,Perth and Kinross,142,West,osm-standing-stones,8,1,osm-standing-stones
census-carers-50h,Carers giving 50+ hours a week,Health & care,unified_census,15,ns,North/South,Find the line that puts 50% of people giving 50 or more hours of unpaid care a week north of it,(diagonal),Walsall,21,North,census-job-operatives,2,26,census-commute-car census-health-verybad census-heat-gas census-heat-renewable census-home-detached census-home-semi census-home-terraced census-job-operatives census-job-trades census-qual-apprentice census-qual-none census-tenure-outright census-tenure-social ge24-labour ge24-nonvoters ge24-reform hmrc-pension osm-breweries osm-chippies osm-greggs osm-iceland osm-lidl osm-mcdonalds osm-pubs osm-windmills repd-battery
census-cars-3plus,Households with 3+ cars,Owning & renting,unified_census,15,ns,North/South,Find the line that puts 50% of households with three or more cars or vans north of it,(diagonal),Birmingham,1,South,hmrc-employed,0,28,census-cars-none census-commute-foot census-heat-bottled census-heat-gas census-home-terraced census-job-trades census-population census-qual-degree census-qual-none census-tenure-outright census-tenure-private census-tenure-social ge24-labour ge24-nonvoters ge24-reform hmrc-employed hmrc-pension hmrc-taxpayers osm-breweries osm-iceland osm-lidl osm-mcdonalds osm-pubs osm-starbucks osm-stations osm-wetherspoon pop-all repd-battery
census-cars-none,Households with no car,Owning & renting,unified_census,15,ns,North/South,Find the line that puts 50% of households with no car or van north of it,(diagonal),Birmingham,1,North,census-population,1,30,census-cars-3plus census-commute-car census-commute-foot census-heat-bottled census-heat-gas census-home-detached census-home-terraced census-job-trades census-population census-qual-degree census-qual-none census-tenure-outright census-tenure-private census-tenure-social ge24-labour ge24-nonvoters ge24-reform hmrc-employed hmrc-pension hmrc-taxpayers osm-breweries osm-iceland osm-lidl osm-mcdonalds osm-pubs osm-starbucks osm-stations osm-wetherspoon pop-all repd-battery
census-commute-bike,Commuters by bicycle,Getting to work,unified_census,15,ns,North/South,Find the line that puts 50% of people who cycle to work north of it,(diagonal),Milton Keynes,38,South,census-job-managers,0,14,census-heat-electric census-home-caravan census-home-flat census-hours-49plus census-job-managers census-work-from-home ge24-con ge24-green hmrc-higher-rate hmrc-self-employed osm-costa osm-mands osm-nandos osm-tesco
census-commute-car,Commuters by car or van,Getting to work,unified_census,15,ns,North/South,Find the line that puts 50% of people who drive to work north of it,(diagonal),North Northamptonshire,18,North,osm-windmills,1,28,census-carers-50h census-cars-none census-heat-gas census-heat-renewable census-home-detached census-home-semi census-home-terraced census-job-operatives census-job-trades census-population census-qual-none census-tenure-outright census-tenure-social ge24-labour ge24-nonvoters ge24-reform hmrc-pension osm-breweries osm-greggs osm-iceland osm-lidl osm-mcdonalds osm-pubs osm-stations osm-wetherspoon osm-windmills pop-all repd-battery
census-commute-foot,Commuters on foot,Getting to work,unified_census,15,ns,North/South,Find the line that puts 50% of people who walk to work north of it,(diagonal),Birmingham,1,South,osm-starbucks,0,29,census-cars-3plus census-cars-none census-heat-bottled census-heat-gas census-home-detached census-home-terraced census-job-trades census-population census-qual-degree census-qual-none census-tenure-outright census-tenure-private census-tenure-social ge24-labour ge24-nonvoters ge24-reform hmrc-employed hmrc-pension hmrc-taxpayers osm-breweries osm-iceland osm-lidl osm-mcdonalds osm-pubs osm-starbucks osm-stations osm-wetherspoon pop-all repd-battery
census-commute-metro,"Commuters by underground, metro or tram",Getting to work,unified_census,15,ns,North/South,"Find the line that puts 50% of people who commute by underground, metro or tram north of it",(diagonal),Newham,69,South,census-home-converted,2,14,census-commute-motorbike census-commute-train census-home-caravan census-home-commercial census-home-converted census-home-flat ge24-libdem hmrc-additional-rate hmrc-tax-amount osm-nandos osm-pret osm-sainsburys osm-waitrose repd-solar
census-commute-motorbike,Commuters by motorbike or moped,Getting to work,unified_census,15,ns,North/South,Find the line that puts 50% of people who ride a motorbike or moped to work north of it,(diagonal),Barnet,65,South,repd-solar,1,15,census-commute-metro census-commute-train census-home-caravan census-home-commercial census-home-converted census-home-flat ge24-libdem hmrc-additional-rate hmrc-higher-rate hmrc-tax-amount osm-nandos osm-pret osm-sainsburys osm-waitrose repd-solar
census-commute-taxi,Commuters by taxi,Getting to work,unified_census,15,ns,North/South,Find the line that puts 50% of people who get to work by taxi north of it,(diagonal),Stoke-on-Trent,53,North,osm-aldi,1,11,census-health-verybad census-heat-oil census-heat-wood census-qual-apprentice census-sick osm-aldi osm-chippies osm-golf osm-greggs osm-morrisons repd-solar-pipeline
census-commute-train,Commuters by train,Getting to work,unified_census,15,ns,North/South,Find the line that puts 50% of people who commute by train north of it,(diagonal),Newham,67,South,census-commute-metro,2,14,census-commute-metro census-commute-motorbike census-home-caravan census-home-commercial census-home-converted census-home-flat ge24-libdem hmrc-additional-rate hmrc-tax-amount osm-nandos osm-pret osm-sainsburys osm-waitrose repd-solar
census-health-verybad,Very bad health,Health & care,unified_census,15,ns,North/South,Find the line that puts 50% of people in very bad health north of it,(diagonal),Leicester,39,North,osm-chippies,1,12,census-carers-50h census-commute-taxi census-heat-renewable census-home-semi census-job-operatives census-qual-apprentice census-sick osm-aldi osm-chippies osm-golf osm-greggs repd-solar-pipeline
census-heat-bottled,Homes heated only by tank or bottled gas,Heating,unified_census,15,ns,North/South,Find the line that puts 50% of homes heated only by tank or bottled gas north of it,(diagonal),Shropshire,2,South,census-cars-3plus,0,28,census-cars-3plus census-cars-none census-commute-foot census-heat-gas census-home-terraced census-job-trades census-population census-qual-degree census-qual-none census-tenure-outright census-tenure-private census-tenure-social ge24-labour ge24-nonvoters ge24-reform hmrc-employed hmrc-pension hmrc-taxpayers osm-breweries osm-iceland osm-lidl osm-mcdonalds osm-pubs osm-starbucks osm-stations osm-wetherspoon pop-all repd-battery
census-heat-electric,Homes heated only by electricity,Heating,unified_census,15,ns,North/South,Find the line that puts 50% of homes heated only by electricity north of it,(diagonal),Milton Keynes,38,South,census-job-managers,0,15,census-commute-bike census-home-caravan census-home-flat census-hours-49plus census-job-managers census-work-from-home ge24-con ge24-green hmrc-higher-rate hmrc-self-employed osm-costa osm-mands osm-nandos osm-sainsburys osm-tesco
census-heat-gas,Homes heated only by mains gas,Heating,unified_census,15,ns,North/South,Find the line that puts 50% of homes heated only by mains gas north of it,(diagonal),Birmingham,7,North,osm-lidl,0,32,census-carers-50h census-cars-3plus census-cars-none census-commute-car census-commute-foot census-heat-bottled census-home-detached census-home-semi census-home-terraced census-job-operatives census-job-trades census-population census-qual-none census-tenure-outright census-tenure-social ge24-labour ge24-nonvoters ge24-reform hmrc-employed hmrc-pension hmrc-taxpayers osm-breweries osm-iceland osm-lidl osm-mcdonalds osm-pubs osm-starbucks osm-stations osm-wetherspoon osm-windmills pop-all repd-battery
census-heat-oil,Homes heated only by oil,Heating,unified_census,15,ns,North/South,Find the line that puts 50% of homes heated only by oil north of it,(diagonal),King's Lynn and West Norfolk,63,North,census-heat-wood,5,5,census-commute-taxi census-heat-wood osm-aldi osm-morrisons repd-solar-pipeline
census-heat-renewable,Homes heated only by renewables,Heating,unified_census,15,ns,North/South,Find the line that puts 50% of homes heated only by renewable energy north of it,(diagonal),East Suffolk,30,North,osm-greggs,5,15,census-carers-50h census-commute-car census-health-verybad census-home-detached census-home-semi census-job-operatives census-qual-apprentice census-sick ge24-labour osm-breweries osm-chippies osm-golf osm-greggs osm-windmills repd-battery
census-heat-solid,Homes heated only by solid fuel,Heating,unified_census,15,ns,North/South,"Find the line that puts 50% of homes heated only by solid fuel (coal, peat) north of it",(diagonal),North Kesteven,89,North,census-heat-oil,26,0,
census-heat-wood,Homes heated only by wood,Heating,unified_census,15,ns,North/South,Find the line that puts 50% of homes heated only by wood north of it,(diagonal),South Norfolk,58,North,osm-morrisons,1,7,census-commute-taxi census-heat-oil census-sick osm-aldi osm-golf osm-morrisons repd-solar-pipeline
census-home-caravan,Households in a caravan or mobile home,Homes,unified_census,15,ns,North/South,Find the line that puts 50% of households living in a caravan or mobile home north of it,(diagonal),Castle Point,51,South,census-home-flat,3,18,census-commute-bike census-commute-metro census-commute-motorbike census-commute-train census-heat-electric census-home-commercial census-home-flat census-job-managers census-work-from-home ge24-green hmrc-higher-rate hmrc-self-employed hmrc-tax-amount osm-mands osm-nandos osm-sainsburys osm-tesco repd-solar
census-home-commercial,Households in a commercial building,Homes,unified_census,15,ns,North/South,"Find the line that puts 50% of households living above a shop, in an office building or hotel north of it",(diagonal),Barnet,57,South,osm-sainsburys,2,18,census-commute-metro census-commute-motorbike census-commute-train census-home-caravan census-home-converted census-home-flat census-work-from-home ge24-libdem hmrc-additional-rate hmrc-higher-rate hmrc-self-employed hmrc-tax-amount osm-mands osm-nandos osm-pret osm-sainsburys osm-waitrose repd-solar
census-home-converted,Households in converted or shared houses,Homes,unified_census,15,ns,North/South,"Find the line that puts 50% of households in converted or shared houses, including bedsits north of it",(diagonal),Camden,71,South,hmrc-additional-rate,0,13,census-commute-metro census-commute-motorbike census-commute-train census-home-commercial census-home-flat ge24-libdem hmrc-additional-rate hmrc-tax-amount osm-nandos osm-pret osm-sainsburys osm-waitrose repd-solar
census-home-detached,Households in detached houses,Homes,unified_census,15,ns,North/South,Find the line that puts 50% of households in a detached house north of it,(diagonal),Shropshire,17,North,census-commute-car,1,31,census-carers-50h census-cars-none census-commute-car census-commute-foot census-heat-gas census-heat-renewable census-home-semi census-home-terraced census-job-operatives census-job-trades census-population census-qual-none census-tenure-outright census-tenure-social ge24-labour ge24-nonvoters ge24-reform hmrc-employed hmrc-pension hmrc-taxpayers osm-breweries osm-iceland osm-lidl osm-mcdonalds osm-pubs osm-starbucks osm-stations osm-wetherspoon osm-windmills pop-all repd-battery
census-home-flat,Households in purpose-built flats,Homes,unified_census,15,ns,North/South,Find the line that puts 50% of households in a purpose-built block of flats north of it,(diagonal),Enfield,54,South,osm-nandos,2,20,census-commute-bike census-commute-metro census-commute-motorbike census-commute-train census-heat-electric census-home-caravan census-home-commercial census-home-converted census-job-managers census-work-from-home ge24-green hmrc-additional-rate hmrc-higher-rate hmrc-self-employed hmrc-tax-amount osm-mands osm-nandos osm-sainsburys osm-tesco repd-solar
census-home-semi,Households in semi-detached houses,Homes,unified_census,15,ns,North/South,Find the line that puts 50% of households in a semi-detached house north of it,(diagonal),Walsall,24,North,census-job-operatives,1,26,census-carers-50h census-commute-car census-health-verybad census-heat-gas census-heat-renewable census-home-detached census-home-terraced census-job-operatives census-job-trades census-qual-apprentice census-qual-none census-tenure-outright census-tenure-social ge24-labour ge24-nonvoters hmrc-pension osm-breweries osm-chippies osm-golf osm-greggs osm-iceland osm-lidl osm-mcdonalds osm-pubs osm-windmills repd-battery
census-home-terraced,Households in terraced houses,Homes,unified_census,15,ns,North/South,Find the line that puts 50% of households in a terraced house north of it,(diagonal),Coventry,9,North,hmrc-pension,0,32,census-carers-50h census-cars-3plus census-cars-none census-commute-car census-commute-foot census-heat-bottled census-heat-gas census-home-detached census-home-semi census-job-operatives census-job-trades census-population census-qual-none census-tenure-outright census-tenure-social ge24-labour ge24-nonvoters ge24-reform hmrc-employed hmrc-pension hmrc-taxpayers osm-breweries osm-iceland osm-lidl osm-mcdonalds osm-pubs osm-starbucks osm-stations osm-wetherspoon osm-windmills pop-all repd-battery
census-hours-49plus,People working 49+ hours a week,Work & qualifications,unified_census,15,ns,North/South,Find the line that puts 50% of people working 49 or more hours a week north of it,(diagonal),Central Bedfordshire,28,South,ge24-con,2,11,census-commute-bike census-heat-electric census-job-managers census-qual-degree census-tenure-private census-work-from-home ge24-con ge24-green hmrc-self-employed osm-costa osm-tesco
census-job-managers,"Managers, directors and senior officials",Work & qualifications,unified_census,15,ns,North/South,"Find the line that puts 50% of managers, directors and senior officials north of it",(diagonal),Central Bedfordshire,38,South,census-commute-bike,0,14,census-commute-bike census-heat-electric census-home-caravan census-home-flat census-hours-49plus census-work-from-home ge24-con ge24-green hmrc-higher-rate hmrc-self-employed osm-costa osm-mands osm-nandos osm-tesco
census-job-operatives,"Process, plant and machine operatives",Work & qualifications,unified_census,15,ns,North/South,"Find the line that puts 50% of process, plant and machine operatives north of it",(diagonal),Leicester,22,North,census-home-semi,1,26,census-carers-50h census-commute-car census-health-verybad census-heat-gas census-heat-renewable census-home-detached census-home-semi census-home-terraced census-job-trades census-qual-apprentice census-qual-none census-tenure-outright census-tenure-social ge24-labour ge24-nonvoters ge24-reform hmrc-pension osm-breweries osm-chippies osm-greggs osm-iceland osm-lidl osm-mcdonalds osm-pubs osm-windmills repd-battery
census-job-trades,Skilled trades,Work & qualifications,unified_census,15,ns,North/South,Find the line that puts 50% of people working in skilled trades north of it,(diagonal),Birmingham,7,North,osm-lidl,0,32,census-carers-50h census-cars-3plus census-cars-none census-commute-car census-commute-foot census-heat-bottled census-heat-gas census-home-detached census-home-semi census-home-terraced census-job-operatives census-population census-qual-none census-tenure-outright census-tenure-social ge24-labour ge24-nonvoters ge24-reform hmrc-employed hmrc-pension hmrc-taxpayers osm-breweries osm-iceland osm-lidl osm-mcdonalds osm-pubs osm-starbucks osm-stations osm-wetherspoon osm-windmills pop-all repd-battery
census-population,Usual residents (census),Population,unified_census,15,ns,North/South,Find the line that puts 50% of the UK's residents north of it,(diagonal),Birmingham,0,,pop-all,0,30,census-cars-3plus census-cars-none census-commute-car census-commute-foot census-heat-bottled census-heat-gas census-home-detached census-home-terraced census-job-trades census-qual-degree census-qual-none census-tenure-outright census-tenure-private census-tenure-social ge24-labour ge24-nonvoters ge24-reform hmrc-employed hmrc-pension hmrc-taxpayers osm-breweries osm-iceland osm-lidl osm-mcdonalds osm-pubs osm-starbucks osm-stations osm-wetherspoon pop-all repd-battery
census-qual-apprentice,Apprenticeships,Work & qualifications,unified_census,15,ns,North/South,Find the line that puts 50% of people whose highest qualification is an apprenticeship north of it,(diagonal),East Suffolk,37,North,osm-chippies,1,12,census-carers-50h census-commute-taxi census-health-verybad census-heat-renewable census-home-semi census-job-operatives census-sick osm-aldi osm-chippies osm-golf osm-greggs repd-solar-pipeline
census-qual-degree,Degree-level qualifications,Work & qualifications,unified_census,15,ns,North/South,Find the line that puts 50% of people with a degree-level qualification or above north of it,(diagonal),Birmingham,12,South,census-tenure-private,1,16,census-cars-3plus census-cars-none census-commute-foot census-heat-bottled census-hours-49plus census-population census-tenure-private ge24-con ge24-reform hmrc-employed hmrc-taxpayers osm-costa osm-starbucks osm-stations osm-wetherspoon pop-all
census-qual-none,No qualifications,Work & qualifications,unified_census,15,ns,North/South,Find the line that puts 50% of adults with no qualifications north of it,(diagonal),Sandwell,11,North,osm-mcdonalds,0,32,census-carers-50h census-cars-3plus census-cars-none census-commute-car census-commute-foot census-heat-bottled census-heat-gas census-home-detached census-home-semi census-home-terraced census-job-operatives census-job-trades census-population census-tenure-outright census-tenure-social ge24-labour ge24-nonvoters ge24-reform hmrc-employed hmrc-pension hmrc-taxpayers osm-breweries osm-iceland osm-lidl osm-mcdonalds osm-pubs osm-starbucks osm-stations osm-wetherspoon osm-windmills pop-all repd-battery
census-sick,Long-term sick or disabled,Health & care,unified_census,15,ns,North/South,Find the line that puts 50% of people out of work because they are long-term sick or disabled north of it,(diagonal),Leicester,42,North,osm-golf,1,11,census-commute-taxi census-health-verybad census-heat-renewable census-heat-wood census-qual-apprentice osm-aldi osm-chippies osm-golf osm-greggs osm-morrisons repd-solar-pipeline
census-tenure-outright,Households that own outright,Owning & renting,unified_census,15,ns,North/South,Find the line that puts 50% of households that own their home outright north of it,(diagonal),Birmingham,10,North,census-tenure-social,0,32,census-carers-50h census-cars-3plus census-cars-none census-commute-car census-commute-foot census-heat-bottled census-heat-gas census-home-detached census-home-semi census-home-terraced census-job-operatives census-job-trades census-population census-qual-none census-tenure-social ge24-labour ge24-nonvoters ge24-reform hmrc-employed hmrc-pension hmrc-taxpayers osm-breweries osm-iceland osm-lidl osm-mcdonalds osm-pubs osm-starbucks osm-stations osm-wetherspoon osm-windmills pop-all repd-battery
census-tenure-private,Households renting privately,Owning & renting,unified_census,15,ns,North/South,Find the line that puts 50% of households renting privately north of it,(diagonal),Birmingham,13,South,census-qual-degree,1,15,census-cars-3plus census-cars-none census-commute-foot census-heat-bottled census-hours-49plus census-population census-qual-degree ge24-con hmrc-employed hmrc-taxpayers osm-costa osm-starbucks osm-stations osm-wetherspoon pop-all
census-tenure-social,Households renting socially,Owning & renting,unified_census,15,ns,North/South,Find the line that puts 50% of households in social housing north of it,(diagonal),Sandwell,10,North,census-tenure-outright,0,32,census-carers-50h census-cars-3plus census-cars-none census-commute-car census-commute-foot census-heat-bottled census-heat-gas census-home-detached census-home-semi census-home-terraced census-job-operatives census-job-trades census-population census-qual-none census-tenure-outright ge24-labour ge24-nonvoters ge24-reform hmrc-employed hmrc-pension hmrc-taxpayers osm-breweries osm-iceland osm-lidl osm-mcdonalds osm-pubs osm-starbucks osm-stations osm-wetherspoon osm-windmills pop-all repd-battery
census-work-from-home,People working mainly from home,Getting to work,unified_census,15,ns,North/South,Find the line that puts 50% of people who work mainly from home north of it,(diagonal),St Albans,44,South,hmrc-self-employed,1,15,census-commute-bike census-heat-electric census-home-caravan census-home-commercial census-home-flat census-hours-49plus census-job-managers ge24-con ge24-green hmrc-higher-rate hmrc-self-employed osm-mands osm-nandos osm-sainsburys osm-tesco
ge24-con,"Conservative votes, 2024",Election night,ge2024,15,ns,North/South,Find the line that puts 50% of votes cast for the Conservatives in 2024 north of it,(diagonal),Droitwich and Evesham,29,South,census-hours-49plus,2,13,census-commute-bike census-heat-electric census-hours-49plus census-job-managers census-qual-degree census-tenure-private census-work-from-home ge24-green hmrc-higher-rate hmrc-self-employed osm-costa osm-mands osm-tesco
ge24-green,"Green votes, 2024",Election night,ge2024,15,ns,North/South,Find the line that puts 50% of votes cast for the Greens in 2024 north of it,(diagonal),West Worcestershire,37,South,osm-tesco,0,13,census-commute-bike census-heat-electric census-home-caravan census-home-flat census-hours-49plus census-job-managers census-work-from-home ge24-con hmrc-higher-rate hmrc-self-employed osm-costa osm-mands osm-tesco
ge24-labour,"Labour votes, 2024",Election night,ge2024,15,ns,North/South,Find the line that puts 50% of votes cast for Labour in 2024 north of it,(diagonal),Shrewsbury,12,North,osm-breweries,0,33,census-carers-50h census-cars-3plus census-cars-none census-commute-car census-commute-foot census-heat-bottled census-heat-gas census-heat-renewable census-home-detached census-home-semi census-home-terraced census-job-operatives census-job-trades census-population census-qual-none census-tenure-outright census-tenure-social ge24-nonvoters ge24-reform hmrc-employed hmrc-pension hmrc-taxpayers osm-breweries osm-iceland osm-lidl osm-mcdonalds osm-pubs osm-starbucks osm-stations osm-wetherspoon osm-windmills pop-all repd-battery
ge24-libdem,"Liberal Democrat votes, 2024",Election night,ge2024,15,ns,North/South,Find the line that puts 50% of votes cast for the Liberal Democrats in 2024 north of it,(diagonal),Witney,75,South,osm-waitrose,1,10,census-commute-metro census-commute-motorbike census-commute-train census-home-commercial census-home-converted hmrc-additional-rate hmrc-tax-amount osm-pret osm-waitrose repd-solar
ge24-nonvoters,"Registered voters who did not vote, 2024",Election night,ge2024,15,ns,North/South,Find the line that puts 50% of registered voters who stayed at home in 2024 north of it,(diagonal),Wolverhampton South East,10,North,census-tenure-outright,0,32,census-carers-50h census-cars-3plus census-cars-none census-commute-car census-commute-foot census-heat-bottled census-heat-gas census-home-detached census-home-semi census-home-terraced census-job-operatives census-job-trades census-population census-qual-none census-tenure-outright census-tenure-social ge24-labour ge24-reform hmrc-employed hmrc-pension hmrc-taxpayers osm-breweries osm-iceland osm-lidl osm-mcdonalds osm-pubs osm-starbucks osm-stations osm-wetherspoon osm-windmills pop-all repd-battery
ge24-reform,"Reform UK votes, 2024",Election night,ge2024,15,ns,North/South,Find the line that puts 50% of votes cast for Reform UK in 2024 north of it,(diagonal),Telford,6,North,osm-iceland,1,32,census-carers-50h census-cars-3plus census-cars-none census-commute-car census-commute-foot census-heat-bottled census-heat-gas census-home-detached census-home-terraced census-job-operatives census-job-trades census-population census-qual-degree census-qual-none census-tenure-outright census-tenure-social ge24-labour ge24-nonvoters hmrc-employed hmrc-pension hmrc-taxpayers osm-breweries osm-iceland osm-lidl osm-mcdonalds osm-pubs osm-starbucks osm-stations osm-wetherspoon osm-windmills pop-all repd-battery
hmrc-additional-rate,Additional-rate (top-rate) taxpayers,Income & tax,hmrc,15,ns,North/South,Find the line that puts 50% of top-rate taxpayers north of it,(diagonal),Westminster,71,South,census-home-converted,0,13,census-commute-metro census-commute-motorbike census-commute-train census-home-commercial census-home-converted census-home-flat ge24-libdem hmrc-tax-amount osm-nandos osm-pret osm-sainsburys osm-waitrose repd-solar
hmrc-employed,Taxpayers with a job,Income & tax,hmrc,15,ns,North/South,Find the line that puts 50% of taxpayers with income from a job north of it,(diagonal),Birmingham,1,South,hmrc-taxpayers,0,29,census-cars-3plus census-cars-none census-commute-foot census-heat-bottled census-heat-gas census-home-detached census-home-terraced census-job-trades census-population census-qual-degree census-qual-none census-tenure-outright census-tenure-private census-tenure-social ge24-labour ge24-nonvoters ge24-reform hmrc-pension hmrc-taxpayers osm-breweries osm-iceland osm-lidl osm-mcdonalds osm-pubs osm-starbucks osm-stations osm-wetherspoon pop-all repd-battery
hmrc-higher-rate,Higher-rate taxpayers,Income & tax,hmrc,15,ns,North/South,Find the line that puts 50% of higher-rate taxpayers north of it,(diagonal),Buckinghamshire,47,South,osm-mands,1,17,census-commute-bike census-commute-motorbike census-heat-electric census-home-caravan census-home-commercial census-home-flat census-job-managers census-work-from-home ge24-con ge24-green hmrc-self-employed hmrc-tax-amount osm-mands osm-nandos osm-sainsburys osm-tesco repd-solar
hmrc-pension,Taxpayers with pension income,Income & tax,hmrc,15,ns,North/South,Find the line that puts 50% of taxpayers drawing a pension north of it,(diagonal),Birmingham,8,North,census-home-terraced,0,32,census-carers-50h census-cars-3plus census-cars-none census-commute-car census-commute-foot census-heat-bottled census-heat-gas census-home-detached census-home-semi census-home-terraced census-job-operatives census-job-trades census-population census-qual-none census-tenure-outright census-tenure-social ge24-labour ge24-nonvoters ge24-reform hmrc-employed hmrc-taxpayers osm-breweries osm-iceland osm-lidl osm-mcdonalds osm-pubs osm-starbucks osm-stations osm-wetherspoon osm-windmills pop-all repd-battery
hmrc-self-employed,Self-employed taxpayers,Income & tax,hmrc,15,ns,North/South,Find the line that puts 50% of self-employed taxpayers north of it,(diagonal),Luton,44,South,census-work-from-home,1,15,census-commute-bike census-heat-electric census-home-caravan census-home-commercial census-home-flat census-hours-49plus census-job-managers census-work-from-home ge24-con ge24-green hmrc-higher-rate osm-mands osm-nandos osm-sainsburys osm-tesco
hmrc-tax-amount,Income tax paid,Income & tax,hmrc,15,ns,North/South,Find the line that puts 50% of all income tax paid north of it,(diagonal),Buckinghamshire,63,South,repd-solar,1,16,census-commute-metro census-commute-motorbike census-commute-train census-home-caravan census-home-commercial census-home-converted census-home-flat ge24-libdem hmrc-additional-rate hmrc-higher-rate osm-mands osm-nandos osm-pret osm-sainsburys osm-waitrose repd-solar
hmrc-taxpayers,Income taxpayers,Income & tax,hmrc,15,ns,North/South,Find the line that puts 50% of income taxpayers north of it,(diagonal),Birmingham,1,South,hmrc-employed,0,29,census-cars-3plus census-cars-none census-commute-foot census-heat-bottled census-heat-gas census-home-detached census-home-terraced census-job-trades census-population census-qual-degree census-qual-none census-tenure-outright census-tenure-private census-tenure-social ge24-labour ge24-nonvoters ge24-reform hmrc-employed hmrc-pension osm-breweries osm-iceland osm-lidl osm-mcdonalds osm-pubs osm-starbucks osm-stations osm-wetherspoon pop-all repd-battery
osm-aldi,Aldi shops,Supermarket sweep,osm,15,ns,North/South,Find the line that puts 50% of Aldi shops north of it,(diagonal),Nottingham,53,North,census-commute-taxi,1,10,census-commute-taxi census-health-verybad census-heat-oil census-heat-wood census-qual-apprentice census-sick osm-chippies osm-golf osm-morrisons repd-solar-pipeline
osm-breweries,Breweries,Out and about,osm,15,ns,North/South,Find the line that puts 50% of breweries north of it,(diagonal),West Suffolk,12,North,ge24-labour,0,33,census-carers-50h census-cars-3plus census-cars-none census-commute-car census-commute-foot census-heat-bottled census-heat-gas census-heat-renewable census-home-detached census-home-semi census-home-terraced census-job-operatives census-job-trades census-population census-qual-none census-tenure-outright census-tenure-social ge24-labour ge24-nonvoters ge24-reform hmrc-employed hmrc-pension hmrc-taxpayers osm-iceland osm-lidl osm-mcdonalds osm-pubs osm-starbucks osm-stations osm-wetherspoon osm-windmills pop-all repd-battery
osm-castles,Castles,Heritage & coast,osm,15,ns,North/South,Find the line that puts 50% of castles north of it,(diagonal),North Yorkshire,189,North,repd-wind-offshore,50,0,
osm-chippies,Fish and chip shops,Out and about,osm,15,ns,North/South,Find the line that puts 50% of fish and chip shops north of it,(diagonal),East Suffolk,38,North,census-health-verybad,1,12,census-carers-50h census-commute-taxi census-health-verybad census-heat-renewable census-home-semi census-job-operatives census-qual-apprentice census-sick osm-aldi osm-golf osm-greggs repd-solar-pipeline
osm-costa,Costa Coffee shops,High street,osm,15,ns,North/South,Find the line that puts 50% of Costa Coffee shops north of it,(diagonal),West Northamptonshire,23,South,census-hours-49plus,4,9,census-commute-bike census-heat-electric census-hours-49plus census-job-managers census-qual-degree census-tenure-private ge24-con ge24-green osm-tesco
osm-distilleries,Distilleries,Out and about,osm,15,ns,North/South,Find the line that puts 50% of distilleries north of it,(diagonal),East Lothian,347,North,repd-wind-onshore,59,0,
osm-golf,Golf courses,Out and about,osm,15,ns,North/South,Find the line that puts 50% of golf courses north of it,(diagonal),East Suffolk,42,North,census-sick,1,12,census-commute-taxi census-health-verybad census-heat-renewable census-heat-wood census-home-semi census-qual-apprentice census-sick osm-aldi osm-chippies osm-greggs osm-morrisons repd-solar-pipeline
osm-greggs,Greggs shops,High street,osm,15,ns,North/South,Find the line that puts 50% of Greggs shops north of it,(diagonal),Peterborough,35,North,census-qual-apprentice,2,13,census-carers-50h census-commute-car census-commute-taxi census-health-verybad census-heat-renewable census-home-semi census-job-operatives census-qual-apprentice census-sick osm-chippies osm-golf osm-windmills repd-solar-pipeline
osm-iceland,Iceland shops,Supermarket sweep,osm,15,ns,North/South,Find the line that puts 50% of Iceland shops north of it,(diagonal),Birmingham,7,North,census-heat-gas,0,32,census-carers-50h census-cars-3plus census-cars-none census-commute-car census-commute-foot census-heat-bottled census-heat-gas census-home-detached census-home-semi census-home-terraced census-job-operatives census-job-trades census-population census-qual-none census-tenure-outright census-tenure-social ge24-labour ge24-nonvoters ge24-reform hmrc-employed hmrc-pension hmrc-taxpayers osm-breweries osm-lidl osm-mcdonalds osm-pubs osm-starbucks osm-stations osm-wetherspoon osm-windmills pop-all repd-battery
osm-lidl,Lidl shops,Supermarket sweep,osm,15,ns,North/South,Find the line that puts 50% of Lidl shops north of it,(diagonal),Birmingham,7,North,census-job-trades,0,32,census-carers-50h census-cars-3plus census-cars-none census-commute-car census-commute-foot census-heat-bottled census-heat-gas census-home-detached census-home-semi census-home-terraced census-job-operatives census-job-trades census-population census-qual-none census-tenure-outright census-tenure-social ge24-labour ge24-nonvoters ge24-reform hmrc-employed hmrc-pension hmrc-taxpayers osm-breweries osm-iceland osm-mcdonalds osm-pubs osm-starbucks osm-stations osm-wetherspoon osm-windmills pop-all repd-battery
osm-lighthouses,Lighthouses,Heritage & coast,osm,15,ns,North/South,Find the line that puts 50% of lighthouses north of it,(diagonal),Argyll and Bute,270,North,repd-wind-onshore,19,0,
osm-mands,M&S shops,Supermarket sweep,osm,15,ns,North/South,Find the line that puts 50% of Marks & Spencer shops north of it,(diagonal),Chelmsford,47,South,hmrc-higher-rate,1,16,census-commute-bike census-heat-electric census-home-caravan census-home-commercial census-home-flat census-job-managers census-work-from-home ge24-con ge24-green hmrc-higher-rate hmrc-self-employed hmrc-tax-amount osm-nandos osm-sainsburys osm-tesco repd-solar
osm-mcdonalds,McDonald's restaurants,High street,osm,15,ns,North/South,Find the line that puts 50% of McDonald's restaurants north of it,(diagonal),Birmingham,11,North,census-tenure-social,0,32,census-carers-50h census-cars-3plus census-cars-none census-commute-car census-commute-foot census-heat-bottled census-heat-gas census-home-detached census-home-semi census-home-terraced census-job-operatives census-job-trades census-population census-qual-none census-tenure-outright census-tenure-social ge24-labour ge24-nonvoters ge24-reform hmrc-employed hmrc-pension hmrc-taxpayers osm-breweries osm-iceland osm-lidl osm-pubs osm-starbucks osm-stations osm-wetherspoon osm-windmills pop-all repd-battery
osm-morrisons,Morrisons supermarkets,Supermarket sweep,osm,15,ns,North/South,Find the line that puts 50% of Morrisons supermarkets north of it,(diagonal),Cheshire East,57,North,census-heat-wood,1,7,census-commute-taxi census-heat-oil census-heat-wood census-sick osm-aldi osm-golf repd-solar-pipeline
osm-nandos,Nando's restaurants,High street,osm,15,ns,North/South,Find the line that puts 50% of Nando's restaurants north of it,(diagonal),Basildon,55,South,osm-sainsburys,1,19,census-commute-bike census-commute-metro census-commute-motorbike census-commute-train census-heat-electric census-home-caravan census-home-commercial census-home-converted census-home-flat census-job-managers census-work-from-home hmrc-additional-rate hmrc-higher-rate hmrc-self-employed hmrc-tax-amount osm-mands osm-pret osm-sainsburys repd-solar
osm-pret,Pret A Manger shops,High street,osm,15,ns,North/South,Find the line that puts 50% of Pret A Manger shops north of it,(diagonal),City of London,73,South,hmrc-additional-rate,2,12,census-commute-metro census-commute-motorbike census-commute-train census-home-commercial census-home-converted ge24-libdem hmrc-additional-rate hmrc-tax-amount osm-nandos osm-sainsburys osm-waitrose repd-solar
osm-pubs,Pubs,Out and about,osm,15,ns,North/South,Find the line that puts 50% of pubs north of it,(diagonal),Shropshire,10,North,ge24-nonvoters,1,32,census-carers-50h census-cars-3plus census-cars-none census-commute-car census-commute-foot census-heat-bottled census-heat-gas census-home-detached census-home-semi census-home-terraced census-job-operatives census-job-trades census-population census-qual-none census-tenure-outright census-tenure-social ge24-labour ge24-nonvoters ge24-reform hmrc-employed hmrc-pension hmrc-taxpayers osm-breweries osm-iceland osm-lidl osm-mcdonalds osm-starbucks osm-stations osm-wetherspoon osm-windmills pop-all repd-battery
osm-sainsburys,Sainsbury's shops (all formats),Supermarket sweep,osm,15,ns,North/South,Find the line that puts 50% of Sainsbury's shops of every size north of it,(diagonal),Buckinghamshire,56,South,osm-nandos,1,17,census-commute-metro census-commute-motorbike census-commute-train census-heat-electric census-home-caravan census-home-commercial census-home-converted census-home-flat census-work-from-home hmrc-additional-rate hmrc-higher-rate hmrc-self-employed hmrc-tax-amount osm-mands osm-nandos osm-pret repd-solar
osm-standing-stones,Standing stones and other megaliths,Heritage & coast,osm,15,ns,North/South,Find the line that puts 50% of standing stones and other megaliths north of it,(diagonal),"Newry, Mourne and Down",135,North,repd-wind-offshore,4,2,repd-battery-pipeline repd-wind-offshore
osm-starbucks,Starbucks shops,High street,osm,15,ns,North/South,Find the line that puts 50% of Starbucks shops north of it,(diagonal),Birmingham,1,South,census-commute-foot,0,29,census-cars-3plus census-cars-none census-commute-foot census-heat-bottled census-heat-gas census-home-detached census-home-terraced census-job-trades census-population census-qual-degree census-qual-none census-tenure-outright census-tenure-private census-tenure-social ge24-labour ge24-nonvoters ge24-reform hmrc-employed hmrc-pension hmrc-taxpayers osm-breweries osm-iceland osm-lidl osm-mcdonalds osm-pubs osm-stations osm-wetherspoon pop-all repd-battery
osm-stations,Railway stations,Out and about,osm,15,ns,North/South,Find the line that puts 50% of railway stations north of it,(diagonal),Gwynedd,2,North,osm-wetherspoon,1,31,census-cars-3plus census-cars-none census-commute-car census-commute-foot census-heat-bottled census-heat-gas census-home-detached census-home-terraced census-job-trades census-population census-qual-degree census-qual-none census-tenure-outright census-tenure-private census-tenure-social ge24-labour ge24-nonvoters ge24-reform hmrc-employed hmrc-pension hmrc-taxpayers osm-breweries osm-iceland osm-lidl osm-mcdonalds osm-pubs osm-starbucks osm-wetherspoon osm-windmills pop-all repd-battery
osm-tesco,Tesco shops (all formats),Supermarket sweep,osm,15,ns,North/South,Find the line that puts 50% of Tesco shops of every size north of it,(diagonal),Milton Keynes,36,South,ge24-green,0,13,census-commute-bike census-heat-electric census-home-caravan census-home-flat census-hours-49plus census-job-managers census-work-from-home ge24-con ge24-green hmrc-higher-rate hmrc-self-employed osm-costa osm-mands
osm-waitrose,Waitrose shops,Supermarket sweep,osm,15,ns,North/South,Find the line that puts 50% of Waitrose shops north of it,(diagonal),Westminster,75,South,ge24-libdem,1,10,census-commute-metro census-commute-motorbike census-commute-train census-home-commercial census-home-converted ge24-libdem hmrc-additional-rate hmrc-tax-amount osm-pret repd-solar
osm-wetherspoon,Wetherspoon pubs,High street,osm,15,ns,North/South,Find the line that puts 50% of Wetherspoon pubs north of it,(diagonal),Birmingham,3,North,osm-stations,1,31,census-cars-3plus census-cars-none census-commute-car census-commute-foot census-heat-bottled census-heat-gas census-home-detached census-home-terraced census-job-trades census-population census-qual-degree census-qual-none census-tenure-outright census-tenure-private census-tenure-social ge24-labour ge24-nonvoters ge24-reform hmrc-employed hmrc-pension hmrc-taxpayers osm-breweries osm-iceland osm-lidl osm-mcdonalds osm-pubs osm-starbucks osm-stations osm-windmills pop-all repd-battery
osm-windmills,Windmills (historic),Heritage & coast,osm,15,ns,North/South,Find the line that puts 50% of old windmills north of it,(diagonal),South Cambridgeshire,19,North,census-commute-car,1,25,census-carers-50h census-commute-car census-heat-gas census-heat-renewable census-home-detached census-home-semi census-home-terraced census-job-operatives census-job-trades census-qual-none census-tenure-outright census-tenure-social ge24-labour ge24-nonvoters ge24-reform hmrc-pension osm-breweries osm-greggs osm-iceland osm-lidl osm-mcdonalds osm-pubs osm-stations osm-wetherspoon repd-battery
pop-all,Population,Population,population,15,ns,North/South,Find the line that puts 50% of the UK's population north of it,(diagonal),Birmingham,0,South,census-population,0,30,census-cars-3plus census-cars-none census-commute-car census-commute-foot census-heat-bottled census-heat-gas census-home-detached census-home-terraced census-job-trades census-population census-qual-degree census-qual-none census-tenure-outright census-tenure-private census-tenure-social ge24-labour ge24-nonvoters ge24-reform hmrc-employed hmrc-pension hmrc-taxpayers osm-breweries osm-iceland osm-lidl osm-mcdonalds osm-pubs osm-starbucks osm-stations osm-wetherspoon repd-battery
repd-battery,Battery storage capacity (MW),Power,repd,15,ns,North/South,Find the line that puts 50% of grid battery storage capacity north of it,(diagonal),Mid Suffolk,13,North,ge24-labour,0,33,census-carers-50h census-cars-3plus census-cars-none census-commute-car census-commute-foot census-heat-bottled census-heat-gas census-heat-renewable census-home-detached census-home-semi census-home-terraced census-job-operatives census-job-trades census-population census-qual-none census-tenure-outright census-tenure-social ge24-labour ge24-nonvoters ge24-reform hmrc-employed hmrc-pension hmrc-taxpayers osm-breweries osm-iceland osm-lidl osm-mcdonalds osm-pubs osm-starbucks osm-stations osm-wetherspoon osm-windmills pop-all
repd-battery-pipeline,Battery storage consented or being built (MW),Power,repd,15,ns,North/South,Find the line that puts 50% of battery storage capacity that is consented or under construction north of it,(diagonal),Doncaster,126,North,osm-standing-stones,10,2,osm-standing-stones repd-wind-offshore
repd-hydro,Hydro-electric schemes,Power,repd,15,ns,North/South,Find the line that puts 50% of hydro-electric schemes north of it,(diagonal),Highland,411,North,osm-distilleries,66,0,
repd-solar,Solar farm capacity (MW),Power,repd,15,ns,North/South,Find the line that puts 50% of solar farm capacity north of it,(diagonal),Thurrock,64,South,census-commute-motorbike,1,16,census-commute-metro census-commute-motorbike census-commute-train census-home-caravan census-home-commercial census-home-converted census-home-flat ge24-libdem hmrc-additional-rate hmrc-higher-rate hmrc-tax-amount osm-mands osm-nandos osm-pret osm-sainsburys osm-waitrose
repd-solar-pipeline,Solar capacity consented or being built (MW),Power,repd,15,ns,North/South,Find the line that puts 50% of solar capacity that is consented or under construction north of it,(diagonal),South Holland,52,North,census-commute-taxi,1,11,census-commute-taxi census-health-verybad census-heat-oil census-heat-wood census-qual-apprentice census-sick osm-aldi osm-chippies osm-golf osm-greggs osm-morrisons
repd-wind-offshore,Offshore wind capacity (MW),Power,repd,15,ns,North/South,Find the line that puts 50% of offshore wind power capacity north of it,(diagonal),North Norfolk,140,North,osm-standing-stones,4,2,osm-standing-stones repd-battery-pipeline
repd-wind-onshore,Onshore wind capacity (MW),Power,repd,15,ns,North/South,Find the line that puts 50% of onshore wind power capacity north of it,(diagonal),South Lanarkshire,288,North,osm-lighthouses,19,0,
census-carers-50h,Carers giving 50+ hours a week,Health & care,unified_census,30,ns,North-east/South-west,Find the line that puts 50% of people giving 50 or more hours of unpaid care a week north-east of it,(diagonal),North Northamptonshire,24,North-east,osm-breweries,1,28,census-commute-car census-health-verybad census-heat-gas census-heat-oil census-heat-renewable census-home-detached census-home-semi census-home-terraced census-job-operatives census-qual-apprentice census-qual-none census-sick census-tenure-outright census-tenure-social ge24-labour ge24-nonvoters ge24-reform hmrc-pension osm-breweries osm-chippies osm-golf osm-greggs osm-iceland osm-lidl osm-mcdonalds osm-pubs osm-windmills repd-battery
census-cars-3plus,Households with 3+ cars,Owning & renting,unified_census,30,ns,North-east/South-west,Find the line that puts 50% of households with three or more cars or vans north-east of it,(diagonal),Birmingham,2,South-west,hmrc-taxpayers,1,35,census-cars-none census-commute-bike census-commute-foot census-heat-bottled census-heat-electric census-heat-gas census-home-terraced census-hours-49plus census-job-managers census-job-trades census-population census-qual-degree census-tenure-outright census-tenure-private census-tenure-social census-work-from-home ge24-con ge24-green ge24-labour ge24-nonvoters ge24-reform hmrc-employed hmrc-pension hmrc-taxpayers osm-costa osm-iceland osm-lidl osm-mands osm-mcdonalds osm-pubs osm-starbucks osm-stations osm-tesco osm-wetherspoon pop-all
census-cars-none,Households with no car,Owning & renting,unified_census,30,ns,North-east/South-west,Find the line that puts 50% of households with no car or van north-east of it,(diagonal),Birmingham,0,North-east,census-commute-foot,0,35,census-cars-3plus census-commute-bike census-commute-foot census-heat-bottled census-heat-electric census-heat-gas census-home-terraced census-hours-49plus census-job-managers census-job-trades census-population census-qual-degree census-tenure-outright census-tenure-private census-tenure-social census-work-from-home ge24-con ge24-green ge24-labour ge24-nonvoters ge24-reform hmrc-employed hmrc-pension hmrc-taxpayers osm-costa osm-iceland osm-lidl osm-mands osm-mcdonalds osm-pubs osm-starbucks osm-stations osm-tesco osm-wetherspoon pop-all
census-commute-bike,Commuters by bicycle,Getting to work,unified_census,30,ns,North-east/South-west,Find the line that puts 50% of people who cycle to work north-east of it,(diagonal),Birmingham,13,South-west,census-heat-electric,1,31,census-cars-3plus census-cars-none census-commute-foot census-heat-bottled census-heat-electric census-home-caravan census-home-commercial census-home-flat census-hours-49plus census-job-managers census-job-trades census-population census-qual-degree census-tenure-private census-work-from-home ge24-con ge24-green hmrc-employed hmrc-higher-rate hmrc-self-employed hmrc-taxpayers osm-costa osm-mands osm-nandos osm-sainsburys osm-starbucks osm-stations osm-tesco osm-wetherspoon pop-all repd-solar
census-commute-car,Commuters by car or van,Getting to work,unified_census,30,ns,North-east/South-west,Find the line that puts 50% of people who drive to work north-east of it,(diagonal),North Northamptonshire,22,North-east,osm-windmills,0,28,census-carers-50h census-health-verybad census-heat-gas census-heat-oil census-heat-renewable census-home-detached census-home-semi census-home-terraced census-job-operatives census-qual-apprentice census-qual-none census-sick census-tenure-outright census-tenure-social ge24-labour ge24-nonvoters ge24-reform hmrc-pension osm-breweries osm-chippies osm-golf osm-greggs osm-iceland osm-lidl osm-mcdonalds osm-pubs osm-windmills repd-battery
census-commute-foot,Commuters on foot,Getting to work,unified_census,30,ns,North-east/South-west,Find the line that puts 50% of people who walk to work north-east of it,(diagonal),Birmingham,0,North-east,census-cars-none,0,35,census-cars-3plus census-cars-none census-commute-bike census-heat-bottled census-heat-electric census-heat-gas census-home-terraced census-hours-49plus census-job-managers census-job-trades census-population census-qual-degree census-tenure-outright census-tenure-private census-tenure-social census-work-from-home ge24-con ge24-green ge24-labour ge24-nonvoters ge24-reform hmrc-employed hmrc-pension hmrc-taxpayers osm-costa osm-iceland osm-lidl osm-mands osm-mcdonalds osm-pubs osm-starbucks osm-stations osm-tesco osm-wetherspoon pop-all
census-commute-metro,"Commuters by underground, metro or tram",Getting to work,unified_census,30,ns,North-east/South-west,"Find the line that puts 50% of people who commute by underground, metro or tram north-east of it",(diagonal),Newham,36,South-west,census-home-converted,2,16,census-commute-motorbike census-commute-train census-home-caravan census-home-commercial census-home-converted census-home-flat ge24-libdem hmrc-additional-rate hmrc-higher-rate hmrc-self-employed hmrc-tax-amount osm-nandos osm-pret osm-sainsburys osm-waitrose repd-solar
census-commute-motorbike,Commuters by motorbike or moped,Getting to work,unified_census,30,ns,North-east/South-west,Find the line that puts 50% of people who ride a motorbike or moped to work north-east of it,(diagonal),Barnet,31,South-west,census-commute-train,0,21,census-commute-metro census-commute-train census-heat-electric census-home-caravan census-home-commercial census-home-converted census-home-flat census-job-managers census-work-from-home ge24-green hmrc-additional-rate hmrc-higher-rate hmrc-self-employed hmrc-tax-amount osm-mands osm-nandos osm-pret osm-sainsburys osm-tesco osm-waitrose repd-solar
census-commute-taxi,Commuters by taxi,Getting to work,unified_census,30,ns,North-east/South-west,Find the line that puts 50% of people who get to work by taxi north-east of it,(diagonal),Stoke-on-Trent,42,North-east,osm-morrisons,3,15,census-health-verybad census-heat-oil census-heat-renewable census-heat-wood census-home-semi census-job-operatives census-qual-apprentice census-sick osm-aldi osm-breweries osm-chippies osm-golf osm-greggs osm-morrisons repd-battery
census-commute-train,Commuters by train,Getting to work,unified_census,30,ns,North-east/South-west,Find the line that puts 50% of people who commute by train north-east of it,(diagonal),Newham,32,South-west,census-commute-motorbike,0,22,census-commute-metro census-commute-motorbike census-heat-electric census-home-caravan census-home-commercial census-home-converted census-home-flat census-job-managers census-work-from-home ge24-green ge24-libdem hmrc-additional-rate hmrc-higher-rate hmrc-self-employed hmrc-tax-amount osm-mands osm-nandos osm-pret osm-sainsburys osm-tesco osm-waitrose repd-solar
census-health-verybad,Very bad health,Health & care,unified_census,30,ns,North-east/South-west,Find the line that puts 50% of people in very bad health north-east of it,(diagonal),Wirral,34,North-east,census-qual-apprentice,0,19,census-carers-50h census-commute-car census-commute-taxi census-heat-oil census-heat-renewable census-home-detached census-home-semi census-job-operatives census-qual-apprentice census-qual-none census-sick osm-aldi osm-breweries osm-chippies osm-golf osm-greggs osm-morrisons osm-windmills repd-battery
census-heat-bottled,Homes heated only by tank or bottled gas,Heating,unified_census,30,ns,North-east/South-west,Find the line that puts 50% of homes heated only by tank or bottled gas north-east of it,(diagonal),Isle of Anglesey,7,South-west,census-tenure-private,0,38,census-cars-3plus census-cars-none census-commute-bike census-commute-foot census-heat-electric census-heat-gas census-home-caravan census-home-flat census-home-terraced census-hours-49plus census-job-managers census-job-trades census-population census-qual-degree census-tenure-private census-work-from-home ge24-con ge24-green ge24-reform hmrc-employed hmrc-higher-rate hmrc-pension hmrc-self-employed hmrc-taxpayers osm-costa osm-iceland osm-lidl osm-mands osm-mcdonalds osm-nandos osm-pubs osm-sainsburys osm-starbucks osm-stations osm-tesco osm-wetherspoon pop-all repd-solar
census-heat-electric,Homes heated only by electricity,Heating,unified_census,30,ns,North-east/South-west,Find the line that puts 50% of homes heated only by electricity north-east of it,(diagonal),Birmingham,14,South-west,census-job-managers,0,33,census-cars-3plus census-cars-none census-commute-bike census-commute-foot census-commute-motorbike census-commute-train census-heat-bottled census-home-caravan census-home-commercial census-home-flat census-hours-49plus census-job-managers census-job-trades census-population census-qual-degree census-tenure-private census-work-from-home ge24-con ge24-green hmrc-employed hmrc-higher-rate hmrc-self-employed hmrc-taxpayers osm-costa osm-mands osm-nandos osm-sainsburys osm-starbucks osm-stations osm-tesco osm-wetherspoon pop-all repd-solar
census-heat-gas,Homes heated only by mains gas,Heating,unified_census,30,ns,North-east/South-west,Find the line that puts 50% of homes heated only by mains gas north-east of it,(diagonal),West Northamptonshire,8,North-east,census-home-terraced,0,34,census-carers-50h census-cars-3plus census-cars-none census-commute-car census-commute-foot census-heat-bottled census-home-detached census-home-terraced census-hours-49plus census-job-operatives census-job-trades census-population census-qual-degree census-qual-none census-tenure-outright census-tenure-private census-tenure-social ge24-labour ge24-nonvoters ge24-reform hmrc-employed hmrc-pension hmrc-taxpayers osm-breweries osm-costa osm-iceland osm-lidl osm-mcdonalds osm-pubs osm-starbucks osm-stations osm-wetherspoon osm-windmills pop-all
census-heat-oil,Homes heated only by oil,Heating,unified_census,30,ns,North-east/South-west,Find the line that puts 50% of homes heated only by oil north-east of it,(diagonal),"Armagh City, Banbridge and Craigavon",34,North-east,census-sick,0,20,census-carers-50h census-commute-car census-commute-taxi census-health-verybad census-heat-renewable census-heat-wood census-home-detached census-home-semi census-job-operatives census-qual-apprentice census-qual-none census-sick osm-aldi osm-breweries osm-chippies osm-golf osm-greggs osm-morrisons osm-windmills repd-battery
census-heat-renewable,Homes heated only by renewables,Heating,unified_census,30,ns,North-east/South-west,Find the line that puts 50% of homes heated only by renewable energy north-east of it,(diagonal),South Cambridgeshire,34,North-east,osm-golf,0,19,census-carers-50h census-commute-car census-commute-taxi census-health-verybad census-heat-oil census-home-detached census-home-semi census-job-operatives census-qual-apprentice census-qual-none census-sick osm-aldi osm-breweries osm-chippies osm-golf osm-greggs osm-morrisons osm-windmills repd-battery
census-heat-solid,Homes heated only by solid fuel,Heating,unified_census,30,ns,North-east/South-west,"Find the line that puts 50% of homes heated only by solid fuel (coal, peat) north-east of it",(diagonal),Bolsover,81,North-east,repd-solar-pipeline,19,0,
census-heat-wood,Homes heated only by wood,Heating,unified_census,30,ns,North-east/South-west,Find the line that puts 50% of homes heated only by wood north-east of it,(diagonal),Derbyshire Dales,52,North-east,osm-aldi,5,8,census-commute-taxi census-heat-oil osm-aldi osm-chippies osm-greggs osm-morrisons osm-standing-stones repd-solar-pipeline
census-home-caravan,Households in a caravan or mobile home,Homes,unified_census,30,ns,North-east/South-west,Find the line that puts 50% of households living in a caravan or mobile home north-east of it,(diagonal),Shropshire,25,South-west,osm-nandos,0,26,census-commute-bike census-commute-metro census-commute-motorbike census-commute-train census-heat-bottled census-heat-electric census-home-commercial census-home-converted census-home-flat census-hours-49plus census-job-managers census-tenure-private census-work-from-home ge24-con ge24-green hmrc-additional-rate hmrc-higher-rate hmrc-self-employed hmrc-tax-amount osm-costa osm-mands osm-nandos osm-pret osm-sainsburys osm-tesco repd-solar
census-home-commercial,Households in a commercial building,Homes,unified_census,30,ns,North-east/South-west,"Find the line that puts 50% of households living above a shop, in an office building or hotel north-east of it",(diagonal),Haringey,25,South-west,osm-nandos,0,25,census-commute-bike census-commute-metro census-commute-motorbike census-commute-train census-heat-electric census-home-caravan census-home-converted census-home-flat census-hours-49plus census-job-managers census-tenure-private census-work-from-home ge24-con ge24-green hmrc-additional-rate hmrc-higher-rate hmrc-self-employed hmrc-tax-amount osm-costa osm-mands osm-nandos osm-pret osm-sainsburys osm-tesco repd-solar
census-home-converted,Households in converted or shared houses,Homes,unified_census,30,ns,North-east/South-west,"Find the line that puts 50% of households in converted or shared houses, including bedsits north-east of it",(diagonal),Camden,37,South-west,hmrc-additional-rate,1,16,census-commute-metro census-commute-motorbike census-commute-train census-home-caravan census-home-commercial census-home-flat ge24-libdem hmrc-additional-rate hmrc-higher-rate hmrc-self-employed hmrc-tax-amount osm-nandos osm-pret osm-sainsburys osm-waitrose repd-solar
census-home-detached,Households in detached houses,Homes,unified_census,30,ns,North-east/South-west,Find the line that puts 50% of households in a detached house north-east of it,(diagonal),North Northamptonshire,21,North-east,osm-windmills,1,28,census-carers-50h census-commute-car census-health-verybad census-heat-gas census-heat-oil census-heat-renewable census-home-semi census-home-terraced census-job-operatives census-qual-apprentice census-qual-none census-sick census-tenure-outright census-tenure-social ge24-labour ge24-nonvoters ge24-reform hmrc-pension osm-breweries osm-chippies osm-golf osm-greggs osm-iceland osm-lidl osm-mcdonalds osm-pubs osm-windmills repd-battery
census-home-flat,Households in purpose-built flats,Homes,unified_census,30,ns,North-east/South-west,Find the line that puts 50% of households in a purpose-built block of flats north-east of it,(diagonal),Enfield,20,South-west,hmrc-higher-rate,0,29,census-commute-bike census-commute-metro census-commute-motorbike census-commute-train census-heat-bottled census-heat-electric census-home-caravan census-home-commercial census-home-converted census-hours-49plus census-job-managers census-qual-degree census-tenure-private census-work-from-home ge24-con ge24-green hmrc-additional-rate hmrc-employed hmrc-higher-rate hmrc-self-employed hmrc-tax-amount hmrc-taxpayers osm-costa osm-mands osm-nandos osm-sainsburys osm-stations osm-tesco repd-solar
census-home-semi,Households in semi-detached houses,Homes,unified_census,30,ns,North-east/South-west,Find the line that puts 50% of households in a semi-detached house north-east of it,(diagonal),Cheshire West and Chester,30,North-east,repd-battery,3,23,census-carers-50h census-commute-car census-commute-taxi census-health-verybad census-heat-oil census-heat-renewable census-home-detached census-job-operatives census-qual-apprentice census-qual-none census-sick census-tenure-outright census-tenure-social ge24-labour ge24-nonvoters osm-aldi osm-breweries osm-chippies osm-golf osm-greggs osm-morrisons osm-windmills repd-battery
census-home-terraced,Households in terraced houses,Homes,unified_census,30,ns,North-east/South-west,Find the line that puts 50% of households in a terraced house north-east of it,(diagonal),Coventry,8,North-east,census-heat-gas,0,34,census-carers-50h census-cars-3plus census-cars-none census-commute-car census-commute-foot census-heat-bottled census-heat-gas census-home-detached census-hours-49plus census-job-operatives census-job-trades census-population census-qual-degree census-qual-none census-tenure-outright census-tenure-private census-tenure-social ge24-labour ge24-nonvoters ge24-reform hmrc-employed hmrc-pension hmrc-taxpayers osm-breweries osm-costa osm-iceland osm-lidl osm-mcdonalds osm-pubs osm-starbucks osm-stations osm-wetherspoon osm-windmills pop-all
census-hours-49plus,People working 49+ hours a week,Work & qualifications,unified_census,30,ns,North-east/South-west,Find the line that puts 50% of people working 49 or more hours a week north-east of it,(diagonal),Birmingham,9,South-west,osm-costa,1,34,census-cars-3plus census-cars-none census-commute-bike census-commute-foot census-heat-bottled census-heat-electric census-heat-gas census-home-caravan census-home-commercial census-home-flat census-home-terraced census-job-managers census-job-trades census-population census-qual-degree census-tenure-private census-work-from-home ge24-con ge24-green hmrc-employed hmrc-higher-rate hmrc-self-employed hmrc-taxpayers osm-costa osm-iceland osm-mands osm-nandos osm-sainsburys osm-starbucks osm-stations osm-tesco osm-wetherspoon pop-all repd-solar
census-job-managers,"Managers, directors and senior officials",Work & qualifications,unified_census,30,ns,North-east/South-west,"Find the line that puts 50% of managers, directors and senior officials north-east of it",(diagonal),Birmingham,14,South-west,census-heat-electric,0,33,census-cars-3plus census-cars-none census-commute-bike census-commute-foot census-commute-motorbike census-commute-train census-heat-bottled census-heat-electric census-home-caravan census-home-commercial census-home-flat census-hours-49plus census-job-trades census-population census-qual-degree census-tenure-private census-work-from-home ge24-con ge24-green hmrc-employed hmrc-higher-rate hmrc-self-employed hmrc-taxpayers osm-costa osm-mands osm-nandos osm-sainsburys osm-starbucks osm-stations osm-tesco osm-wetherspoon pop-all repd-solar
census-job-operatives,"Process, plant and machine operatives",Work & qualifications,unified_census,30,ns,North-east/South-west,"Find the line that puts 50% of process, plant and machine operatives north-east of it",(diagonal),Leicester,26,North-east,repd-battery,1,28,census-carers-50h census-commute-car census-commute-taxi census-health-verybad census-heat-gas census-heat-oil census-heat-renewable census-home-detached census-home-semi census-home-terraced census-qual-apprentice census-qual-none census-sick census-tenure-outright census-tenure-social ge24-labour ge24-nonvoters ge24-reform hmrc-pension osm-breweries osm-chippies osm-golf osm-greggs osm-lidl osm-mcdonalds osm-pubs osm-windmills repd-battery
census-job-trades,Skilled trades,Work & qualifications,unified_census,30,ns,North-east/South-west,Find the line that puts 50% of people working in skilled trades north-east of it,(diagonal),West Northamptonshire,3,North-east,osm-starbucks,0,34,census-cars-3plus census-cars-none census-commute-bike census-commute-foot census-heat-bottled census-heat-electric census-heat-gas census-home-terraced census-hours-49plus census-job-managers census-population census-qual-degree census-qual-none census-tenure-outright census-tenure-private census-tenure-social ge24-con ge24-green ge24-labour ge24-nonvoters ge24-reform hmrc-employed hmrc-pension hmrc-taxpayers osm-costa osm-iceland osm-lidl osm-mcdonalds osm-pubs osm-starbucks osm-stations osm-tesco osm-wetherspoon pop-all
census-population,Usual residents (census),Population,unified_census,30,ns,North-east/South-west,Find the line that puts 50% of the UK's residents north-east of it,(diagonal),Birmingham,0,,census-commute-foot,0,35,census-cars-3plus census-cars-none census-commute-bike census-commute-foot census-heat-bottled census-heat-electric census-heat-gas census-home-terraced census-hours-49plus census-job-managers census-job-trades census-qual-degree census-tenure-outright census-tenure-private census-tenure-social census-work-from-home ge24-con ge24-green ge24-labour ge24-nonvoters ge24-reform hmrc-employed hmrc-pension hmrc-taxpayers osm-costa osm-iceland osm-lidl osm-mands osm-mcdonalds osm-pubs osm-starbucks osm-stations osm-tesco osm-wetherspoon pop-all
census-qual-apprentice,Apprenticeships,Work & qualifications,unified_census,30,ns,North-east/South-west,Find the line that puts 50% of people whose highest qualification is an apprenticeship north-east of it,(diagonal),Cheshire West and Chester,34,North-east,osm-golf,0,19,census-carers-50h census-commute-car census-commute-taxi census-health-verybad census-heat-oil census-heat-renewable census-home-detached census-home-semi census-job-operatives census-qual-none census-sick osm-aldi osm-breweries osm-chippies osm-golf osm-greggs osm-morrisons osm-windmills repd-battery
census-qual-degree,Degree-level qualifications,Work & qualifications,unified_census,30,ns,North-east/South-west,Find the line that puts 50% of people with a degree-level qualification or above north-east of it,(diagonal),Birmingham,6,South-west,osm-stations,1,36,census-cars-3plus census-cars-none census-commute-bike census-commute-foot census-heat-bottled census-heat-electric census-heat-gas census-home-flat census-home-terraced census-hours-49plus census-job-managers census-job-trades census-population census-tenure-private census-work-from-home ge24-con ge24-green ge24-reform hmrc-employed hmrc-higher-rate hmrc-pension hmrc-self-employed hmrc-taxpayers osm-costa osm-iceland osm-lidl osm-mands osm-mcdonalds osm-pubs osm-sainsburys osm-starbucks osm-stations osm-tesco osm-wetherspoon pop-all repd-solar
census-qual-none,No qualifications,Work & qualifications,unified_census,30,ns,North-east/South-west,Find the line that puts 50% of adults with no qualifications north-east of it,(diagonal),North Northamptonshire,20,North-east,census-home-detached,2,30,census-carers-50h census-commute-car census-health-verybad census-heat-gas census-heat-oil census-heat-renewable census-home-detached census-home-semi census-home-terraced census-job-operatives census-job-trades census-qual-apprentice census-sick census-tenure-outright census-tenure-social ge24-labour ge24-nonvoters ge24-reform hmrc-pension osm-breweries osm-chippies osm-golf osm-greggs osm-iceland osm-lidl osm-mcdonalds osm-pubs osm-starbucks osm-windmills repd-battery
census-sick,Long-term sick or disabled,Health & care,unified_census,30,ns,North-east/South-west,Find the line that puts 50% of people out of work because they are long-term sick or disabled north-east of it,(diagonal),Wirral,34,North-east,census-heat-oil,0,19,census-carers-50h census-commute-car census-commute-taxi census-health-verybad census-heat-oil census-heat-renewable census-home-detached census-home-semi census-job-operatives census-qual-apprentice census-qual-none osm-aldi osm-breweries osm-chippies osm-golf osm-greggs osm-morrisons osm-windmills repd-battery
census-tenure-outright,Households that own outright,Owning & renting,unified_census,30,ns,North-east/South-west,Find the line that puts 50% of households that own their home outright north-east of it,(diagonal),North Northamptonshire,14,North-east,ge24-labour,1,29,census-carers-50h census-cars-3plus census-cars-none census-commute-car census-commute-foot census-heat-gas census-home-detached census-home-semi census-home-terraced census-job-operatives census-job-trades census-population census-qual-none census-tenure-social ge24-labour ge24-nonvoters ge24-reform hmrc-pension hmrc-taxpayers osm-breweries osm-iceland osm-lidl osm-mcdonalds osm-pubs osm-starbucks osm-wetherspoon osm-windmills pop-all repd-battery
census-tenure-private,Households renting privately,Owning & renting,unified_census,30,ns,North-east/South-west,Find the line that puts 50% of households renting privately north-east of it,(diagonal),Birmingham,7,South-west,census-heat-bottled,0,39,census-cars-3plus census-cars-none census-commute-bike census-commute-foot census-heat-bottled census-heat-electric census-heat-gas census-home-caravan census-home-commercial census-home-flat census-home-terraced census-hours-49plus census-job-managers census-job-trades census-population census-qual-degree census-work-from-home ge24-con ge24-green ge24-reform hmrc-employed hmrc-higher-rate hmrc-pension hmrc-self-employed hmrc-taxpayers osm-costa osm-iceland osm-lidl osm-mands osm-mcdonalds osm-nandos osm-pubs osm-sainsburys osm-starbucks osm-stations osm-tesco osm-wetherspoon pop-all repd-solar
census-tenure-social,Households renting socially,Owning & renting,unified_census,30,ns,North-east/South-west,Find the line that puts 50% of households in social housing north-east of it,(diagonal),West Northamptonshire,13,North-east,ge24-nonvoters,1,30,census-carers-50h census-cars-3plus census-cars-none census-commute-car census-commute-foot census-heat-gas census-home-detached census-home-semi census-home-terraced census-job-operatives census-job-trades census-population census-qual-none census-tenure-outright ge24-labour ge24-nonvoters ge24-reform hmrc-employed hmrc-pension hmrc-taxpayers osm-breweries osm-iceland osm-lidl osm-mcdonalds osm-pubs osm-starbucks osm-wetherspoon osm-windmills pop-all repd-battery
census-work-from-home,People working mainly from home,Getting to work,unified_census,30,ns,North-east/South-west,Find the line that puts 50% of people who work mainly from home north-east of it,(diagonal),Milton Keynes,16,South-west,osm-mands,1,32,census-cars-3plus census-cars-none census-commute-bike census-commute-foot census-commute-motorbike census-commute-train census-heat-bottled census-heat-electric census-home-caravan census-home-commercial census-home-flat census-hours-49plus census-job-managers census-population census-qual-degree census-tenure-private ge24-con ge24-green hmrc-employed hmrc-higher-rate hmrc-self-employed hmrc-tax-amount hmrc-taxpayers osm-costa osm-mands osm-nandos osm-sainsburys osm-stations osm-tesco osm-wetherspoon pop-all repd-solar
ge24-con,"Conservative votes, 2024",Election night,ge2024,30,ns,North-east/South-west,Find the line that puts 50% of votes cast for the Conservatives in 2024 north-east of it,(diagonal),South Northamptonshire,12,South-west,census-commute-bike,1,31,census-cars-3plus census-cars-none census-commute-bike census-commute-foot census-heat-bottled census-heat-electric census-home-caravan census-home-commercial census-home-flat census-hours-49plus census-job-managers census-job-trades census-population census-qual-degree census-tenure-private census-work-from-home ge24-green hmrc-employed hmrc-higher-rate hmrc-self-employed hmrc-taxpayers osm-costa osm-mands osm-nandos osm-sainsburys osm-starbucks osm-stations osm-tesco osm-wetherspoon pop-all repd-solar
ge24-green,"Green votes, 2024",Election night,ge2024,30,ns,North-east/South-west,Find the line that puts 50% of votes cast for the Greens in 2024 north-east of it,(diagonal),Warwick and Leamington,14,South-west,osm-tesco,0,33,census-cars-3plus census-cars-none census-commute-bike census-commute-foot census-commute-motorbike census-commute-train census-heat-bottled census-heat-electric census-home-caravan census-home-commercial census-home-flat census-hours-49plus census-job-managers census-job-trades census-population census-qual-degree census-tenure-private census-work-from-home ge24-con hmrc-employed hmrc-higher-rate hmrc-self-employed hmrc-taxpayers osm-costa osm-mands osm-nandos osm-sainsburys osm-starbucks osm-stations osm-tesco osm-wetherspoon pop-all repd-solar
ge24-labour,"Labour votes, 2024",Election night,ge2024,30,ns,North-east/South-west,Find the line that puts 50% of votes cast for Labour in 2024 north-east of it,(diagonal),Rugby,15,North-east,census-tenure-outright,1,29,census-carers-50h census-cars-3plus census-cars-none census-commute-car census-commute-foot census-heat-gas census-home-detached census-home-semi census-home-terraced census-job-operatives census-job-trades census-population census-qual-none census-tenure-outright census-tenure-social ge24-nonvoters ge24-reform hmrc-pension hmrc-taxpayers osm-breweries osm-iceland osm-lidl osm-mcdonalds osm-pubs osm-starbucks osm-wetherspoon osm-windmills pop-all repd-battery
ge24-libdem,"Liberal Democrat votes, 2024",Election night,ge2024,30,ns,North-east/South-west,Find the line that puts 50% of votes cast for the Liberal Democrats in 2024 north-east of it,(diagonal),Richmond Park,49,South-west,osm-waitrose,4,7,census-commute-metro census-commute-train census-home-converted hmrc-additional-rate hmrc-tax-amount osm-pret osm-waitrose
ge24-nonvoters,"Registered voters who did not vote, 2024",Election night,ge2024,30,ns,North-east/South-west,Find the line that puts 50% of registered voters who stayed at home in 2024 north-east of it,(diagonal),Cannock Chase,12,North-east,census-tenure-social,1,31,census-carers-50h census-cars-3plus census-cars-none census-commute-car census-commute-foot census-heat-gas census-home-detached census-home-semi census-home-terraced census-job-operatives census-job-trades census-population census-qual-none census-tenure-outright census-tenure-social ge24-labour ge24-reform hmrc-employed hmrc-pension hmrc-taxpayers osm-breweries osm-iceland osm-lidl osm-mcdonalds osm-pubs osm-starbucks osm-stations osm-wetherspoon osm-windmills pop-all repd-battery
ge24-reform,"Reform UK votes, 2024",Election night,ge2024,30,ns,North-east/South-west,Find the line that puts 50% of votes cast for Reform UK in 2024 north-east of it,(diagonal),Maldon,9,North-east,osm-pubs,1,33,census-carers-50h census-cars-3plus census-cars-none census-commute-car census-commute-foot census-heat-bottled census-heat-gas census-home-detached census-home-terraced census-job-operatives census-job-trades census-population census-qual-degree census-qual-none census-tenure-outright census-tenure-private census-tenure-social ge24-labour ge24-nonvoters hmrc-employed hmrc-pension hmrc-taxpayers osm-breweries osm-costa osm-iceland osm-lidl osm-mcdonalds osm-pubs osm-starbucks osm-stations osm-wetherspoon osm-windmills pop-all
hmrc-additional-rate,Additional-rate (top-rate) taxpayers,Income & tax,hmrc,30,ns,North-east/South-west,Find the line that puts 50% of top-rate taxpayers north-east of it,(diagonal),Buckinghamshire,38,South-west,osm-pret,0,14,census-commute-metro census-commute-motorbike census-commute-train census-home-caravan census-home-commercial census-home-converted census-home-flat ge24-libdem hmrc-tax-amount osm-nandos osm-pret osm-sainsburys osm-waitrose repd-solar
hmrc-employed,Taxpayers with a job,Income & tax,hmrc,30,ns,North-east/South-west,Find the line that puts 50% of taxpayers with income from a job north-east of it,(diagonal),Birmingham,4,South-west,hmrc-taxpayers,1,36,census-cars-3plus census-cars-none census-commute-bike census-commute-foot census-heat-bottled census-heat-electric census-heat-gas census-home-flat census-home-terraced census-hours-49plus census-job-managers census-job-trades census-population census-qual-degree census-tenure-private census-tenure-social census-work-from-home ge24-con ge24-green ge24-nonvoters ge24-reform hmrc-higher-rate hmrc-pension hmrc-self-employed hmrc-taxpayers osm-costa osm-iceland osm-lidl osm-mands osm-mcdonalds osm-pubs osm-starbucks osm-stations osm-tesco osm-wetherspoon pop-all
hmrc-higher-rate,Higher-rate taxpayers,Income & tax,hmrc,30,ns,North-east/South-west,Find the line that puts 50% of higher-rate taxpayers north-east of it,(diagonal),Havering,20,South-west,hmrc-self-employed,0,28,census-commute-bike census-commute-metro census-commute-motorbike census-commute-train census-heat-bottled census-heat-electric census-home-caravan census-home-commercial census-home-converted census-home-flat census-hours-49plus census-job-managers census-qual-degree census-tenure-private census-work-from-home ge24-con ge24-green hmrc-employed hmrc-self-employed hmrc-tax-amount hmrc-taxpayers osm-costa osm-mands osm-nandos osm-sainsburys osm-stations osm-tesco repd-solar
hmrc-pension,Taxpayers with pension income,Income & tax,hmrc,30,ns,North-east/South-west,Find the line that puts 50% of taxpayers drawing a pension north-east of it,(diagonal),West Northamptonshire,10,North-east,osm-pubs,0,33,census-carers-50h census-cars-3plus census-cars-none census-commute-car census-commute-foot census-heat-bottled census-heat-gas census-home-detached census-home-terraced census-job-operatives census-job-trades census-population census-qual-degree census-qual-none census-tenure-outright census-tenure-private census-tenure-social ge24-labour ge24-nonvoters ge24-reform hmrc-employed hmrc-taxpayers osm-breweries osm-iceland osm-lidl osm-mcdonalds osm-pubs osm-starbucks osm-stations osm-wetherspoon osm-windmills pop-all repd-battery
hmrc-self-employed,Self-employed taxpayers,Income & tax,hmrc,30,ns,North-east/South-west,Find the line that puts 50% of self-employed taxpayers north-east of it,(diagonal),Redbridge,20,South-west,hmrc-higher-rate,0,28,census-commute-bike census-commute-metro census-commute-motorbike census-commute-train census-heat-bottled census-heat-electric census-home-caravan census-home-commercial census-home-converted census-home-flat census-hours-49plus census-job-managers census-qual-degree census-tenure-private census-work-from-home ge24-con ge24-green hmrc-employed hmrc-higher-rate hmrc-tax-amount hmrc-taxpayers osm-costa osm-mands osm-nandos osm-sainsburys osm-stations osm-tesco repd-solar
hmrc-tax-amount,Income tax paid,Income & tax,hmrc,30,ns,North-east/South-west,Find the line that puts 50% of all income tax paid north-east of it,(diagonal),Camden,33,South-west,census-commute-train,1,18,census-commute-metro census-commute-motorbike census-commute-train census-home-caravan census-home-commercial census-home-converted census-home-flat census-work-from-home ge24-libdem hmrc-additional-rate hmrc-higher-rate hmrc-self-employed osm-mands osm-nandos osm-pret osm-sainsburys osm-waitrose repd-solar
hmrc-taxpayers,Income taxpayers,Income & tax,hmrc,30,ns,North-east/South-west,Find the line that puts 50% of income taxpayers north-east of it,(diagonal),Birmingham,3,South-west,census-cars-3plus,1,38,census-cars-3plus census-cars-none census-commute-bike census-commute-foot census-heat-bottled census-heat-electric census-heat-gas census-home-flat census-home-terraced census-hours-49plus census-job-managers census-job-trades census-population census-qual-degree census-tenure-outright census-tenure-private census-tenure-social census-work-from-home ge24-con ge24-green ge24-labour ge24-nonvoters ge24-reform hmrc-employed hmrc-higher-rate hmrc-pension hmrc-self-employed osm-costa osm-iceland osm-lidl osm-mands osm-mcdonalds osm-pubs osm-starbucks osm-stations osm-tesco osm-wetherspoon pop-all
osm-aldi,Aldi shops,Supermarket sweep,osm,30,ns,North-east/South-west,Find the line that puts 50% of Aldi shops north-east of it,(diagonal),Liverpool,47,North-east,osm-morrisons,2,14,census-commute-taxi census-health-verybad census-heat-oil census-heat-renewable census-heat-wood census-home-semi census-qual-apprentice census-sick osm-chippies osm-golf osm-greggs osm-morrisons osm-standing-stones repd-solar-pipeline
osm-breweries,Breweries,Out and about,osm,30,ns,North-east/South-west,Find the line that puts 50% of breweries north-east of it,(diagonal),North Northamptonshire,25,North-east,census-carers-50h,1,29,census-carers-50h census-commute-car census-commute-taxi census-health-verybad census-heat-gas census-heat-oil census-heat-renewable census-home-detached census-home-semi census-home-terraced census-job-operatives census-qual-apprentice census-qual-none census-sick census-tenure-outright census-tenure-social ge24-labour ge24-nonvoters ge24-reform hmrc-pension osm-chippies osm-golf osm-greggs osm-iceland osm-lidl osm-mcdonalds osm-pubs osm-windmills repd-battery
osm-castles,Castles,Heritage & coast,osm,30,ns,North-east/South-west,Find the line that puts 50% of castles north-east of it,(diagonal),East Lindsey,122,North-east,repd-battery-pipeline,15,1,repd-battery-pipeline
osm-chippies,Fish and chip shops,Out and about,osm,30,ns,North-east/South-west,Find the line that puts 50% of fish and chip shops north-east of it,(diagonal),Cheshire East,36,North-east,osm-greggs,1,20,census-carers-50h census-commute-car census-commute-taxi census-health-verybad census-heat-oil census-heat-renewable census-heat-wood census-home-detached census-home-semi census-job-operatives census-qual-apprentice census-qual-none census-sick osm-aldi osm-breweries osm-golf osm-greggs osm-morrisons osm-windmills repd-battery
osm-costa,Costa Coffee shops,High street,osm,30,ns,North-east/South-west,Find the line that puts 50% of Costa Coffee shops north-east of it,(diagonal),Birmingham,9,South-west,census-hours-49plus,1,35,census-cars-3plus census-cars-none census-commute-bike census-commute-foot census-heat-bottled census-heat-electric census-heat-gas census-home-caravan census-home-commercial census-home-flat census-home-terraced census-hours-49plus census-job-managers census-job-trades census-population census-qual-degree census-tenure-private census-work-from-home ge24-con ge24-green ge24-reform hmrc-employed hmrc-higher-rate hmrc-self-employed hmrc-taxpayers osm-iceland osm-mands osm-nandos osm-sainsburys osm-starbucks osm-stations osm-tesco osm-wetherspoon pop-all repd-solar
osm-distilleries,Distilleries,Out and about,osm,30,ns,North-east/South-west,Find the line that puts 50% of distilleries north-east of it,(diagonal),Highland,260,North-east,repd-wind-onshore,39,0,
osm-golf,Golf courses,Out and about,osm,30,ns,North-east/South-west,Find the line that puts 50% of golf courses north-east of it,(diagonal),Cheshire West and Chester,34,North-east,census-heat-renewable,0,19,census-carers-50h census-commute-car census-commute-taxi census-health-verybad census-heat-oil census-heat-renewable census-home-detached census-home-semi census-job-operatives census-qual-apprentice census-qual-none census-sick osm-aldi osm-breweries osm-chippies osm-greggs osm-morrisons osm-windmills repd-battery
osm-greggs,Greggs shops,High street,osm,30,ns,North-east/South-west,Find the line that puts 50% of Greggs shops north-east of it,(diagonal),Liverpool,35,North-east,census-heat-oil,0,20,census-carers-50h census-commute-car census-commute-taxi census-health-verybad census-heat-oil census-heat-renewable census-heat-wood census-home-detached census-home-semi census-job-operatives census-qual-apprentice census-qual-none census-sick osm-aldi osm-breweries osm-chippies osm-golf osm-morrisons osm-windmills repd-battery
osm-iceland,Iceland shops,Supermarket sweep,osm,30,ns,North-east/South-west,Find the line that puts 50% of Iceland shops north-east of it,(diagonal),Shropshire,8,North-east,census-home-terraced,0,33,census-carers-50h census-cars-3plus census-cars-none census-commute-car census-commute-foot census-heat-bottled census-heat-gas census-home-detached census-home-terraced census-hours-49plus census-job-trades census-population census-qual-degree census-qual-none census-tenure-outright census-tenure-private census-tenure-social ge24-labour ge24-nonvoters ge24-reform hmrc-employed hmrc-pension hmrc-taxpayers osm-breweries osm-costa osm-lidl osm-mcdonalds osm-pubs osm-starbucks osm-stations osm-wetherspoon osm-windmills pop-all
osm-lidl,Lidl shops,Supermarket sweep,osm,30,ns,North-east/South-west,Find the line that puts 50% of Lidl shops north-east of it,(diagonal),Bedford,10,North-east,hmrc-pension,0,33,census-carers-50h census-cars-3plus census-cars-none census-commute-car census-commute-foot census-heat-bottled census-heat-gas census-home-detached census-home-terraced census-job-operatives census-job-trades census-population census-qual-degree census-qual-none census-tenure-outright census-tenure-private census-tenure-social ge24-labour ge24-nonvoters ge24-reform hmrc-employed hmrc-pension hmrc-taxpayers osm-breweries osm-iceland osm-mcdonalds osm-pubs osm-starbucks osm-stations osm-wetherspoon osm-windmills pop-all repd-battery
osm-lighthouses,Lighthouses,Heritage & coast,osm,30,ns,North-east/South-west,Find the line that puts 50% of lighthouses north-east of it,(diagonal),Argyll and Bute,208,North-east,repd-wind-onshore,13,1,repd-wind-onshore
osm-mands,M&S shops,Supermarket sweep,osm,30,ns,North-east/South-west,Find the line that puts 50% of Marks & Spencer shops north-east of it,(diagonal),Milton Keynes,16,South-west,census-work-from-home,1,32,census-cars-3plus census-cars-none census-commute-bike census-commute-foot census-commute-motorbike census-commute-train census-heat-bottled census-heat-electric census-home-caravan census-home-commercial census-home-flat census-hours-49plus census-job-managers census-population census-qual-degree census-tenure-private census-work-from-home ge24-con ge24-green hmrc-employed hmrc-higher-rate hmrc-self-employed hmrc-tax-amount hmrc-taxpayers osm-costa osm-nandos osm-sainsburys osm-stations osm-tesco osm-wetherspoon pop-all repd-solar
osm-mcdonalds,McDonald's restaurants,High street,osm,30,ns,North-east/South-west,Find the line that puts 50% of McDonald's restaurants north-east of it,(diagonal),West Northamptonshire,11,North-east,osm-lidl,1,33,census-carers-50h census-cars-3plus census-cars-none census-commute-car census-commute-foot census-heat-bottled census-heat-gas census-home-detached census-home-terraced census-job-operatives census-job-trades census-population census-qual-degree census-qual-none census-tenure-outright census-tenure-private census-tenure-social ge24-labour ge24-nonvoters ge24-reform hmrc-employed hmrc-pension hmrc-taxpayers osm-breweries osm-iceland osm-lidl osm-pubs osm-starbucks osm-stations osm-wetherspoon osm-windmills pop-all repd-battery
osm-morrisons,Morrisons supermarkets,Supermarket sweep,osm,30,ns,North-east/South-west,Find the line that puts 50% of Morrisons supermarkets north-east of it,(diagonal),Cheshire East,45,North-east,osm-aldi,2,14,census-commute-taxi census-health-verybad census-heat-oil census-heat-renewable census-heat-wood census-home-semi census-qual-apprentice census-sick osm-aldi osm-chippies osm-golf osm-greggs osm-standing-stones repd-solar-pipeline
osm-nandos,Nando's restaurants,High street,osm,30,ns,North-east/South-west,Find the line that puts 50% of Nando's restaurants north-east of it,(diagonal),Enfield,25,South-west,census-home-caravan,0,26,census-commute-bike census-commute-metro census-commute-motorbike census-commute-train census-heat-bottled census-heat-electric census-home-caravan census-home-commercial census-home-converted census-home-flat census-hours-49plus census-job-managers census-tenure-private census-work-from-home ge24-con ge24-green hmrc-additional-rate hmrc-higher-rate hmrc-self-employed hmrc-tax-amount osm-costa osm-mands osm-pret osm-sainsburys osm-tesco repd-solar
osm-pret,Pret A Manger shops,High street,osm,30,ns,North-east/South-west,Find the line that puts 50% of Pret A Manger shops north-east of it,(diagonal),Camden,39,South-west,hmrc-additional-rate,0,13,census-commute-metro census-commute-motorbike census-commute-train census-home-caravan census-home-commercial census-home-converted ge24-libdem hmrc-additional-rate hmrc-tax-amount osm-nandos osm-sainsburys osm-waitrose repd-solar
osm-pubs,Pubs,Out and about,osm,30,ns,North-east/South-west,Find the line that puts 50% of pubs north-east of it,(diagonal),West Northamptonshire,10,North-east,hmrc-pension,0,33,census-carers-50h census-cars-3plus census-cars-none census-commute-car census-commute-foot census-heat-bottled census-heat-gas census-home-detached census-home-terraced census-job-operatives census-job-trades census-population census-qual-degree census-qual-none census-tenure-outright census-tenure-private census-tenure-social ge24-labour ge24-nonvoters ge24-reform hmrc-employed hmrc-pension hmrc-taxpayers osm-breweries osm-iceland osm-lidl osm-mcdonalds osm-starbucks osm-stations osm-wetherspoon osm-windmills pop-all repd-battery
osm-sainsburys,Sainsbury's shops (all formats),Supermarket sweep,osm,30,ns,North-east/South-west,Find the line that puts 50% of Sainsbury's shops of every size north-east of it,(diagonal),Haringey,24,South-west,repd-solar,0,27,census-commute-bike census-commute-metro census-commute-motorbike census-commute-train census-heat-bottled census-heat-electric census-home-caravan census-home-commercial census-home-converted census-home-flat census-hours-49plus census-job-managers census-qual-degree census-tenure-private census-work-from-home ge24-con ge24-green hmrc-additional-rate hmrc-higher-rate hmrc-self-employed hmrc-tax-amount osm-costa osm-mands osm-nandos osm-pret osm-tesco repd-solar
osm-standing-stones,Standing stones and other megaliths,Heritage & coast,osm,30,ns,North-east/South-west,Find the line that puts 50% of standing stones and other megaliths north-east of it,(diagonal),Cheshire East,60,North-east,repd-solar-pipeline,1,4,census-heat-wood osm-aldi osm-morrisons repd-solar-pipeline
osm-starbucks,Starbucks shops,High street,osm,30,ns,North-east/South-west,Find the line that puts 50% of Starbucks shops north-east of it,(diagonal),Solihull,3,North-east,census-job-trades,0,34,census-cars-3plus census-cars-none census-commute-bike census-commute-foot census-heat-bottled census-heat-electric census-heat-gas census-home-terraced census-hours-49plus census-job-managers census-job-trades census-population census-qual-degree census-qual-none census-tenure-outright census-tenure-private census-tenure-social ge24-con ge24-green ge24-labour ge24-nonvoters ge24-reform hmrc-employed hmrc-pension hmrc-taxpayers osm-costa osm-iceland osm-lidl osm-mcdonalds osm-pubs osm-stations osm-tesco osm-wetherspoon pop-all
osm-stations,Railway stations,Out and about,osm,30,ns,North-east/South-west,Find the line that puts 50% of railway stations north-east of it,(diagonal),Birmingham,6,South-west,census-qual-degree,1,36,census-cars-3plus census-cars-none census-commute-bike census-commute-foot census-heat-bottled census-heat-electric census-heat-gas census-home-flat census-home-terraced census-hours-49plus census-job-managers census-job-trades census-population census-qual-degree census-tenure-private census-work-from-home ge24-con ge24-green ge24-nonvoters ge24-reform hmrc-employed hmrc-higher-rate hmrc-pension hmrc-self-employed hmrc-taxpayers osm-costa osm-iceland osm-lidl osm-mands osm-mcdonalds osm-pubs osm-starbucks osm-tesco osm-wetherspoon pop-all repd-solar
osm-tesco,Tesco shops (all formats),Supermarket sweep,osm,30,ns,North-east/South-west,Find the line that puts 50% of Tesco shops of every size north-east of it,(diagonal),Milton Keynes,14,South-west,ge24-green,0,33,census-cars-3plus census-cars-none census-commute-bike census-commute-foot census-commute-motorbike census-commute-train census-heat-bottled census-heat-electric census-home-caravan census-home-commercial census-home-flat census-hours-49plus census-job-managers census-job-trades census-population census-qual-degree census-tenure-private census-work-from-home ge24-con ge24-green hmrc-employed hmrc-higher-rate hmrc-self-employed hmrc-taxpayers osm-costa osm-mands osm-nandos osm-sainsburys osm-starbucks osm-stations osm-wetherspoon pop-all repd-solar
osm-waitrose,Waitrose shops,Supermarket sweep,osm,30,ns,North-east/South-west,Find the line that puts 50% of Waitrose shops north-east of it,(diagonal),Buckinghamshire,46,South-west,ge24-libdem,4,8,census-commute-metro census-commute-motorbike census-commute-train census-home-converted ge24-libdem hmrc-additional-rate hmrc-tax-amount osm-pret
osm-wetherspoon,Wetherspoon pubs,High street,osm,30,ns,North-east/South-west,Find the line that puts 50% of Wetherspoon pubs north-east of it,(diagonal),Birmingham,1,South-west,pop-all,0,35,census-cars-3plus census-cars-none census-commute-bike census-commute-foot census-heat-bottled census-heat-electric census-heat-gas census-home-terraced census-hours-49plus census-job-managers census-job-trades census-population census-qual-degree census-tenure-outright census-tenure-private census-tenure-social census-work-from-home ge24-con ge24-green ge24-labour ge24-nonvoters ge24-reform hmrc-employed hmrc-pension hmrc-taxpayers osm-costa osm-iceland osm-lidl osm-mands osm-mcdonalds osm-pubs osm-starbucks osm-stations osm-tesco pop-all
osm-windmills,Windmills (historic),Heritage & coast,osm,30,ns,North-east/South-west,Find the line that puts 50% of old windmills north-east of it,(diagonal),South Cambridgeshire,22,North-east,census-commute-car,0,28,census-carers-50h census-commute-car census-health-verybad census-heat-gas census-heat-oil census-heat-renewable census-home-detached census-home-semi census-home-terraced census-job-operatives census-qual-apprentice census-qual-none census-sick census-tenure-outright census-tenure-social ge24-labour ge24-nonvoters ge24-reform hmrc-pension osm-breweries osm-chippies osm-golf osm-greggs osm-iceland osm-lidl osm-mcdonalds osm-pubs repd-battery
pop-all,Population,Population,population,30,ns,North-east/South-west,Find the line that puts 50% of the UK's population north-east of it,(diagonal),Birmingham,1,South-west,osm-wetherspoon,0,35,census-cars-3plus census-cars-none census-commute-bike census-commute-foot census-heat-bottled census-heat-electric census-heat-gas census-home-terraced census-hours-49plus census-job-managers census-job-trades census-population census-qual-degree census-tenure-outright census-tenure-private census-tenure-social census-work-from-home ge24-con ge24-green ge24-labour ge24-nonvoters ge24-reform hmrc-employed hmrc-pension hmrc-taxpayers osm-costa osm-iceland osm-lidl osm-mands osm-mcdonalds osm-pubs osm-starbucks osm-stations osm-tesco osm-wetherspoon
repd-battery,Battery storage capacity (MW),Power,repd,30,ns,North-east/South-west,Find the line that puts 50% of grid battery storage capacity north-east of it,(diagonal),Cheshire West and Chester,27,North-east,census-job-operatives,1,25,census-carers-50h census-commute-car census-commute-taxi census-health-verybad census-heat-oil census-heat-renewable census-home-detached census-home-semi census-job-operatives census-qual-apprentice census-qual-none census-sick census-tenure-outright census-tenure-social ge24-labour ge24-nonvoters hmrc-pension osm-breweries osm-chippies osm-golf osm-greggs osm-lidl osm-mcdonalds osm-pubs osm-windmills
repd-battery-pipeline,Battery storage consented or being built (MW),Power,repd,30,ns,North-east/South-west,Find the line that puts 50% of battery storage capacity that is consented or under construction north-east of it,(diagonal),Bassetlaw,108,North-east,osm-castles,15,1,osm-castles
repd-hydro,Hydro-electric schemes,Power,repd,30,ns,North-east/South-west,Find the line that puts 50% of hydro-electric schemes north-east of it,(diagonal),Highland,313,North-east,osm-distilleries,58,0,
repd-solar,Solar farm capacity (MW),Power,repd,30,ns,North-east/South-west,Find the line that puts 50% of solar farm capacity north-east of it,(diagonal),Thurrock,24,South-west,osm-sainsburys,0,28,census-commute-bike census-commute-metro census-commute-motorbike census-commute-train census-heat-bottled census-heat-electric census-home-caravan census-home-commercial census-home-converted census-home-flat census-hours-49plus census-job-managers census-qual-degree census-tenure-private census-work-from-home ge24-con ge24-green hmrc-additional-rate hmrc-higher-rate hmrc-self-employed hmrc-tax-amount osm-costa osm-mands osm-nandos osm-pret osm-sainsburys osm-stations osm-tesco
repd-solar-pipeline,Solar capacity consented or being built (MW),Power,repd,30,ns,North-east/South-west,Find the line that puts 50% of solar capacity that is consented or under construction north-east of it,(diagonal),Rutland,62,North-east,osm-standing-stones,1,4,census-heat-wood osm-aldi osm-morrisons osm-standing-stones
repd-wind-offshore,Offshore wind capacity (MW),Power,repd,30,ns,North-east/South-west,Find the line that puts 50% of offshore wind power capacity north-east of it,(diagonal),North Norfolk,153,North-east,osm-castles,30,0,
repd-wind-onshore,Onshore wind capacity (MW),Power,repd,30,ns,North-east/South-west,Find the line that puts 50% of onshore wind power capacity north-east of it,(diagonal),South Lanarkshire,220,North-east,osm-lighthouses,13,1,osm-lighthouses
census-carers-50h,Carers giving 50+ hours a week,Health & care,unified_census,45,we,North-east/South-west,Find the line that puts 50% of people giving 50 or more hours of unpaid care a week north-east of it,(diagonal),Liverpool,4,North-east,census-qual-none,0,62,census-cars-3plus census-cars-none census-commute-bike census-commute-car census-commute-foot census-commute-metro census-commute-motorbike census-commute-taxi census-commute-train census-health-verybad census-heat-bottled census-heat-electric census-heat-gas census-home-caravan census-home-commercial census-home-detached census-home-flat census-home-semi census-home-terraced census-hours-49plus census-job-managers census-job-operatives census-job-trades census-population census-qual-apprentice census-qual-degree census-qual-none census-sick census-tenure-outright census-tenure-private census-tenure-social census-work-from-home ge24-con ge24-green ge24-labour ge24-nonvoters ge24-reform hmrc-employed hmrc-higher-rate hmrc-pension hmrc-self-employed hmrc-tax-amount hmrc-taxpayers osm-breweries osm-chippies osm-costa osm-golf osm-greggs osm-iceland osm-lidl osm-mands osm-mcdonalds osm-nandos osm-pret osm-pubs osm-sainsburys osm-standing-stones osm-starbucks osm-stations osm-tesco osm-wetherspoon pop-all
census-cars-3plus,Households with 3+ cars,Owning & renting,unified_census,45,we,North-east/South-west,Find the line that puts 50% of households with three or more cars or vans north-east of it,(diagonal),West Northamptonshire,2,South-west,osm-stations,0,64,census-carers-50h census-cars-none census-commute-bike census-commute-car census-commute-foot census-commute-metro census-commute-motorbike census-commute-taxi census-commute-train census-health-verybad census-heat-bottled census-heat-electric census-heat-gas census-home-caravan census-home-commercial census-home-converted census-home-detached census-home-flat census-home-semi census-home-terraced census-hours-49plus census-job-managers census-job-operatives census-job-trades census-population census-qual-apprentice census-qual-degree census-qual-none census-sick census-tenure-outright census-tenure-private census-tenure-social census-work-from-home ge24-con ge24-green ge24-labour ge24-nonvoters ge24-reform hmrc-additional-rate hmrc-employed hmrc-higher-rate hmrc-pension hmrc-self-employed hmrc-tax-amount hmrc-taxpayers osm-breweries osm-chippies osm-costa osm-golf osm-greggs osm-iceland osm-lidl osm-mands osm-mcdonalds osm-nandos osm-pret osm-pubs osm-sainsburys osm-standing-stones osm-starbucks osm-stations osm-tesco osm-wetherspoon pop-all
census-cars-none,Households with no car,Owning & renting,unified_census,45,we,North-east/South-west,Find the line that puts 50% of households with no car or van north-east of it,(diagonal),Liverpool,0,South-west,census-population,0,64,census-carers-50h census-cars-3plus census-commute-bike census-commute-car census-commute-foot census-commute-metro census-commute-motorbike census-commute-taxi census-commute-train census-health-verybad census-heat-bottled census-heat-electric census-heat-gas census-home-caravan census-home-commercial census-home-converted census-home-detached census-home-flat census-home-semi census-home-terraced census-hours-49plus census-job-managers census-job-operatives census-job-trades census-population census-qual-apprentice census-qual-degree census-qual-none census-sick census-tenure-outright census-tenure-private census-tenure-social census-work-from-home ge24-con ge24-green ge24-labour ge24-nonvoters ge24-reform hmrc-additional-rate hmrc-employed hmrc-higher-rate hmrc-pension hmrc-self-employed hmrc-tax-amount hmrc-taxpayers osm-breweries osm-chippies osm-costa osm-golf osm-greggs osm-iceland osm-lidl osm-mands osm-mcdonalds osm-nandos osm-pret osm-pubs osm-sainsburys osm-standing-stones osm-starbucks osm-stations osm-tesco osm-wetherspoon pop-all
census-commute-bike,Commuters by bicycle,Getting to work,unified_census,45,we,North-east/South-west,Find the line that puts 50% of people who cycle to work north-east of it,(diagonal),Hackney,7,South-west,hmrc-higher-rate,0,62,census-carers-50h census-cars-3plus census-cars-none census-commute-car census-commute-foot census-commute-metro census-commute-motorbike census-commute-taxi census-commute-train census-health-verybad census-heat-bottled census-heat-electric census-heat-gas census-home-caravan census-home-commercial census-home-converted census-home-detached census-home-flat census-home-semi census-home-terraced census-hours-49plus census-job-managers census-job-operatives census-job-trades census-population census-qual-apprentice census-qual-degree census-qual-none census-sick census-tenure-outright census-tenure-private census-tenure-social census-work-from-home ge24-con ge24-green ge24-labour ge24-nonvoters ge24-reform hmrc-additional-rate hmrc-employed hmrc-higher-rate hmrc-pension hmrc-self-employed hmrc-tax-amount hmrc-taxpayers osm-breweries osm-costa osm-iceland osm-lidl osm-mands osm-mcdonalds osm-nandos osm-pret osm-pubs osm-sainsburys osm-standing-stones osm-starbucks osm-stations osm-tesco osm-waitrose osm-wetherspoon pop-all
census-commute-car,Commuters by car or van,Getting to work,unified_census,45,we,North-east/South-west,Find the line that puts 50% of people who drive to work north-east of it,(diagonal),West Northamptonshire,7,North-east,census-sick,0,59,census-carers-50h census-cars-3plus census-cars-none census-commute-bike census-commute-foot census-commute-metro census-commute-taxi census-commute-train census-health-verybad census-heat-bottled census-heat-electric census-heat-gas census-home-commercial census-home-detached census-home-flat census-home-semi census-home-terraced census-hours-49plus census-job-managers census-job-operatives census-job-trades census-population census-qual-apprentice census-qual-degree census-qual-none census-sick census-tenure-outright census-tenure-private census-tenure-social census-work-from-home ge24-con ge24-green ge24-labour ge24-nonvoters ge24-reform hmrc-employed hmrc-higher-rate hmrc-pension hmrc-self-employed hmrc-taxpayers osm-aldi osm-breweries osm-chippies osm-costa osm-golf osm-greggs osm-iceland osm-lidl osm-mands osm-mcdonalds osm-nandos osm-pubs osm-sainsburys osm-starbucks osm-stations osm-tesco osm-wetherspoon pop-all repd-battery
census-commute-foot,Commuters on foot,Getting to work,unified_census,45,we,North-east/South-west,Find the line that puts 50% of people who walk to work north-east of it,(diagonal),Liverpool,1,North-east,pop-all,0,64,census-carers-50h census-cars-3plus census-cars-none census-commute-bike census-commute-car census-commute-metro census-commute-motorbike census-commute-taxi census-commute-train census-health-verybad census-heat-bottled census-heat-electric census-heat-gas census-home-caravan census-home-commercial census-home-converted census-home-detached census-home-flat census-home-semi census-home-terraced census-hours-49plus census-job-managers census-job-operatives census-job-trades census-population census-qual-apprentice census-qual-degree census-qual-none census-sick census-tenure-outright census-tenure-private census-tenure-social census-work-from-home ge24-con ge24-green ge24-labour ge24-nonvoters ge24-reform hmrc-additional-rate hmrc-employed hmrc-higher-rate hmrc-pension hmrc-self-employed hmrc-tax-amount hmrc-taxpayers osm-breweries osm-chippies osm-costa osm-golf osm-greggs osm-iceland osm-lidl osm-mands osm-mcdonalds osm-nandos osm-pret osm-pubs osm-sainsburys osm-standing-stones osm-starbucks osm-stations osm-tesco osm-wetherspoon pop-all
census-commute-metro,"Commuters by underground, metro or tram",Getting to work,unified_census,45,we,North-east/South-west,"Find the line that puts 50% of people who commute by underground, metro or tram north-east of it",(diagonal),Haringey,10,South-west,census-home-commercial,0,58,census-carers-50h census-cars-3plus census-cars-none census-commute-bike census-commute-car census-commute-foot census-commute-motorbike census-commute-train census-health-verybad census-heat-bottled census-heat-electric census-heat-gas census-home-caravan census-home-commercial census-home-converted census-home-detached census-home-flat census-home-terraced census-hours-49plus census-job-managers census-job-operatives census-job-trades census-population census-qual-degree census-qual-none census-sick census-tenure-outright census-tenure-private census-tenure-social census-work-from-home ge24-con ge24-green ge24-labour ge24-nonvoters hmrc-additional-rate hmrc-employed hmrc-higher-rate hmrc-pension hmrc-self-employed hmrc-tax-amount hmrc-taxpayers osm-breweries osm-costa osm-iceland osm-lidl osm-mands osm-mcdonalds osm-nandos osm-pret osm-pubs osm-sainsburys osm-standing-stones osm-starbucks osm-stations osm-tesco osm-waitrose osm-wetherspoon pop-all
census-commute-motorbike,Commuters by motorbike or moped,Getting to work,unified_census,45,we,North-east/South-west,Find the line that puts 50% of people who ride a motorbike or moped to work north-east of it,(diagonal),Brent,12,South-west,hmrc-tax-amount,0,53,census-carers-50h census-cars-3plus census-cars-none census-commute-bike census-commute-foot census-commute-metro census-commute-train census-heat-bottled census-heat-electric census-heat-gas census-home-caravan census-home-commercial census-home-converted census-home-detached census-home-flat census-home-terraced census-hours-49plus census-job-managers census-job-trades census-population census-qual-degree census-qual-none census-tenure-outright census-tenure-private census-tenure-social census-work-from-home ge24-con ge24-green ge24-nonvoters hmrc-additional-rate hmrc-employed hmrc-higher-rate hmrc-pension hmrc-self-employed hmrc-tax-amount hmrc-taxpayers osm-breweries osm-costa osm-iceland osm-lidl osm-mands osm-mcdonalds osm-nandos osm-pret osm-pubs osm-sainsburys osm-standing-stones osm-starbucks osm-stations osm-tesco osm-waitrose osm-wetherspoon pop-all
census-commute-taxi,Commuters by taxi,Getting to work,unified_census,45,we,North-east/South-west,Find the line that puts 50% of people who get to work by taxi north-east of it,(diagonal),Stoke-on-Trent,11,North-east,census-qual-apprentice,0,49,census-carers-50h census-cars-3plus census-cars-none census-commute-bike census-commute-car census-commute-foot census-health-verybad census-heat-electric census-heat-gas census-home-detached census-home-flat census-home-semi census-home-terraced census-hours-49plus census-job-operatives census-job-trades census-population census-qual-apprentice census-qual-degree census-qual-none census-sick census-tenure-outright census-tenure-private census-tenure-social ge24-con ge24-green ge24-labour ge24-nonvoters ge24-reform hmrc-employed hmrc-higher-rate hmrc-pension hmrc-taxpayers osm-aldi osm-breweries osm-chippies osm-costa osm-golf osm-greggs osm-iceland osm-lidl osm-mcdonalds osm-pubs osm-starbucks osm-stations osm-tesco osm-wetherspoon pop-all repd-battery
census-commute-train,Commuters by train,Getting to work,unified_census,45,we,North-east/South-west,Find the line that puts 50% of people who commute by train north-east of it,(diagonal),Newham,7,South-west,hmrc-self-employed,0,60,census-carers-50h census-cars-3plus census-cars-none census-commute-bike census-commute-car census-commute-foot census-commute-metro census-commute-motorbike census-health-verybad census-heat-bottled census-heat-electric census-heat-gas census-home-caravan census-home-commercial census-home-converted census-home-detached census-home-flat census-home-semi census-home-terraced census-hours-49plus census-job-managers census-job-operatives census-job-trades census-population census-qual-degree census-qual-none census-sick census-tenure-outright census-tenure-private census-tenure-social census-work-from-home ge24-con ge24-green ge24-labour ge24-nonvoters ge24-reform hmrc-additional-rate hmrc-employed hmrc-higher-rate hmrc-pension hmrc-self-employed hmrc-tax-amount hmrc-taxpayers osm-breweries osm-costa osm-iceland osm-lidl osm-mands osm-mcdonalds osm-nandos osm-pret osm-pubs osm-sainsburys osm-standing-stones osm-starbucks osm-stations osm-tesco osm-waitrose osm-wetherspoon pop-all
census-health-verybad,Very bad health,Health & care,unified_census,45,we,North-east/South-west,Find the line that puts 50% of people in very bad health north-east of it,(diagonal),Liverpool,6,North-east,ge24-labour,0,59,census-carers-50h census-cars-3plus census-cars-none census-commute-bike census-commute-car census-commute-foot census-commute-metro census-commute-taxi census-commute-train census-heat-bottled census-heat-electric census-heat-gas census-home-commercial census-home-detached census-home-flat census-home-semi census-home-terraced census-hours-49plus census-job-managers census-job-operatives census-job-trades census-population census-qual-apprentice census-qual-degree census-qual-none census-sick census-tenure-outright census-tenure-private census-tenure-social census-work-from-home ge24-con ge24-green ge24-labour ge24-nonvoters ge24-reform hmrc-employed hmrc-higher-rate hmrc-pension hmrc-self-employed hmrc-taxpayers osm-aldi osm-breweries osm-chippies osm-costa osm-golf osm-greggs osm-iceland osm-lidl osm-mands osm-mcdonalds osm-nandos osm-pubs osm-sainsburys osm-starbucks osm-stations osm-tesco osm-wetherspoon pop-all repd-battery
census-heat-bottled,Homes heated only by tank or bottled gas,Heating,unified_census,45,we,North-east/South-west,Find the line that puts 50% of homes heated only by tank or bottled gas north-east of it,(diagonal),Cheshire West and Chester,7,South-west,census-job-managers,0,60,census-carers-50h census-cars-3plus census-cars-none census-commute-bike census-commute-car census-commute-foot census-commute-metro census-commute-motorbike census-commute-train census-health-verybad census-heat-electric census-heat-gas census-home-caravan census-home-commercial census-home-converted census-home-detached census-home-flat census-home-semi census-home-terraced census-hours-49plus census-job-managers census-job-operatives census-job-trades census-population census-qual-degree census-qual-none census-sick census-tenure-outright census-tenure-private census-tenure-social census-work-from-home ge24-con ge24-green ge24-labour ge24-nonvoters ge24-reform hmrc-additional-rate hmrc-employed hmrc-higher-rate hmrc-pension hmrc-self-employed hmrc-tax-amount hmrc-taxpayers osm-breweries osm-costa osm-iceland osm-lidl osm-mands osm-mcdonalds osm-nandos osm-pret osm-pubs osm-sainsburys osm-standing-stones osm-starbucks osm-stations osm-tesco osm-waitrose osm-wetherspoon pop-all
census-heat-electric,Homes heated only by electricity,Heating,unified_census,45,we,North-east/South-west,Find the line that puts 50% of homes heated only by electricity north-east of it,(diagonal),Tower Hamlets,6,South-west,ge24-green,0,61,census-carers-50h census-cars-3plus census-cars-none census-commute-bike census-commute-car census-commute-foot census-commute-metro census-commute-motorbike census-commute-taxi census-commute-train census-health-verybad census-heat-bottled census-heat-gas census-home-caravan census-home-commercial census-home-converted census-home-detached census-home-flat census-home-semi census-home-terraced census-hours-49plus census-job-managers census-job-operatives census-job-trades census-population census-qual-apprentice census-qual-degree census-qual-none census-sick census-tenure-outright census-tenure-private census-tenure-social census-work-from-home ge24-con ge24-green ge24-labour ge24-nonvoters ge24-reform hmrc-additional-rate hmrc-employed hmrc-higher-rate hmrc-pension hmrc-self-employed hmrc-tax-amount hmrc-taxpayers osm-breweries osm-costa osm-iceland osm-lidl osm-mands osm-mcdonalds osm-nandos osm-pret osm-pubs osm-sainsburys osm-standing-stones osm-starbucks osm-stations osm-tesco osm-wetherspoon pop-all
census-heat-gas,Homes heated only by mains gas,Heating,unified_census,45,we,North-east/South-west,Find the line that puts 50% of homes heated only by mains gas north-east of it,(diagonal),Liverpool,5,North-east,census-tenure-outright,0,62,census-carers-50h census-cars-3plus census-cars-none census-commute-bike census-commute-car census-commute-foot census-commute-metro census-commute-motorbike census-commute-taxi census-commute-train census-health-verybad census-heat-bottled census-heat-electric census-home-caravan census-home-commercial census-home-detached census-home-flat census-home-semi census-home-terraced census-hours-49plus census-job-managers census-job-operatives census-job-trades census-population census-qual-apprentice census-qual-degree census-qual-none census-sick census-tenure-outright census-tenure-private census-tenure-social census-work-from-home ge24-con ge24-green ge24-labour ge24-nonvoters ge24-reform hmrc-employed hmrc-higher-rate hmrc-pension hmrc-self-employed hmrc-tax-amount hmrc-taxpayers osm-aldi osm-breweries osm-chippies osm-costa osm-golf osm-greggs osm-iceland osm-lidl osm-mands osm-mcdonalds osm-nandos osm-pubs osm-sainsburys osm-starbucks osm-stations osm-tesco osm-wetherspoon pop-all repd-battery
census-heat-oil,Homes heated only by oil,Heating,unified_census,45,we,North-east/South-west,Find the line that puts 50% of homes heated only by oil north-east of it,(diagonal),Causeway Coast and Glens,38,South-west,repd-solar,2,3,ge24-libdem osm-waitrose repd-solar
census-heat-renewable,Homes heated only by renewables,Heating,unified_census,45,we,North-east/South-west,Find the line that puts 50% of homes heated only by renewable energy north-east of it,(diagonal),North Northamptonshire,31,North-east,osm-windmills,1,8,census-heat-wood osm-aldi osm-chippies osm-golf osm-greggs osm-morrisons osm-windmills repd-battery
census-heat-solid,Homes heated only by solid fuel,Heating,unified_census,45,we,North-east/South-west,"Find the line that puts 50% of homes heated only by solid fuel (coal, peat) north-east of it",(diagonal),North East Derbyshire,55,North-east,repd-solar-pipeline,13,1,repd-solar-pipeline
census-heat-wood,Homes heated only by wood,Heating,unified_census,45,we,North-east/South-west,Find the line that puts 50% of homes heated only by wood north-east of it,(diagonal),Derbyshire Dales,36,North-east,osm-windmills,5,5,census-heat-renewable osm-aldi osm-morrisons osm-windmills repd-battery
census-home-caravan,Households in a caravan or mobile home,Homes,unified_census,45,we,North-east/South-west,Find the line that puts 50% of households living in a caravan or mobile home north-east of it,(diagonal),Sevenoaks,12,South-west,hmrc-tax-amount,0,53,census-carers-50h census-cars-3plus census-cars-none census-commute-bike census-commute-foot census-commute-metro census-commute-motorbike census-commute-train census-heat-bottled census-heat-electric census-heat-gas census-home-commercial census-home-converted census-home-detached census-home-flat census-home-terraced census-hours-49plus census-job-managers census-job-trades census-population census-qual-degree census-qual-none census-tenure-outright census-tenure-private census-tenure-social census-work-from-home ge24-con ge24-green ge24-nonvoters hmrc-additional-rate hmrc-employed hmrc-higher-rate hmrc-pension hmrc-self-employed hmrc-tax-amount hmrc-taxpayers osm-breweries osm-costa osm-iceland osm-lidl osm-mands osm-mcdonalds osm-nandos osm-pret osm-pubs osm-sainsburys osm-standing-stones osm-starbucks osm-stations osm-tesco osm-waitrose osm-wetherspoon pop-all
census-home-commercial,Households in a commercial building,Homes,unified_census,45,we,North-east/South-west,"Find the line that puts 50% of households living above a shop, in an office building or hotel north-east of it",(diagonal),Camden,10,South-west,census-commute-metro,0,59,census-carers-50h census-cars-3plus census-cars-none census-commute-bike census-commute-car census-commute-foot census-commute-metro census-commute-motorbike census-commute-train census-health-verybad census-heat-bottled census-heat-electric census-heat-gas census-home-caravan census-home-converted census-home-detached census-home-flat census-home-semi census-home-terraced census-hours-49plus census-job-managers census-job-operatives census-job-trades census-population census-qual-degree census-qual-none census-sick census-tenure-outright census-tenure-private census-tenure-social census-work-from-home ge24-con ge24-green ge24-labour ge24-nonvoters hmrc-additional-rate hmrc-employed hmrc-higher-rate hmrc-pension hmrc-self-employed hmrc-tax-amount hmrc-taxpayers osm-breweries osm-costa osm-iceland osm-lidl osm-mands osm-mcdonalds osm-nandos osm-pret osm-pubs osm-sainsburys osm-standing-stones osm-starbucks osm-stations osm-tesco osm-waitrose osm-wetherspoon pop-all
census-home-converted,Households in converted or shared houses,Homes,unified_census,45,we,North-east/South-west,"Find the line that puts 50% of households in converted or shared houses, including bedsits north-east of it",(diagonal),Lambeth,15,South-west,osm-standing-stones,0,49,census-cars-3plus census-cars-none census-commute-bike census-commute-foot census-commute-metro census-commute-motorbike census-commute-train census-heat-bottled census-heat-electric census-home-caravan census-home-commercial census-home-detached census-home-flat census-hours-49plus census-job-managers census-job-trades census-population census-qual-degree census-tenure-private census-tenure-social census-work-from-home ge24-con ge24-green ge24-libdem ge24-nonvoters hmrc-additional-rate hmrc-employed hmrc-higher-rate hmrc-pension hmrc-self-employed hmrc-tax-amount hmrc-taxpayers osm-breweries osm-costa osm-iceland osm-lidl osm-mands osm-mcdonalds osm-nandos osm-pret osm-pubs osm-sainsburys osm-standing-stones osm-starbucks osm-stations osm-tesco osm-waitrose osm-wetherspoon pop-all
census-home-detached,Households in detached houses,Homes,unified_census,45,we,North-east/South-west,Find the line that puts 50% of households in a detached house north-east of it,(diagonal),West Northamptonshire,3,North-east,ge24-nonvoters,0,63,census-carers-50h census-cars-3plus census-cars-none census-commute-bike census-commute-car census-commute-foot census-commute-metro census-commute-motorbike census-commute-taxi census-commute-train census-health-verybad census-heat-bottled census-heat-electric census-heat-gas census-home-caravan census-home-commercial census-home-converted census-home-flat census-home-semi census-home-terraced census-hours-49plus census-job-managers census-job-operatives census-job-trades census-population census-qual-apprentice census-qual-degree census-qual-none census-sick census-tenure-outright census-tenure-private census-tenure-social census-work-from-home ge24-con ge24-green ge24-labour ge24-nonvoters ge24-reform hmrc-employed hmrc-higher-rate hmrc-pension hmrc-self-employed hmrc-tax-amount hmrc-taxpayers osm-breweries osm-chippies osm-costa osm-golf osm-greggs osm-iceland osm-lidl osm-mands osm-mcdonalds osm-nandos osm-pret osm-pubs osm-sainsburys osm-standing-stones osm-starbucks osm-stations osm-tesco osm-wetherspoon pop-all
census-home-flat,Households in purpose-built flats,Homes,unified_census,45,we,North-east/South-west,Find the line that puts 50% of households in a purpose-built block of flats north-east of it,(diagonal),Tower Hamlets,7,South-west,osm-tesco,0,61,census-carers-50h census-cars-3plus census-cars-none census-commute-bike census-commute-car census-commute-foot census-commute-metro census-commute-motorbike census-commute-train census-health-verybad census-heat-bottled census-heat-electric census-heat-gas census-home-caravan census-home-commercial census-home-converted census-home-detached census-home-semi census-home-terraced census-hours-49plus census-job-managers census-job-operatives census-job-trades census-population census-qual-apprentice census-qual-degree census-qual-none census-sick census-tenure-outright census-tenure-private census-tenure-social census-work-from-home ge24-con ge24-green ge24-labour ge24-nonvoters ge24-reform hmrc-additional-rate hmrc-employed hmrc-higher-rate hmrc-pension hmrc-self-employed hmrc-tax-amount hmrc-taxpayers osm-breweries osm-costa osm-iceland osm-lidl osm-mands osm-mcdonalds osm-nandos osm-pret osm-pubs osm-sainsburys osm-standing-stones osm-starbucks osm-stations osm-tesco osm-waitrose osm-wetherspoon pop-all
census-home-semi,Households in semi-detached houses,Homes,unified_census,45,we,North-east/South-west,Find the line that puts 50% of households in a semi-detached house north-east of it,(diagonal),Cheshire East,8,North-east,ge24-reform,1,59,census-carers-50h census-cars-3plus census-cars-none census-commute-bike census-commute-car census-commute-foot census-commute-metro census-commute-taxi census-commute-train census-health-verybad census-heat-bottled census-heat-electric census-heat-gas census-home-commercial census-home-detached census-home-flat census-home-terraced census-hours-49plus census-job-managers census-job-operatives census-job-trades census-population census-qual-apprentice census-qual-degree census-qual-none census-sick census-tenure-outright census-tenure-private census-tenure-social census-work-from-home ge24-con ge24-green ge24-labour ge24-nonvoters ge24-reform hmrc-employed hmrc-higher-rate hmrc-pension hmrc-self-employed hmrc-taxpayers osm-aldi osm-breweries osm-chippies osm-costa osm-golf osm-greggs osm-iceland osm-lidl osm-mands osm-mcdonalds osm-nandos osm-pubs osm-sainsburys osm-starbucks osm-stations osm-tesco osm-wetherspoon pop-all repd-battery
census-home-terraced,Households in terraced houses,Homes,unified_census,45,we,North-east/South-west,Find the line that puts 50% of households in a terraced house north-east of it,(diagonal),Liverpool,3,North-east,census-qual-none,0,63,census-carers-50h census-cars-3plus census-cars-none census-commute-bike census-commute-car census-commute-foot census-commute-metro census-commute-motorbike census-commute-taxi census-commute-train census-health-verybad census-heat-bottled census-heat-electric census-heat-gas census-home-caravan census-home-commercial census-home-converted census-home-detached census-home-flat census-home-semi census-hours-49plus census-job-managers census-job-operatives census-job-trades census-population census-qual-apprentice census-qual-degree census-qual-none census-sick census-tenure-outright census-tenure-private census-tenure-social census-work-from-home ge24-con ge24-green ge24-labour ge24-nonvoters ge24-reform hmrc-employed hmrc-higher-rate hmrc-pension hmrc-self-employed hmrc-tax-amount hmrc-taxpayers osm-breweries osm-chippies osm-costa osm-golf osm-greggs osm-iceland osm-lidl osm-mands osm-mcdonalds osm-nandos osm-pret osm-pubs osm-sainsburys osm-standing-stones osm-starbucks osm-stations osm-tesco osm-wetherspoon pop-all
census-hours-49plus,People working 49+ hours a week,Work & qualifications,unified_census,45,we,North-east/South-west,Find the line that puts 50% of people working 49 or more hours a week north-east of it,(diagonal),Tower Hamlets,5,South-west,ge24-green,0,61,census-carers-50h census-cars-3plus census-cars-none census-commute-bike census-commute-car census-commute-foot census-commute-metro census-commute-motorbike census-commute-taxi census-commute-train census-health-verybad census-heat-bottled census-heat-electric census-heat-gas census-home-caravan census-home-commercial census-home-converted census-home-detached census-home-flat census-home-semi census-home-terraced census-job-managers census-job-operatives census-job-trades census-population census-qual-apprentice census-qual-degree census-qual-none census-sick census-tenure-outright census-tenure-private census-tenure-social census-work-from-home ge24-con ge24-green ge24-labour ge24-nonvoters ge24-reform hmrc-additional-rate hmrc-employed hmrc-higher-rate hmrc-pension hmrc-self-employed hmrc-tax-amount hmrc-taxpayers osm-breweries osm-costa osm-iceland osm-lidl osm-mands osm-mcdonalds osm-nandos osm-pret osm-pubs osm-sainsburys osm-standing-stones osm-starbucks osm-stations osm-tesco osm-wetherspoon pop-all
census-job-managers,"Managers, directors and senior officials",Work & qualifications,unified_census,45,we,North-east/South-west,"Find the line that puts 50% of managers, directors and senior officials north-east of it",(diagonal),Barnet,8,South-west,census-heat-bottled,0,60,census-carers-50h census-cars-3plus census-cars-none census-commute-bike census-commute-car census-commute-foot census-commute-metro census-commute-motorbike census-commute-train census-health-verybad census-heat-bottled census-heat-electric census-heat-gas census-home-caravan census-home-commercial census-home-converted census-home-detached census-home-flat census-home-semi census-home-terraced census-hours-49plus census-job-operatives census-job-trades census-population census-qual-degree census-qual-none census-sick census-tenure-outright census-tenure-private census-tenure-social census-work-from-home ge24-con ge24-green ge24-labour ge24-nonvoters ge24-reform hmrc-additional-rate hmrc-employed hmrc-higher-rate hmrc-pension hmrc-self-employed hmrc-tax-amount hmrc-taxpayers osm-breweries osm-costa osm-iceland osm-lidl osm-mands osm-mcdonalds osm-nandos osm-pret osm-pubs osm-sainsburys osm-standing-stones osm-starbucks osm-stations osm-tesco osm-waitrose osm-wetherspoon pop-all
census-job-operatives,"Process, plant and machine operatives",Work & qualifications,unified_census,45,we,North-east/South-west,"Find the line that puts 50% of process, plant and machine operatives north-east of it",(diagonal),West Northamptonshire,7,North-east,census-commute-car,0,59,census-carers-50h census-cars-3plus census-cars-none census-commute-bike census-commute-car census-commute-foot census-commute-metro census-commute-taxi census-commute-train census-health-verybad census-heat-bottled census-heat-electric census-heat-gas census-home-commercial census-home-detached census-home-flat census-home-semi census-home-terraced census-hours-49plus census-job-managers census-job-trades census-population census-qual-apprentice census-qual-degree census-qual-none census-sick census-tenure-outright census-tenure-private census-tenure-social census-work-from-home ge24-con ge24-green ge24-labour ge24-nonvoters ge24-reform hmrc-employed hmrc-higher-rate hmrc-pension hmrc-self-employed hmrc-taxpayers osm-aldi osm-breweries osm-chippies osm-costa osm-golf osm-greggs osm-iceland osm-lidl osm-mands osm-mcdonalds osm-nandos osm-pubs osm-sainsburys osm-starbucks osm-stations osm-tesco osm-wetherspoon pop-all repd-battery
census-job-trades,Skilled trades,Work & qualifications,unified_census,45,we,North-east/South-west,Find the line that puts 50% of people working in skilled trades north-east of it,(diagonal),West Northamptonshire,1,North-east,osm-iceland,0,64,census-carers-50h census-cars-3plus census-cars-none census-commute-bike census-commute-car census-commute-foot census-commute-metro census-commute-motorbike census-commute-taxi census-commute-train census-health-verybad census-heat-bottled census-heat-electric census-heat-gas census-home-caravan census-home-commercial census-home-converted census-home-detached census-home-flat census-home-semi census-home-terraced census-hours-49plus census-job-managers census-job-operatives census-population census-qual-apprentice census-qual-degree census-qual-none census-sick census-tenure-outright census-tenure-private census-tenure-social census-work-from-home ge24-con ge24-green ge24-labour ge24-nonvoters ge24-reform hmrc-additional-rate hmrc-employed hmrc-higher-rate hmrc-pension hmrc-self-employed hmrc-tax-amount hmrc-taxpayers osm-breweries osm-chippies osm-costa osm-golf osm-greggs osm-iceland osm-lidl osm-mands osm-mcdonalds osm-nandos osm-pret osm-pubs osm-sainsburys osm-standing-stones osm-starbucks osm-stations osm-tesco osm-wetherspoon pop-all
census-population,Usual residents (census),Population,unified_census,45,we,North-east/South-west,Find the line that puts 50% of the UK's residents north-east of it,(diagonal),Liverpool,0,,census-cars-none,0,64,census-carers-50h census-cars-3plus census-cars-none census-commute-bike census-commute-car census-commute-foot census-commute-metro census-commute-motorbike census-commute-taxi census-commute-train census-health-verybad census-heat-bottled census-heat-electric census-heat-gas census-home-caravan census-home-commercial census-home-converted census-home-detached census-home-flat census-home-semi census-home-terraced census-hours-49plus census-job-managers census-job-operatives census-job-trades census-qual-apprentice census-qual-degree census-qual-none census-sick census-tenure-outright census-tenure-private census-tenure-social census-work-from-home ge24-con ge24-green ge24-labour ge24-nonvoters ge24-reform hmrc-additional-rate hmrc-employed hmrc-higher-rate hmrc-pension hmrc-self-employed hmrc-tax-amount hmrc-taxpayers osm-breweries osm-chippies osm-costa osm-golf osm-greggs osm-iceland osm-lidl osm-mands osm-mcdonalds osm-nandos osm-pret osm-pubs osm-sainsburys osm-standing-stones osm-starbucks osm-stations osm-tesco osm-wetherspoon pop-all
census-qual-apprentice,Apprenticeships,Work & qualifications,unified_census,45,we,North-east/South-west,Find the line that puts 50% of people whose highest qualification is an apprenticeship north-east of it,(diagonal),Cheshire East,11,North-east,census-commute-taxi,0,51,census-carers-50h census-cars-3plus census-cars-none census-commute-bike census-commute-car census-commute-foot census-commute-taxi census-commute-train census-health-verybad census-heat-electric census-heat-gas census-home-detached census-home-flat census-home-semi census-home-terraced census-hours-49plus census-job-operatives census-job-trades census-population census-qual-degree census-qual-none census-sick census-tenure-outright census-tenure-private census-tenure-social ge24-con ge24-green ge24-labour ge24-nonvoters ge24-reform hmrc-employed hmrc-higher-rate hmrc-pension hmrc-self-employed hmrc-taxpayers osm-aldi osm-breweries osm-chippies osm-costa osm-golf osm-greggs osm-iceland osm-lidl osm-mcdonalds osm-pubs osm-starbucks osm-stations osm-tesco osm-wetherspoon pop-all repd-battery
census-qual-degree,Degree-level qualifications,Work & qualifications,unified_census,45,we,North-east/South-west,Find the line that puts 50% of people with a degree-level qualification or above north-east of it,(diagonal),Tower Hamlets,5,South-west,census-tenure-private,0,61,census-carers-50h census-cars-3plus census-cars-none census-commute-bike census-commute-car census-commute-foot census-commute-metro census-commute-motorbike census-commute-taxi census-commute-train census-health-verybad census-heat-bottled census-heat-electric census-heat-gas census-home-caravan census-home-commercial census-home-converted census-home-detached census-home-flat census-home-semi census-home-terraced census-hours-49plus census-job-managers census-job-operatives census-job-trades census-population census-qual-apprentice census-qual-none census-sick census-tenure-outright census-tenure-private census-tenure-social census-work-from-home ge24-con ge24-green ge24-labour ge24-nonvoters ge24-reform hmrc-additional-rate hmrc-employed hmrc-higher-rate hmrc-pension hmrc-self-employed hmrc-tax-amount hmrc-taxpayers osm-breweries osm-costa osm-iceland osm-lidl osm-mands osm-mcdonalds osm-nandos osm-pret osm-pubs osm-sainsburys osm-standing-stones osm-starbucks osm-stations osm-tesco osm-wetherspoon pop-all
census-qual-none,No qualifications,Work & qualifications,unified_census,45,we,North-east/South-west,Find the line that puts 50% of adults with no qualifications north-east of it,(diagonal),Liverpool,4,North-east,census-carers-50h,0,62,census-carers-50h census-cars-3plus census-cars-none census-commute-bike census-commute-car census-commute-foot census-commute-metro census-commute-motorbike census-commute-taxi census-commute-train census-health-verybad census-heat-bottled census-heat-electric census-heat-gas census-home-caravan census-home-commercial census-home-detached census-home-flat census-home-semi census-home-terraced census-hours-49plus census-job-managers census-job-operatives census-job-trades census-population census-qual-apprentice census-qual-degree census-sick census-tenure-outright census-tenure-private census-tenure-social census-work-from-home ge24-con ge24-green ge24-labour ge24-nonvoters ge24-reform hmrc-employed hmrc-higher-rate hmrc-pension hmrc-self-employed hmrc-tax-amount hmrc-taxpayers osm-breweries osm-chippies osm-costa osm-golf osm-greggs osm-iceland osm-lidl osm-mands osm-mcdonalds osm-nandos osm-pret osm-pubs osm-sainsburys osm-standing-stones osm-starbucks osm-stations osm-tesco osm-wetherspoon pop-all
census-sick,Long-term sick or disabled,Health & care,unified_census,45,we,North-east/South-west,Find the line that puts 50% of people out of work because they are long-term sick or disabled north-east of it,(diagonal),Liverpool,7,North-east,census-commute-car,0,59,census-carers-50h census-cars-3plus census-cars-none census-commute-bike census-commute-car census-commute-foot census-commute-metro census-commute-taxi census-commute-train census-health-verybad census-heat-bottled census-heat-electric census-heat-gas census-home-commercial census-home-detached census-home-flat census-home-semi census-home-terraced census-hours-49plus census-job-managers census-job-operatives census-job-trades census-population census-qual-apprentice census-qual-degree census-qual-none census-tenure-outright census-tenure-private census-tenure-social census-work-from-home ge24-con ge24-green ge24-labour ge24-nonvoters ge24-reform hmrc-employed hmrc-higher-rate hmrc-pension hmrc-self-employed hmrc-taxpayers osm-aldi osm-breweries osm-chippies osm-costa osm-golf osm-greggs osm-iceland osm-lidl osm-mands osm-mcdonalds osm-nandos osm-pubs osm-sainsburys osm-starbucks osm-stations osm-tesco osm-wetherspoon pop-all repd-battery
census-tenure-outright,Households that own outright,Owning & renting,unified_census,45,we,North-east/South-west,Find the line that puts 50% of households that own their home outright north-east of it,(diagonal),West Northamptonshire,5,North-east,census-heat-gas,0,63,census-carers-50h census-cars-3plus census-cars-none census-commute-bike census-commute-car census-commute-foot census-commute-metro census-commute-motorbike census-commute-taxi census-commute-train census-health-verybad census-heat-bottled census-heat-electric census-heat-gas census-home-caravan census-home-commercial census-home-detached census-home-flat census-home-semi census-home-terraced census-hours-49plus census-job-managers census-job-operatives census-job-trades census-population census-qual-apprentice census-qual-degree census-qual-none census-sick census-tenure-private census-tenure-social census-work-from-home ge24-con ge24-green ge24-labour ge24-nonvoters ge24-reform hmrc-employed hmrc-higher-rate hmrc-pension hmrc-self-employed hmrc-tax-amount hmrc-taxpayers osm-aldi osm-breweries osm-chippies osm-costa osm-golf osm-greggs osm-iceland osm-lidl osm-mands osm-mcdonalds osm-nandos osm-pret osm-pubs osm-sainsburys osm-starbucks osm-stations osm-tesco osm-wetherspoon pop-all repd-battery
census-tenure-private,Households renting privately,Owning & renting,unified_census,45,we,North-east/South-west,Find the line that puts 50% of households renting privately north-east of it,(diagonal),Tower Hamlets,5,South-west,census-qual-degree,0,61,census-carers-50h census-cars-3plus census-cars-none census-commute-bike census-commute-car census-commute-foot census-commute-metro census-commute-motorbike census-commute-taxi census-commute-train census-health-verybad census-heat-bottled census-heat-electric census-heat-gas census-home-caravan census-home-commercial census-home-converted census-home-detached census-home-flat census-home-semi census-home-terraced census-hours-49plus census-job-managers census-job-operatives census-job-trades census-population census-qual-apprentice census-qual-degree census-qual-none census-sick census-tenure-outright census-tenure-social census-work-from-home ge24-con ge24-green ge24-labour ge24-nonvoters ge24-reform hmrc-additional-rate hmrc-employed hmrc-higher-rate hmrc-pension hmrc-self-employed hmrc-tax-amount hmrc-taxpayers osm-breweries osm-costa osm-iceland osm-lidl osm-mands osm-mcdonalds osm-nandos osm-pret osm-pubs osm-sainsburys osm-standing-stones osm-starbucks osm-stations osm-tesco osm-wetherspoon pop-all
census-tenure-social,Households renting socially,Owning & renting,unified_census,45,we,North-east/South-west,Find the line that puts 50% of households in social housing north-east of it,(diagonal),Liverpool,2,North-east,osm-pubs,0,64,census-carers-50h census-cars-3plus census-cars-none census-commute-bike census-commute-car census-commute-foot census-commute-metro census-commute-motorbike census-commute-taxi census-commute-train census-health-verybad census-heat-bottled census-heat-electric census-heat-gas census-home-caravan census-home-commercial census-home-converted census-home-detached census-home-flat census-home-semi census-home-terraced census-hours-49plus census-job-managers census-job-operatives census-job-trades census-population census-qual-apprentice census-qual-degree census-qual-none census-sick census-tenure-outright census-tenure-private census-work-from-home ge24-con ge24-green ge24-labour ge24-nonvoters ge24-reform hmrc-additional-rate hmrc-employed hmrc-higher-rate hmrc-pension hmrc-self-employed hmrc-tax-amount hmrc-taxpayers osm-breweries osm-chippies osm-costa osm-golf osm-greggs osm-iceland osm-lidl osm-mands osm-mcdonalds osm-nandos osm-pret osm-pubs osm-sainsburys osm-standing-stones osm-starbucks osm-stations osm-tesco osm-wetherspoon pop-all
census-work-from-home,People working mainly from home,Getting to work,unified_census,45,we,North-east/South-west,Find the line that puts 50% of people who work mainly from home north-east of it,(diagonal),Barnet,8,South-west,census-heat-bottled,0,60,census-carers-50h census-cars-3plus census-cars-none census-commute-bike census-commute-car census-commute-foot census-commute-metro census-commute-motorbike census-commute-train census-health-verybad census-heat-bottled census-heat-electric census-heat-gas census-home-caravan census-home-commercial census-home-converted census-home-detached census-home-flat census-home-semi census-home-terraced census-hours-49plus census-job-managers census-job-operatives census-job-trades census-population census-qual-degree census-qual-none census-sick census-tenure-outright census-tenure-private census-tenure-social ge24-con ge24-green ge24-labour ge24-nonvoters ge24-reform hmrc-additional-rate hmrc-employed hmrc-higher-rate hmrc-pension hmrc-self-employed hmrc-tax-amount hmrc-taxpayers osm-breweries osm-costa osm-iceland osm-lidl osm-mands osm-mcdonalds osm-nandos osm-pret osm-pubs osm-sainsburys osm-standing-stones osm-starbucks osm-stations osm-tesco osm-waitrose osm-wetherspoon pop-all
ge24-con,"Conservative votes, 2024",Election night,ge2024,45,we,North-east/South-west,Find the line that puts 50% of votes cast for the Conservatives in 2024 north-east of it,(diagonal),Weald of Kent,4,South-west,osm-costa,0,61,census-carers-50h census-cars-3plus census-cars-none census-commute-bike census-commute-car census-commute-foot census-commute-metro census-commute-motorbike census-commute-taxi census-commute-train census-health-verybad census-heat-bottled census-heat-electric census-heat-gas census-home-caravan census-home-commercial census-home-converted census-home-detached census-home-flat census-home-semi census-home-terraced census-hours-49plus census-job-managers census-job-operatives census-job-trades census-population census-qual-apprentice census-qual-degree census-qual-none census-sick census-tenure-outright census-tenure-private census-tenure-social census-work-from-home ge24-green ge24-labour ge24-nonvoters ge24-reform hmrc-additional-rate hmrc-employed hmrc-higher-rate hmrc-pension hmrc-self-employed hmrc-tax-amount hmrc-taxpayers osm-breweries osm-costa osm-iceland osm-lidl osm-mands osm-mcdonalds osm-nandos osm-pret osm-pubs osm-sainsburys osm-standing-stones osm-starbucks osm-stations osm-tesco osm-wetherspoon pop-all
ge24-green,"Green votes, 2024",Election night,ge2024,45,we,North-east/South-west,Find the line that puts 50% of votes cast for the Greens in 2024 north-east of it,(diagonal),Hackney North and Stoke Newington,5,South-west,census-hours-49plus,0,61,census-carers-50h census-cars-3plus census-cars-none census-commute-bike census-commute-car census-commute-foot census-commute-metro census-commute-motorbike census-commute-taxi census-commute-train census-health-verybad census-heat-bottled census-heat-electric census-heat-gas census-home-caravan census-home-commercial census-home-converted census-home-detached census-home-flat census-home-semi census-home-terraced census-hours-49plus census-job-managers census-job-operatives census-job-trades census-population census-qual-apprentice census-qual-degree census-qual-none census-sick census-tenure-outright census-tenure-private census-tenure-social census-work-from-home ge24-con ge24-labour ge24-nonvoters ge24-reform hmrc-additional-rate hmrc-employed hmrc-higher-rate hmrc-pension hmrc-self-employed hmrc-tax-amount hmrc-taxpayers osm-breweries osm-costa osm-iceland osm-lidl osm-mands osm-mcdonalds osm-nandos osm-pret osm-pubs osm-sainsburys osm-standing-stones osm-starbucks osm-stations osm-tesco osm-wetherspoon pop-all
ge24-labour,"Labour votes, 2024",Election night,ge2024,45,we,North-east/South-west,Find the line that puts 50% of votes cast for Labour in 2024 north-east of it,(diagonal),Sefton Central,6,North-east,census-health-verybad,0,59,census-carers-50h census-cars-3plus census-cars-none census-commute-bike census-commute-car census-commute-foot census-commute-metro census-commute-taxi census-commute-train census-health-verybad census-heat-bottled census-heat-electric census-heat-gas census-home-commercial census-home-detached census-home-flat census-home-semi census-home-terraced census-hours-49plus census-job-managers census-job-operatives census-job-trades census-population census-qual-apprentice census-qual-degree census-qual-none census-sick census-tenure-outright census-tenure-private census-tenure-social census-work-from-home ge24-con ge24-green ge24-nonvoters ge24-reform hmrc-employed hmrc-higher-rate hmrc-pension hmrc-self-employed hmrc-taxpayers osm-aldi osm-breweries osm-chippies osm-costa osm-golf osm-greggs osm-iceland osm-lidl osm-mands osm-mcdonalds osm-nandos osm-pubs osm-sainsburys osm-starbucks osm-stations osm-tesco osm-wetherspoon pop-all repd-battery
ge24-libdem,"Liberal Democrat votes, 2024",Election night,ge2024,45,we,North-east/South-west,Find the line that puts 50% of votes cast for the Liberal Democrats in 2024 north-east of it,(diagonal),Twickenham,31,South-west,repd-solar,6,7,census-heat-oil census-home-converted hmrc-additional-rate osm-pret osm-standing-stones osm-waitrose repd-solar
ge24-nonvoters,"Registered voters who did not vote, 2024",Election night,ge2024,45,we,North-east/South-west,Find the line that puts 50% of registered voters who stayed at home in 2024 north-east of it,(diagonal),Ilford South,3,North-east,census-home-detached,0,63,census-carers-50h census-cars-3plus census-cars-none census-commute-bike census-commute-car census-commute-foot census-commute-metro census-commute-motorbike census-commute-taxi census-commute-train census-health-verybad census-heat-bottled census-heat-electric census-heat-gas census-home-caravan census-home-commercial census-home-converted census-home-detached census-home-flat census-home-semi census-home-terraced census-hours-49plus census-job-managers census-job-operatives census-job-trades census-population census-qual-apprentice census-qual-degree census-qual-none census-sick census-tenure-outright census-tenure-private census-tenure-social census-work-from-home ge24-con ge24-green ge24-labour ge24-reform hmrc-employed hmrc-higher-rate hmrc-pension hmrc-self-employed hmrc-tax-amount hmrc-taxpayers osm-breweries osm-chippies osm-costa osm-golf osm-greggs osm-iceland osm-lidl osm-mands osm-mcdonalds osm-nandos osm-pret osm-pubs osm-sainsburys osm-standing-stones osm-starbucks osm-stations osm-tesco osm-wetherspoon pop-all
ge24-reform,"Reform UK votes, 2024",Election night,ge2024,45,we,North-east/South-west,Find the line that puts 50% of votes cast for Reform UK in 2024 north-east of it,(diagonal),Hornchurch and Upminster,9,North-east,census-home-semi,1,56,census-carers-50h census-cars-3plus census-cars-none census-commute-bike census-commute-car census-commute-foot census-commute-taxi census-commute-train census-health-verybad census-heat-bottled census-heat-electric census-heat-gas census-home-detached census-home-flat census-home-semi census-home-terraced census-hours-49plus census-job-managers census-job-operatives census-job-trades census-population census-qual-apprentice census-qual-degree census-qual-none census-sick census-tenure-outright census-tenure-private census-tenure-social census-work-from-home ge24-con ge24-green ge24-labour ge24-nonvoters hmrc-employed hmrc-higher-rate hmrc-pension hmrc-self-employed hmrc-taxpayers osm-aldi osm-breweries osm-chippies osm-costa osm-golf osm-greggs osm-iceland osm-lidl osm-mcdonalds osm-nandos osm-pubs osm-sainsburys osm-starbucks osm-stations osm-tesco osm-wetherspoon pop-all repd-battery
hmrc-additional-rate,Additional-rate (top-rate) taxpayers,Income & tax,hmrc,45,we,North-east/South-west,Find the line that puts 50% of top-rate taxpayers north-east of it,(diagonal),Westminster,16,South-west,census-home-converted,1,45,census-cars-3plus census-cars-none census-commute-bike census-commute-foot census-commute-metro census-commute-motorbike census-commute-train census-heat-bottled census-heat-electric census-home-caravan census-home-commercial census-home-converted census-home-flat census-hours-49plus census-job-managers census-job-trades census-population census-qual-degree census-tenure-private census-tenure-social census-work-from-home ge24-con ge24-green ge24-libdem hmrc-employed hmrc-higher-rate hmrc-self-employed hmrc-tax-amount hmrc-taxpayers osm-breweries osm-costa osm-iceland osm-lidl osm-mands osm-nandos osm-pret osm-pubs osm-sainsburys osm-standing-stones osm-starbucks osm-stations osm-tesco osm-waitrose osm-wetherspoon pop-all
hmrc-employed,Taxpayers with a job,Income & tax,hmrc,45,we,North-east/South-west,Find the line that puts 50% of taxpayers with income from a job north-east of it,(diagonal),West Northamptonshire,1,South-west,osm-starbucks,0,64,census-carers-50h census-cars-3plus census-cars-none census-commute-bike census-commute-car census-commute-foot census-commute-metro census-commute-motorbike census-commute-taxi census-commute-train census-health-verybad census-heat-bottled census-heat-electric census-heat-gas census-home-caravan census-home-commercial census-home-converted census-home-detached census-home-flat census-home-semi census-home-terraced census-hours-49plus census-job-managers census-job-operatives census-job-trades census-population census-qual-apprentice census-qual-degree census-qual-none census-sick census-tenure-outright census-tenure-private census-tenure-social census-work-from-home ge24-con ge24-green ge24-labour ge24-nonvoters ge24-reform hmrc-additional-rate hmrc-higher-rate hmrc-pension hmrc-self-employed hmrc-tax-amount hmrc-taxpayers osm-breweries osm-chippies osm-costa osm-golf osm-greggs osm-iceland osm-lidl osm-mands osm-mcdonalds osm-nandos osm-pret osm-pubs osm-sainsburys osm-standing-stones osm-starbucks osm-stations osm-tesco osm-wetherspoon pop-all
hmrc-higher-rate,Higher-rate taxpayers,Income & tax,hmrc,45,we,North-east/South-west,Find the line that puts 50% of higher-rate taxpayers north-east of it,(diagonal),Barnet,7,South-west,census-home-flat,0,62,census-carers-50h census-cars-3plus census-cars-none census-commute-bike census-commute-car census-commute-foot census-commute-metro census-commute-motorbike census-commute-taxi census-commute-train census-health-verybad census-heat-bottled census-heat-electric census-heat-gas census-home-caravan census-home-commercial census-home-converted census-home-detached census-home-flat census-home-semi census-home-terraced census-hours-49plus census-job-managers census-job-operatives census-job-trades census-population census-qual-apprentice census-qual-degree census-qual-none census-sick census-tenure-outright census-tenure-private census-tenure-social census-work-from-home ge24-con ge24-green ge24-labour ge24-nonvoters ge24-reform hmrc-additional-rate hmrc-employed hmrc-pension hmrc-self-employed hmrc-tax-amount hmrc-taxpayers osm-breweries osm-costa osm-iceland osm-lidl osm-mands osm-mcdonalds osm-nandos osm-pret osm-pubs osm-sainsburys osm-standing-stones osm-starbucks osm-stations osm-tesco osm-waitrose osm-wetherspoon pop-all
hmrc-pension,Taxpayers with pension income,Income & tax,hmrc,45,we,North-east/South-west,Find the line that puts 50% of taxpayers drawing a pension north-east of it,(diagonal),West Northamptonshire,3,North-east,census-home-detached,0,63,census-carers-50h census-cars-3plus census-cars-none census-commute-bike census-commute-car census-commute-foot census-commute-metro census-commute-motorbike census-commute-taxi census-commute-train census-health-verybad census-heat-bottled census-heat-electric census-heat-gas census-home-caravan census-home-commercial census-home-converted census-home-detached census-home-flat census-home-semi census-home-terraced census-hours-49plus census-job-managers census-job-operatives census-job-trades census-population census-qual-apprentice census-qual-degree census-qual-none census-sick census-tenure-outright census-tenure-private census-tenure-social census-work-from-home ge24-con ge24-green ge24-labour ge24-nonvoters ge24-reform hmrc-employed hmrc-higher-rate hmrc-self-employed hmrc-tax-amount hmrc-taxpayers osm-breweries osm-chippies osm-costa osm-golf osm-greggs osm-iceland osm-lidl osm-mands osm-mcdonalds osm-nandos osm-pret osm-pubs osm-sainsburys osm-standing-stones osm-starbucks osm-stations osm-tesco osm-wetherspoon pop-all
hmrc-self-employed,Self-employed taxpayers,Income & tax,hmrc,45,we,North-east/South-west,Find the line that puts 50% of self-employed taxpayers north-east of it,(diagonal),Barnet,7,South-west,census-commute-train,0,60,census-carers-50h census-cars-3plus census-cars-none census-commute-bike census-commute-car census-commute-foot census-commute-metro census-commute-motorbike census-commute-train census-health-verybad census-heat-bottled census-heat-electric census-heat-gas census-home-caravan census-home-commercial census-home-converted census-home-detached census-home-flat census-home-semi census-home-terraced census-hours-49plus census-job-managers census-job-operatives census-job-trades census-population census-qual-degree census-qual-none census-sick census-tenure-outright census-tenure-private census-tenure-social census-work-from-home ge24-con ge24-green ge24-labour ge24-nonvoters ge24-reform hmrc-additional-rate hmrc-employed hmrc-higher-rate hmrc-pension hmrc-tax-amount hmrc-taxpayers osm-breweries osm-costa osm-iceland osm-lidl osm-mands osm-mcdonalds osm-nandos osm-pret osm-pubs osm-sainsburys osm-standing-stones osm-starbucks osm-stations osm-tesco osm-waitrose osm-wetherspoon pop-all
hmrc-tax-amount,Income tax paid,Income & tax,hmrc,45,we,North-east/South-west,Find the line that puts 50% of all income tax paid north-east of it,(diagonal),Westminster,12,South-west,census-home-caravan,0,53,census-carers-50h census-cars-3plus census-cars-none census-commute-bike census-commute-foot census-commute-metro census-commute-motorbike census-commute-train census-heat-bottled census-heat-electric census-heat-gas census-home-caravan census-home-commercial census-home-converted census-home-detached census-home-flat census-home-terraced census-hours-49plus census-job-managers census-job-trades census-population census-qual-degree census-qual-none census-tenure-outright census-tenure-private census-tenure-social census-work-from-home ge24-con ge24-green ge24-nonvoters hmrc-additional-rate hmrc-employed hmrc-higher-rate hmrc-pension hmrc-self-employed hmrc-taxpayers osm-breweries osm-costa osm-iceland osm-lidl osm-mands osm-mcdonalds osm-nandos osm-pret osm-pubs osm-sainsburys osm-standing-stones osm-starbucks osm-stations osm-tesco osm-waitrose osm-wetherspoon pop-all
hmrc-taxpayers,Income taxpayers,Income & tax,hmrc,45,we,North-east/South-west,Find the line that puts 50% of income taxpayers north-east of it,(diagonal),West Northamptonshire,0,South-west,census-cars-none,0,64,census-carers-50h census-cars-3plus census-cars-none census-commute-bike census-commute-car census-commute-foot census-commute-metro census-commute-motorbike census-commute-taxi census-commute-train census-health-verybad census-heat-bottled census-heat-electric census-heat-gas census-home-caravan census-home-commercial census-home-converted census-home-detached census-home-flat census-home-semi census-home-terraced census-hours-49plus census-job-managers census-job-operatives census-job-trades census-population census-qual-apprentice census-qual-degree census-qual-none census-sick census-tenure-outright census-tenure-private census-tenure-social census-work-from-home ge24-con ge24-green ge24-labour ge24-nonvoters ge24-reform hmrc-additional-rate hmrc-employed hmrc-higher-rate hmrc-pension hmrc-self-employed hmrc-tax-amount osm-breweries osm-chippies osm-costa osm-golf osm-greggs osm-iceland osm-lidl osm-mands osm-mcdonalds osm-nandos osm-pret osm-pubs osm-sainsburys osm-standing-stones osm-starbucks osm-stations osm-tesco osm-wetherspoon pop-all
osm-aldi,Aldi shops,Supermarket sweep,osm,45,we,North-east/South-west,Find the line that puts 50% of Aldi shops north-east of it,(diagonal),Wigan,23,North-east,repd-battery,0,19,census-commute-car census-commute-taxi census-health-verybad census-heat-gas census-heat-renewable census-heat-wood census-home-semi census-job-operatives census-qual-apprentice census-sick census-tenure-outright ge24-labour ge24-reform osm-chippies osm-golf osm-greggs osm-morrisons osm-windmills repd-battery
osm-breweries,Breweries,Out and about,osm,45,we,North-east/South-west,Find the line that puts 50% of breweries north-east of it,(diagonal),Waltham Forest,2,North-east,census-tenure-social,0,64,census-carers-50h census-cars-3plus census-cars-none census-commute-bike census-commute-car census-commute-foot census-commute-metro census-commute-motorbike census-commute-taxi census-commute-train census-health-verybad census-heat-bottled census-heat-electric census-heat-gas census-home-caravan census-home-commercial census-home-converted census-home-detached census-home-flat census-home-semi census-home-terraced census-hours-49plus census-job-managers census-job-operatives census-job-trades census-population census-qual-apprentice census-qual-degree census-qual-none census-sick census-tenure-outright census-tenure-private census-tenure-social census-work-from-home ge24-con ge24-green ge24-labour ge24-nonvoters ge24-reform hmrc-additional-rate hmrc-employed hmrc-higher-rate hmrc-pension hmrc-self-employed hmrc-tax-amount hmrc-taxpayers osm-chippies osm-costa osm-golf osm-greggs osm-iceland osm-lidl osm-mands osm-mcdonalds osm-nandos osm-pret osm-pubs osm-sainsburys osm-standing-stones osm-starbucks osm-stations osm-tesco osm-wetherspoon pop-all
osm-castles,Castles,Heritage & coast,osm,45,we,North-east/South-west,Find the line that puts 50% of castles north-east of it,(diagonal),Dumfries and Galloway,80,North-east,repd-battery-pipeline,3,2,repd-battery-pipeline repd-solar-pipeline
osm-chippies,Fish and chip shops,Out and about,osm,45,we,North-east/South-west,Find the line that puts 50% of fish and chip shops north-east of it,(diagonal),St. Helens,14,North-east,osm-golf,1,40,census-carers-50h census-cars-3plus census-cars-none census-commute-car census-commute-foot census-commute-taxi census-health-verybad census-heat-gas census-heat-renewable census-home-detached census-home-semi census-home-terraced census-job-operatives census-job-trades census-population census-qual-apprentice census-qual-none census-sick census-tenure-outright census-tenure-social ge24-labour ge24-nonvoters ge24-reform hmrc-employed hmrc-pension hmrc-taxpayers osm-aldi osm-breweries osm-golf osm-greggs osm-iceland osm-lidl osm-mcdonalds osm-morrisons osm-pubs osm-starbucks osm-stations osm-wetherspoon pop-all repd-battery
osm-costa,Costa Coffee shops,High street,osm,45,we,North-east/South-west,Find the line that puts 50% of Costa Coffee shops north-east of it,(diagonal),Cheshire West and Chester,4,South-west,ge24-con,0,61,census-carers-50h census-cars-3plus census-cars-none census-commute-bike census-commute-car census-commute-foot census-commute-metro census-commute-motorbike census-commute-taxi census-commute-train census-health-verybad census-heat-bottled census-heat-electric census-heat-gas census-home-caravan census-home-commercial census-home-converted census-home-detached census-home-flat census-home-semi census-home-terraced census-hours-49plus census-job-managers census-job-operatives census-job-trades census-population census-qual-apprentice census-qual-degree census-qual-none census-sick census-tenure-outright census-tenure-private census-tenure-social census-work-from-home ge24-con ge24-green ge24-labour ge24-nonvoters ge24-reform hmrc-additional-rate hmrc-employed hmrc-higher-rate hmrc-pension hmrc-self-employed hmrc-tax-amount hmrc-taxpayers osm-breweries osm-iceland osm-lidl osm-mands osm-mcdonalds osm-nandos osm-pret osm-pubs osm-sainsburys osm-standing-stones osm-starbucks osm-stations osm-tesco osm-wetherspoon pop-all
osm-distilleries,Distilleries,Out and about,osm,45,we,North-east/South-west,Find the line that puts 50% of distilleries north-east of it,(diagonal),Falkirk,166,North-east,repd-wind-offshore,10,1,repd-wind-offshore
osm-golf,Golf courses,Out and about,osm,45,we,North-east/South-west,Find the line that puts 50% of golf courses north-east of it,(diagonal),Cheshire East,14,North-east,osm-greggs,0,41,census-carers-50h census-cars-3plus census-cars-none census-commute-car census-commute-foot census-commute-taxi census-health-verybad census-heat-gas census-heat-renewable census-home-detached census-home-semi census-home-terraced census-job-operatives census-job-trades census-population census-qual-apprentice census-qual-none census-sick census-tenure-outright census-tenure-social ge24-labour ge24-nonvoters ge24-reform hmrc-employed hmrc-pension hmrc-taxpayers osm-aldi osm-breweries osm-chippies osm-greggs osm-iceland osm-lidl osm-mcdonalds osm-morrisons osm-pubs osm-starbucks osm-stations osm-wetherspoon osm-windmills pop-all repd-battery
osm-greggs,Greggs shops,High street,osm,45,we,North-east/South-west,Find the line that puts 50% of Greggs shops north-east of it,(diagonal),Cheshire East,15,North-east,osm-golf,0,41,census-carers-50h census-cars-3plus census-cars-none census-commute-car census-commute-foot census-commute-taxi census-health-verybad census-heat-gas census-heat-renewable census-home-detached census-home-semi census-home-terraced census-job-operatives census-job-trades census-population census-qual-apprentice census-qual-none census-sick census-tenure-outright census-tenure-social ge24-labour ge24-nonvoters ge24-reform hmrc-employed hmrc-pension hmrc-taxpayers osm-aldi osm-breweries osm-chippies osm-golf osm-iceland osm-lidl osm-mcdonalds osm-morrisons osm-pubs osm-starbucks osm-stations osm-wetherspoon osm-windmills pop-all repd-battery
osm-iceland,Iceland shops,Supermarket sweep,osm,45,we,North-east/South-west,Find the line that puts 50% of Iceland shops north-east of it,(diagonal),Liverpool,1,North-east,census-commute-foot,0,64,census-carers-50h census-cars-3plus census-cars-none census-commute-bike census-commute-car census-commute-foot census-commute-metro census-commute-motorbike census-commute-taxi census-commute-train census-health-verybad census-heat-bottled census-heat-electric census-heat-gas census-home-caravan census-home-commercial census-home-converted census-home-detached census-home-flat census-home-semi census-home-terraced census-hours-49plus census-job-managers census-job-operatives census-job-trades census-population census-qual-apprentice census-qual-degree census-qual-none census-sick census-tenure-outright census-tenure-private census-tenure-social census-work-from-home ge24-con ge24-green ge24-labour ge24-nonvoters ge24-reform hmrc-additional-rate hmrc-employed hmrc-higher-rate hmrc-pension hmrc-self-employed hmrc-tax-amount hmrc-taxpayers osm-breweries osm-chippies osm-costa osm-golf osm-greggs osm-lidl osm-mands osm-mcdonalds osm-nandos osm-pret osm-pubs osm-sainsburys osm-standing-stones osm-starbucks osm-stations osm-tesco osm-wetherspoon pop-all
osm-lidl,Lidl shops,Supermarket sweep,osm,45,we,North-east/South-west,Find the line that puts 50% of Lidl shops north-east of it,(diagonal),Liverpool,1,South-west,osm-starbucks,0,64,census-carers-50h census-cars-3plus census-cars-none census-commute-bike census-commute-car census-commute-foot census-commute-metro census-commute-motorbike census-commute-taxi census-commute-train census-health-verybad census-heat-bottled census-heat-electric census-heat-gas census-home-caravan census-home-commercial census-home-converted census-home-detached census-home-flat census-home-semi census-home-terraced census-hours-49plus census-job-managers census-job-operatives census-job-trades census-population census-qual-apprentice census-qual-degree census-qual-none census-sick census-tenure-outright census-tenure-private census-tenure-social census-work-from-home ge24-con ge24-green ge24-labour ge24-nonvoters ge24-reform hmrc-additional-rate hmrc-employed hmrc-higher-rate hmrc-pension hmrc-self-employed hmrc-tax-amount hmrc-taxpayers osm-breweries osm-chippies osm-costa osm-golf osm-greggs osm-iceland osm-mands osm-mcdonalds osm-nandos osm-pret osm-pubs osm-sainsburys osm-standing-stones osm-starbucks osm-stations osm-tesco osm-wetherspoon pop-all
osm-lighthouses,Lighthouses,Heritage & coast,osm,45,we,North-east/South-west,Find the line that puts 50% of lighthouses north-east of it,(diagonal),Argyll and Bute,111,North-east,repd-wind-onshore,12,1,repd-wind-onshore
osm-mands,M&S shops,Supermarket sweep,osm,45,we,North-east/South-west,Find the line that puts 50% of Marks & Spencer shops north-east of it,(diagonal),Camden,9,South-west,osm-nandos,0,59,census-carers-50h census-cars-3plus census-cars-none census-commute-bike census-commute-car census-commute-foot census-commute-metro census-commute-motorbike census-commute-train census-health-verybad census-heat-bottled census-heat-electric census-heat-gas census-home-caravan census-home-commercial census-home-converted census-home-detached census-home-flat census-home-semi census-home-terraced census-hours-49plus census-job-managers census-job-operatives census-job-trades census-population census-qual-degree census-qual-none census-sick census-tenure-outright census-tenure-private census-tenure-social census-work-from-home ge24-con ge24-green ge24-labour ge24-nonvoters hmrc-additional-rate hmrc-employed hmrc-higher-rate hmrc-pension hmrc-self-employed hmrc-tax-amount hmrc-taxpayers osm-breweries osm-costa osm-iceland osm-lidl osm-mcdonalds osm-nandos osm-pret osm-pubs osm-sainsburys osm-standing-stones osm-starbucks osm-stations osm-tesco osm-waitrose osm-wetherspoon pop-all
osm-mcdonalds,McDonald's restaurants,High street,osm,45,we,North-east/South-west,Find the line that puts 50% of McDonald's restaurants north-east of it,(diagonal),Liverpool,3,North-east,hmrc-pension,0,63,census-carers-50h census-cars-3plus census-cars-none census-commute-bike census-commute-car census-commute-foot census-commute-metro census-commute-motorbike census-commute-taxi census-commute-train census-health-verybad census-heat-bottled census-heat-electric census-heat-gas census-home-caravan census-home-commercial census-home-converted census-home-detached census-home-flat census-home-semi census-home-terraced census-hours-49plus census-job-managers census-job-operatives census-job-trades census-population census-qual-apprentice census-qual-degree census-qual-none census-sick census-tenure-outright census-tenure-private census-tenure-social census-work-from-home ge24-con ge24-green ge24-labour ge24-nonvoters ge24-reform hmrc-employed hmrc-higher-rate hmrc-pension hmrc-self-employed hmrc-tax-amount hmrc-taxpayers osm-breweries osm-chippies osm-costa osm-golf osm-greggs osm-iceland osm-lidl osm-mands osm-nandos osm-pret osm-pubs osm-sainsburys osm-standing-stones osm-starbucks osm-stations osm-tesco osm-wetherspoon pop-all
osm-morrisons,Morrisons supermarkets,Supermarket sweep,osm,45,we,North-east/South-west,Find the line that puts 50% of Morrisons supermarkets north-east of it,(diagonal),North Northamptonshire,30,North-east,census-heat-renewable,1,8,census-heat-renewable census-heat-wood osm-aldi osm-chippies osm-golf osm-greggs osm-windmills repd-battery
osm-nandos,Nando's restaurants,High street,osm,45,we,North-east/South-west,Find the line that puts 50% of Nando's restaurants north-east of it,(diagonal),Camden,9,South-west,osm-mands,0,60,census-carers-50h census-cars-3plus census-cars-none census-commute-bike census-commute-car census-commute-foot census-commute-metro census-commute-motorbike census-commute-train census-health-verybad census-heat-bottled census-heat-electric census-heat-gas census-home-caravan census-home-commercial census-home-converted census-home-detached census-home-flat census-home-semi census-home-terraced census-hours-49plus census-job-managers census-job-operatives census-job-trades census-population census-qual-degree census-qual-none census-sick census-tenure-outright census-tenure-private census-tenure-social census-work-from-home ge24-con ge24-green ge24-labour ge24-nonvoters ge24-reform hmrc-additional-rate hmrc-employed hmrc-higher-rate hmrc-pension hmrc-self-employed hmrc-tax-amount hmrc-taxpayers osm-breweries osm-costa osm-iceland osm-lidl osm-mands osm-mcdonalds osm-pret osm-pubs osm-sainsburys osm-standing-stones osm-starbucks osm-stations osm-tesco osm-waitrose osm-wetherspoon pop-all
osm-pret,Pret A Manger shops,High street,osm,45,we,North-east/South-west,Find the line that puts 50% of Pret A Manger shops north-east of it,(diagonal),Camden,13,South-west,census-home-caravan,1,51,census-carers-50h census-cars-3plus census-cars-none census-commute-bike census-commute-foot census-commute-metro census-commute-motorbike census-commute-train census-heat-bottled census-heat-electric census-home-caravan census-home-commercial census-home-converted census-home-detached census-home-flat census-home-terraced census-hours-49plus census-job-managers census-job-trades census-population census-qual-degree census-qual-none census-tenure-private census-tenure-social census-work-from-home ge24-con ge24-green ge24-nonvoters hmrc-additional-rate hmrc-employed hmrc-higher-rate hmrc-pension hmrc-self-employed hmrc-tax-amount hmrc-taxpayers osm-breweries osm-costa osm-iceland osm-lidl osm-mands osm-mcdonalds osm-nandos osm-pubs osm-sainsburys osm-standing-stones osm-starbucks osm-stations osm-tesco osm-waitrose osm-wetherspoon pop-all
osm-pubs,Pubs,Out and about,osm,45,we,North-east/South-west,Find the line that puts 50% of pubs north-east of it,(diagonal),Liverpool,2,North-east,census-tenure-social,0,64,census-carers-50h census-cars-3plus census-cars-none census-commute-bike census-commute-car census-commute-foot census-commute-metro census-commute-motorbike census-commute-taxi census-commute-train census-health-verybad census-heat-bottled census-heat-electric census-heat-gas census-home-caravan census-home-commercial census-home-converted census-home-detached census-home-flat census-home-semi census-home-terraced census-hours-49plus census-job-managers census-job-operatives census-job-trades census-population census-qual-apprentice census-qual-degree census-qual-none census-sick census-tenure-outright census-tenure-private census-tenure-social census-work-from-home ge24-con ge24-green ge24-labour ge24-nonvoters ge24-reform hmrc-additional-rate hmrc-employed hmrc-higher-rate hmrc-pension hmrc-self-employed hmrc-tax-amount hmrc-taxpayers osm-breweries osm-chippies osm-costa osm-golf osm-greggs osm-iceland osm-lidl osm-mands osm-mcdonalds osm-nandos osm-pret osm-sainsburys osm-standing-stones osm-starbucks osm-stations osm-tesco osm-wetherspoon pop-all
osm-sainsburys,Sainsbury's shops (all formats),Supermarket sweep,osm,45,we,North-east/South-west,Find the line that puts 50% of Sainsbury's shops of every size north-east of it,(diagonal),Southwark,9,South-west,osm-nandos,0,60,census-carers-50h census-cars-3plus census-cars-none census-commute-bike census-commute-car census-commute-foot census-commute-metro census-commute-motorbike census-commute-train census-health-verybad census-heat-bottled census-heat-electric census-heat-gas census-home-caravan census-home-commercial census-home-converted census-home-detached census-home-flat census-home-semi census-home-terraced census-hours-49plus census-job-managers census-job-operatives census-job-trades census-population census-qual-degree census-qual-none census-sick census-tenure-outright census-tenure-private census-tenure-social census-work-from-home ge24-con ge24-green ge24-labour ge24-nonvoters ge24-reform hmrc-additional-rate hmrc-employed hmrc-higher-rate hmrc-pension hmrc-self-employed hmrc-tax-amount hmrc-taxpayers osm-breweries osm-costa osm-iceland osm-lidl osm-mands osm-mcdonalds osm-nandos osm-pret osm-pubs osm-standing-stones osm-starbucks osm-stations osm-tesco osm-waitrose osm-wetherspoon pop-all
osm-standing-stones,Standing stones and other megaliths,Heritage & coast,osm,45,we,North-east/South-west,Find the line that puts 50% of standing stones and other megaliths north-east of it,(diagonal),Causeway Coast and Glens,14,South-west,census-home-converted,0,52,census-carers-50h census-cars-3plus census-cars-none census-commute-bike census-commute-foot census-commute-metro census-commute-motorbike census-commute-train census-heat-bottled census-heat-electric census-home-caravan census-home-commercial census-home-converted census-home-detached census-home-flat census-home-terraced census-hours-49plus census-job-managers census-job-trades census-population census-qual-degree census-qual-none census-tenure-private census-tenure-social census-work-from-home ge24-con ge24-green ge24-libdem ge24-nonvoters hmrc-additional-rate hmrc-employed hmrc-higher-rate hmrc-pension hmrc-self-employed hmrc-tax-amount hmrc-taxpayers osm-breweries osm-costa osm-iceland osm-lidl osm-mands osm-mcdonalds osm-nandos osm-pret osm-pubs osm-sainsburys osm-starbucks osm-stations osm-tesco osm-waitrose osm-wetherspoon pop-all
osm-starbucks,Starbucks shops,High street,osm,45,we,North-east/South-west,Find the line that puts 50% of Starbucks shops north-east of it,(diagonal),Liverpool,1,South-west,hmrc-employed,0,64,census-carers-50h census-cars-3plus census-cars-none census-commute-bike census-commute-car census-commute-foot census-commute-metro census-commute-motorbike census-commute-taxi census-commute-train census-health-verybad census-heat-bottled census-heat-electric census-heat-gas census-home-caravan census-home-commercial census-home-converted census-home-detached census-home-flat census-home-semi census-home-terraced census-hours-49plus census-job-managers census-job-operatives census-job-trades census-population census-qual-apprentice census-qual-degree census-qual-none census-sick census-tenure-outright census-tenure-private census-tenure-social census-work-from-home ge24-con ge24-green ge24-labour ge24-nonvoters ge24-reform hmrc-additional-rate hmrc-employed hmrc-higher-rate hmrc-pension hmrc-self-employed hmrc-tax-amount hmrc-taxpayers osm-breweries osm-chippies osm-costa osm-golf osm-greggs osm-iceland osm-lidl osm-mands osm-mcdonalds osm-nandos osm-pret osm-pubs osm-sainsburys osm-standing-stones osm-stations osm-tesco osm-wetherspoon pop-all
osm-stations,Railway stations,Out and about,osm,45,we,North-east/South-west,Find the line that puts 50% of railway stations north-east of it,(diagonal),Cheshire West and Chester,2,South-west,census-cars-3plus,0,64,census-carers-50h census-cars-3plus census-cars-none census-commute-bike census-commute-car census-commute-foot census-commute-metro census-commute-motorbike census-commute-taxi census-commute-train census-health-verybad census-heat-bottled census-heat-electric census-heat-gas census-home-caravan census-home-commercial census-home-converted census-home-detached census-home-flat census-home-semi census-home-terraced census-hours-49plus census-job-managers census-job-operatives census-job-trades census-population census-qual-apprentice census-qual-degree census-qual-none census-sick census-tenure-outright census-tenure-private census-tenure-social census-work-from-home ge24-con ge24-green ge24-labour ge24-nonvoters ge24-reform hmrc-additional-rate hmrc-employed hmrc-higher-rate hmrc-pension hmrc-self-employed hmrc-tax-amount hmrc-taxpayers osm-breweries osm-chippies osm-costa osm-golf osm-greggs osm-iceland osm-lidl osm-mands osm-mcdonalds osm-nandos osm-pret osm-pubs osm-sainsburys osm-standing-stones osm-starbucks osm-tesco osm-wetherspoon pop-all
osm-tesco,Tesco shops (all formats),Supermarket sweep,osm,45,we,North-east/South-west,Find the line that puts 50% of Tesco shops of every size north-east of it,(diagonal),Tower Hamlets,7,South-west,census-home-flat,0,61,census-carers-50h census-cars-3plus census-cars-none census-commute-bike census-commute-car census-commute-foot census-commute-metro census-commute-motorbike census-commute-train census-health-verybad census-heat-bottled census-heat-electric census-heat-gas census-home-caravan census-home-commercial census-home-converted census-home-detached census-home-flat census-home-semi census-home-terraced census-hours-49plus census-job-managers census-job-operatives census-job-trades census-population census-qual-apprentice census-qual-degree census-qual-none census-sick census-tenure-outright census-tenure-private census-tenure-social census-work-from-home ge24-con ge24-green ge24-labour ge24-nonvoters ge24-reform hmrc-additional-rate hmrc-employed hmrc-higher-rate hmrc-pension hmrc-self-employed hmrc-tax-amount hmrc-taxpayers osm-breweries osm-costa osm-iceland osm-lidl osm-mands osm-mcdonalds osm-nandos osm-pret osm-pubs osm-sainsburys osm-standing-stones osm-starbucks osm-stations osm-waitrose osm-wetherspoon pop-all
osm-waitrose,Waitrose shops,Supermarket sweep,osm,45,we,North-east/South-west,Find the line that puts 50% of Waitrose shops north-east of it,(diagonal),Buckinghamshire,25,South-west,ge24-libdem,7,24,census-commute-bike census-commute-metro census-commute-motorbike census-commute-train census-heat-bottled census-heat-oil census-home-caravan census-home-commercial census-home-converted census-home-flat census-job-managers census-work-from-home ge24-libdem hmrc-additional-rate hmrc-higher-rate hmrc-self-employed hmrc-tax-amount osm-mands osm-nandos osm-pret osm-sainsburys osm-standing-stones osm-tesco repd-solar
osm-wetherspoon,Wetherspoon pubs,High street,osm,45,we,North-east/South-west,Find the line that puts 50% of Wetherspoon pubs north-east of it,(diagonal),Liverpool,0,North-east,census-population,0,64,census-carers-50h census-cars-3plus census-cars-none census-commute-bike census-commute-car census-commute-foot census-commute-metro census-commute-motorbike census-commute-taxi census-commute-train census-health-verybad census-heat-bottled census-heat-electric census-heat-gas census-home-caravan census-home-commercial census-home-converted census-home-detached census-home-flat census-home-semi census-home-terraced census-hours-49plus census-job-managers census-job-operatives census-job-trades census-population census-qual-apprentice census-qual-degree census-qual-none census-sick census-tenure-outright census-tenure-private census-tenure-social census-work-from-home ge24-con ge24-green ge24-labour ge24-nonvoters ge24-reform hmrc-additional-rate hmrc-employed hmrc-higher-rate hmrc-pension hmrc-self-employed hmrc-tax-amount hmrc-taxpayers osm-breweries osm-chippies osm-costa osm-golf osm-greggs osm-iceland osm-lidl osm-mands osm-mcdonalds osm-nandos osm-pret osm-pubs osm-sainsburys osm-standing-stones osm-starbucks osm-stations osm-tesco pop-all
osm-windmills,Windmills (historic),Heritage & coast,osm,45,we,North-east/South-west,Find the line that puts 50% of old windmills north-east of it,(diagonal),Uttlesford,32,North-east,census-heat-renewable,1,7,census-heat-renewable census-heat-wood osm-aldi osm-golf osm-greggs osm-morrisons repd-battery
pop-all,Population,Population,population,45,we,North-east/South-west,Find the line that puts 50% of the UK's population north-east of it,(diagonal),Liverpool,1,North-east,census-commute-foot,0,64,census-carers-50h census-cars-3plus census-cars-none census-commute-bike census-commute-car census-commute-foot census-commute-metro census-commute-motorbike census-commute-taxi census-commute-train census-health-verybad census-heat-bottled census-heat-electric census-heat-gas census-home-caravan census-home-commercial census-home-converted census-home-detached census-home-flat census-home-semi census-home-terraced census-hours-49plus census-job-managers census-job-operatives census-job-trades census-population census-qual-apprentice census-qual-degree census-qual-none census-sick census-tenure-outright census-tenure-private census-tenure-social census-work-from-home ge24-con ge24-green ge24-labour ge24-nonvoters ge24-reform hmrc-additional-rate hmrc-employed hmrc-higher-rate hmrc-pension hmrc-self-employed hmrc-tax-amount hmrc-taxpayers osm-breweries osm-chippies osm-costa osm-golf osm-greggs osm-iceland osm-lidl osm-mands osm-mcdonalds osm-nandos osm-pret osm-pubs osm-sainsburys osm-standing-stones osm-starbucks osm-stations osm-tesco osm-wetherspoon
repd-battery,Battery storage capacity (MW),Power,repd,45,we,North-east/South-west,Find the line that puts 50% of grid battery storage capacity north-east of it,(diagonal),Swale,22,North-east,osm-aldi,0,19,census-commute-car census-commute-taxi census-health-verybad census-heat-gas census-heat-renewable census-heat-wood census-home-semi census-job-operatives census-qual-apprentice census-sick census-tenure-outright ge24-labour ge24-reform osm-aldi osm-chippies osm-golf osm-greggs osm-morrisons osm-windmills
repd-battery-pipeline,Battery storage consented or being built (MW),Power,repd,45,we,North-east/South-west,Find the line that puts 50% of battery storage capacity that is consented or under construction north-east of it,(diagonal),South Holland,85,North-east,osm-castles,3,2,osm-castles repd-solar-pipeline
repd-hydro,Hydro-electric schemes,Power,repd,45,we,North-east/South-west,Find the line that puts 50% of hydro-electric schemes north-east of it,(diagonal),Perth and Kinross,187,North-east,osm-distilleries,25,0,
repd-solar,Solar farm capacity (MW),Power,repd,45,we,North-east/South-west,Find the line that puts 50% of solar farm capacity north-east of it,(diagonal),Causeway Coast and Glens,37,South-west,census-heat-oil,2,3,census-heat-oil ge24-libdem osm-waitrose
repd-solar-pipeline,Solar capacity consented or being built (MW),Power,repd,45,we,North-east/South-west,Find the line that puts 50% of solar capacity that is consented or under construction north-east of it,(diagonal),Mansfield,69,North-east,census-heat-solid,13,3,census-heat-solid osm-castles repd-battery-pipeline
repd-wind-offshore,Offshore wind capacity (MW),Power,repd,45,we,North-east/South-west,Find the line that puts 50% of offshore wind power capacity north-east of it,(diagonal),North Norfolk,161,North-east,osm-distilleries,11,1,osm-distilleries
repd-wind-onshore,Onshore wind capacity (MW),Power,repd,45,we,North-east/South-west,Find the line that puts 50% of onshore wind power capacity north-east of it,(diagonal),South Lanarkshire,123,North-east,osm-lighthouses,12,1,osm-lighthouses
census-carers-50h,Carers giving 50+ hours a week,Health & care,unified_census,60,we,North-east/South-west,Find the line that puts 50% of people giving 50 or more hours of unpaid care a week north-east of it,(diagonal),West Northamptonshire,2,South-west,census-job-managers,0,73,census-cars-3plus census-cars-none census-commute-bike census-commute-car census-commute-foot census-commute-metro census-commute-motorbike census-commute-taxi census-commute-train census-health-verybad census-heat-bottled census-heat-electric census-heat-gas census-heat-renewable census-heat-solid census-heat-wood census-home-caravan census-home-commercial census-home-converted census-home-detached census-home-flat census-home-semi census-home-terraced census-hours-49plus census-job-managers census-job-operatives census-job-trades census-population census-qual-apprentice census-qual-degree census-qual-none census-sick census-tenure-outright census-tenure-private census-tenure-social census-work-from-home ge24-con ge24-green ge24-labour ge24-libdem ge24-nonvoters ge24-reform hmrc-additional-rate hmrc-employed hmrc-higher-rate hmrc-pension hmrc-self-employed hmrc-tax-amount hmrc-taxpayers osm-aldi osm-breweries osm-castles osm-chippies osm-costa osm-golf osm-greggs osm-iceland osm-lidl osm-lighthouses osm-mands osm-mcdonalds osm-morrisons osm-nandos osm-pret osm-pubs osm-sainsburys osm-starbucks osm-stations osm-tesco osm-waitrose osm-wetherspoon pop-all repd-battery
census-cars-3plus,Households with 3+ cars,Owning & renting,unified_census,60,we,North-east/South-west,Find the line that puts 50% of households with three or more cars or vans north-east of it,(diagonal),West Northamptonshire,9,South-west,census-heat-wood,0,72,census-carers-50h census-cars-none census-commute-bike census-commute-car census-commute-foot census-commute-metro census-commute-motorbike census-commute-taxi census-health-verybad census-heat-bottled census-heat-electric census-heat-gas census-heat-renewable census-heat-solid census-heat-wood census-home-caravan census-home-commercial census-home-converted census-home-detached census-home-flat census-home-semi census-home-terraced census-hours-49plus census-job-managers census-job-operatives census-job-trades census-population census-qual-apprentice census-qual-degree census-qual-none census-sick census-tenure-outright census-tenure-private census-tenure-social census-work-from-home ge24-con ge24-green ge24-labour ge24-libdem ge24-nonvoters ge24-reform hmrc-additional-rate hmrc-employed hmrc-higher-rate hmrc-pension hmrc-self-employed hmrc-tax-amount hmrc-taxpayers osm-aldi osm-breweries osm-castles osm-chippies osm-costa osm-golf osm-greggs osm-iceland osm-lidl osm-lighthouses osm-mands osm-mcdonalds osm-morrisons osm-nandos osm-pret osm-pubs osm-sainsburys osm-starbucks osm-stations osm-tesco osm-waitrose osm-wetherspoon pop-all repd-battery
census-cars-none,Households with no car,Owning & renting,unified_census,60,we,North-east/South-west,Find the line that puts 50% of households with no car or van north-east of it,(diagonal),Lambeth,5,North-east,osm-sainsburys,0,69,census-carers-50h census-cars-3plus census-commute-bike census-commute-car census-commute-foot census-commute-metro census-commute-motorbike census-commute-taxi census-commute-train census-health-verybad census-heat-electric census-heat-gas census-heat-renewable census-heat-solid census-heat-wood census-home-commercial census-home-converted census-home-detached census-home-flat census-home-semi census-home-terraced census-hours-49plus census-job-managers census-job-operatives census-job-trades census-population census-qual-apprentice census-qual-degree census-qual-none census-sick census-tenure-outright census-tenure-private census-tenure-social census-work-from-home ge24-con ge24-green ge24-labour ge24-nonvoters ge24-reform hmrc-additional-rate hmrc-employed hmrc-higher-rate hmrc-pension hmrc-self-employed hmrc-tax-amount hmrc-taxpayers osm-aldi osm-breweries osm-castles osm-chippies osm-costa osm-golf osm-greggs osm-iceland osm-lidl osm-mands osm-mcdonalds osm-morrisons osm-nandos osm-pret osm-pubs osm-sainsburys osm-starbucks osm-stations osm-tesco osm-waitrose osm-wetherspoon pop-all repd-battery
census-commute-bike,Commuters by bicycle,Getting to work,unified_census,60,we,North-east/South-west,Find the line that puts 50% of people who cycle to work north-east of it,(diagonal),Lambeth,2,North-east,osm-chippies,0,70,census-carers-50h census-cars-3plus census-cars-none census-commute-car census-commute-foot census-commute-metro census-commute-motorbike census-commute-taxi census-commute-train census-health-verybad census-heat-bottled census-heat-electric census-heat-gas census-heat-renewable census-heat-solid census-heat-wood census-home-commercial census-home-converted census-home-detached census-home-flat census-home-semi census-home-terraced census-hours-49plus census-job-managers census-job-operatives census-job-trades census-population census-qual-apprentice census-qual-degree census-qual-none census-sick census-tenure-outright census-tenure-private census-tenure-social census-work-from-home ge24-con ge24-green ge24-labour ge24-nonvoters ge24-reform hmrc-additional-rate hmrc-employed hmrc-higher-rate hmrc-pension hmrc-self-employed hmrc-tax-amount hmrc-taxpayers osm-aldi osm-breweries osm-castles osm-chippies osm-costa osm-golf osm-greggs osm-iceland osm-lidl osm-mands osm-mcdonalds osm-morrisons osm-nandos osm-pret osm-pubs osm-sainsburys osm-starbucks osm-stations osm-tesco osm-waitrose osm-wetherspoon pop-all repd-battery
census-commute-car,Commuters by car or van,Getting to work,unified_census,60,we,North-east/South-west,Find the line that puts 50% of people who drive to work north-east of it,(diagonal),West Northamptonshire,4,South-west,osm-stations,0,73,census-carers-50h census-cars-3plus census-cars-none census-commute-bike census-commute-foot census-commute-metro census-commute-motorbike census-commute-taxi census-commute-train census-health-verybad census-heat-bottled census-heat-electric census-heat-gas census-heat-renewable census-heat-solid census-heat-wood census-home-caravan census-home-commercial census-home-converted census-home-detached census-home-flat census-home-semi census-home-terraced census-hours-49plus census-job-managers census-job-operatives census-job-trades census-population census-qual-apprentice census-qual-degree census-qual-none census-sick census-tenure-outright census-tenure-private census-tenure-social census-work-from-home ge24-con ge24-green ge24-labour ge24-libdem ge24-nonvoters ge24-reform hmrc-additional-rate hmrc-employed hmrc-higher-rate hmrc-pension hmrc-self-employed hmrc-tax-amount hmrc-taxpayers osm-aldi osm-breweries osm-castles osm-chippies osm-costa osm-golf osm-greggs osm-iceland osm-lidl osm-lighthouses osm-mands osm-mcdonalds osm-morrisons osm-nandos osm-pret osm-pubs osm-sainsburys osm-starbucks osm-stations osm-tesco osm-waitrose osm-wetherspoon pop-all repd-battery
census-commute-foot,Commuters on foot,Getting to work,unified_census,60,we,North-east/South-west,Find the line that puts 50% of people who walk to work north-east of it,(diagonal),West Northamptonshire,0,North-east,osm-aldi,0,72,census-carers-50h census-cars-3plus census-cars-none census-commute-bike census-commute-car census-commute-metro census-commute-motorbike census-commute-taxi census-commute-train census-health-verybad census-heat-bottled census-heat-electric census-heat-gas census-heat-renewable census-heat-solid census-heat-wood census-home-commercial census-home-converted census-home-detached census-home-flat census-home-semi census-home-terraced census-hours-49plus census-job-managers census-job-operatives census-job-trades census-population census-qual-apprentice census-qual-degree census-qual-none census-sick census-tenure-outright census-tenure-private census-tenure-social census-work-from-home ge24-con ge24-green ge24-labour ge24-libdem ge24-nonvoters ge24-reform hmrc-additional-rate hmrc-employed hmrc-higher-rate hmrc-pension hmrc-self-employed hmrc-tax-amount hmrc-taxpayers osm-aldi osm-breweries osm-castles osm-chippies osm-costa osm-golf osm-greggs osm-iceland osm-lidl osm-lighthouses osm-mands osm-mcdonalds osm-morrisons osm-nandos osm-pret osm-pubs osm-sainsburys osm-starbucks osm-stations osm-tesco osm-waitrose osm-wetherspoon pop-all repd-battery
census-commute-metro,"Commuters by underground, metro or tram",Getting to work,unified_census,60,we,North-east/South-west,"Find the line that puts 50% of people who commute by underground, metro or tram north-east of it",(diagonal),Barnet,9,North-east,census-heat-solid,0,67,census-carers-50h census-cars-none census-commute-bike census-commute-car census-commute-foot census-commute-motorbike census-commute-taxi census-commute-train census-health-verybad census-heat-electric census-heat-gas census-heat-renewable census-heat-solid census-home-commercial census-home-converted census-home-detached census-home-flat census-home-semi census-home-terraced census-hours-49plus census-job-managers census-job-operatives census-job-trades census-population census-qual-apprentice census-qual-degree census-qual-none census-sick census-tenure-outright census-tenure-private census-tenure-social census-work-from-home ge24-con ge24-green ge24-labour ge24-nonvoters ge24-reform hmrc-additional-rate hmrc-employed hmrc-higher-rate hmrc-pension hmrc-self-employed hmrc-tax-amount hmrc-taxpayers osm-aldi osm-breweries osm-castles osm-chippies osm-costa osm-golf osm-greggs osm-iceland osm-lidl osm-mands osm-mcdonalds osm-morrisons osm-nandos osm-pret osm-pubs osm-sainsburys osm-starbucks osm-stations osm-tesco osm-wetherspoon pop-all repd-battery repd-battery-pipeline
census-commute-motorbike,Commuters by motorbike or moped,Getting to work,unified_census,60,we,North-east/South-west,Find the line that puts 50% of people who ride a motorbike or moped to work north-east of it,(diagonal),Brent,1,South-west,osm-wetherspoon,0,73,census-carers-50h census-cars-3plus census-cars-none census-commute-bike census-commute-car census-commute-foot census-commute-metro census-commute-taxi census-commute-train census-health-verybad census-heat-bottled census-heat-electric census-heat-gas census-heat-renewable census-heat-solid census-heat-wood census-home-caravan census-home-commercial census-home-converted census-home-detached census-home-flat census-home-semi census-home-terraced census-hours-49plus census-job-managers census-job-operatives census-job-trades census-population census-qual-apprentice census-qual-degree census-qual-none census-sick census-tenure-outright census-tenure-private census-tenure-social census-work-from-home ge24-con ge24-green ge24-labour ge24-libdem ge24-nonvoters ge24-reform hmrc-additional-rate hmrc-employed hmrc-higher-rate hmrc-pension hmrc-self-employed hmrc-tax-amount hmrc-taxpayers osm-aldi osm-breweries osm-castles osm-chippies osm-costa osm-golf osm-greggs osm-iceland osm-lidl osm-lighthouses osm-mands osm-mcdonalds osm-morrisons osm-nandos osm-pret osm-pubs osm-sainsburys osm-starbucks osm-stations osm-tesco osm-waitrose osm-wetherspoon pop-all repd-battery
census-commute-taxi,Commuters by taxi,Getting to work,unified_census,60,we,North-east/South-west,Find the line that puts 50% of people who get to work by taxi north-east of it,(diagonal),Milton Keynes,1,North-east,census-job-operatives,0,70,census-carers-50h census-cars-3plus census-cars-none census-commute-bike census-commute-car census-commute-foot census-commute-metro census-commute-motorbike census-commute-train census-health-verybad census-heat-bottled census-heat-electric census-heat-gas census-heat-renewable census-heat-solid census-heat-wood census-home-commercial census-home-converted census-home-detached census-home-flat census-home-semi census-home-terraced census-hours-49plus census-job-managers census-job-operatives census-job-trades census-population census-qual-apprentice census-qual-degree census-qual-none census-sick census-tenure-outright census-tenure-private census-tenure-social census-work-from-home ge24-con ge24-green ge24-labour ge24-nonvoters ge24-reform hmrc-additional-rate hmrc-employed hmrc-higher-rate hmrc-pension hmrc-self-employed hmrc-tax-amount hmrc-taxpayers osm-aldi osm-breweries osm-castles osm-chippies osm-costa osm-golf osm-greggs osm-iceland osm-lidl osm-mands osm-mcdonalds osm-morrisons osm-nandos osm-pret osm-pubs osm-sainsburys osm-starbucks osm-stations osm-tesco osm-waitrose osm-wetherspoon pop-all repd-battery
census-commute-train,Commuters by train,Getting to work,unified_census,60,we,North-east/South-west,Find the line that puts 50% of people who commute by train north-east of it,(diagonal),Bromley,10,North-east,census-commute-metro,0,67,census-carers-50h census-cars-none census-commute-bike census-commute-car census-commute-foot census-commute-metro census-commute-motorbike census-commute-taxi census-health-verybad census-heat-electric census-heat-gas census-heat-renewable census-heat-solid census-home-commercial census-home-converted census-home-detached census-home-flat census-home-semi census-home-terraced census-hours-49plus census-job-managers census-job-operatives census-job-trades census-population census-qual-apprentice census-qual-degree census-qual-none census-sick census-tenure-outright census-tenure-private census-tenure-social census-work-from-home ge24-con ge24-green ge24-labour ge24-nonvoters ge24-reform hmrc-additional-rate hmrc-employed hmrc-higher-rate hmrc-pension hmrc-self-employed hmrc-tax-amount hmrc-taxpayers osm-aldi osm-breweries osm-castles osm-chippies osm-costa osm-golf osm-greggs osm-iceland osm-lidl osm-mands osm-mcdonalds osm-morrisons osm-nandos osm-pret osm-pubs osm-sainsburys osm-starbucks osm-stations osm-tesco osm-wetherspoon pop-all repd-battery repd-battery-pipeline
census-health-verybad,Very bad health,Health & care,unified_census,60,we,North-east/South-west,Find the line that puts 50% of people in very bad health north-east of it,(diagonal),Croydon,0,South-west,census-home-commercial,0,73,census-carers-50h census-cars-3plus census-cars-none census-commute-bike census-commute-car census-commute-foot census-commute-metro census-commute-motorbike census-commute-taxi census-commute-train census-heat-bottled census-heat-electric census-heat-gas census-heat-renewable census-heat-solid census-heat-wood census-home-caravan census-home-commercial census-home-converted census-home-detached census-home-flat census-home-semi census-home-terraced census-hours-49plus census-job-managers census-job-operatives census-job-trades census-population census-qual-apprentice census-qual-degree census-qual-none census-sick census-tenure-outright census-tenure-private census-tenure-social census-work-from-home ge24-con ge24-green ge24-labour ge24-libdem ge24-nonvoters ge24-reform hmrc-additional-rate hmrc-employed hmrc-higher-rate hmrc-pension hmrc-self-employed hmrc-tax-amount hmrc-taxpayers osm-aldi osm-breweries osm-castles osm-chippies osm-costa osm-golf osm-greggs osm-iceland osm-lidl osm-lighthouses osm-mands osm-mcdonalds osm-morrisons osm-nandos osm-pret osm-pubs osm-sainsburys osm-starbucks osm-stations osm-tesco osm-waitrose osm-wetherspoon pop-all repd-battery
census-heat-bottled,Homes heated only by tank or bottled gas,Heating,unified_census,60,we,North-east/South-west,Find the line that puts 50% of homes heated only by tank or bottled gas north-east of it,(diagonal),Buckinghamshire,15,South-west,osm-lighthouses,2,63,census-carers-50h census-cars-3plus census-commute-bike census-commute-car census-commute-foot census-commute-motorbike census-commute-taxi census-health-verybad census-heat-electric census-heat-gas census-heat-renewable census-heat-wood census-home-caravan census-home-commercial census-home-converted census-home-detached census-home-semi census-home-terraced census-hours-49plus census-job-managers census-job-operatives census-job-trades census-population census-qual-apprentice census-qual-degree census-qual-none census-sick census-tenure-outright census-tenure-private census-work-from-home ge24-con ge24-green ge24-labour ge24-libdem ge24-nonvoters ge24-reform hmrc-additional-rate hmrc-employed hmrc-higher-rate hmrc-pension hmrc-self-employed hmrc-tax-amount hmrc-taxpayers osm-aldi osm-castles osm-chippies osm-costa osm-golf osm-greggs osm-iceland osm-lidl osm-lighthouses osm-mands osm-mcdonalds osm-morrisons osm-nandos osm-pubs osm-starbucks osm-stations osm-tesco osm-waitrose osm-wetherspoon pop-all
census-heat-electric,Homes heated only by electricity,Heating,unified_census,60,we,North-east/South-west,Find the line that puts 50% of homes heated only by electricity north-east of it,(diagonal),Wandsworth,1,North-east,census-qual-none,0,70,census-carers-50h census-cars-3plus census-cars-none census-commute-bike census-commute-car census-commute-foot census-commute-metro census-commute-motorbike census-commute-taxi census-commute-train census-health-verybad census-heat-bottled census-heat-gas census-heat-renewable census-heat-solid census-heat-wood census-home-commercial census-home-converted census-home-detached census-home-flat census-home-semi census-home-terraced census-hours-49plus census-job-managers census-job-operatives census-job-trades census-population census-qual-apprentice census-qual-degree census-qual-none census-sick census-tenure-outright census-tenure-private census-tenure-social census-work-from-home ge24-con ge24-green ge24-labour ge24-nonvoters ge24-reform hmrc-additional-rate hmrc-employed hmrc-higher-rate hmrc-pension hmrc-self-employed hmrc-tax-amount hmrc-taxpayers osm-aldi osm-breweries osm-castles osm-chippies osm-costa osm-golf osm-greggs osm-iceland osm-lidl osm-mands osm-mcdonalds osm-morrisons osm-nandos osm-pret osm-pubs osm-sainsburys osm-starbucks osm-stations osm-tesco osm-waitrose osm-wetherspoon pop-all repd-battery
census-heat-gas,Homes heated only by mains gas,Heating,unified_census,60,we,North-east/South-west,Find the line that puts 50% of homes heated only by mains gas north-east of it,(diagonal),West Northamptonshire,1,North-east,census-qual-apprentice,0,72,census-carers-50h census-cars-3plus census-cars-none census-commute-bike census-commute-car census-commute-foot census-commute-metro census-commute-motorbike census-commute-taxi census-commute-train census-health-verybad census-heat-bottled census-heat-electric census-heat-renewable census-heat-solid census-heat-wood census-home-commercial census-home-converted census-home-detached census-home-flat census-home-semi census-home-terraced census-hours-49plus census-job-managers census-job-operatives census-job-trades census-population census-qual-apprentice census-qual-degree census-qual-none census-sick census-tenure-outright census-tenure-private census-tenure-social census-work-from-home ge24-con ge24-green ge24-labour ge24-libdem ge24-nonvoters ge24-reform hmrc-additional-rate hmrc-employed hmrc-higher-rate hmrc-pension hmrc-self-employed hmrc-tax-amount hmrc-taxpayers osm-aldi osm-breweries osm-castles osm-chippies osm-costa osm-golf osm-greggs osm-iceland osm-lidl osm-lighthouses osm-mands osm-mcdonalds osm-morrisons osm-nandos osm-pret osm-pubs osm-sainsburys osm-starbucks osm-stations osm-tesco osm-waitrose osm-wetherspoon pop-all repd-battery
census-heat-oil,Homes heated only by oil,Heating,unified_census,60,we,North-east/South-west,Find the line that puts 50% of homes heated only by oil north-east of it,(diagonal),Shropshire,79,South-west,osm-standing-stones,2,1,osm-standing-stones
census-heat-renewable,Homes heated only by renewables,Heating,unified_census,60,we,North-east/South-west,Find the line that puts 50% of homes heated only by renewable energy north-east of it,(diagonal),Na h-Eileanan Siar,3,North-east,osm-greggs,0,70,census-carers-50h census-cars-3plus census-cars-none census-commute-bike census-commute-car census-commute-foot census-commute-metro census-commute-motorbike census-commute-taxi census-commute-train census-health-verybad census-heat-bottled census-heat-electric census-heat-gas census-heat-solid census-heat-wood census-home-commercial census-home-converted census-home-detached census-home-flat census-home-semi census-home-terraced census-hours-49plus census-job-managers census-job-operatives census-job-trades census-population census-qual-apprentice census-qual-degree census-qual-none census-sick census-tenure-outright census-tenure-private census-tenure-social census-work-from-home ge24-con ge24-green ge24-labour ge24-nonvoters ge24-reform hmrc-additional-rate hmrc-employed hmrc-higher-rate hmrc-pension hmrc-self-employed hmrc-tax-amount hmrc-taxpayers osm-aldi osm-breweries osm-castles osm-chippies osm-costa osm-golf osm-greggs osm-iceland osm-lidl osm-mands osm-mcdonalds osm-morrisons osm-nandos osm-pret osm-pubs osm-sainsburys osm-starbucks osm-stations osm-tesco osm-waitrose osm-wetherspoon pop-all repd-battery
census-heat-solid,Homes heated only by solid fuel,Heating,unified_census,60,we,North-east/South-west,"Find the line that puts 50% of homes heated only by solid fuel (coal, peat) north-east of it",(diagonal),Cumberland,8,North-east,repd-battery,0,69,census-carers-50h census-cars-3plus census-cars-none census-commute-bike census-commute-car census-commute-foot census-commute-metro census-commute-motorbike census-commute-taxi census-commute-train census-health-verybad census-heat-electric census-heat-gas census-heat-renewable census-heat-wood census-home-commercial census-home-converted census-home-detached census-home-flat census-home-semi census-home-terraced census-hours-49plus census-job-managers census-job-operatives census-job-trades census-population census-qual-apprentice census-qual-degree census-qual-none census-sick census-tenure-outright census-tenure-private census-tenure-social census-work-from-home ge24-con ge24-green ge24-labour ge24-nonvoters ge24-reform hmrc-additional-rate hmrc-employed hmrc-higher-rate hmrc-pension hmrc-self-employed hmrc-tax-amount hmrc-taxpayers osm-aldi osm-breweries osm-castles osm-chippies osm-costa osm-golf osm-greggs osm-iceland osm-lidl osm-mands osm-mcdonalds osm-morrisons osm-nandos osm-pret osm-pubs osm-sainsburys osm-starbucks osm-stations osm-tesco osm-wetherspoon pop-all repd-battery repd-battery-pipeline
census-heat-wood,Homes heated only by wood,Heating,unified_census,60,we,North-east/South-west,Find the line that puts 50% of homes heated only by wood north-east of it,(diagonal),Inverclyde,9,South-west,census-cars-3plus,0,73,census-carers-50h census-cars-3plus census-cars-none census-commute-bike census-commute-car census-commute-foot census-commute-metro census-commute-motorbike census-commute-taxi census-commute-train census-health-verybad census-heat-bottled census-heat-electric census-heat-gas census-heat-renewable census-heat-solid census-home-caravan census-home-commercial census-home-converted census-home-detached census-home-flat census-home-semi census-home-terraced census-hours-49plus census-job-managers census-job-operatives census-job-trades census-population census-qual-apprentice census-qual-degree census-qual-none census-sick census-tenure-outright census-tenure-private census-tenure-social census-work-from-home ge24-con ge24-green ge24-labour ge24-libdem ge24-nonvoters ge24-reform hmrc-additional-rate hmrc-employed hmrc-higher-rate hmrc-pension hmrc-self-employed hmrc-tax-amount hmrc-taxpayers osm-aldi osm-breweries osm-castles osm-chippies osm-costa osm-golf osm-greggs osm-iceland osm-lidl osm-lighthouses osm-mands osm-mcdonalds osm-morrisons osm-nandos osm-pret osm-pubs osm-sainsburys osm-starbucks osm-stations osm-tesco osm-waitrose osm-wetherspoon pop-all repd-battery
census-home-caravan,Households in a caravan or mobile home,Homes,unified_census,60,we,North-east/South-west,Find the line that puts 50% of households living in a caravan or mobile home north-east of it,(diagonal),Buckinghamshire,18,South-west,ge24-libdem,1,33,census-carers-50h census-cars-3plus census-commute-car census-commute-motorbike census-health-verybad census-heat-bottled census-heat-wood census-home-commercial census-home-detached census-home-semi census-home-terraced census-job-managers census-job-trades census-sick census-tenure-outright ge24-con ge24-libdem hmrc-employed hmrc-pension hmrc-self-employed hmrc-taxpayers osm-costa osm-golf osm-iceland osm-lidl osm-lighthouses osm-mcdonalds osm-pubs osm-stations osm-tesco osm-waitrose osm-wetherspoon pop-all
census-home-commercial,Households in a commercial building,Homes,unified_census,60,we,North-east/South-west,"Find the line that puts 50% of households living above a shop, in an office building or hotel north-east of it",(diagonal),Croydon,0,South-west,census-health-verybad,0,73,census-carers-50h census-cars-3plus census-cars-none census-commute-bike census-commute-car census-commute-foot census-commute-metro census-commute-motorbike census-commute-taxi census-commute-train census-health-verybad census-heat-bottled census-heat-electric census-heat-gas census-heat-renewable census-heat-solid census-heat-wood census-home-caravan census-home-converted census-home-detached census-home-flat census-home-semi census-home-terraced census-hours-49plus census-job-managers census-job-operatives census-job-trades census-population census-qual-apprentice census-qual-degree census-qual-none census-sick census-tenure-outright census-tenure-private census-tenure-social census-work-from-home ge24-con ge24-green ge24-labour ge24-libdem ge24-nonvoters ge24-reform hmrc-additional-rate hmrc-employed hmrc-higher-rate hmrc-pension hmrc-self-employed hmrc-tax-amount hmrc-taxpayers osm-aldi osm-breweries osm-castles osm-chippies osm-costa osm-golf osm-greggs osm-iceland osm-lidl osm-lighthouses osm-mands osm-mcdonalds osm-morrisons osm-nandos osm-pret osm-pubs osm-sainsburys osm-starbucks osm-stations osm-tesco osm-waitrose osm-wetherspoon pop-all repd-battery
census-home-converted,Households in converted or shared houses,Homes,unified_census,60,we,North-east/South-west,"Find the line that puts 50% of households in converted or shared houses, including bedsits north-east of it",(diagonal),Lambeth,2,North-east,osm-greggs,0,70,census-carers-50h census-cars-3plus census-cars-none census-commute-bike census-commute-car census-commute-foot census-commute-metro census-commute-motorbike census-commute-taxi census-commute-train census-health-verybad census-heat-bottled census-heat-electric census-heat-gas census-heat-renewable census-heat-solid census-heat-wood census-home-commercial census-home-detached census-home-flat census-home-semi census-home-terraced census-hours-49plus census-job-managers census-job-operatives census-job-trades census-population census-qual-apprentice census-qual-degree census-qual-none census-sick census-tenure-outright census-tenure-private census-tenure-social census-work-from-home ge24-con ge24-green ge24-labour ge24-nonvoters ge24-reform hmrc-additional-rate hmrc-employed hmrc-higher-rate hmrc-pension hmrc-self-employed hmrc-tax-amount hmrc-taxpayers osm-aldi osm-breweries osm-castles osm-chippies osm-costa osm-golf osm-greggs osm-iceland osm-lidl osm-mands osm-mcdonalds osm-morrisons osm-nandos osm-pret osm-pubs osm-sainsburys osm-starbucks osm-stations osm-tesco osm-waitrose osm-wetherspoon pop-all repd-battery
census-home-detached,Households in detached houses,Homes,unified_census,60,we,North-east/South-west,Find the line that puts 50% of households in a detached house north-east of it,(diagonal),West Northamptonshire,8,South-west,census-cars-3plus,1,73,census-carers-50h census-cars-3plus census-cars-none census-commute-bike census-commute-car census-commute-foot census-commute-metro census-commute-motorbike census-commute-taxi census-commute-train census-health-verybad census-heat-bottled census-heat-electric census-heat-gas census-heat-renewable census-heat-solid census-heat-wood census-home-caravan census-home-commercial census-home-converted census-home-flat census-home-semi census-home-terraced census-hours-49plus census-job-managers census-job-operatives census-job-trades census-population census-qual-apprentice census-qual-degree census-qual-none census-sick census-tenure-outright census-tenure-private census-tenure-social census-work-from-home ge24-con ge24-green ge24-labour ge24-libdem ge24-nonvoters ge24-reform hmrc-additional-rate hmrc-employed hmrc-higher-rate hmrc-pension hmrc-self-employed hmrc-tax-amount hmrc-taxpayers osm-aldi osm-breweries osm-castles osm-chippies osm-costa osm-golf osm-greggs osm-iceland osm-lidl osm-lighthouses osm-mands osm-mcdonalds osm-morrisons osm-nandos osm-pret osm-pubs osm-sainsburys osm-starbucks osm-stations osm-tesco osm-waitrose osm-wetherspoon pop-all repd-battery
census-home-flat,Households in purpose-built flats,Homes,unified_census,60,we,North-east/South-west,Find the line that puts 50% of households in a purpose-built block of flats north-east of it,(diagonal),Southwark,5,North-east,osm-sainsburys,0,69,census-carers-50h census-cars-3plus census-cars-none census-commute-bike census-commute-car census-commute-foot census-commute-metro census-commute-motorbike census-commute-taxi census-commute-train census-health-verybad census-heat-electric census-heat-gas census-heat-renewable census-heat-solid census-heat-wood census-home-commercial census-home-converted census-home-detached census-home-semi census-home-terraced census-hours-49plus census-job-managers census-job-operatives census-job-trades census-population census-qual-apprentice census-qual-degree census-qual-none census-sick census-tenure-outright census-tenure-private census-tenure-social census-work-from-home ge24-con ge24-green ge24-labour ge24-nonvoters ge24-reform hmrc-additional-rate hmrc-employed hmrc-higher-rate hmrc-pension hmrc-self-employed hmrc-tax-amount hmrc-taxpayers osm-aldi osm-breweries osm-castles osm-chippies osm-costa osm-golf osm-greggs osm-iceland osm-lidl osm-mands osm-mcdonalds osm-morrisons osm-nandos osm-pret osm-pubs osm-sainsburys osm-starbucks osm-stations osm-tesco osm-waitrose osm-wetherspoon pop-all repd-battery
census-home-semi,Households in semi-detached houses,Homes,unified_census,60,we,North-east/South-west,Find the line that puts 50% of households in a semi-detached house north-east of it,(diagonal),West Northamptonshire,3,South-west,ge24-con,1,73,census-carers-50h census-cars-3plus census-cars-none census-commute-bike census-commute-car census-commute-foot census-commute-metro census-commute-motorbike census-commute-taxi census-commute-train census-health-verybad census-heat-bottled census-heat-electric census-heat-gas census-heat-renewable census-heat-solid census-heat-wood census-home-caravan census-home-commercial census-home-converted census-home-detached census-home-flat census-home-terraced census-hours-49plus census-job-managers census-job-operatives census-job-trades census-population census-qual-apprentice census-qual-degree census-qual-none census-sick census-tenure-outright census-tenure-private census-tenure-social census-work-from-home ge24-con ge24-green ge24-labour ge24-libdem ge24-nonvoters ge24-reform hmrc-additional-rate hmrc-employed hmrc-higher-rate hmrc-pension hmrc-self-employed hmrc-tax-amount hmrc-taxpayers osm-aldi osm-breweries osm-castles osm-chippies osm-costa osm-golf osm-greggs osm-iceland osm-lidl osm-lighthouses osm-mands osm-mcdonalds osm-morrisons osm-nandos osm-pret osm-pubs osm-sainsburys osm-starbucks osm-stations osm-tesco osm-waitrose osm-wetherspoon pop-all repd-battery
census-home-terraced,Households in terraced houses,Homes,unified_census,60,we,North-east/South-west,Find the line that puts 50% of households in a terraced house north-east of it,(diagonal),West Northamptonshire,1,South-west,osm-costa,0,73,census-carers-50h census-cars-3plus census-cars-none census-commute-bike census-commute-car census-commute-foot census-commute-metro census-commute-motorbike census-commute-taxi census-commute-train census-health-verybad census-heat-bottled census-heat-electric census-heat-gas census-heat-renewable census-heat-solid census-heat-wood census-home-caravan census-home-commercial census-home-converted census-home-detached census-home-flat census-home-semi census-hours-49plus census-job-managers census-job-operatives census-job-trades census-population census-qual-apprentice census-qual-degree census-qual-none census-sick census-tenure-outright census-tenure-private census-tenure-social census-work-from-home ge24-con ge24-green ge24-labour ge24-libdem ge24-nonvoters ge24-reform hmrc-additional-rate hmrc-employed hmrc-higher-rate hmrc-pension hmrc-self-employed hmrc-tax-amount hmrc-taxpayers osm-aldi osm-breweries osm-castles osm-chippies osm-costa osm-golf osm-greggs osm-iceland osm-lidl osm-lighthouses osm-mands osm-mcdonalds osm-morrisons osm-nandos osm-pret osm-pubs osm-sainsburys osm-starbucks osm-stations osm-tesco osm-waitrose osm-wetherspoon pop-all repd-battery
census-hours-49plus,People working 49+ hours a week,Work & qualifications,unified_census,60,we,North-east/South-west,Find the line that puts 50% of people working 49 or more hours a week north-east of it,(diagonal),Wandsworth,1,North-east,census-tenure-private,0,72,census-carers-50h census-cars-3plus census-cars-none census-commute-bike census-commute-car census-commute-foot census-commute-metro census-commute-motorbike census-commute-taxi census-commute-train census-health-verybad census-heat-bottled census-heat-electric census-heat-gas census-heat-renewable census-heat-solid census-heat-wood census-home-commercial census-home-converted census-home-detached census-home-flat census-home-semi census-home-terraced census-job-managers census-job-operatives census-job-trades census-population census-qual-apprentice census-qual-degree census-qual-none census-sick census-tenure-outright census-tenure-private census-tenure-social census-work-from-home ge24-con ge24-green ge24-labour ge24-libdem ge24-nonvoters ge24-reform hmrc-additional-rate hmrc-employed hmrc-higher-rate hmrc-pension hmrc-self-employed hmrc-tax-amount hmrc-taxpayers osm-aldi osm-breweries osm-castles osm-chippies osm-costa osm-golf osm-greggs osm-iceland osm-lidl osm-lighthouses osm-mands osm-mcdonalds osm-morrisons osm-nandos osm-pret osm-pubs osm-sainsburys osm-starbucks osm-stations osm-tesco osm-waitrose osm-wetherspoon pop-all repd-battery
census-job-managers,"Managers, directors and senior officials",Work & qualifications,unified_census,60,we,North-east/South-west,"Find the line that puts 50% of managers, directors and senior officials north-east of it",(diagonal),Wandsworth,2,South-west,census-carers-50h,0,73,census-carers-50h census-cars-3plus census-cars-none census-commute-bike census-commute-car census-commute-foot census-commute-metro census-commute-motorbike census-commute-taxi census-commute-train census-health-verybad census-heat-bottled census-heat-electric census-heat-gas census-heat-renewable census-heat-solid census-heat-wood census-home-caravan census-home-commercial census-home-converted census-home-detached census-home-flat census-home-semi census-home-terraced census-hours-49plus census-job-operatives census-job-trades census-population census-qual-apprentice census-qual-degree census-qual-none census-sick census-tenure-outright census-tenure-private census-tenure-social census-work-from-home ge24-con ge24-green ge24-labour ge24-libdem ge24-nonvoters ge24-reform hmrc-additional-rate hmrc-employed hmrc-higher-rate hmrc-pension hmrc-self-employed hmrc-tax-amount hmrc-taxpayers osm-aldi osm-breweries osm-castles osm-chippies osm-costa osm-golf osm-greggs osm-iceland osm-lidl osm-lighthouses osm-mands osm-mcdonalds osm-morrisons osm-nandos osm-pret osm-pubs osm-sainsburys osm-starbucks osm-stations osm-tesco osm-waitrose osm-wetherspoon pop-all repd-battery
census-job-operatives,"Process, plant and machine operatives",Work & qualifications,unified_census,60,we,North-east/South-west,"Find the line that puts 50% of process, plant and machine operatives north-east of it",(diagonal),Brent,1,North-east,census-commute-taxi,0,70,census-carers-50h census-cars-3plus census-cars-none census-commute-bike census-commute-car census-commute-foot census-commute-metro census-commute-motorbike census-commute-taxi census-commute-train census-health-verybad census-heat-bottled census-heat-electric census-heat-gas census-heat-renewable census-heat-solid census-heat-wood census-home-commercial census-home-converted census-home-detached census-home-flat census-home-semi census-home-terraced census-hours-49plus census-job-managers census-job-trades census-population census-qual-apprentice census-qual-degree census-qual-none census-sick census-tenure-outright census-tenure-private census-tenure-social census-work-from-home ge24-con ge24-green ge24-labour ge24-nonvoters ge24-reform hmrc-additional-rate hmrc-employed hmrc-higher-rate hmrc-pension hmrc-self-employed hmrc-tax-amount hmrc-taxpayers osm-aldi osm-breweries osm-castles osm-chippies osm-costa osm-golf osm-greggs osm-iceland osm-lidl osm-mands osm-mcdonalds osm-morrisons osm-nandos osm-pret osm-pubs osm-sainsburys osm-starbucks osm-stations osm-tesco osm-waitrose osm-wetherspoon pop-all repd-battery
census-job-trades,Skilled trades,Work & qualifications,unified_census,60,we,North-east/South-west,Find the line that puts 50% of people working in skilled trades north-east of it,(diagonal),West Northamptonshire,1,South-west,census-home-terraced,0,73,census-carers-50h census-cars-3plus census-cars-none census-commute-bike census-commute-car census-commute-foot census-commute-metro census-commute-motorbike census-commute-taxi census-commute-train census-health-verybad census-heat-bottled census-heat-electric census-heat-gas census-heat-renewable census-heat-solid census-heat-wood census-home-caravan census-home-commercial census-home-converted census-home-detached census-home-flat census-home-semi census-home-terraced census-hours-49plus census-job-managers census-job-operatives census-population census-qual-apprentice census-qual-degree census-qual-none census-sick census-tenure-outright census-tenure-private census-tenure-social census-work-from-home ge24-con ge24-green ge24-labour ge24-libdem ge24-nonvoters ge24-reform hmrc-additional-rate hmrc-employed hmrc-higher-rate hmrc-pension hmrc-self-employed hmrc-tax-amount hmrc-taxpayers osm-aldi osm-breweries osm-castles osm-chippies osm-costa osm-golf osm-greggs osm-iceland osm-lidl osm-lighthouses osm-mands osm-mcdonalds osm-morrisons osm-nandos osm-pret osm-pubs osm-sainsburys osm-starbucks osm-stations osm-tesco osm-waitrose osm-wetherspoon pop-all repd-battery
census-population,Usual residents (census),Population,unified_census,60,we,North-east/South-west,Find the line that puts 50% of the UK's residents north-east of it,(diagonal),West Northamptonshire,0,,ge24-nonvoters,0,73,census-carers-50h census-cars-3plus census-cars-none census-commute-bike census-commute-car census-commute-foot census-commute-metro census-commute-motorbike census-commute-taxi census-commute-train census-health-verybad census-heat-bottled census-heat-electric census-heat-gas census-heat-renewable census-heat-solid census-heat-wood census-home-caravan census-home-commercial census-home-converted census-home-detached census-home-flat census-home-semi census-home-terraced census-hours-49plus census-job-managers census-job-operatives census-job-trades census-qual-apprentice census-qual-degree census-qual-none census-sick census-tenure-outright census-tenure-private census-tenure-social census-work-from-home ge24-con ge24-green ge24-labour ge24-libdem ge24-nonvoters ge24-reform hmrc-additional-rate hmrc-employed hmrc-higher-rate hmrc-pension hmrc-self-employed hmrc-tax-amount hmrc-taxpayers osm-aldi osm-breweries osm-castles osm-chippies osm-costa osm-golf osm-greggs osm-iceland osm-lidl osm-lighthouses osm-mands osm-mcdonalds osm-morrisons osm-nandos osm-pret osm-pubs osm-sainsburys osm-starbucks osm-stations osm-tesco osm-waitrose osm-wetherspoon pop-all repd-battery
census-qual-apprentice,Apprenticeships,Work & qualifications,unified_census,60,we,North-east/South-west,Find the line that puts 50% of people whose highest qualification is an apprenticeship north-east of it,(diagonal),Renfrewshire,1,North-east,osm-castles,0,72,census-carers-50h census-cars-3plus census-cars-none census-commute-bike census-commute-car census-commute-foot census-commute-metro census-commute-motorbike census-commute-taxi census-commute-train census-health-verybad census-heat-bottled census-heat-electric census-heat-gas census-heat-renewable census-heat-solid census-heat-wood census-home-commercial census-home-converted census-home-detached census-home-flat census-home-semi census-home-terraced census-hours-49plus census-job-managers census-job-operatives census-job-trades census-population census-qual-degree census-qual-none census-sick census-tenure-outright census-tenure-private census-tenure-social census-work-from-home ge24-con ge24-green ge24-labour ge24-libdem ge24-nonvoters ge24-reform hmrc-additional-rate hmrc-employed hmrc-higher-rate hmrc-pension hmrc-self-employed hmrc-tax-amount hmrc-taxpayers osm-aldi osm-breweries osm-castles osm-chippies osm-costa osm-golf osm-greggs osm-iceland osm-lidl osm-lighthouses osm-mands osm-mcdonalds osm-morrisons osm-nandos osm-pret osm-pubs osm-sainsburys osm-starbucks osm-stations osm-tesco osm-waitrose osm-wetherspoon pop-all repd-battery
census-qual-degree,Degree-level qualifications,Work & qualifications,unified_census,60,we,North-east/South-west,Find the line that puts 50% of people with a degree-level qualification or above north-east of it,(diagonal),Wandsworth,1,North-east,census-hours-49plus,0,72,census-carers-50h census-cars-3plus census-cars-none census-commute-bike census-commute-car census-commute-foot census-commute-metro census-commute-motorbike census-commute-taxi census-commute-train census-health-verybad census-heat-bottled census-heat-electric census-heat-gas census-heat-renewable census-heat-solid census-heat-wood census-home-commercial census-home-converted census-home-detached census-home-flat census-home-semi census-home-terraced census-hours-49plus census-job-managers census-job-operatives census-job-trades census-population census-qual-apprentice census-qual-none census-sick census-tenure-outright census-tenure-private census-tenure-social census-work-from-home ge24-con ge24-green ge24-labour ge24-libdem ge24-nonvoters ge24-reform hmrc-additional-rate hmrc-employed hmrc-higher-rate hmrc-pension hmrc-self-employed hmrc-tax-amount hmrc-taxpayers osm-aldi osm-breweries osm-castles osm-chippies osm-costa osm-golf osm-greggs osm-iceland osm-lidl osm-lighthouses osm-mands osm-mcdonalds osm-morrisons osm-nandos osm-pret osm-pubs osm-sainsburys osm-starbucks osm-stations osm-tesco osm-waitrose osm-wetherspoon pop-all repd-battery
census-qual-none,No qualifications,Work & qualifications,unified_census,60,we,North-east/South-west,Find the line that puts 50% of adults with no qualifications north-east of it,(diagonal),Brent,1,North-east,hmrc-additional-rate,0,72,census-carers-50h census-cars-3plus census-cars-none census-commute-bike census-commute-car census-commute-foot census-commute-metro census-commute-motorbike census-commute-taxi census-commute-train census-health-verybad census-heat-bottled census-heat-electric census-heat-gas census-heat-renewable census-heat-solid census-heat-wood census-home-commercial census-home-converted census-home-detached census-home-flat census-home-semi census-home-terraced census-hours-49plus census-job-managers census-job-operatives census-job-trades census-population census-qual-apprentice census-qual-degree census-sick census-tenure-outright census-tenure-private census-tenure-social census-work-from-home ge24-con ge24-green ge24-labour ge24-libdem ge24-nonvoters ge24-reform hmrc-additional-rate hmrc-employed hmrc-higher-rate hmrc-pension hmrc-self-employed hmrc-tax-amount hmrc-taxpayers osm-aldi osm-breweries osm-castles osm-chippies osm-costa osm-golf osm-greggs osm-iceland osm-lidl osm-lighthouses osm-mands osm-mcdonalds osm-morrisons osm-nandos osm-pret osm-pubs osm-sainsburys osm-starbucks osm-stations osm-tesco osm-waitrose osm-wetherspoon pop-all repd-battery
census-sick,Long-term sick or disabled,Health & care,unified_census,60,we,North-east/South-west,Find the line that puts 50% of people out of work because they are long-term sick or disabled north-east of it,(diagonal),Croydon,1,South-west,hmrc-self-employed,0,73,census-carers-50h census-cars-3plus census-cars-none census-commute-bike census-commute-car census-commute-foot census-commute-metro census-commute-motorbike census-commute-taxi census-commute-train census-health-verybad census-heat-bottled census-heat-electric census-heat-gas census-heat-renewable census-heat-solid census-heat-wood census-home-caravan census-home-commercial census-home-converted census-home-detached census-home-flat census-home-semi census-home-terraced census-hours-49plus census-job-managers census-job-operatives census-job-trades census-population census-qual-apprentice census-qual-degree census-qual-none census-tenure-outright census-tenure-private census-tenure-social census-work-from-home ge24-con ge24-green ge24-labour ge24-libdem ge24-nonvoters ge24-reform hmrc-additional-rate hmrc-employed hmrc-higher-rate hmrc-pension hmrc-self-employed hmrc-tax-amount hmrc-taxpayers osm-aldi osm-breweries osm-castles osm-chippies osm-costa osm-golf osm-greggs osm-iceland osm-lidl osm-lighthouses osm-mands osm-mcdonalds osm-morrisons osm-nandos osm-pret osm-pubs osm-sainsburys osm-starbucks osm-stations osm-tesco osm-waitrose osm-wetherspoon pop-all repd-battery
census-tenure-outright,Households that own outright,Owning & renting,unified_census,60,we,North-east/South-west,Find the line that puts 50% of households that own their home outright north-east of it,(diagonal),West Northamptonshire,4,South-west,osm-stations,0,73,census-carers-50h census-cars-3plus census-cars-none census-commute-bike census-commute-car census-commute-foot census-commute-metro census-commute-motorbike census-commute-taxi census-commute-train census-health-verybad census-heat-bottled census-heat-electric census-heat-gas census-heat-renewable census-heat-solid census-heat-wood census-home-caravan census-home-commercial census-home-converted census-home-detached census-home-flat census-home-semi census-home-terraced census-hours-49plus census-job-managers census-job-operatives census-job-trades census-population census-qual-apprentice census-qual-degree census-qual-none census-sick census-tenure-private census-tenure-social census-work-from-home ge24-con ge24-green ge24-labour ge24-libdem ge24-nonvoters ge24-reform hmrc-additional-rate hmrc-employed hmrc-higher-rate hmrc-pension hmrc-self-employed hmrc-tax-amount hmrc-taxpayers osm-aldi osm-breweries osm-castles osm-chippies osm-costa osm-golf osm-greggs osm-iceland osm-lidl osm-lighthouses osm-mands osm-mcdonalds osm-morrisons osm-nandos osm-pret osm-pubs osm-sainsburys osm-starbucks osm-stations osm-tesco osm-waitrose osm-wetherspoon pop-all repd-battery
census-tenure-private,Households renting privately,Owning & renting,unified_census,60,we,North-east/South-west,Find the line that puts 50% of households renting privately north-east of it,(diagonal),Wandsworth,1,North-east,census-hours-49plus,0,72,census-carers-50h census-cars-3plus census-cars-none census-commute-bike census-commute-car census-commute-foot census-commute-metro census-commute-motorbike census-commute-taxi census-commute-train census-health-verybad census-heat-bottled census-heat-electric census-heat-gas census-heat-renewable census-heat-solid census-heat-wood census-home-commercial census-home-converted census-home-detached census-home-flat census-home-semi census-home-terraced census-hours-49plus census-job-managers census-job-operatives census-job-trades census-population census-qual-apprentice census-qual-degree census-qual-none census-sick census-tenure-outright census-tenure-social census-work-from-home ge24-con ge24-green ge24-labour ge24-libdem ge24-nonvoters ge24-reform hmrc-additional-rate hmrc-employed hmrc-higher-rate hmrc-pension hmrc-self-employed hmrc-tax-amount hmrc-taxpayers osm-aldi osm-breweries osm-castles osm-chippies osm-costa osm-golf osm-greggs osm-iceland osm-lidl osm-lighthouses osm-mands osm-mcdonalds osm-morrisons osm-nandos osm-pret osm-pubs osm-sainsburys osm-starbucks osm-stations osm-tesco osm-waitrose osm-wetherspoon pop-all repd-battery
census-tenure-social,Households renting socially,Owning & renting,unified_census,60,we,North-east/South-west,Find the line that puts 50% of households in social housing north-east of it,(diagonal),Lambeth,4,North-east,osm-starbucks,0,69,census-carers-50h census-cars-3plus census-cars-none census-commute-bike census-commute-car census-commute-foot census-commute-metro census-commute-motorbike census-commute-taxi census-commute-train census-health-verybad census-heat-electric census-heat-gas census-heat-renewable census-heat-solid census-heat-wood census-home-commercial census-home-converted census-home-detached census-home-flat census-home-semi census-home-terraced census-hours-49plus census-job-managers census-job-operatives census-job-trades census-population census-qual-apprentice census-qual-degree census-qual-none census-sick census-tenure-outright census-tenure-private census-work-from-home ge24-con ge24-green ge24-labour ge24-nonvoters ge24-reform hmrc-additional-rate hmrc-employed hmrc-higher-rate hmrc-pension hmrc-self-employed hmrc-tax-amount hmrc-taxpayers osm-aldi osm-breweries osm-castles osm-chippies osm-costa osm-golf osm-greggs osm-iceland osm-lidl osm-mands osm-mcdonalds osm-morrisons osm-nandos osm-pret osm-pubs osm-sainsburys osm-starbucks osm-stations osm-tesco osm-waitrose osm-wetherspoon pop-all repd-battery
census-work-from-home,People working mainly from home,Getting to work,unified_census,60,we,North-east/South-west,Find the line that puts 50% of people who work mainly from home north-east of it,(diagonal),Wandsworth,1,North-east,hmrc-higher-rate,0,72,census-carers-50h census-cars-3plus census-cars-none census-commute-bike census-commute-car census-commute-foot census-commute-metro census-commute-motorbike census-commute-taxi census-commute-train census-health-verybad census-heat-bottled census-heat-electric census-heat-gas census-heat-renewable census-heat-solid census-heat-wood census-home-commercial census-home-converted census-home-detached census-home-flat census-home-semi census-home-terraced census-hours-49plus census-job-managers census-job-operatives census-job-trades census-population census-qual-apprentice census-qual-degree census-qual-none census-sick census-tenure-outright census-tenure-private census-tenure-social ge24-con ge24-green ge24-labour ge24-libdem ge24-nonvoters ge24-reform hmrc-additional-rate hmrc-employed hmrc-higher-rate hmrc-pension hmrc-self-employed hmrc-tax-amount hmrc-taxpayers osm-aldi osm-breweries osm-castles osm-chippies osm-costa osm-golf osm-greggs osm-iceland osm-lidl osm-lighthouses osm-mands osm-mcdonalds osm-morrisons osm-nandos osm-pret osm-pubs osm-sainsburys osm-starbucks osm-stations osm-tesco osm-waitrose osm-wetherspoon pop-all repd-battery
ge24-con,"Conservative votes, 2024",Election night,ge2024,60,we,North-east/South-west,Find the line that puts 50% of votes cast for the Conservatives in 2024 north-east of it,(diagonal),Croydon South,2,South-west,census-home-semi,1,73,census-carers-50h census-cars-3plus census-cars-none census-commute-bike census-commute-car census-commute-foot census-commute-metro census-commute-motorbike census-commute-taxi census-commute-train census-health-verybad census-heat-bottled census-heat-electric census-heat-gas census-heat-renewable census-heat-solid census-heat-wood census-home-caravan census-home-commercial census-home-converted census-home-detached census-home-flat census-home-semi census-home-terraced census-hours-49plus census-job-managers census-job-operatives census-job-trades census-population census-qual-apprentice census-qual-degree census-qual-none census-sick census-tenure-outright census-tenure-private census-tenure-social census-work-from-home ge24-green ge24-labour ge24-libdem ge24-nonvoters ge24-reform hmrc-additional-rate hmrc-employed hmrc-higher-rate hmrc-pension hmrc-self-employed hmrc-tax-amount hmrc-taxpayers osm-aldi osm-breweries osm-castles osm-chippies osm-costa osm-golf osm-greggs osm-iceland osm-lidl osm-lighthouses osm-mands osm-mcdonalds osm-morrisons osm-nandos osm-pret osm-pubs osm-sainsburys osm-starbucks osm-stations osm-tesco osm-waitrose osm-wetherspoon pop-all repd-battery
ge24-green,"Green votes, 2024",Election night,ge2024,60,we,North-east/South-west,Find the line that puts 50% of votes cast for the Greens in 2024 north-east of it,(diagonal),Streatham and Croydon North,2,North-east,census-commute-taxi,0,70,census-carers-50h census-cars-3plus census-cars-none census-commute-bike census-commute-car census-commute-foot census-commute-metro census-commute-motorbike census-commute-taxi census-commute-train census-health-verybad census-heat-bottled census-heat-electric census-heat-gas census-heat-renewable census-heat-solid census-heat-wood census-home-commercial census-home-converted census-home-detached census-home-flat census-home-semi census-home-terraced census-hours-49plus census-job-managers census-job-operatives census-job-trades census-population census-qual-apprentice census-qual-degree census-qual-none census-sick census-tenure-outright census-tenure-private census-tenure-social census-work-from-home ge24-con ge24-labour ge24-nonvoters ge24-reform hmrc-additional-rate hmrc-employed hmrc-higher-rate hmrc-pension hmrc-self-employed hmrc-tax-amount hmrc-taxpayers osm-aldi osm-breweries osm-castles osm-chippies osm-costa osm-golf osm-greggs osm-iceland osm-lidl osm-mands osm-mcdonalds osm-morrisons osm-nandos osm-pret osm-pubs osm-sainsburys osm-starbucks osm-stations osm-tesco osm-waitrose osm-wetherspoon pop-all repd-battery
ge24-labour,"Labour votes, 2024",Election night,ge2024,60,we,North-east/South-west,Find the line that puts 50% of votes cast for Labour in 2024 north-east of it,(diagonal),Clapham and Brixton Hill,3,North-east,osm-starbucks,0,70,census-carers-50h census-cars-3plus census-cars-none census-commute-bike census-commute-car census-commute-foot census-commute-metro census-commute-motorbike census-commute-taxi census-commute-train census-health-verybad census-heat-bottled census-heat-electric census-heat-gas census-heat-renewable census-heat-solid census-heat-wood census-home-commercial census-home-converted census-home-detached census-home-flat census-home-semi census-home-terraced census-hours-49plus census-job-managers census-job-operatives census-job-trades census-population census-qual-apprentice census-qual-degree census-qual-none census-sick census-tenure-outright census-tenure-private census-tenure-social census-work-from-home ge24-con ge24-green ge24-nonvoters ge24-reform hmrc-additional-rate hmrc-employed hmrc-higher-rate hmrc-pension hmrc-self-employed hmrc-tax-amount hmrc-taxpayers osm-aldi osm-breweries osm-castles osm-chippies osm-costa osm-golf osm-greggs osm-iceland osm-lidl osm-mands osm-mcdonalds osm-morrisons osm-nandos osm-pret osm-pubs osm-sainsburys osm-starbucks osm-stations osm-tesco osm-waitrose osm-wetherspoon pop-all repd-battery
ge24-libdem,"Liberal Democrat votes, 2024",Election night,ge2024,60,we,North-east/South-west,Find the line that puts 50% of votes cast for the Liberal Democrats in 2024 north-east of it,(diagonal),Esher and Walton,17,South-west,osm-lighthouses,0,43,census-carers-50h census-cars-3plus census-commute-car census-commute-foot census-commute-motorbike census-health-verybad census-heat-bottled census-heat-gas census-heat-wood census-home-caravan census-home-commercial census-home-detached census-home-semi census-home-terraced census-job-managers census-job-trades census-population census-qual-apprentice census-sick census-tenure-outright census-work-from-home ge24-con ge24-nonvoters ge24-reform hmrc-employed hmrc-higher-rate hmrc-pension hmrc-self-employed hmrc-taxpayers osm-aldi osm-castles osm-costa osm-golf osm-iceland osm-lidl osm-lighthouses osm-mcdonalds osm-pubs osm-stations osm-tesco osm-waitrose osm-wetherspoon pop-all
ge24-nonvoters,"Registered voters who did not vote, 2024",Election night,ge2024,60,we,North-east/South-west,Find the line that puts 50% of registered voters who stayed at home in 2024 north-east of it,(diagonal),Croydon West,0,North-east,ge24-reform,0,72,census-carers-50h census-cars-3plus census-cars-none census-commute-bike census-commute-car census-commute-foot census-commute-metro census-commute-motorbike census-commute-taxi census-commute-train census-health-verybad census-heat-bottled census-heat-electric census-heat-gas census-heat-renewable census-heat-solid census-heat-wood census-home-commercial census-home-converted census-home-detached census-home-flat census-home-semi census-home-terraced census-hours-49plus census-job-managers census-job-operatives census-job-trades census-population census-qual-apprentice census-qual-degree census-qual-none census-sick census-tenure-outright census-tenure-private census-tenure-social census-work-from-home ge24-con ge24-green ge24-labour ge24-libdem ge24-reform hmrc-additional-rate hmrc-employed hmrc-higher-rate hmrc-pension hmrc-self-employed hmrc-tax-amount hmrc-taxpayers osm-aldi osm-breweries osm-castles osm-chippies osm-costa osm-golf osm-greggs osm-iceland osm-lidl osm-lighthouses osm-mands osm-mcdonalds osm-morrisons osm-nandos osm-pret osm-pubs osm-sainsburys osm-starbucks osm-stations osm-tesco osm-waitrose osm-wetherspoon pop-all repd-battery
ge24-reform,"Reform UK votes, 2024",Election night,ge2024,60,we,North-east/South-west,Find the line that puts 50% of votes cast for Reform UK in 2024 north-east of it,(diagonal),Daventry,0,North-east,ge24-nonvoters,0,72,census-carers-50h census-cars-3plus census-cars-none census-commute-bike census-commute-car census-commute-foot census-commute-metro census-commute-motorbike census-commute-taxi census-commute-train census-health-verybad census-heat-bottled census-heat-electric census-heat-gas census-heat-renewable census-heat-solid census-heat-wood census-home-commercial census-home-converted census-home-detached census-home-flat census-home-semi census-home-terraced census-hours-49plus census-job-managers census-job-operatives census-job-trades census-population census-qual-apprentice census-qual-degree census-qual-none census-sick census-tenure-outright census-tenure-private census-tenure-social census-work-from-home ge24-con ge24-green ge24-labour ge24-libdem ge24-nonvoters hmrc-additional-rate hmrc-employed hmrc-higher-rate hmrc-pension hmrc-self-employed hmrc-tax-amount hmrc-taxpayers osm-aldi osm-breweries osm-castles osm-chippies osm-costa osm-golf osm-greggs osm-iceland osm-lidl osm-lighthouses osm-mands osm-mcdonalds osm-morrisons osm-nandos osm-pret osm-pubs osm-sainsburys osm-starbucks osm-stations osm-tesco osm-waitrose osm-wetherspoon pop-all repd-battery
hmrc-additional-rate,Additional-rate (top-rate) taxpayers,Income & tax,hmrc,60,we,North-east/South-west,Find the line that puts 50% of top-rate taxpayers north-east of it,(diagonal),Wandsworth,1,North-east,hmrc-tax-amount,0,70,census-carers-50h census-cars-3plus census-cars-none census-commute-bike census-commute-car census-commute-foot census-commute-metro census-commute-motorbike census-commute-taxi census-commute-train census-health-verybad census-heat-bottled census-heat-electric census-heat-gas census-heat-renewable census-heat-solid census-heat-wood census-home-commercial census-home-converted census-home-detached census-home-flat census-home-semi census-home-terraced census-hours-49plus census-job-managers census-job-operatives census-job-trades census-population census-qual-apprentice census-qual-degree census-qual-none census-sick census-tenure-outright census-tenure-private census-tenure-social census-work-from-home ge24-con ge24-green ge24-labour ge24-nonvoters ge24-reform hmrc-employed hmrc-higher-rate hmrc-pension hmrc-self-employed hmrc-tax-amount hmrc-taxpayers osm-aldi osm-breweries osm-castles osm-chippies osm-costa osm-golf osm-greggs osm-iceland osm-lidl osm-mands osm-mcdonalds osm-morrisons osm-nandos osm-pret osm-pubs osm-sainsburys osm-starbucks osm-stations osm-tesco osm-waitrose osm-wetherspoon pop-all repd-battery
hmrc-employed,Taxpayers with a job,Income & tax,hmrc,60,we,North-east/South-west,Find the line that puts 50% of taxpayers with income from a job north-east of it,(diagonal),West Northamptonshire,1,South-west,pop-all,0,73,census-carers-50h census-cars-3plus census-cars-none census-commute-bike census-commute-car census-commute-foot census-commute-metro census-commute-motorbike census-commute-taxi census-commute-train census-health-verybad census-heat-bottled census-heat-electric census-heat-gas census-heat-renewable census-heat-solid census-heat-wood census-home-caravan census-home-commercial census-home-converted census-home-detached census-home-flat census-home-semi census-home-terraced census-hours-49plus census-job-managers census-job-operatives census-job-trades census-population census-qual-apprentice census-qual-degree census-qual-none census-sick census-tenure-outright census-tenure-private census-tenure-social census-work-from-home ge24-con ge24-green ge24-labour ge24-libdem ge24-nonvoters ge24-reform hmrc-additional-rate hmrc-higher-rate hmrc-pension hmrc-self-employed hmrc-tax-amount hmrc-taxpayers osm-aldi osm-breweries osm-castles osm-chippies osm-costa osm-golf osm-greggs osm-iceland osm-lidl osm-lighthouses osm-mands osm-mcdonalds osm-morrisons osm-nandos osm-pret osm-pubs osm-sainsburys osm-starbucks osm-stations osm-tesco osm-waitrose osm-wetherspoon pop-all repd-battery
hmrc-higher-rate,Higher-rate taxpayers,Income & tax,hmrc,60,we,North-east/South-west,Find the line that puts 50% of higher-rate taxpayers north-east of it,(diagonal),Wandsworth,1,North-east,census-work-from-home,0,72,census-carers-50h census-cars-3plus census-cars-none census-commute-bike census-commute-car census-commute-foot census-commute-metro census-commute-motorbike census-commute-taxi census-commute-train census-health-verybad census-heat-bottled census-heat-electric census-heat-gas census-heat-renewable census-heat-solid census-heat-wood census-home-commercial census-home-converted census-home-detached census-home-flat census-home-semi census-home-terraced census-hours-49plus census-job-managers census-job-operatives census-job-trades census-population census-qual-apprentice census-qual-degree census-qual-none census-sick census-tenure-outright census-tenure-private census-tenure-social census-work-from-home ge24-con ge24-green ge24-labour ge24-libdem ge24-nonvoters ge24-reform hmrc-additional-rate hmrc-employed hmrc-pension hmrc-self-employed hmrc-tax-amount hmrc-taxpayers osm-aldi osm-breweries osm-castles osm-chippies osm-costa osm-golf osm-greggs osm-iceland osm-lidl osm-lighthouses osm-mands osm-mcdonalds osm-morrisons osm-nandos osm-pret osm-pubs osm-sainsburys osm-starbucks osm-stations osm-tesco osm-waitrose osm-wetherspoon pop-all repd-battery
hmrc-pension,Taxpayers with pension income,Income & tax,hmrc,60,we,North-east/South-west,Find the line that puts 50% of taxpayers drawing a pension north-east of it,(diagonal),West Northamptonshire,4,South-west,osm-lidl,0,73,census-carers-50h census-cars-3plus census-cars-none census-commute-bike census-commute-car census-commute-foot census-commute-metro census-commute-motorbike census-commute-taxi census-commute-train census-health-verybad census-heat-bottled census-heat-electric census-heat-gas census-heat-renewable census-heat-solid census-heat-wood census-home-caravan census-home-commercial census-home-converted census-home-detached census-home-flat census-home-semi census-home-terraced census-hours-49plus census-job-managers census-job-operatives census-job-trades census-population census-qual-apprentice census-qual-degree census-qual-none census-sick census-tenure-outright census-tenure-private census-tenure-social census-work-from-home ge24-con ge24-green ge24-labour ge24-libdem ge24-nonvoters ge24-reform hmrc-additional-rate hmrc-employed hmrc-higher-rate hmrc-self-employed hmrc-tax-amount hmrc-taxpayers osm-aldi osm-breweries osm-castles osm-chippies osm-costa osm-golf osm-greggs osm-iceland osm-lidl osm-lighthouses osm-mands osm-mcdonalds osm-morrisons osm-nandos osm-pret osm-pubs osm-sainsburys osm-starbucks osm-stations osm-tesco osm-waitrose osm-wetherspoon pop-all repd-battery
hmrc-self-employed,Self-employed taxpayers,Income & tax,hmrc,60,we,North-east/South-west,Find the line that puts 50% of self-employed taxpayers north-east of it,(diagonal),Ealing,1,South-west,hmrc-taxpayers,0,73,census-carers-50h census-cars-3plus census-cars-none census-commute-bike census-commute-car census-commute-foot census-commute-metro census-commute-motorbike census-commute-taxi census-commute-train census-health-verybad census-heat-bottled census-heat-electric census-heat-gas census-heat-renewable census-heat-solid census-heat-wood census-home-caravan census-home-commercial census-home-converted census-home-detached census-home-flat census-home-semi census-home-terraced census-hours-49plus census-job-managers census-job-operatives census-job-trades census-population census-qual-apprentice census-qual-degree census-qual-none census-sick census-tenure-outright census-tenure-private census-tenure-social census-work-from-home ge24-con ge24-green ge24-labour ge24-libdem ge24-nonvoters ge24-reform hmrc-additional-rate hmrc-employed hmrc-higher-rate hmrc-pension hmrc-tax-amount hmrc-taxpayers osm-aldi osm-breweries osm-castles osm-chippies osm-costa osm-golf osm-greggs osm-iceland osm-lidl osm-lighthouses osm-mands osm-mcdonalds osm-morrisons osm-nandos osm-pret osm-pubs osm-sainsburys osm-starbucks osm-stations osm-tesco osm-waitrose osm-wetherspoon pop-all repd-battery
hmrc-tax-amount,Income tax paid,Income & tax,hmrc,60,we,North-east/South-west,Find the line that puts 50% of all income tax paid north-east of it,(diagonal),Kensington and Chelsea,1,North-east,hmrc-additional-rate,0,71,census-carers-50h census-cars-3plus census-cars-none census-commute-bike census-commute-car census-commute-foot census-commute-metro census-commute-motorbike census-commute-taxi census-commute-train census-health-verybad census-heat-bottled census-heat-electric census-heat-gas census-heat-renewable census-heat-solid census-heat-wood census-home-commercial census-home-converted census-home-detached census-home-flat census-home-semi census-home-terraced census-hours-49plus census-job-managers census-job-operatives census-job-trades census-population census-qual-apprentice census-qual-degree census-qual-none census-sick census-tenure-outright census-tenure-private census-tenure-social census-work-from-home ge24-con ge24-green ge24-labour ge24-nonvoters ge24-reform hmrc-additional-rate hmrc-employed hmrc-higher-rate hmrc-pension hmrc-self-employed hmrc-taxpayers osm-aldi osm-breweries osm-castles osm-chippies osm-costa osm-golf osm-greggs osm-iceland osm-lidl osm-lighthouses osm-mands osm-mcdonalds osm-morrisons osm-nandos osm-pret osm-pubs osm-sainsburys osm-starbucks osm-stations osm-tesco osm-waitrose osm-wetherspoon pop-all repd-battery
hmrc-taxpayers,Income taxpayers,Income & tax,hmrc,60,we,North-east/South-west,Find the line that puts 50% of income taxpayers north-east of it,(diagonal),West Northamptonshire,1,South-west,hmrc-self-employed,0,73,census-carers-50h census-cars-3plus census-cars-none census-commute-bike census-commute-car census-commute-foot census-commute-metro census-commute-motorbike census-commute-taxi census-commute-train census-health-verybad census-heat-bottled census-heat-electric census-heat-gas census-heat-renewable census-heat-solid census-heat-wood census-home-caravan census-home-commercial census-home-converted census-home-detached census-home-flat census-home-semi census-home-terraced census-hours-49plus census-job-managers census-job-operatives census-job-trades census-population census-qual-apprentice census-qual-degree census-qual-none census-sick census-tenure-outright census-tenure-private census-tenure-social census-work-from-home ge24-con ge24-green ge24-labour ge24-libdem ge24-nonvoters ge24-reform hmrc-additional-rate hmrc-employed hmrc-higher-rate hmrc-pension hmrc-self-employed hmrc-tax-amount osm-aldi osm-breweries osm-castles osm-chippies osm-costa osm-golf osm-greggs osm-iceland osm-lidl osm-lighthouses osm-mands osm-mcdonalds osm-morrisons osm-nandos osm-pret osm-pubs osm-sainsburys osm-starbucks osm-stations osm-tesco osm-waitrose osm-wetherspoon pop-all repd-battery
osm-aldi,Aldi shops,Supermarket sweep,osm,60,we,North-east/South-west,Find the line that puts 50% of Aldi shops north-east of it,(diagonal),West Northamptonshire,1,North-east,hmrc-higher-rate,0,72,census-carers-50h census-cars-3plus census-cars-none census-commute-bike census-commute-car census-commute-foot census-commute-metro census-commute-motorbike census-commute-taxi census-commute-train census-health-verybad census-heat-bottled census-heat-electric census-heat-gas census-heat-renewable census-heat-solid census-heat-wood census-home-commercial census-home-converted census-home-detached census-home-flat census-home-semi census-home-terraced census-hours-49plus census-job-managers census-job-operatives census-job-trades census-population census-qual-apprentice census-qual-degree census-qual-none census-sick census-tenure-outright census-tenure-private census-tenure-social census-work-from-home ge24-con ge24-green ge24-labour ge24-libdem ge24-nonvoters ge24-reform hmrc-additional-rate hmrc-employed hmrc-higher-rate hmrc-pension hmrc-self-employed hmrc-tax-amount hmrc-taxpayers osm-breweries osm-castles osm-chippies osm-costa osm-golf osm-greggs osm-iceland osm-lidl osm-lighthouses osm-mands osm-mcdonalds osm-morrisons osm-nandos osm-pret osm-pubs osm-sainsburys osm-starbucks osm-stations osm-tesco osm-waitrose osm-wetherspoon pop-all repd-battery
osm-breweries,Breweries,Out and about,osm,60,we,North-east/South-west,Find the line that puts 50% of breweries north-east of it,(diagonal),Westmorland and Furness,4,North-east,census-cars-none,0,69,census-carers-50h census-cars-3plus census-cars-none census-commute-bike census-commute-car census-commute-foot census-commute-metro census-commute-motorbike census-commute-taxi census-commute-train census-health-verybad census-heat-electric census-heat-gas census-heat-renewable census-heat-solid census-heat-wood census-home-commercial census-home-converted census-home-detached census-home-flat census-home-semi census-home-terraced census-hours-49plus census-job-managers census-job-operatives census-job-trades census-population census-qual-apprentice census-qual-degree census-qual-none census-sick census-tenure-outright census-tenure-private census-tenure-social census-work-from-home ge24-con ge24-green ge24-labour ge24-nonvoters ge24-reform hmrc-additional-rate hmrc-employed hmrc-higher-rate hmrc-pension hmrc-self-employed hmrc-tax-amount hmrc-taxpayers osm-aldi osm-castles osm-chippies osm-costa osm-golf osm-greggs osm-iceland osm-lidl osm-mands osm-mcdonalds osm-morrisons osm-nandos osm-pret osm-pubs osm-sainsburys osm-starbucks osm-stations osm-tesco osm-waitrose osm-wetherspoon pop-all repd-battery
osm-castles,Castles,Heritage & coast,osm,60,we,North-east/South-west,Find the line that puts 50% of castles north-east of it,(diagonal),Lancaster,1,North-east,census-qual-apprentice,0,72,census-carers-50h census-cars-3plus census-cars-none census-commute-bike census-commute-car census-commute-foot census-commute-metro census-commute-motorbike census-commute-taxi census-commute-train census-health-verybad census-heat-bottled census-heat-electric census-heat-gas census-heat-renewable census-heat-solid census-heat-wood census-home-commercial census-home-converted census-home-detached census-home-flat census-home-semi census-home-terraced census-hours-49plus census-job-managers census-job-operatives census-job-trades census-population census-qual-apprentice census-qual-degree census-qual-none census-sick census-tenure-outright census-tenure-private census-tenure-social census-work-from-home ge24-con ge24-green ge24-labour ge24-libdem ge24-nonvoters ge24-reform hmrc-additional-rate hmrc-employed hmrc-higher-rate hmrc-pension hmrc-self-employed hmrc-tax-amount hmrc-taxpayers osm-aldi osm-breweries osm-chippies osm-costa osm-golf osm-greggs osm-iceland osm-lidl osm-lighthouses osm-mands osm-mcdonalds osm-morrisons osm-nandos osm-pret osm-pubs osm-sainsburys osm-starbucks osm-stations osm-tesco osm-waitrose osm-wetherspoon pop-all repd-battery
osm-chippies,Fish and chip shops,Out and about,osm,60,we,North-east/South-west,Find the line that puts 50% of fish and chip shops north-east of it,(diagonal),Westmorland and Furness,2,North-east,census-commute-bike,0,70,census-carers-50h census-cars-3plus census-cars-none census-commute-bike census-commute-car census-commute-foot census-commute-metro census-commute-motorbike census-commute-taxi census-commute-train census-health-verybad census-heat-bottled census-heat-electric census-heat-gas census-heat-renewable census-heat-solid census-heat-wood census-home-commercial census-home-converted census-home-detached census-home-flat census-home-semi census-home-terraced census-hours-49plus census-job-managers census-job-operatives census-job-trades census-population census-qual-apprentice census-qual-degree census-qual-none census-sick census-tenure-outright census-tenure-private census-tenure-social census-work-from-home ge24-con ge24-green ge24-labour ge24-nonvoters ge24-reform hmrc-additional-rate hmrc-employed hmrc-higher-rate hmrc-pension hmrc-self-employed hmrc-tax-amount hmrc-taxpayers osm-aldi osm-breweries osm-castles osm-costa osm-golf osm-greggs osm-iceland osm-lidl osm-mands osm-mcdonalds osm-morrisons osm-nandos osm-pret osm-pubs osm-sainsburys osm-starbucks osm-stations osm-tesco osm-waitrose osm-wetherspoon pop-all repd-battery
osm-costa,Costa Coffee shops,High street,osm,60,we,North-east/South-west,Find the line that puts 50% of Costa Coffee shops north-east of it,(diagonal),West Northamptonshire,1,South-west,census-home-terraced,0,73,census-carers-50h census-cars-3plus census-cars-none census-commute-bike census-commute-car census-commute-foot census-commute-metro census-commute-motorbike census-commute-taxi census-commute-train census-health-verybad census-heat-bottled census-heat-electric census-heat-gas census-heat-renewable census-heat-solid census-heat-wood census-home-caravan census-home-commercial census-home-converted census-home-detached census-home-flat census-home-semi census-home-terraced census-hours-49plus census-job-managers census-job-operatives census-job-trades census-population census-qual-apprentice census-qual-degree census-qual-none census-sick census-tenure-outright census-tenure-private census-tenure-social census-work-from-home ge24-con ge24-green ge24-labour ge24-libdem ge24-nonvoters ge24-reform hmrc-additional-rate hmrc-employed hmrc-higher-rate hmrc-pension hmrc-self-employed hmrc-tax-amount hmrc-taxpayers osm-aldi osm-breweries osm-castles osm-chippies osm-golf osm-greggs osm-iceland osm-lidl osm-lighthouses osm-mands osm-mcdonalds osm-morrisons osm-nandos osm-pret osm-pubs osm-sainsburys osm-starbucks osm-stations osm-tesco osm-waitrose osm-wetherspoon pop-all repd-battery
osm-distilleries,Distilleries,Out and about,osm,60,we,North-east/South-west,Find the line that puts 50% of distilleries north-east of it,(diagonal),North Yorkshire,65,North-east,repd-solar-pipeline,15,2,repd-hydro repd-solar-pipeline
osm-golf,Golf courses,Out and about,osm,60,we,North-east/South-west,Find the line that puts 50% of golf courses north-east of it,(diagonal),Wealden,5,South-west,census-commute-car,1,73,census-carers-50h census-cars-3plus census-cars-none census-commute-bike census-commute-car census-commute-foot census-commute-metro census-commute-motorbike census-commute-taxi census-commute-train census-health-verybad census-heat-bottled census-heat-electric census-heat-gas census-heat-renewable census-heat-solid census-heat-wood census-home-caravan census-home-commercial census-home-converted census-home-detached census-home-flat census-home-semi census-home-terraced census-hours-49plus census-job-managers census-job-operatives census-job-trades census-population census-qual-apprentice census-qual-degree census-qual-none census-sick census-tenure-outright census-tenure-private census-tenure-social census-work-from-home ge24-con ge24-green ge24-labour ge24-libdem ge24-nonvoters ge24-reform hmrc-additional-rate hmrc-employed hmrc-higher-rate hmrc-pension hmrc-self-employed hmrc-tax-amount hmrc-taxpayers osm-aldi osm-breweries osm-castles osm-chippies osm-costa osm-greggs osm-iceland osm-lidl osm-lighthouses osm-mands osm-mcdonalds osm-morrisons osm-nandos osm-pret osm-pubs osm-sainsburys osm-starbucks osm-stations osm-tesco osm-waitrose osm-wetherspoon pop-all repd-battery
osm-greggs,Greggs shops,High street,osm,60,we,North-east/South-west,Find the line that puts 50% of Greggs shops north-east of it,(diagonal),West Northamptonshire,3,North-east,census-heat-renewable,0,70,census-carers-50h census-cars-3plus census-cars-none census-commute-bike census-commute-car census-commute-foot census-commute-metro census-commute-motorbike census-commute-taxi census-commute-train census-health-verybad census-heat-bottled census-heat-electric census-heat-gas census-heat-renewable census-heat-solid census-heat-wood census-home-commercial census-home-converted census-home-detached census-home-flat census-home-semi census-home-terraced census-hours-49plus census-job-managers census-job-operatives census-job-trades census-population census-qual-apprentice census-qual-degree census-qual-none census-sick census-tenure-outright census-tenure-private census-tenure-social census-work-from-home ge24-con ge24-green ge24-labour ge24-nonvoters ge24-reform hmrc-additional-rate hmrc-employed hmrc-higher-rate hmrc-pension hmrc-self-employed hmrc-tax-amount hmrc-taxpayers osm-aldi osm-breweries osm-castles osm-chippies osm-costa osm-golf osm-iceland osm-lidl osm-mands osm-mcdonalds osm-morrisons osm-nandos osm-pret osm-pubs osm-sainsburys osm-starbucks osm-stations osm-tesco osm-waitrose osm-wetherspoon pop-all repd-battery
osm-iceland,Iceland shops,Supermarket sweep,osm,60,we,North-east/South-west,Find the line that puts 50% of Iceland shops north-east of it,(diagonal),Harrow,0,South-west,census-home-commercial,0,73,census-carers-50h census-cars-3plus census-cars-none census-commute-bike census-commute-car census-commute-foot census-commute-metro census-commute-motorbike census-commute-taxi census-commute-train census-health-verybad census-heat-bottled census-heat-electric census-heat-gas census-heat-renewable census-heat-solid census-heat-wood census-home-caravan census-home-commercial census-home-converted census-home-detached census-home-flat census-home-semi census-home-terraced census-hours-49plus census-job-managers census-job-operatives census-job-trades census-population census-qual-apprentice census-qual-degree census-qual-none census-sick census-tenure-outright census-tenure-private census-tenure-social census-work-from-home ge24-con ge24-green ge24-labour ge24-libdem ge24-nonvoters ge24-reform hmrc-additional-rate hmrc-employed hmrc-higher-rate hmrc-pension hmrc-self-employed hmrc-tax-amount hmrc-taxpayers osm-aldi osm-breweries osm-castles osm-chippies osm-costa osm-golf osm-greggs osm-lidl osm-lighthouses osm-mands osm-mcdonalds osm-morrisons osm-nandos osm-pret osm-pubs osm-sainsburys osm-starbucks osm-stations osm-tesco osm-waitrose osm-wetherspoon pop-all repd-battery
osm-lidl,Lidl shops,Supermarket sweep,osm,60,we,North-east/South-west,Find the line that puts 50% of Lidl shops north-east of it,(diagonal),Manchester,4,South-west,hmrc-pension,0,73,census-carers-50h census-cars-3plus census-cars-none census-commute-bike census-commute-car census-commute-foot census-commute-metro census-commute-motorbike census-commute-taxi census-commute-train census-health-verybad census-heat-bottled census-heat-electric census-heat-gas census-heat-renewable census-heat-solid census-heat-wood census-home-caravan census-home-commercial census-home-converted census-home-detached census-home-flat census-home-semi census-home-terraced census-hours-49plus census-job-managers census-job-operatives census-job-trades census-population census-qual-apprentice census-qual-degree census-qual-none census-sick census-tenure-outright census-tenure-private census-tenure-social census-work-from-home ge24-con ge24-green ge24-labour ge24-libdem ge24-nonvoters ge24-reform hmrc-additional-rate hmrc-employed hmrc-higher-rate hmrc-pension hmrc-self-employed hmrc-tax-amount hmrc-taxpayers osm-aldi osm-breweries osm-castles osm-chippies osm-costa osm-golf osm-greggs osm-iceland osm-lighthouses osm-mands osm-mcdonalds osm-morrisons osm-nandos osm-pret osm-pubs osm-sainsburys osm-starbucks osm-stations osm-tesco osm-waitrose osm-wetherspoon pop-all repd-battery
osm-lighthouses,Lighthouses,Heritage & coast,osm,60,we,North-east/South-west,Find the line that puts 50% of lighthouses north-east of it,(diagonal),Argyll and Bute,16,South-west,ge24-libdem,0,57,census-carers-50h census-cars-3plus census-commute-bike census-commute-car census-commute-foot census-commute-motorbike census-commute-taxi census-health-verybad census-heat-bottled census-heat-electric census-heat-gas census-heat-wood census-home-caravan census-home-commercial census-home-detached census-home-semi census-home-terraced census-hours-49plus census-job-managers census-job-operatives census-job-trades census-population census-qual-apprentice census-qual-degree census-qual-none census-sick census-tenure-outright census-tenure-private census-work-from-home ge24-con ge24-green ge24-libdem ge24-nonvoters ge24-reform hmrc-additional-rate hmrc-employed hmrc-higher-rate hmrc-pension hmrc-self-employed hmrc-tax-amount hmrc-taxpayers osm-aldi osm-castles osm-chippies osm-costa osm-golf osm-iceland osm-lidl osm-mands osm-mcdonalds osm-nandos osm-pubs osm-stations osm-tesco osm-waitrose osm-wetherspoon pop-all
osm-mands,M&S shops,Supermarket sweep,osm,60,we,North-east/South-west,Find the line that puts 50% of Marks & Spencer shops north-east of it,(diagonal),Wandsworth,1,North-east,hmrc-additional-rate,0,71,census-carers-50h census-cars-3plus census-cars-none census-commute-bike census-commute-car census-commute-foot census-commute-metro census-commute-motorbike census-commute-taxi census-commute-train census-health-verybad census-heat-bottled census-heat-electric census-heat-gas census-heat-renewable census-heat-solid census-heat-wood census-home-commercial census-home-converted census-home-detached census-home-flat census-home-semi census-home-terraced census-hours-49plus census-job-managers census-job-operatives census-job-trades census-population census-qual-apprentice census-qual-degree census-qual-none census-sick census-tenure-outright census-tenure-private census-tenure-social census-work-from-home ge24-con ge24-green ge24-labour ge24-nonvoters ge24-reform hmrc-additional-rate hmrc-employed hmrc-higher-rate hmrc-pension hmrc-self-employed hmrc-tax-amount hmrc-taxpayers osm-aldi osm-breweries osm-castles osm-chippies osm-costa osm-golf osm-greggs osm-iceland osm-lidl osm-lighthouses osm-mcdonalds osm-morrisons osm-nandos osm-pret osm-pubs osm-sainsburys osm-starbucks osm-stations osm-tesco osm-waitrose osm-wetherspoon pop-all repd-battery
osm-mcdonalds,McDonald's restaurants,High street,osm,60,we,North-east/South-west,Find the line that puts 50% of McDonald's restaurants north-east of it,(diagonal),West Northamptonshire,0,South-west,census-health-verybad,0,73,census-carers-50h census-cars-3plus census-cars-none census-commute-bike census-commute-car census-commute-foot census-commute-metro census-commute-motorbike census-commute-taxi census-commute-train census-health-verybad census-heat-bottled census-heat-electric census-heat-gas census-heat-renewable census-heat-solid census-heat-wood census-home-caravan census-home-commercial census-home-converted census-home-detached census-home-flat census-home-semi census-home-terraced census-hours-49plus census-job-managers census-job-operatives census-job-trades census-population census-qual-apprentice census-qual-degree census-qual-none census-sick census-tenure-outright census-tenure-private census-tenure-social census-work-from-home ge24-con ge24-green ge24-labour ge24-libdem ge24-nonvoters ge24-reform hmrc-additional-rate hmrc-employed hmrc-higher-rate hmrc-pension hmrc-self-employed hmrc-tax-amount hmrc-taxpayers osm-aldi osm-breweries osm-castles osm-chippies osm-costa osm-golf osm-greggs osm-iceland osm-lidl osm-lighthouses osm-mands osm-morrisons osm-nandos osm-pret osm-pubs osm-sainsburys osm-starbucks osm-stations osm-tesco osm-waitrose osm-wetherspoon pop-all repd-battery
osm-morrisons,Morrisons supermarkets,Supermarket sweep,osm,60,we,North-east/South-west,Find the line that puts 50% of Morrisons supermarkets north-east of it,(diagonal),Renfrewshire,3,North-east,census-heat-renewable,0,70,census-carers-50h census-cars-3plus census-cars-none census-commute-bike census-commute-car census-commute-foot census-commute-metro census-commute-motorbike census-commute-taxi census-commute-train census-health-verybad census-heat-bottled census-heat-electric census-heat-gas census-heat-renewable census-heat-solid census-heat-wood census-home-commercial census-home-converted census-home-detached census-home-flat census-home-semi census-home-terraced census-hours-49plus census-job-managers census-job-operatives census-job-trades census-population census-qual-apprentice census-qual-degree census-qual-none census-sick census-tenure-outright census-tenure-private census-tenure-social census-work-from-home ge24-con ge24-green ge24-labour ge24-nonvoters ge24-reform hmrc-additional-rate hmrc-employed hmrc-higher-rate hmrc-pension hmrc-self-employed hmrc-tax-amount hmrc-taxpayers osm-aldi osm-breweries osm-castles osm-chippies osm-costa osm-golf osm-greggs osm-iceland osm-lidl osm-mands osm-mcdonalds osm-nandos osm-pret osm-pubs osm-sainsburys osm-starbucks osm-stations osm-tesco osm-waitrose osm-wetherspoon pop-all repd-battery
osm-nandos,Nando's restaurants,High street,osm,60,we,North-east/South-west,Find the line that puts 50% of Nando's restaurants north-east of it,(diagonal),Westminster,2,North-east,census-commute-bike,0,70,census-carers-50h census-cars-3plus census-cars-none census-commute-bike census-commute-car census-commute-foot census-commute-metro census-commute-motorbike census-commute-taxi census-commute-train census-health-verybad census-heat-bottled census-heat-electric census-heat-gas census-heat-renewable census-heat-solid census-heat-wood census-home-commercial census-home-converted census-home-detached census-home-flat census-home-semi census-home-terraced census-hours-49plus census-job-managers census-job-operatives census-job-trades census-population census-qual-apprentice census-qual-degree census-qual-none census-sick census-tenure-outright census-tenure-private census-tenure-social census-work-from-home ge24-con ge24-green ge24-labour ge24-nonvoters ge24-reform hmrc-additional-rate hmrc-employed hmrc-higher-rate hmrc-pension hmrc-self-employed hmrc-tax-amount hmrc-taxpayers osm-aldi osm-breweries osm-castles osm-chippies osm-costa osm-golf osm-greggs osm-iceland osm-lidl osm-mands osm-mcdonalds osm-morrisons osm-pret osm-pubs osm-sainsburys osm-starbucks osm-stations osm-tesco osm-waitrose osm-wetherspoon pop-all repd-battery
osm-pret,Pret A Manger shops,High street,osm,60,we,North-east/South-west,Find the line that puts 50% of Pret A Manger shops north-east of it,(diagonal),Camden,7,North-east,repd-battery,1,70,census-carers-50h census-cars-3plus census-cars-none census-commute-bike census-commute-car census-commute-foot census-commute-metro census-commute-motorbike census-commute-taxi census-commute-train census-health-verybad census-heat-electric census-heat-gas census-heat-renewable census-heat-solid census-heat-wood census-home-commercial census-home-converted census-home-detached census-home-flat census-home-semi census-home-terraced census-hours-49plus census-job-managers census-job-operatives census-job-trades census-population census-qual-apprentice census-qual-degree census-qual-none census-sick census-tenure-outright census-tenure-private census-tenure-social census-work-from-home ge24-con ge24-green ge24-labour ge24-nonvoters ge24-reform hmrc-additional-rate hmrc-employed hmrc-higher-rate hmrc-pension hmrc-self-employed hmrc-tax-amount hmrc-taxpayers osm-aldi osm-breweries osm-castles osm-chippies osm-costa osm-golf osm-greggs osm-iceland osm-lidl osm-mands osm-mcdonalds osm-morrisons osm-nandos osm-pubs osm-sainsburys osm-starbucks osm-stations osm-tesco osm-waitrose osm-wetherspoon pop-all repd-battery repd-battery-pipeline
osm-pubs,Pubs,Out and about,osm,60,we,North-east/South-west,Find the line that puts 50% of pubs north-east of it,(diagonal),Cumberland,0,South-west,hmrc-employed,0,73,census-carers-50h census-cars-3plus census-cars-none census-commute-bike census-commute-car census-commute-foot census-commute-metro census-commute-motorbike census-commute-taxi census-commute-train census-health-verybad census-heat-bottled census-heat-electric census-heat-gas census-heat-renewable census-heat-solid census-heat-wood census-home-caravan census-home-commercial census-home-converted census-home-detached census-home-flat census-home-semi census-home-terraced census-hours-49plus census-job-managers census-job-operatives census-job-trades census-population census-qual-apprentice census-qual-degree census-qual-none census-sick census-tenure-outright census-tenure-private census-tenure-social census-work-from-home ge24-con ge24-green ge24-labour ge24-libdem ge24-nonvoters ge24-reform hmrc-additional-rate hmrc-employed hmrc-higher-rate hmrc-pension hmrc-self-employed hmrc-tax-amount hmrc-taxpayers osm-aldi osm-breweries osm-castles osm-chippies osm-costa osm-golf osm-greggs osm-iceland osm-lidl osm-lighthouses osm-mands osm-mcdonalds osm-morrisons osm-nandos osm-pret osm-sainsburys osm-starbucks osm-stations osm-tesco osm-waitrose osm-wetherspoon pop-all repd-battery
osm-sainsburys,Sainsbury's shops (all formats),Supermarket sweep,osm,60,we,North-east/South-west,Find the line that puts 50% of Sainsbury's shops of every size north-east of it,(diagonal),Lambeth,5,North-east,census-home-flat,0,69,census-carers-50h census-cars-3plus census-cars-none census-commute-bike census-commute-car census-commute-foot census-commute-metro census-commute-motorbike census-commute-taxi census-commute-train census-health-verybad census-heat-electric census-heat-gas census-heat-renewable census-heat-solid census-heat-wood census-home-commercial census-home-converted census-home-detached census-home-flat census-home-semi census-home-terraced census-hours-49plus census-job-managers census-job-operatives census-job-trades census-population census-qual-apprentice census-qual-degree census-qual-none census-sick census-tenure-outright census-tenure-private census-tenure-social census-work-from-home ge24-con ge24-green ge24-labour ge24-nonvoters ge24-reform hmrc-additional-rate hmrc-employed hmrc-higher-rate hmrc-pension hmrc-self-employed hmrc-tax-amount hmrc-taxpayers osm-aldi osm-breweries osm-castles osm-chippies osm-costa osm-golf osm-greggs osm-iceland osm-lidl osm-mands osm-mcdonalds osm-morrisons osm-nandos osm-pret osm-pubs osm-starbucks osm-stations osm-tesco osm-waitrose osm-wetherspoon pop-all repd-battery
osm-standing-stones,Standing stones and other megaliths,Heritage & coast,osm,60,we,North-east/South-west,Find the line that puts 50% of standing stones and other megaliths north-east of it,(diagonal),Cotswold,76,South-west,census-heat-oil,2,1,census-heat-oil
osm-starbucks,Starbucks shops,High street,osm,60,we,North-east/South-west,Find the line that puts 50% of Starbucks shops north-east of it,(diagonal),Westminster,3,North-east,census-tenure-social,0,70,census-carers-50h census-cars-3plus census-cars-none census-commute-bike census-commute-car census-commute-foot census-commute-metro census-commute-motorbike census-commute-taxi census-commute-train census-health-verybad census-heat-bottled census-heat-electric census-heat-gas census-heat-renewable census-heat-solid census-heat-wood census-home-commercial census-home-converted census-home-detached census-home-flat census-home-semi census-home-terraced census-hours-49plus census-job-managers census-job-operatives census-job-trades census-population census-qual-apprentice census-qual-degree census-qual-none census-sick census-tenure-outright census-tenure-private census-tenure-social census-work-from-home ge24-con ge24-green ge24-labour ge24-nonvoters ge24-reform hmrc-additional-rate hmrc-employed hmrc-higher-rate hmrc-pension hmrc-self-employed hmrc-tax-amount hmrc-taxpayers osm-aldi osm-breweries osm-castles osm-chippies osm-costa osm-golf osm-greggs osm-iceland osm-lidl osm-mands osm-mcdonalds osm-morrisons osm-nandos osm-pret osm-pubs osm-sainsburys osm-stations osm-tesco osm-waitrose osm-wetherspoon pop-all repd-battery
osm-stations,Railway stations,Out and about,osm,60,we,North-east/South-west,Find the line that puts 50% of railway stations north-east of it,(diagonal),Wealden,4,South-west,census-tenure-outright,0,73,census-carers-50h census-cars-3plus census-cars-none census-commute-bike census-commute-car census-commute-foot census-commute-metro census-commute-motorbike census-commute-taxi census-commute-train census-health-verybad census-heat-bottled census-heat-electric census-heat-gas census-heat-renewable census-heat-solid census-heat-wood census-home-caravan census-home-commercial census-home-converted census-home-detached census-home-flat census-home-semi census-home-terraced census-hours-49plus census-job-managers census-job-operatives census-job-trades census-population census-qual-apprentice census-qual-degree census-qual-none census-sick census-tenure-outright census-tenure-private census-tenure-social census-work-from-home ge24-con ge24-green ge24-labour ge24-libdem ge24-nonvoters ge24-reform hmrc-additional-rate hmrc-employed hmrc-higher-rate hmrc-pension hmrc-self-employed hmrc-tax-amount hmrc-taxpayers osm-aldi osm-breweries osm-castles osm-chippies osm-costa osm-golf osm-greggs osm-iceland osm-lidl osm-lighthouses osm-mands osm-mcdonalds osm-morrisons osm-nandos osm-pret osm-pubs osm-sainsburys osm-starbucks osm-tesco osm-waitrose osm-wetherspoon pop-all repd-battery
osm-tesco,Tesco shops (all formats),Supermarket sweep,osm,60,we,North-east/South-west,Find the line that puts 50% of Tesco shops of every size north-east of it,(diagonal),Hammersmith and Fulham,2,South-west,census-commute-motorbike,0,73,census-carers-50h census-cars-3plus census-cars-none census-commute-bike census-commute-car census-commute-foot census-commute-metro census-commute-motorbike census-commute-taxi census-commute-train census-health-verybad census-heat-bottled census-heat-electric census-heat-gas census-heat-renewable census-heat-solid census-heat-wood census-home-caravan census-home-commercial census-home-converted census-home-detached census-home-flat census-home-semi census-home-terraced census-hours-49plus census-job-managers census-job-operatives census-job-trades census-population census-qual-apprentice census-qual-degree census-qual-none census-sick census-tenure-outright census-tenure-private census-tenure-social census-work-from-home ge24-con ge24-green ge24-labour ge24-libdem ge24-nonvoters ge24-reform hmrc-additional-rate hmrc-employed hmrc-higher-rate hmrc-pension hmrc-self-employed hmrc-tax-amount hmrc-taxpayers osm-aldi osm-breweries osm-castles osm-chippies osm-costa osm-golf osm-greggs osm-iceland osm-lidl osm-lighthouses osm-mands osm-mcdonalds osm-morrisons osm-nandos osm-pret osm-pubs osm-sainsburys osm-starbucks osm-stations osm-waitrose osm-wetherspoon pop-all repd-battery
osm-waitrose,Waitrose shops,Supermarket sweep,osm,60,we,North-east/South-west,Find the line that puts 50% of Waitrose shops north-east of it,(diagonal),Buckinghamshire,10,South-west,census-heat-wood,1,69,census-carers-50h census-cars-3plus census-cars-none census-commute-bike census-commute-car census-commute-foot census-commute-motorbike census-commute-taxi census-health-verybad census-heat-bottled census-heat-electric census-heat-gas census-heat-renewable census-heat-wood census-home-caravan census-home-commercial census-home-converted census-home-detached census-home-flat census-home-semi census-home-terraced census-hours-49plus census-job-managers census-job-operatives census-job-trades census-population census-qual-apprentice census-qual-degree census-qual-none census-sick census-tenure-outright census-tenure-private census-tenure-social census-work-from-home ge24-con ge24-green ge24-labour ge24-libdem ge24-nonvoters ge24-reform hmrc-additional-rate hmrc-employed hmrc-higher-rate hmrc-pension hmrc-self-employed hmrc-tax-amount hmrc-taxpayers osm-aldi osm-breweries osm-castles osm-chippies osm-costa osm-golf osm-greggs osm-iceland osm-lidl osm-lighthouses osm-mands osm-mcdonalds osm-morrisons osm-nandos osm-pret osm-pubs osm-sainsburys osm-starbucks osm-stations osm-tesco osm-wetherspoon pop-all
osm-wetherspoon,Wetherspoon pubs,High street,osm,60,we,North-east/South-west,Find the line that puts 50% of Wetherspoon pubs north-east of it,(diagonal),Croydon,1,South-west,census-commute-motorbike,0,73,census-carers-50h census-cars-3plus census-cars-none census-commute-bike census-commute-car census-commute-foot census-commute-metro census-commute-motorbike census-commute-taxi census-commute-train census-health-verybad census-heat-bottled census-heat-electric census-heat-gas census-heat-renewable census-heat-solid census-heat-wood census-home-caravan census-home-commercial census-home-converted census-home-detached census-home-flat census-home-semi census-home-terraced census-hours-49plus census-job-managers census-job-operatives census-job-trades census-population census-qual-apprentice census-qual-degree census-qual-none census-sick census-tenure-outright census-tenure-private census-tenure-social census-work-from-home ge24-con ge24-green ge24-labour ge24-libdem ge24-nonvoters ge24-reform hmrc-additional-rate hmrc-employed hmrc-higher-rate hmrc-pension hmrc-self-employed hmrc-tax-amount hmrc-taxpayers osm-aldi osm-breweries osm-castles osm-chippies osm-costa osm-golf osm-greggs osm-iceland osm-lidl osm-lighthouses osm-mands osm-mcdonalds osm-morrisons osm-nandos osm-pret osm-pubs osm-sainsburys osm-starbucks osm-stations osm-tesco osm-waitrose pop-all repd-battery
osm-windmills,Windmills (historic),Heritage & coast,osm,60,we,North-east/South-west,Find the line that puts 50% of old windmills north-east of it,(diagonal),Ashford,39,North-east,repd-wind-onshore,9,4,repd-battery-pipeline repd-hydro repd-solar-pipeline repd-wind-onshore
pop-all,Population,Population,population,60,we,North-east/South-west,Find the line that puts 50% of the UK's population north-east of it,(diagonal),West Northamptonshire,1,South-west,hmrc-employed,0,73,census-carers-50h census-cars-3plus census-cars-none census-commute-bike census-commute-car census-commute-foot census-commute-metro census-commute-motorbike census-commute-taxi census-commute-train census-health-verybad census-heat-bottled census-heat-electric census-heat-gas census-heat-renewable census-heat-solid census-heat-wood census-home-caravan census-home-commercial census-home-converted census-home-detached census-home-flat census-home-semi census-home-terraced census-hours-49plus census-job-managers census-job-operatives census-job-trades census-population census-qual-apprentice census-qual-degree census-qual-none census-sick census-tenure-outright census-tenure-private census-tenure-social census-work-from-home ge24-con ge24-green ge24-labour ge24-libdem ge24-nonvoters ge24-reform hmrc-additional-rate hmrc-employed hmrc-higher-rate hmrc-pension hmrc-self-employed hmrc-tax-amount hmrc-taxpayers osm-aldi osm-breweries osm-castles osm-chippies osm-costa osm-golf osm-greggs osm-iceland osm-lidl osm-lighthouses osm-mands osm-mcdonalds osm-morrisons osm-nandos osm-pret osm-pubs osm-sainsburys osm-starbucks osm-stations osm-tesco osm-waitrose osm-wetherspoon repd-battery
repd-battery,Battery storage capacity (MW),Power,repd,60,we,North-east/South-west,Find the line that puts 50% of grid battery storage capacity north-east of it,(diagonal),Buckinghamshire,8,North-east,census-heat-solid,0,69,census-carers-50h census-cars-3plus census-cars-none census-commute-bike census-commute-car census-commute-foot census-commute-metro census-commute-motorbike census-commute-taxi census-commute-train census-health-verybad census-heat-electric census-heat-gas census-heat-renewable census-heat-solid census-heat-wood census-home-commercial census-home-converted census-home-detached census-home-flat census-home-semi census-home-terraced census-hours-49plus census-job-managers census-job-operatives census-job-trades census-population census-qual-apprentice census-qual-degree census-qual-none census-sick census-tenure-outright census-tenure-private census-tenure-social census-work-from-home ge24-con ge24-green ge24-labour ge24-nonvoters ge24-reform hmrc-additional-rate hmrc-employed hmrc-higher-rate hmrc-pension hmrc-self-employed hmrc-tax-amount hmrc-taxpayers osm-aldi osm-breweries osm-castles osm-chippies osm-costa osm-golf osm-greggs osm-iceland osm-lidl osm-mands osm-mcdonalds osm-morrisons osm-nandos osm-pret osm-pubs osm-sainsburys osm-starbucks osm-stations osm-tesco osm-wetherspoon pop-all repd-battery-pipeline
repd-battery-pipeline,Battery storage consented or being built (MW),Power,repd,60,we,North-east/South-west,Find the line that puts 50% of battery storage capacity that is consented or under construction north-east of it,(diagonal),South Lanarkshire,23,North-east,repd-wind-onshore,6,7,census-commute-metro census-commute-train census-heat-solid osm-pret osm-windmills repd-battery repd-wind-onshore
repd-hydro,Hydro-electric schemes,Power,repd,60,we,North-east/South-west,Find the line that puts 50% of hydro-electric schemes north-east of it,(diagonal),Perth and Kinross,46,North-east,repd-solar-pipeline,3,4,osm-distilleries osm-windmills repd-solar-pipeline repd-wind-onshore
repd-solar,Solar farm capacity (MW),Power,repd,60,we,North-east/South-west,Find the line that puts 50% of solar farm capacity north-east of it,(diagonal),Stratford-on-Avon,56,South-west,osm-standing-stones,24,0,
repd-solar-pipeline,Solar capacity consented or being built (MW),Power,repd,60,we,North-east/South-west,Find the line that puts 50% of solar capacity that is consented or under construction north-east of it,(diagonal),Rutland,53,North-east,repd-hydro,3,3,osm-distilleries osm-windmills repd-hydro
repd-wind-offshore,Offshore wind capacity (MW),Power,repd,60,we,North-east/South-west,Find the line that puts 50% of offshore wind power capacity north-east of it,(diagonal),Aberdeen City,152,North-east,osm-distilleries,85,0,
repd-wind-onshore,Onshore wind capacity (MW),Power,repd,60,we,North-east/South-west,Find the line that puts 50% of onshore wind power capacity north-east of it,(diagonal),South Lanarkshire,29,North-east,repd-battery-pipeline,6,2,osm-windmills repd-battery-pipeline
census-carers-50h,Carers giving 50+ hours a week,Health & care,unified_census,75,we,East/West,Find the line that puts 50% of people giving 50 or more hours of unpaid care a week east of it,(diagonal),Fife,19,West,osm-morrisons,0,37,census-cars-3plus census-commute-car census-commute-taxi census-health-verybad census-heat-bottled census-heat-renewable census-heat-solid census-home-caravan census-home-detached census-home-semi census-home-terraced census-job-operatives census-job-trades census-qual-apprentice census-qual-none census-sick census-tenure-outright ge24-libdem ge24-nonvoters hmrc-pension hmrc-taxpayers osm-aldi osm-breweries osm-chippies osm-distilleries osm-golf osm-greggs osm-iceland osm-lidl osm-mcdonalds osm-morrisons osm-pubs osm-stations osm-wetherspoon pop-all repd-battery-pipeline repd-solar
census-cars-3plus,Households with 3+ cars,Owning & renting,unified_census,75,we,East/West,Find the line that puts 50% of households with three or more cars or vans east of it,(diagonal),Fife,15,West,repd-battery-pipeline,1,44,census-carers-50h census-commute-car census-commute-foot census-commute-taxi census-health-verybad census-heat-bottled census-heat-gas census-heat-renewable census-home-caravan census-home-detached census-home-semi census-home-terraced census-job-operatives census-job-trades census-population census-qual-apprentice census-qual-degree census-qual-none census-sick census-tenure-outright census-tenure-social ge24-labour ge24-libdem ge24-nonvoters ge24-reform hmrc-employed hmrc-pension hmrc-taxpayers osm-aldi osm-breweries osm-chippies osm-distilleries osm-golf osm-greggs osm-iceland osm-lidl osm-mcdonalds osm-morrisons osm-pubs osm-stations osm-wetherspoon pop-all repd-battery repd-battery-pipeline
census-cars-none,Households with no car,Owning & renting,unified_census,75,we,East/West,Find the line that puts 50% of households with no car or van east of it,(diagonal),Sheffield,10,East,ge24-green,0,42,census-commute-bike census-commute-foot census-commute-motorbike census-commute-taxi census-heat-electric census-heat-gas census-home-commercial census-home-flat census-home-semi census-hours-49plus census-job-managers census-job-operatives census-job-trades census-population census-qual-degree census-qual-none census-tenure-private census-tenure-social census-work-from-home ge24-con ge24-green ge24-labour ge24-nonvoters ge24-reform hmrc-employed hmrc-higher-rate hmrc-self-employed hmrc-tax-amount hmrc-taxpayers osm-breweries osm-chippies osm-costa osm-mands osm-mcdonalds osm-nandos osm-sainsburys osm-starbucks osm-tesco osm-waitrose osm-wetherspoon pop-all repd-battery
census-commute-bike,Commuters by bicycle,Getting to work,unified_census,75,we,East/West,Find the line that puts 50% of people who cycle to work east of it,(diagonal),Leeds,16,East,census-commute-motorbike,0,33,census-cars-none census-commute-foot census-commute-motorbike census-heat-electric census-heat-gas census-home-commercial census-home-converted census-home-flat census-hours-49plus census-job-managers census-population census-qual-degree census-tenure-private census-tenure-social census-work-from-home ge24-con ge24-green ge24-labour ge24-reform hmrc-additional-rate hmrc-employed hmrc-higher-rate hmrc-self-employed hmrc-tax-amount hmrc-taxpayers osm-costa osm-mands osm-nandos osm-sainsburys osm-starbucks osm-tesco osm-waitrose repd-battery
census-commute-car,Commuters by car or van,Getting to work,unified_census,75,we,East/West,Find the line that puts 50% of people who drive to work east of it,(diagonal),Fife,17,West,osm-greggs,0,43,census-carers-50h census-cars-3plus census-commute-foot census-commute-taxi census-health-verybad census-heat-bottled census-heat-gas census-heat-renewable census-heat-solid census-home-caravan census-home-detached census-home-semi census-home-terraced census-job-operatives census-job-trades census-population census-qual-apprentice census-qual-degree census-qual-none census-sick census-tenure-outright ge24-labour ge24-libdem ge24-nonvoters ge24-reform hmrc-pension hmrc-taxpayers osm-aldi osm-breweries osm-chippies osm-distilleries osm-golf osm-greggs osm-iceland osm-lidl osm-mcdonalds osm-morrisons osm-pubs osm-stations osm-wetherspoon pop-all repd-battery repd-battery-pipeline
census-commute-foot,Commuters on foot,Getting to work,unified_census,75,we,East/West,Find the line that puts 50% of people who walk to work east of it,(diagonal),Bradford,1,West,hmrc-taxpayers,0,53,census-cars-3plus census-cars-none census-commute-bike census-commute-car census-commute-motorbike census-commute-taxi census-heat-electric census-heat-gas census-home-caravan census-home-commercial census-home-detached census-home-flat census-home-semi census-home-terraced census-hours-49plus census-job-managers census-job-operatives census-job-trades census-population census-qual-apprentice census-qual-degree census-qual-none census-tenure-outright census-tenure-private census-tenure-social census-work-from-home ge24-con ge24-green ge24-labour ge24-libdem ge24-nonvoters ge24-reform hmrc-employed hmrc-higher-rate hmrc-pension hmrc-self-employed hmrc-taxpayers osm-aldi osm-breweries osm-chippies osm-costa osm-greggs osm-iceland osm-mands osm-mcdonalds osm-pubs osm-starbucks osm-tesco osm-waitrose osm-wetherspoon pop-all repd-battery repd-battery-pipeline
census-commute-metro,"Commuters by underground, metro or tram",Getting to work,unified_census,75,we,East/West,"Find the line that puts 50% of people who commute by underground, metro or tram east of it",(diagonal),Haringey,45,East,osm-pret,2,6,census-commute-train census-home-converted hmrc-additional-rate osm-pret osm-windmills repd-solar-pipeline
census-commute-motorbike,Commuters by motorbike or moped,Getting to work,unified_census,75,we,East/West,Find the line that puts 50% of people who ride a motorbike or moped to work east of it,(diagonal),Leeds,16,East,census-commute-bike,0,33,census-cars-none census-commute-bike census-commute-foot census-heat-electric census-heat-gas census-home-commercial census-home-converted census-home-flat census-hours-49plus census-job-managers census-population census-qual-degree census-tenure-private census-tenure-social census-work-from-home ge24-con ge24-green ge24-labour ge24-reform hmrc-additional-rate hmrc-employed hmrc-higher-rate hmrc-self-employed hmrc-tax-amount hmrc-taxpayers osm-costa osm-mands osm-nandos osm-sainsburys osm-starbucks osm-tesco osm-waitrose repd-battery
census-commute-taxi,Commuters by taxi,Getting to work,unified_census,75,we,East/West,Find the line that puts 50% of people who get to work by taxi east of it,(diagonal),Bradford,8,West,osm-chippies,0,55,census-carers-50h census-cars-3plus census-cars-none census-commute-car census-commute-foot census-health-verybad census-heat-electric census-heat-gas census-heat-renewable census-home-caravan census-home-commercial census-home-detached census-home-semi census-home-terraced census-hours-49plus census-job-managers census-job-operatives census-job-trades census-population census-qual-apprentice census-qual-degree census-qual-none census-sick census-tenure-outright census-tenure-private census-tenure-social census-work-from-home ge24-con ge24-green ge24-labour ge24-libdem ge24-nonvoters ge24-reform hmrc-employed hmrc-higher-rate hmrc-pension hmrc-self-employed hmrc-taxpayers osm-aldi osm-breweries osm-chippies osm-costa osm-distilleries osm-greggs osm-iceland osm-lidl osm-mcdonalds osm-morrisons osm-pubs osm-starbucks osm-tesco osm-wetherspoon pop-all repd-battery repd-battery-pipeline
census-commute-train,Commuters by train,Getting to work,unified_census,75,we,East/West,Find the line that puts 50% of people who commute by train east of it,(diagonal),Brent,37,East,census-home-converted,4,8,census-commute-metro census-home-converted hmrc-additional-rate hmrc-tax-amount osm-pret osm-sainsburys osm-windmills repd-solar-pipeline
census-health-verybad,Very bad health,Health & care,unified_census,75,we,East/West,Find the line that puts 50% of people in very bad health east of it,(diagonal),Fife,21,West,osm-distilleries,0,35,census-carers-50h census-cars-3plus census-commute-car census-commute-taxi census-heat-bottled census-heat-renewable census-heat-solid census-home-caravan census-home-detached census-home-semi census-home-terraced census-job-operatives census-job-trades census-qual-apprentice census-qual-none census-sick census-tenure-outright ge24-libdem ge24-nonvoters hmrc-pension osm-aldi osm-breweries osm-chippies osm-distilleries osm-golf osm-greggs osm-iceland osm-lidl osm-mcdonalds osm-morrisons osm-pubs osm-stations osm-wetherspoon repd-battery-pipeline repd-solar
census-heat-bottled,Homes heated only by tank or bottled gas,Heating,unified_census,75,we,East/West,Find the line that puts 50% of homes heated only by tank or bottled gas east of it,(diagonal),Stratford-on-Avon,32,West,census-heat-solid,2,18,census-carers-50h census-cars-3plus census-commute-car census-health-verybad census-heat-renewable census-heat-solid census-home-detached census-qual-apprentice census-sick census-tenure-outright osm-aldi osm-distilleries osm-golf osm-greggs osm-lidl osm-morrisons osm-stations repd-solar
census-heat-electric,Homes heated only by electricity,Heating,unified_census,75,we,East/West,Find the line that puts 50% of homes heated only by electricity east of it,(diagonal),Buckinghamshire,8,East,hmrc-higher-rate,0,46,census-cars-none census-commute-bike census-commute-foot census-commute-motorbike census-commute-taxi census-heat-gas census-home-caravan census-home-commercial census-home-flat census-home-semi census-home-terraced census-hours-49plus census-job-managers census-job-operatives census-job-trades census-population census-qual-degree census-qual-none census-tenure-private census-tenure-social census-work-from-home ge24-con ge24-green ge24-labour ge24-nonvoters ge24-reform hmrc-employed hmrc-higher-rate hmrc-pension hmrc-self-employed hmrc-tax-amount hmrc-taxpayers osm-breweries osm-chippies osm-costa osm-mands osm-mcdonalds osm-nandos osm-pubs osm-sainsburys osm-starbucks osm-tesco osm-waitrose osm-wetherspoon pop-all repd-battery
census-heat-gas,Homes heated only by mains gas,Heating,unified_census,75,we,East/West,Find the line that puts 50% of homes heated only by mains gas east of it,(diagonal),Bradford,0,West,ge24-reform,0,53,census-cars-3plus census-cars-none census-commute-bike census-commute-car census-commute-foot census-commute-motorbike census-commute-taxi census-heat-electric census-home-caravan census-home-commercial census-home-detached census-home-flat census-home-semi census-home-terraced census-hours-49plus census-job-managers census-job-operatives census-job-trades census-population census-qual-apprentice census-qual-degree census-qual-none census-tenure-outright census-tenure-private census-tenure-social census-work-from-home ge24-con ge24-green ge24-labour ge24-libdem ge24-nonvoters ge24-reform hmrc-employed hmrc-higher-rate hmrc-pension hmrc-self-employed hmrc-taxpayers osm-breweries osm-chippies osm-costa osm-greggs osm-iceland osm-mands osm-mcdonalds osm-nandos osm-pubs osm-starbucks osm-tesco osm-waitrose osm-wetherspoon pop-all repd-battery repd-battery-pipeline
census-heat-oil,Homes heated only by oil,Heating,unified_census,75,we,East/West,Find the line that puts 50% of homes heated only by oil east of it,(diagonal),Wiltshire,83,West,osm-standing-stones,7,4,osm-lighthouses osm-standing-stones repd-hydro repd-wind-onshore
census-heat-renewable,Homes heated only by renewables,Heating,unified_census,75,we,East/West,Find the line that puts 50% of homes heated only by renewable energy east of it,(diagonal),Chichester,20,West,osm-morrisons,1,36,census-carers-50h census-cars-3plus census-commute-car census-commute-taxi census-health-verybad census-heat-bottled census-heat-solid census-home-caravan census-home-detached census-home-semi census-home-terraced census-job-operatives census-job-trades census-qual-apprentice census-qual-none census-sick census-tenure-outright ge24-libdem ge24-nonvoters hmrc-pension osm-aldi osm-breweries osm-chippies osm-distilleries osm-golf osm-greggs osm-iceland osm-lidl osm-mcdonalds osm-morrisons osm-pubs osm-stations osm-wetherspoon pop-all repd-battery-pipeline repd-solar
census-heat-solid,Homes heated only by solid fuel,Heating,unified_census,75,we,East/West,"Find the line that puts 50% of homes heated only by solid fuel (coal, peat) east of it",(diagonal),Westmorland and Furness,33,West,census-heat-bottled,2,17,census-carers-50h census-commute-car census-health-verybad census-heat-bottled census-heat-renewable census-home-detached census-qual-apprentice census-sick census-tenure-outright osm-aldi osm-distilleries osm-golf osm-greggs osm-lidl osm-morrisons osm-stations repd-solar
census-heat-wood,Homes heated only by wood,Heating,unified_census,75,we,East/West,Find the line that puts 50% of homes heated only by wood east of it,(diagonal),Highland,56,West,osm-castles,5,3,osm-castles osm-lighthouses repd-wind-onshore
census-home-caravan,Households in a caravan or mobile home,Homes,unified_census,75,we,East/West,Find the line that puts 50% of households living in a caravan or mobile home east of it,(diagonal),Arun,10,West,hmrc-pension,0,46,census-carers-50h census-cars-3plus census-commute-car census-commute-foot census-commute-taxi census-health-verybad census-heat-gas census-heat-renewable census-home-detached census-home-semi census-home-terraced census-job-operatives census-job-trades census-population census-qual-apprentice census-qual-degree census-qual-none census-sick census-tenure-outright census-tenure-social ge24-con ge24-labour ge24-libdem ge24-nonvoters ge24-reform hmrc-employed hmrc-pension hmrc-self-employed hmrc-taxpayers osm-aldi osm-breweries osm-chippies osm-costa osm-distilleries osm-golf osm-greggs osm-iceland osm-lidl osm-mcdonalds osm-morrisons osm-pubs osm-tesco osm-wetherspoon pop-all repd-battery repd-battery-pipeline
census-home-commercial,Households in a commercial building,Homes,unified_census,75,we,East/West,"Find the line that puts 50% of households living above a shop, in an office building or hotel east of it",(diagonal),Sheffield,10,East,census-cars-none,0,41,census-cars-none census-commute-bike census-commute-foot census-commute-motorbike census-commute-taxi census-heat-electric census-heat-gas census-home-flat census-home-semi census-hours-49plus census-job-managers census-job-operatives census-population census-qual-degree census-qual-none census-tenure-private census-tenure-social census-work-from-home ge24-con ge24-green ge24-labour ge24-nonvoters ge24-reform hmrc-employed hmrc-higher-rate hmrc-self-employed hmrc-tax-amount hmrc-taxpayers osm-breweries osm-chippies osm-costa osm-mands osm-mcdonalds osm-nandos osm-sainsburys osm-starbucks osm-tesco osm-waitrose osm-wetherspoon pop-all repd-battery
census-home-converted,Households in converted or shared houses,Homes,unified_census,75,we,East/West,"Find the line that puts 50% of households in converted or shared houses, including bedsits east of it",(diagonal),Ealing,32,East,hmrc-additional-rate,1,11,census-commute-bike census-commute-metro census-commute-motorbike census-commute-train census-home-flat hmrc-additional-rate hmrc-tax-amount osm-nandos osm-pret osm-sainsburys repd-solar-pipeline
census-home-detached,Households in detached houses,Homes,unified_census,75,we,East/West,Find the line that puts 50% of households in a detached house east of it,(diagonal),Fife,17,West,osm-greggs,1,41,census-carers-50h census-cars-3plus census-commute-car census-commute-foot census-commute-taxi census-health-verybad census-heat-bottled census-heat-gas census-heat-renewable census-heat-solid census-home-caravan census-home-semi census-home-terraced census-job-operatives census-job-trades census-population census-qual-apprentice census-qual-none census-sick census-tenure-outright ge24-libdem ge24-nonvoters ge24-reform hmrc-pension hmrc-taxpayers osm-aldi osm-breweries osm-chippies osm-distilleries osm-golf osm-greggs osm-iceland osm-lidl osm-mcdonalds osm-morrisons osm-pubs osm-stations osm-wetherspoon pop-all repd-battery repd-battery-pipeline
census-home-flat,Households in purpose-built flats,Homes,unified_census,75,we,East/West,Find the line that puts 50% of households in a purpose-built block of flats east of it,(diagonal),Leeds,15,East,census-commute-bike,1,34,census-cars-none census-commute-bike census-commute-foot census-commute-motorbike census-heat-electric census-heat-gas census-home-commercial census-home-converted census-hours-49plus census-job-managers census-population census-qual-degree census-tenure-private census-tenure-social census-work-from-home ge24-con ge24-green ge24-labour ge24-reform hmrc-additional-rate hmrc-employed hmrc-higher-rate hmrc-self-employed hmrc-tax-amount hmrc-taxpayers osm-costa osm-mands osm-nandos osm-sainsburys osm-starbucks osm-tesco osm-waitrose pop-all repd-battery
census-home-semi,Households in semi-detached houses,Homes,unified_census,75,we,East/West,Find the line that puts 50% of households in a semi-detached house east of it,(diagonal),Bradford,7,West,osm-breweries,0,56,census-carers-50h census-cars-3plus census-cars-none census-commute-car census-commute-foot census-commute-taxi census-health-verybad census-heat-electric census-heat-gas census-heat-renewable census-home-caravan census-home-commercial census-home-detached census-home-terraced census-hours-49plus census-job-managers census-job-operatives census-job-trades census-population census-qual-apprentice census-qual-degree census-qual-none census-sick census-tenure-outright census-tenure-private census-tenure-social census-work-from-home ge24-con ge24-green ge24-labour ge24-libdem ge24-nonvoters ge24-reform hmrc-employed hmrc-higher-rate hmrc-pension hmrc-self-employed hmrc-taxpayers osm-aldi osm-breweries osm-chippies osm-costa osm-distilleries osm-greggs osm-iceland osm-lidl osm-mands osm-mcdonalds osm-morrisons osm-pubs osm-starbucks osm-tesco osm-wetherspoon pop-all repd-battery repd-battery-pipeline
census-home-terraced,Households in terraced houses,Homes,unified_census,75,we,East/West,Find the line that puts 50% of households in a terraced house east of it,(diagonal),Kirklees,9,West,osm-pubs,1,50,census-carers-50h census-cars-3plus census-commute-car census-commute-foot census-commute-taxi census-health-verybad census-heat-electric census-heat-gas census-heat-renewable census-home-caravan census-home-detached census-home-semi census-job-operatives census-job-trades census-population census-qual-apprentice census-qual-degree census-qual-none census-sick census-tenure-outright census-tenure-social census-work-from-home ge24-con ge24-labour ge24-libdem ge24-nonvoters ge24-reform hmrc-employed hmrc-higher-rate hmrc-pension hmrc-self-employed hmrc-taxpayers osm-aldi osm-breweries osm-chippies osm-costa osm-distilleries osm-golf osm-greggs osm-iceland osm-lidl osm-mcdonalds osm-morrisons osm-pubs osm-starbucks osm-tesco osm-wetherspoon pop-all repd-battery repd-battery-pipeline
census-hours-49plus,People working 49+ hours a week,Work & qualifications,unified_census,75,we,East/West,Find the line that puts 50% of people working 49 or more hours a week east of it,(diagonal),Buckinghamshire,9,East,census-job-managers,0,42,census-cars-none census-commute-bike census-commute-foot census-commute-motorbike census-commute-taxi census-heat-electric census-heat-gas census-home-commercial census-home-flat census-home-semi census-job-managers census-job-operatives census-job-trades census-population census-qual-degree census-qual-none census-tenure-private census-tenure-social census-work-from-home ge24-con ge24-green ge24-labour ge24-nonvoters ge24-reform hmrc-employed hmrc-higher-rate hmrc-self-employed hmrc-tax-amount hmrc-taxpayers osm-breweries osm-chippies osm-costa osm-mands osm-mcdonalds osm-nandos osm-sainsburys osm-starbucks osm-tesco osm-waitrose osm-wetherspoon pop-all repd-battery
census-job-managers,"Managers, directors and senior officials",Work & qualifications,unified_census,75,we,East/West,"Find the line that puts 50% of managers, directors and senior officials east of it",(diagonal),Buckinghamshire,9,East,census-hours-49plus,0,42,census-cars-none census-commute-bike census-commute-foot census-commute-motorbike census-commute-taxi census-heat-electric census-heat-gas census-home-commercial census-home-flat census-home-semi census-hours-49plus census-job-operatives census-job-trades census-population census-qual-degree census-qual-none census-tenure-private census-tenure-social census-work-from-home ge24-con ge24-green ge24-labour ge24-nonvoters ge24-reform hmrc-employed hmrc-higher-rate hmrc-self-employed hmrc-tax-amount hmrc-taxpayers osm-breweries osm-chippies osm-costa osm-mands osm-mcdonalds osm-nandos osm-sainsburys osm-starbucks osm-tesco osm-waitrose osm-wetherspoon pop-all repd-battery
census-job-operatives,"Process, plant and machine operatives",Work & qualifications,unified_census,75,we,East/West,"Find the line that puts 50% of process, plant and machine operatives east of it",(diagonal),Bradford,5,West,census-qual-none,1,56,census-carers-50h census-cars-3plus census-cars-none census-commute-car census-commute-foot census-commute-taxi census-health-verybad census-heat-electric census-heat-gas census-heat-renewable census-home-caravan census-home-commercial census-home-detached census-home-semi census-home-terraced census-hours-49plus census-job-managers census-job-trades census-population census-qual-apprentice census-qual-degree census-qual-none census-sick census-tenure-outright census-tenure-private census-tenure-social census-work-from-home ge24-con ge24-green ge24-labour ge24-libdem ge24-nonvoters ge24-reform hmrc-employed hmrc-higher-rate hmrc-pension hmrc-self-employed hmrc-taxpayers osm-aldi osm-breweries osm-chippies osm-costa osm-distilleries osm-greggs osm-iceland osm-mands osm-mcdonalds osm-morrisons osm-pubs osm-starbucks osm-tesco osm-waitrose osm-wetherspoon pop-all repd-battery repd-battery-pipeline
census-job-trades,Skilled trades,Work & qualifications,unified_census,75,we,East/West,Find the line that puts 50% of people working in skilled trades east of it,(diagonal),Bradford,8,West,census-commute-taxi,0,55,census-carers-50h census-cars-3plus census-cars-none census-commute-car census-commute-foot census-commute-taxi census-health-verybad census-heat-electric census-heat-gas census-heat-renewable census-home-caravan census-home-commercial census-home-detached census-home-semi census-home-terraced census-hours-49plus census-job-managers census-job-operatives census-population census-qual-apprentice census-qual-degree census-qual-none census-sick census-tenure-outright census-tenure-private census-tenure-social census-work-from-home ge24-con ge24-green ge24-labour ge24-libdem ge24-nonvoters ge24-reform hmrc-employed hmrc-higher-rate hmrc-pension hmrc-self-employed hmrc-taxpayers osm-aldi osm-breweries osm-chippies osm-costa osm-distilleries osm-greggs osm-iceland osm-lidl osm-mcdonalds osm-morrisons osm-pubs osm-starbucks osm-tesco osm-wetherspoon pop-all repd-battery repd-battery-pipeline
census-population,Usual residents (census),Population,unified_census,75,we,East/West,Find the line that puts 50% of the UK's residents east of it,(diagonal),Bradford,0,,ge24-reform,0,53,census-cars-3plus census-cars-none census-commute-bike census-commute-car census-commute-foot census-commute-motorbike census-commute-taxi census-heat-electric census-heat-gas census-home-caravan census-home-commercial census-home-detached census-home-flat census-home-semi census-home-terraced census-hours-49plus census-job-managers census-job-operatives census-job-trades census-qual-apprentice census-qual-degree census-qual-none census-tenure-outright census-tenure-private census-tenure-social census-work-from-home ge24-con ge24-green ge24-labour ge24-libdem ge24-nonvoters ge24-reform hmrc-employed hmrc-higher-rate hmrc-pension hmrc-self-employed hmrc-taxpayers osm-breweries osm-chippies osm-costa osm-greggs osm-iceland osm-mands osm-mcdonalds osm-nandos osm-pubs osm-starbucks osm-tesco osm-waitrose osm-wetherspoon pop-all repd-battery repd-battery-pipeline
census-qual-apprentice,Apprenticeships,Work & qualifications,unified_census,75,we,East/West,Find the line that puts 50% of people whose highest qualification is an apprenticeship east of it,(diagonal),Fife,16,West,census-tenure-outright,0,45,census-carers-50h census-cars-3plus census-commute-car census-commute-foot census-commute-taxi census-health-verybad census-heat-bottled census-heat-gas census-heat-renewable census-heat-solid census-home-caravan census-home-detached census-home-semi census-home-terraced census-job-operatives census-job-trades census-population census-qual-degree census-qual-none census-sick census-tenure-outright census-tenure-social ge24-labour ge24-libdem ge24-nonvoters ge24-reform hmrc-employed hmrc-pension hmrc-taxpayers osm-aldi osm-breweries osm-chippies osm-distilleries osm-golf osm-greggs osm-iceland osm-lidl osm-mcdonalds osm-morrisons osm-pubs osm-stations osm-wetherspoon pop-all repd-battery repd-battery-pipeline
census-qual-degree,Degree-level qualifications,Work & qualifications,unified_census,75,we,East/West,Find the line that puts 50% of people with a degree-level qualification or above east of it,(diagonal),Bradford,1,East,ge24-labour,0,52,census-cars-3plus census-cars-none census-commute-bike census-commute-car census-commute-foot census-commute-motorbike census-commute-taxi census-heat-electric census-heat-gas census-home-caravan census-home-commercial census-home-flat census-home-semi census-home-terraced census-hours-49plus census-job-managers census-job-operatives census-job-trades census-population census-qual-apprentice census-qual-none census-tenure-outright census-tenure-private census-tenure-social census-work-from-home ge24-con ge24-green ge24-labour ge24-libdem ge24-nonvoters ge24-reform hmrc-employed hmrc-higher-rate hmrc-pension hmrc-self-employed hmrc-taxpayers osm-breweries osm-chippies osm-costa osm-greggs osm-iceland osm-mands osm-mcdonalds osm-nandos osm-pubs osm-starbucks osm-tesco osm-waitrose osm-wetherspoon pop-all repd-battery repd-battery-pipeline
census-qual-none,No qualifications,Work & qualifications,unified_census,75,we,East/West,Find the line that puts 50% of adults with no qualifications east of it,(diagonal),Bradford,4,West,census-job-operatives,1,56,census-carers-50h census-cars-3plus census-cars-none census-commute-car census-commute-foot census-commute-taxi census-health-verybad census-heat-electric census-heat-gas census-heat-renewable census-home-caravan census-home-commercial census-home-detached census-home-semi census-home-terraced census-hours-49plus census-job-managers census-job-operatives census-job-trades census-population census-qual-apprentice census-qual-degree census-sick census-tenure-outright census-tenure-private census-tenure-social census-work-from-home ge24-con ge24-green ge24-labour ge24-libdem ge24-nonvoters ge24-reform hmrc-employed hmrc-higher-rate hmrc-pension hmrc-self-employed hmrc-taxpayers osm-aldi osm-breweries osm-chippies osm-costa osm-distilleries osm-greggs osm-iceland osm-mands osm-mcdonalds osm-morrisons osm-pubs osm-starbucks osm-tesco osm-waitrose osm-wetherspoon pop-all repd-battery repd-battery-pipeline
census-sick,Long-term sick or disabled,Health & care,unified_census,75,we,East/West,Find the line that puts 50% of people out of work because they are long-term sick or disabled east of it,(diagonal),Fife,22,West,census-health-verybad,1,34,census-carers-50h census-cars-3plus census-commute-car census-commute-taxi census-health-verybad census-heat-bottled census-heat-renewable census-heat-solid census-home-caravan census-home-detached census-home-semi census-home-terraced census-job-operatives census-job-trades census-qual-apprentice census-qual-none census-tenure-outright ge24-libdem ge24-nonvoters hmrc-pension osm-aldi osm-breweries osm-chippies osm-distilleries osm-golf osm-greggs osm-iceland osm-lidl osm-morrisons osm-pubs osm-stations osm-wetherspoon repd-battery-pipeline repd-solar
census-tenure-outright,Households that own outright,Owning & renting,unified_census,75,we,East/West,Find the line that puts 50% of households that own their home outright east of it,(diagonal),Fife,16,West,census-commute-car,0,44,census-carers-50h census-cars-3plus census-commute-car census-commute-foot census-commute-taxi census-health-verybad census-heat-bottled census-heat-gas census-heat-renewable census-heat-solid census-home-caravan census-home-detached census-home-semi census-home-terraced census-job-operatives census-job-trades census-population census-qual-apprentice census-qual-degree census-qual-none census-sick ge24-labour ge24-libdem ge24-nonvoters ge24-reform hmrc-employed hmrc-pension hmrc-taxpayers osm-aldi osm-breweries osm-chippies osm-distilleries osm-golf osm-greggs osm-iceland osm-lidl osm-mcdonalds osm-morrisons osm-pubs osm-stations osm-wetherspoon pop-all repd-battery repd-battery-pipeline
census-tenure-private,Households renting privately,Owning & renting,unified_census,75,we,East/West,Find the line that puts 50% of households renting privately east of it,(diagonal),Sheffield,9,East,census-job-managers,0,42,census-cars-none census-commute-bike census-commute-foot census-commute-motorbike census-commute-taxi census-heat-electric census-heat-gas census-home-commercial census-home-flat census-home-semi census-hours-49plus census-job-managers census-job-operatives census-job-trades census-population census-qual-degree census-qual-none census-tenure-social census-work-from-home ge24-con ge24-green ge24-labour ge24-nonvoters ge24-reform hmrc-employed hmrc-higher-rate hmrc-self-employed hmrc-tax-amount hmrc-taxpayers osm-breweries osm-chippies osm-costa osm-mands osm-mcdonalds osm-nandos osm-sainsburys osm-starbucks osm-tesco osm-waitrose osm-wetherspoon pop-all repd-battery
census-tenure-social,Households renting socially,Owning & renting,unified_census,75,we,East/West,Find the line that puts 50% of households in social housing east of it,(diagonal),Bradford,2,East,hmrc-employed,0,50,census-cars-3plus census-cars-none census-commute-bike census-commute-foot census-commute-motorbike census-commute-taxi census-heat-electric census-heat-gas census-home-caravan census-home-commercial census-home-flat census-home-semi census-home-terraced census-hours-49plus census-job-managers census-job-operatives census-job-trades census-population census-qual-apprentice census-qual-degree census-qual-none census-tenure-outright census-tenure-private census-work-from-home ge24-con ge24-green ge24-labour ge24-libdem ge24-nonvoters ge24-reform hmrc-employed hmrc-higher-rate hmrc-pension hmrc-self-employed hmrc-taxpayers osm-breweries osm-chippies osm-costa osm-iceland osm-mands osm-mcdonalds osm-nandos osm-pubs osm-starbucks osm-tesco osm-waitrose osm-wetherspoon pop-all repd-battery repd-battery-pipeline
census-work-from-home,People working mainly from home,Getting to work,unified_census,75,we,East/West,Find the line that puts 50% of people who work mainly from home east of it,(diagonal),Buckinghamshire,9,East,census-tenure-private,0,42,census-cars-none census-commute-bike census-commute-foot census-commute-motorbike census-commute-taxi census-heat-electric census-heat-gas census-home-commercial census-home-flat census-home-semi census-hours-49plus census-job-managers census-job-operatives census-job-trades census-population census-qual-degree census-qual-none census-tenure-private census-tenure-social ge24-con ge24-green ge24-labour ge24-nonvoters ge24-reform hmrc-employed hmrc-higher-rate hmrc-self-employed hmrc-tax-amount hmrc-taxpayers osm-breweries osm-chippies osm-costa osm-mands osm-mcdonalds osm-nandos osm-sainsburys osm-starbucks osm-tesco osm-waitrose osm-wetherspoon pop-all repd-battery
ge24-con,"Conservative votes, 2024",Election night,ge2024,75,we,East/West,Find the line that puts 50% of votes cast for the Conservatives in 2024 east of it,(diagonal),Godalming and Ash,4,East,osm-costa,2,47,census-cars-none census-commute-bike census-commute-foot census-commute-motorbike census-commute-taxi census-heat-electric census-heat-gas census-home-caravan census-home-commercial census-home-flat census-home-semi census-home-terraced census-hours-49plus census-job-managers census-job-operatives census-job-trades census-population census-qual-degree census-qual-none census-tenure-private census-tenure-social census-work-from-home ge24-green ge24-labour ge24-libdem ge24-nonvoters ge24-reform hmrc-employed hmrc-higher-rate hmrc-pension hmrc-self-employed hmrc-tax-amount hmrc-taxpayers osm-breweries osm-chippies osm-costa osm-iceland osm-mands osm-mcdonalds osm-nandos osm-pubs osm-starbucks osm-tesco osm-waitrose osm-wetherspoon pop-all repd-battery
ge24-green,"Green votes, 2024",Election night,ge2024,75,we,East/West,Find the line that puts 50% of votes cast for the Greens in 2024 east of it,(diagonal),Sheffield Central,10,East,census-cars-none,0,42,census-cars-none census-commute-bike census-commute-foot census-commute-motorbike census-commute-taxi census-heat-electric census-heat-gas census-home-commercial census-home-flat census-home-semi census-hours-49plus census-job-managers census-job-operatives census-job-trades census-population census-qual-degree census-qual-none census-tenure-private census-tenure-social census-work-from-home ge24-con ge24-labour ge24-nonvoters ge24-reform hmrc-employed hmrc-higher-rate hmrc-self-employed hmrc-tax-amount hmrc-taxpayers osm-breweries osm-chippies osm-costa osm-mands osm-mcdonalds osm-nandos osm-sainsburys osm-starbucks osm-tesco osm-waitrose osm-wetherspoon pop-all repd-battery
ge24-labour,"Labour votes, 2024",Election night,ge2024,75,we,East/West,Find the line that puts 50% of votes cast for Labour in 2024 east of it,(diagonal),Sheffield Hallam,1,East,hmrc-employed,0,51,census-cars-3plus census-cars-none census-commute-bike census-commute-car census-commute-foot census-commute-motorbike census-commute-taxi census-heat-electric census-heat-gas census-home-caravan census-home-commercial census-home-flat census-home-semi census-home-terraced census-hours-49plus census-job-managers census-job-operatives census-job-trades census-population census-qual-apprentice census-qual-degree census-qual-none census-tenure-outright census-tenure-private census-tenure-social census-work-from-home ge24-con ge24-green ge24-libdem ge24-nonvoters ge24-reform hmrc-employed hmrc-higher-rate hmrc-pension hmrc-self-employed hmrc-taxpayers osm-breweries osm-chippies osm-costa osm-iceland osm-mands osm-mcdonalds osm-nandos osm-pubs osm-starbucks osm-tesco osm-waitrose osm-wetherspoon pop-all repd-battery repd-battery-pipeline
ge24-libdem,"Liberal Democrat votes, 2024",Election night,ge2024,75,we,East/West,Find the line that puts 50% of votes cast for the Liberal Democrats in 2024 east of it,(diagonal),Wokingham,11,West,census-home-caravan,1,45,census-carers-50h census-cars-3plus census-commute-car census-commute-foot census-commute-taxi census-health-verybad census-heat-gas census-heat-renewable census-home-caravan census-home-detached census-home-semi census-home-terraced census-job-operatives census-job-trades census-population census-qual-apprentice census-qual-degree census-qual-none census-sick census-tenure-outright census-tenure-social ge24-con ge24-labour ge24-nonvoters ge24-reform hmrc-employed hmrc-pension hmrc-taxpayers osm-aldi osm-breweries osm-chippies osm-costa osm-distilleries osm-golf osm-greggs osm-iceland osm-lidl osm-mcdonalds osm-morrisons osm-pubs osm-tesco osm-wetherspoon pop-all repd-battery repd-battery-pipeline
ge24-nonvoters,"Registered voters who did not vote, 2024",Election night,ge2024,75,we,East/West,Find the line that puts 50% of registered voters who stayed at home in 2024 east of it,(diagonal),Huddersfield,6,West,census-home-semi,1,57,census-carers-50h census-cars-3plus census-cars-none census-commute-car census-commute-foot census-commute-taxi census-health-verybad census-heat-electric census-heat-gas census-heat-renewable census-home-caravan census-home-commercial census-home-detached census-home-semi census-home-terraced census-hours-49plus census-job-managers census-job-operatives census-job-trades census-population census-qual-apprentice census-qual-degree census-qual-none census-sick census-tenure-outright census-tenure-private census-tenure-social census-work-from-home ge24-con ge24-green ge24-labour ge24-libdem ge24-reform hmrc-employed hmrc-higher-rate hmrc-pension hmrc-self-employed hmrc-taxpayers osm-aldi osm-breweries osm-chippies osm-costa osm-distilleries osm-greggs osm-iceland osm-lidl osm-mands osm-mcdonalds osm-morrisons osm-pubs osm-starbucks osm-tesco osm-waitrose osm-wetherspoon pop-all repd-battery repd-battery-pipeline
ge24-reform,"Reform UK votes, 2024",Election night,ge2024,75,we,East/West,Find the line that puts 50% of votes cast for Reform UK in 2024 east of it,(diagonal),Amber Valley,0,West,census-population,0,53,census-cars-3plus census-cars-none census-commute-bike census-commute-car census-commute-foot census-commute-motorbike census-commute-taxi census-heat-electric census-heat-gas census-home-caravan census-home-commercial census-home-detached census-home-flat census-home-semi census-home-terraced census-hours-49plus census-job-managers census-job-operatives census-job-trades census-population census-qual-apprentice census-qual-degree census-qual-none census-tenure-outright census-tenure-private census-tenure-social census-work-from-home ge24-con ge24-green ge24-labour ge24-libdem ge24-nonvoters hmrc-employed hmrc-higher-rate hmrc-pension hmrc-self-employed hmrc-taxpayers osm-breweries osm-chippies osm-costa osm-greggs osm-iceland osm-mands osm-mcdonalds osm-nandos osm-pubs osm-starbucks osm-tesco osm-waitrose osm-wetherspoon pop-all repd-battery repd-battery-pipeline
hmrc-additional-rate,Additional-rate (top-rate) taxpayers,Income & tax,hmrc,75,we,East/West,Find the line that puts 50% of top-rate taxpayers east of it,(diagonal),Richmond upon Thames,32,East,census-home-converted,1,11,census-commute-bike census-commute-metro census-commute-motorbike census-commute-train census-home-converted census-home-flat hmrc-tax-amount osm-nandos osm-pret osm-sainsburys repd-solar-pipeline
hmrc-employed,Taxpayers with a job,Income & tax,hmrc,75,we,East/West,Find the line that puts 50% of taxpayers with income from a job east of it,(diagonal),Buckinghamshire,2,East,census-tenure-social,0,49,census-cars-3plus census-cars-none census-commute-bike census-commute-foot census-commute-motorbike census-commute-taxi census-heat-electric census-heat-gas census-home-caravan census-home-commercial census-home-flat census-home-semi census-home-terraced census-hours-49plus census-job-managers census-job-operatives census-job-trades census-population census-qual-apprentice census-qual-degree census-qual-none census-tenure-private census-tenure-social census-work-from-home ge24-con ge24-green ge24-labour ge24-libdem ge24-nonvoters ge24-reform hmrc-higher-rate hmrc-pension hmrc-self-employed hmrc-taxpayers osm-breweries osm-chippies osm-costa osm-iceland osm-mands osm-mcdonalds osm-nandos osm-pubs osm-starbucks osm-tesco osm-waitrose osm-wetherspoon pop-all repd-battery repd-battery-pipeline
hmrc-higher-rate,Higher-rate taxpayers,Income & tax,hmrc,75,we,East/West,Find the line that puts 50% of higher-rate taxpayers east of it,(diagonal),Buckinghamshire,8,East,census-heat-electric,0,44,census-cars-none census-commute-bike census-commute-foot census-commute-motorbike census-commute-taxi census-heat-electric census-heat-gas census-home-commercial census-home-flat census-home-semi census-home-terraced census-hours-49plus census-job-managers census-job-operatives census-job-trades census-population census-qual-degree census-qual-none census-tenure-private census-tenure-social census-work-from-home ge24-con ge24-green ge24-labour ge24-nonvoters ge24-reform hmrc-employed hmrc-self-employed hmrc-tax-amount hmrc-taxpayers osm-breweries osm-chippies osm-costa osm-mands osm-mcdonalds osm-nandos osm-pubs osm-sainsburys osm-starbucks osm-tesco osm-waitrose osm-wetherspoon pop-all repd-battery
hmrc-pension,Taxpayers with pension income,Income & tax,hmrc,75,we,East/West,Find the line that puts 50% of taxpayers drawing a pension east of it,(diagonal),Fife,10,West,census-home-caravan,0,47,census-carers-50h census-cars-3plus census-commute-car census-commute-foot census-commute-taxi census-health-verybad census-heat-electric census-heat-gas census-heat-renewable census-home-caravan census-home-detached census-home-semi census-home-terraced census-job-operatives census-job-trades census-population census-qual-apprentice census-qual-degree census-qual-none census-sick census-tenure-outright census-tenure-social ge24-con ge24-labour ge24-libdem ge24-nonvoters ge24-reform hmrc-employed hmrc-self-employed hmrc-taxpayers osm-aldi osm-breweries osm-chippies osm-costa osm-distilleries osm-golf osm-greggs osm-iceland osm-lidl osm-mcdonalds osm-morrisons osm-pubs osm-tesco osm-wetherspoon pop-all repd-battery repd-battery-pipeline
hmrc-self-employed,Self-employed taxpayers,Income & tax,hmrc,75,we,East/West,Find the line that puts 50% of self-employed taxpayers east of it,(diagonal),Buckinghamshire,7,East,osm-tesco,0,47,census-cars-none census-commute-bike census-commute-foot census-commute-motorbike census-commute-taxi census-heat-electric census-heat-gas census-home-caravan census-home-commercial census-home-flat census-home-semi census-home-terraced census-hours-49plus census-job-managers census-job-operatives census-job-trades census-population census-qual-degree census-qual-none census-tenure-private census-tenure-social census-work-from-home ge24-con ge24-green ge24-labour ge24-libdem ge24-nonvoters ge24-reform hmrc-employed hmrc-higher-rate hmrc-pension hmrc-tax-amount hmrc-taxpayers osm-breweries osm-chippies osm-costa osm-mands osm-mcdonalds osm-nandos osm-pubs osm-sainsburys osm-starbucks osm-tesco osm-waitrose osm-wetherspoon pop-all repd-battery
hmrc-tax-amount,Income tax paid,Income & tax,hmrc,75,we,East/West,Find the line that puts 50% of all income tax paid east of it,(diagonal),North Yorkshire,22,East,osm-sainsburys,1,24,census-cars-none census-commute-bike census-commute-motorbike census-commute-train census-heat-electric census-home-commercial census-home-converted census-home-flat census-hours-49plus census-job-managers census-tenure-private census-work-from-home ge24-con ge24-green hmrc-additional-rate hmrc-higher-rate hmrc-self-employed osm-costa osm-mands osm-nandos osm-sainsburys osm-starbucks osm-tesco osm-waitrose
hmrc-taxpayers,Income taxpayers,Income & tax,hmrc,75,we,East/West,Find the line that puts 50% of income taxpayers east of it,(diagonal),Buckinghamshire,1,West,census-commute-foot,0,53,census-cars-3plus census-cars-none census-commute-bike census-commute-car census-commute-foot census-commute-motorbike census-commute-taxi census-heat-electric census-heat-gas census-home-caravan census-home-commercial census-home-detached census-home-flat census-home-semi census-home-terraced census-hours-49plus census-job-managers census-job-operatives census-job-trades census-population census-qual-apprentice census-qual-degree census-qual-none census-tenure-outright census-tenure-private census-tenure-social census-work-from-home ge24-con ge24-green ge24-labour ge24-libdem ge24-nonvoters ge24-reform hmrc-employed hmrc-higher-rate hmrc-pension hmrc-self-employed osm-aldi osm-breweries osm-chippies osm-costa osm-greggs osm-iceland osm-mands osm-mcdonalds osm-pubs osm-starbucks osm-tesco osm-waitrose osm-wetherspoon pop-all repd-battery repd-battery-pipeline
osm-aldi,Aldi shops,Supermarket sweep,osm,75,we,East/West,Find the line that puts 50% of Aldi shops east of it,(diagonal),Fife,18,West,census-home-detached,1,38,census-carers-50h census-cars-3plus census-commute-car census-commute-foot census-commute-taxi census-health-verybad census-heat-bottled census-heat-renewable census-heat-solid census-home-caravan census-home-detached census-home-semi census-home-terraced census-job-operatives census-job-trades census-qual-apprentice census-qual-none census-sick census-tenure-outright ge24-libdem ge24-nonvoters hmrc-pension hmrc-taxpayers osm-breweries osm-chippies osm-distilleries osm-golf osm-greggs osm-iceland osm-lidl osm-mcdonalds osm-morrisons osm-pubs osm-stations osm-wetherspoon pop-all repd-battery-pipeline repd-solar
osm-breweries,Breweries,Out and about,osm,75,we,East/West,Find the line that puts 50% of breweries east of it,(diagonal),Bradford,7,West,osm-chippies,0,55,census-carers-50h census-cars-3plus census-cars-none census-commute-car census-commute-foot census-commute-taxi census-health-verybad census-heat-electric census-heat-gas census-heat-renewable census-home-caravan census-home-commercial census-home-detached census-home-semi census-home-terraced census-hours-49plus census-job-managers census-job-operatives census-job-trades census-population census-qual-apprentice census-qual-degree census-qual-none census-sick census-tenure-outright census-tenure-private census-tenure-social census-work-from-home ge24-con ge24-green ge24-labour ge24-libdem ge24-nonvoters ge24-reform hmrc-employed hmrc-higher-rate hmrc-pension hmrc-self-employed hmrc-taxpayers osm-aldi osm-chippies osm-costa osm-distilleries osm-greggs osm-iceland osm-lidl osm-mcdonalds osm-morrisons osm-pubs osm-starbucks osm-tesco osm-wetherspoon pop-all repd-battery repd-battery-pipeline
osm-castles,Castles,Heritage & coast,osm,75,we,East/West,Find the line that puts 50% of castles east of it,(diagonal),Highland,51,West,census-heat-wood,5,4,census-heat-solid census-heat-wood repd-solar repd-wind-onshore
osm-chippies,Fish and chip shops,Out and about,osm,75,we,East/West,Find the line that puts 50% of fish and chip shops east of it,(diagonal),Kirklees,8,West,census-commute-taxi,0,55,census-carers-50h census-cars-3plus census-cars-none census-commute-car census-commute-foot census-commute-taxi census-health-verybad census-heat-electric census-heat-gas census-heat-renewable census-home-caravan census-home-commercial census-home-detached census-home-semi census-home-terraced census-hours-49plus census-job-managers census-job-operatives census-job-trades census-population census-qual-apprentice census-qual-degree census-qual-none census-sick census-tenure-outright census-tenure-private census-tenure-social census-work-from-home ge24-con ge24-green ge24-labour ge24-libdem ge24-nonvoters ge24-reform hmrc-employed hmrc-higher-rate hmrc-pension hmrc-self-employed hmrc-taxpayers osm-aldi osm-breweries osm-costa osm-distilleries osm-greggs osm-iceland osm-lidl osm-mcdonalds osm-morrisons osm-pubs osm-starbucks osm-tesco osm-wetherspoon pop-all repd-battery repd-battery-pipeline
osm-costa,Costa Coffee shops,High street,osm,75,we,East/West,Find the line that puts 50% of Costa Coffee shops east of it,(diagonal),Buckinghamshire,6,East,osm-tesco,0,47,census-cars-none census-commute-bike census-commute-foot census-commute-motorbike census-commute-taxi census-heat-electric census-heat-gas census-home-caravan census-home-commercial census-home-flat census-home-semi census-home-terraced census-hours-49plus census-job-managers census-job-operatives census-job-trades census-population census-qual-degree census-qual-none census-tenure-private census-tenure-social census-work-from-home ge24-con ge24-green ge24-labour ge24-libdem ge24-nonvoters ge24-reform hmrc-employed hmrc-higher-rate hmrc-pension hmrc-self-employed hmrc-tax-amount hmrc-taxpayers osm-breweries osm-chippies osm-mands osm-mcdonalds osm-nandos osm-pubs osm-sainsburys osm-starbucks osm-tesco osm-waitrose osm-wetherspoon pop-all repd-battery
osm-distilleries,Distilleries,Out and about,osm,75,we,East/West,Find the line that puts 50% of distilleries east of it,(diagonal),Oxford,20,West,census-health-verybad,0,36,census-carers-50h census-cars-3plus census-commute-car census-commute-taxi census-health-verybad census-heat-bottled census-heat-renewable census-heat-solid census-home-caravan census-home-detached census-home-semi census-home-terraced census-job-operatives census-job-trades census-qual-apprentice census-qual-none census-sick census-tenure-outright ge24-libdem ge24-nonvoters hmrc-pension osm-aldi osm-breweries osm-chippies osm-golf osm-greggs osm-iceland osm-lidl osm-mcdonalds osm-morrisons osm-pubs osm-stations osm-wetherspoon pop-all repd-battery-pipeline repd-solar
osm-golf,Golf courses,Out and about,osm,75,we,East/West,Find the line that puts 50% of golf courses east of it,(diagonal),City of Edinburgh,26,West,osm-stations,2,25,census-carers-50h census-cars-3plus census-commute-car census-health-verybad census-heat-bottled census-heat-renewable census-heat-solid census-home-caravan census-home-detached census-home-terraced census-qual-apprentice census-sick census-tenure-outright ge24-libdem hmrc-pension osm-aldi osm-distilleries osm-greggs osm-iceland osm-lidl osm-morrisons osm-pubs osm-stations repd-battery-pipeline repd-solar
osm-greggs,Greggs shops,High street,osm,75,we,East/West,Find the line that puts 50% of Greggs shops east of it,(diagonal),Coventry,17,West,census-commute-car,0,43,census-carers-50h census-cars-3plus census-commute-car census-commute-foot census-commute-taxi census-health-verybad census-heat-bottled census-heat-gas census-heat-renewable census-heat-solid census-home-caravan census-home-detached census-home-semi census-home-terraced census-job-operatives census-job-trades census-population census-qual-apprentice census-qual-degree census-qual-none census-sick census-tenure-outright ge24-labour ge24-libdem ge24-nonvoters ge24-reform hmrc-pension hmrc-taxpayers osm-aldi osm-breweries osm-chippies osm-distilleries osm-golf osm-iceland osm-lidl osm-mcdonalds osm-morrisons osm-pubs osm-stations osm-wetherspoon pop-all repd-battery repd-battery-pipeline
osm-iceland,Iceland shops,Supermarket sweep,osm,75,we,East/West,Find the line that puts 50% of Iceland shops east of it,(diagonal),Derby,13,West,repd-battery-pipeline,1,44,census-carers-50h census-cars-3plus census-commute-car census-commute-foot census-commute-taxi census-health-verybad census-heat-gas census-heat-renewable census-home-caravan census-home-detached census-home-semi census-home-terraced census-job-operatives census-job-trades census-population census-qual-apprentice census-qual-degree census-qual-none census-sick census-tenure-outright census-tenure-social ge24-con ge24-labour ge24-libdem ge24-nonvoters ge24-reform hmrc-employed hmrc-pension hmrc-taxpayers osm-aldi osm-breweries osm-chippies osm-distilleries osm-golf osm-greggs osm-lidl osm-mcdonalds osm-morrisons osm-pubs osm-stations osm-wetherspoon pop-all repd-battery repd-battery-pipeline
osm-lidl,Lidl shops,Supermarket sweep,osm,75,we,East/West,Find the line that puts 50% of Lidl shops east of it,(diagonal),City of Edinburgh,24,West,census-sick,2,31,census-carers-50h census-cars-3plus census-commute-car census-commute-taxi census-health-verybad census-heat-bottled census-heat-renewable census-heat-solid census-home-caravan census-home-detached census-home-semi census-home-terraced census-job-trades census-qual-apprentice census-sick census-tenure-outright ge24-libdem ge24-nonvoters hmrc-pension osm-aldi osm-breweries osm-chippies osm-distilleries osm-golf osm-greggs osm-iceland osm-morrisons osm-pubs osm-stations repd-battery-pipeline repd-solar
osm-lighthouses,Lighthouses,Heritage & coast,osm,75,we,East/West,Find the line that puts 50% of lighthouses east of it,(diagonal),Highland,68,West,repd-wind-onshore,4,4,census-heat-oil census-heat-wood osm-standing-stones repd-wind-onshore
osm-mands,M&S shops,Supermarket sweep,osm,75,we,East/West,Find the line that puts 50% of Marks & Spencer shops east of it,(diagonal),Buckinghamshire,11,East,osm-waitrose,0,38,census-cars-none census-commute-bike census-commute-foot census-commute-motorbike census-heat-electric census-heat-gas census-home-commercial census-home-flat census-home-semi census-hours-49plus census-job-managers census-job-operatives census-population census-qual-degree census-qual-none census-tenure-private census-tenure-social census-work-from-home ge24-con ge24-green ge24-labour ge24-nonvoters ge24-reform hmrc-employed hmrc-higher-rate hmrc-self-employed hmrc-tax-amount hmrc-taxpayers osm-costa osm-mcdonalds osm-nandos osm-sainsburys osm-starbucks osm-tesco osm-waitrose osm-wetherspoon pop-all repd-battery
osm-mcdonalds,McDonald's restaurants,High street,osm,75,we,East/West,Find the line that puts 50% of McDonald's restaurants east of it,(diagonal),Bradford,4,West,census-qual-none,1,55,census-carers-50h census-cars-3plus census-cars-none census-commute-car census-commute-foot census-commute-taxi census-health-verybad census-heat-electric census-heat-gas census-heat-renewable census-home-caravan census-home-commercial census-home-detached census-home-semi census-home-terraced census-hours-49plus census-job-managers census-job-operatives census-job-trades census-population census-qual-apprentice census-qual-degree census-qual-none census-tenure-outright census-tenure-private census-tenure-social census-work-from-home ge24-con ge24-green ge24-labour ge24-libdem ge24-nonvoters ge24-reform hmrc-employed hmrc-higher-rate hmrc-pension hmrc-self-employed hmrc-taxpayers osm-aldi osm-breweries osm-chippies osm-costa osm-distilleries osm-greggs osm-iceland osm-mands osm-morrisons osm-pubs osm-starbucks osm-tesco osm-waitrose osm-wetherspoon pop-all repd-battery repd-battery-pipeline
osm-morrisons,Morrisons supermarkets,Supermarket sweep,osm,75,we,East/West,Find the line that puts 50% of Morrisons supermarkets east of it,(diagonal),City of Edinburgh,20,West,census-carers-50h,0,36,census-carers-50h census-cars-3plus census-commute-car census-commute-taxi census-health-verybad census-heat-bottled census-heat-renewable census-heat-solid census-home-caravan census-home-detached census-home-semi census-home-terraced census-job-operatives census-job-trades census-qual-apprentice census-qual-none census-sick census-tenure-outright ge24-libdem ge24-nonvoters hmrc-pension osm-aldi osm-breweries osm-chippies osm-distilleries osm-golf osm-greggs osm-iceland osm-lidl osm-mcdonalds osm-pubs osm-stations osm-wetherspoon pop-all repd-battery-pipeline repd-solar
osm-nandos,Nando's restaurants,High street,osm,75,we,East/West,Find the line that puts 50% of Nando's restaurants east of it,(diagonal),Leeds,18,East,census-commute-motorbike,1,31,census-cars-none census-commute-bike census-commute-motorbike census-heat-electric census-heat-gas census-home-commercial census-home-converted census-home-flat census-hours-49plus census-job-managers census-population census-qual-degree census-tenure-private census-tenure-social census-work-from-home ge24-con ge24-green ge24-labour ge24-reform hmrc-additional-rate hmrc-employed hmrc-higher-rate hmrc-self-employed hmrc-tax-amount osm-costa osm-mands osm-sainsburys osm-starbucks osm-tesco osm-waitrose repd-battery
osm-pret,Pret A Manger shops,High street,osm,75,we,East/West,Find the line that puts 50% of Pret A Manger shops east of it,(diagonal),Westminster,43,East,repd-solar-pipeline,1,6,census-commute-metro census-commute-train census-home-converted hmrc-additional-rate osm-windmills repd-solar-pipeline
osm-pubs,Pubs,Out and about,osm,75,we,East/West,Find the line that puts 50% of pubs east of it,(diagonal),Kirklees,10,West,hmrc-pension,1,48,census-carers-50h census-cars-3plus census-commute-car census-commute-foot census-commute-taxi census-health-verybad census-heat-electric census-heat-gas census-heat-renewable census-home-caravan census-home-detached census-home-semi census-home-terraced census-job-operatives census-job-trades census-population census-qual-apprentice census-qual-degree census-qual-none census-sick census-tenure-outright census-tenure-social ge24-con ge24-labour ge24-libdem ge24-nonvoters ge24-reform hmrc-employed hmrc-higher-rate hmrc-pension hmrc-self-employed hmrc-taxpayers osm-aldi osm-breweries osm-chippies osm-costa osm-distilleries osm-golf osm-greggs osm-iceland osm-lidl osm-mcdonalds osm-morrisons osm-tesco osm-wetherspoon pop-all repd-battery repd-battery-pipeline
osm-sainsburys,Sainsbury's shops (all formats),Supermarket sweep,osm,75,we,East/West,Find the line that puts 50% of Sainsbury's shops of every size east of it,(diagonal),Leeds,23,East,hmrc-tax-amount,1,23,census-cars-none census-commute-bike census-commute-motorbike census-commute-train census-heat-electric census-home-commercial census-home-converted census-home-flat census-hours-49plus census-job-managers census-tenure-private census-work-from-home ge24-green hmrc-additional-rate hmrc-higher-rate hmrc-self-employed hmrc-tax-amount osm-costa osm-mands osm-nandos osm-starbucks osm-tesco osm-waitrose
osm-standing-stones,Standing stones and other megaliths,Heritage & coast,osm,75,we,East/West,Find the line that puts 50% of standing stones and other megaliths east of it,(diagonal),Cotswold,75,West,osm-lighthouses,6,3,census-heat-oil osm-lighthouses repd-wind-onshore
osm-starbucks,Starbucks shops,High street,osm,75,we,East/West,Find the line that puts 50% of Starbucks shops east of it,(diagonal),Sheffield,9,East,census-work-from-home,0,43,census-cars-none census-commute-bike census-commute-foot census-commute-motorbike census-commute-taxi census-heat-electric census-heat-gas census-home-commercial census-home-flat census-home-semi census-home-terraced census-hours-49plus census-job-managers census-job-operatives census-job-trades census-population census-qual-degree census-qual-none census-tenure-private census-tenure-social census-work-from-home ge24-con ge24-green ge24-labour ge24-nonvoters ge24-reform hmrc-employed hmrc-higher-rate hmrc-self-employed hmrc-tax-amount hmrc-taxpayers osm-breweries osm-chippies osm-costa osm-mands osm-mcdonalds osm-nandos osm-sainsburys osm-tesco osm-waitrose osm-wetherspoon pop-all repd-battery
osm-stations,Railway stations,Out and about,osm,75,we,East/West,Find the line that puts 50% of railway stations east of it,(diagonal),Stockport,29,West,osm-golf,2,21,census-carers-50h census-cars-3plus census-commute-car census-health-verybad census-heat-bottled census-heat-renewable census-heat-solid census-home-detached census-qual-apprentice census-sick census-tenure-outright ge24-libdem osm-aldi osm-distilleries osm-golf osm-greggs osm-iceland osm-lidl osm-morrisons repd-battery-pipeline repd-solar
osm-tesco,Tesco shops (all formats),Supermarket sweep,osm,75,we,East/West,Find the line that puts 50% of Tesco shops of every size east of it,(diagonal),Buckinghamshire,7,East,hmrc-self-employed,0,47,census-cars-none census-commute-bike census-commute-foot census-commute-motorbike census-commute-taxi census-heat-electric census-heat-gas census-home-caravan census-home-commercial census-home-flat census-home-semi census-home-terraced census-hours-49plus census-job-managers census-job-operatives census-job-trades census-population census-qual-degree census-qual-none census-tenure-private census-tenure-social census-work-from-home ge24-con ge24-green ge24-labour ge24-libdem ge24-nonvoters ge24-reform hmrc-employed hmrc-higher-rate hmrc-pension hmrc-self-employed hmrc-tax-amount hmrc-taxpayers osm-breweries osm-chippies osm-costa osm-mands osm-mcdonalds osm-nandos osm-pubs osm-sainsburys osm-starbucks osm-waitrose osm-wetherspoon pop-all repd-battery
osm-waitrose,Waitrose shops,Supermarket sweep,osm,75,we,East/West,Find the line that puts 50% of Waitrose shops east of it,(diagonal),Buckinghamshire,11,East,osm-mands,0,37,census-cars-none census-commute-bike census-commute-foot census-commute-motorbike census-heat-electric census-heat-gas census-home-commercial census-home-flat census-hours-49plus census-job-managers census-job-operatives census-population census-qual-degree census-qual-none census-tenure-private census-tenure-social census-work-from-home ge24-con ge24-green ge24-labour ge24-nonvoters ge24-reform hmrc-employed hmrc-higher-rate hmrc-self-employed hmrc-tax-amount hmrc-taxpayers osm-costa osm-mands osm-mcdonalds osm-nandos osm-sainsburys osm-starbucks osm-tesco osm-wetherspoon pop-all repd-battery
osm-wetherspoon,Wetherspoon pubs,High street,osm,75,we,East/West,Find the line that puts 50% of Wetherspoon pubs east of it,(diagonal),Bradford,6,West,ge24-nonvoters,1,56,census-carers-50h census-cars-3plus census-cars-none census-commute-car census-commute-foot census-commute-taxi census-health-verybad census-heat-electric census-heat-gas census-heat-renewable census-home-caravan census-home-commercial census-home-detached census-home-semi census-home-terraced census-hours-49plus census-job-managers census-job-operatives census-job-trades census-population census-qual-apprentice census-qual-degree census-qual-none census-sick census-tenure-outright census-tenure-private census-tenure-social census-work-from-home ge24-con ge24-green ge24-labour ge24-libdem ge24-nonvoters ge24-reform hmrc-employed hmrc-higher-rate hmrc-pension hmrc-self-employed hmrc-taxpayers osm-aldi osm-breweries osm-chippies osm-costa osm-distilleries osm-greggs osm-iceland osm-mands osm-mcdonalds osm-morrisons osm-pubs osm-starbucks osm-tesco osm-waitrose pop-all repd-battery repd-battery-pipeline
osm-windmills,Windmills (historic),Heritage & coast,osm,75,we,East/West,Find the line that puts 50% of old windmills east of it,(diagonal),North Yorkshire,53,East,census-commute-metro,9,4,census-commute-metro census-commute-train osm-pret repd-solar-pipeline
pop-all,Population,Population,population,75,we,East/West,Find the line that puts 50% of the UK's population east of it,(diagonal),Bradford,3,West,osm-mcdonalds,1,54,census-carers-50h census-cars-3plus census-cars-none census-commute-car census-commute-foot census-commute-taxi census-heat-electric census-heat-gas census-heat-renewable census-home-caravan census-home-commercial census-home-detached census-home-flat census-home-semi census-home-terraced census-hours-49plus census-job-managers census-job-operatives census-job-trades census-population census-qual-apprentice census-qual-degree census-qual-none census-tenure-outright census-tenure-private census-tenure-social census-work-from-home ge24-con ge24-green ge24-labour ge24-libdem ge24-nonvoters ge24-reform hmrc-employed hmrc-higher-rate hmrc-pension hmrc-self-employed hmrc-taxpayers osm-aldi osm-breweries osm-chippies osm-costa osm-greggs osm-iceland osm-mands osm-mcdonalds osm-morrisons osm-pubs osm-starbucks osm-tesco osm-waitrose osm-wetherspoon repd-battery repd-battery-pipeline
repd-battery,Battery storage capacity (MW),Power,repd,75,we,East/West,Find the line that puts 50% of grid battery storage capacity east of it,(diagonal),Buckinghamshire,0,East,census-population,0,53,census-cars-3plus census-cars-none census-commute-bike census-commute-car census-commute-foot census-commute-motorbike census-commute-taxi census-heat-electric census-heat-gas census-home-caravan census-home-commercial census-home-detached census-home-flat census-home-semi census-home-terraced census-hours-49plus census-job-managers census-job-operatives census-job-trades census-population census-qual-apprentice census-qual-degree census-qual-none census-tenure-outright census-tenure-private census-tenure-social census-work-from-home ge24-con ge24-green ge24-labour ge24-libdem ge24-nonvoters ge24-reform hmrc-employed hmrc-higher-rate hmrc-pension hmrc-self-employed hmrc-taxpayers osm-breweries osm-chippies osm-costa osm-greggs osm-iceland osm-mands osm-mcdonalds osm-nandos osm-pubs osm-starbucks osm-tesco osm-waitrose osm-wetherspoon pop-all repd-battery-pipeline
repd-battery-pipeline,Battery storage consented or being built (MW),Power,repd,75,we,East/West,Find the line that puts 50% of battery storage capacity that is consented or under construction east of it,(diagonal),East Lothian,13,West,osm-iceland,1,45,census-carers-50h census-cars-3plus census-commute-car census-commute-foot census-commute-taxi census-health-verybad census-heat-bottled census-heat-gas census-heat-renewable census-home-caravan census-home-detached census-home-semi census-home-terraced census-job-operatives census-job-trades census-population census-qual-apprentice census-qual-degree census-qual-none census-sick census-tenure-outright census-tenure-social ge24-con ge24-labour ge24-libdem ge24-nonvoters ge24-reform hmrc-employed hmrc-pension hmrc-taxpayers osm-aldi osm-breweries osm-chippies osm-distilleries osm-golf osm-greggs osm-iceland osm-lidl osm-mcdonalds osm-morrisons osm-pubs osm-stations osm-wetherspoon pop-all repd-battery
repd-hydro,Hydro-electric schemes,Power,repd,75,we,East/West,Find the line that puts 50% of hydro-electric schemes east of it,(diagonal),Highland,89,West,census-heat-oil,12,1,census-heat-oil
repd-solar,Solar farm capacity (MW),Power,repd,75,we,East/West,Find the line that puts 50% of solar farm capacity east of it,(diagonal),Winchester,36,West,census-heat-solid,2,13,census-carers-50h census-health-verybad census-heat-bottled census-heat-renewable census-heat-solid census-sick osm-aldi osm-castles osm-distilleries osm-golf osm-lidl osm-morrisons osm-stations
repd-solar-pipeline,Solar capacity consented or being built (MW),Power,repd,75,we,East/West,Find the line that puts 50% of solar capacity that is consented or under construction east of it,(diagonal),Newark and Sherwood,41,East,osm-pret,1,6,census-commute-metro census-commute-train census-home-converted hmrc-additional-rate osm-pret osm-windmills
repd-wind-offshore,Offshore wind capacity (MW),Power,repd,75,we,East/West,Find the line that puts 50% of offshore wind power capacity east of it,(diagonal),North Norfolk,128,East,osm-windmills,77,0,
repd-wind-onshore,Onshore wind capacity (MW),Power,repd,75,we,East/West,Find the line that puts 50% of onshore wind power capacity east of it,(diagonal),South Lanarkshire,63,West,osm-lighthouses,4,5,census-heat-oil census-heat-wood osm-castles osm-lighthouses osm-standing-stones
census-carers-50h,Carers giving 50+ hours a week,Health & care,unified_census,105,we,West/East,Find the line that puts 50% of people giving 50 or more hours of unpaid care a week west of it,(diagonal),Birmingham,13,West,census-home-semi,0,39,census-cars-3plus census-cars-none census-commute-car census-commute-foot census-commute-taxi census-health-verybad census-heat-bottled census-heat-gas census-heat-renewable census-home-detached census-home-semi census-home-terraced census-job-operatives census-job-trades census-population census-qual-apprentice census-qual-none census-sick census-tenure-outright census-tenure-social ge24-labour ge24-nonvoters ge24-reform hmrc-employed hmrc-pension hmrc-taxpayers osm-aldi osm-breweries osm-chippies osm-greggs osm-iceland osm-lidl osm-mcdonalds osm-morrisons osm-pubs osm-stations osm-wetherspoon pop-all repd-battery
census-cars-3plus,Households with 3+ cars,Owning & renting,unified_census,105,we,West/East,Find the line that puts 50% of households with three or more cars or vans west of it,(diagonal),Birmingham,0,East,pop-all,0,34,census-carers-50h census-cars-none census-commute-car census-commute-foot census-heat-gas census-home-detached census-home-semi census-home-terraced census-job-operatives census-job-trades census-population census-qual-apprentice census-qual-degree census-qual-none census-tenure-outright census-tenure-private census-tenure-social ge24-labour ge24-nonvoters ge24-reform hmrc-employed hmrc-pension hmrc-taxpayers osm-chippies osm-costa osm-iceland osm-lidl osm-mcdonalds osm-pubs osm-starbucks osm-tesco osm-wetherspoon pop-all repd-battery
census-cars-none,Households with no car,Owning & renting,unified_census,105,we,West/East,Find the line that puts 50% of households with no car or van west of it,(diagonal),Birmingham,5,West,osm-mcdonalds,0,34,census-carers-50h census-cars-3plus census-commute-car census-commute-foot census-health-verybad census-heat-bottled census-heat-gas census-heat-renewable census-home-detached census-home-semi census-home-terraced census-job-operatives census-job-trades census-population census-qual-apprentice census-qual-degree census-qual-none census-tenure-outright census-tenure-social ge24-labour ge24-nonvoters ge24-reform hmrc-employed hmrc-pension hmrc-taxpayers osm-chippies osm-iceland osm-lidl osm-mcdonalds osm-pubs osm-stations osm-wetherspoon pop-all repd-battery
census-commute-bike,Commuters by bicycle,Getting to work,unified_census,105,we,West/East,Find the line that puts 50% of people who cycle to work west of it,(diagonal),"Kingston upon Hull, City of",53,East,osm-mands,2,8,census-commute-motorbike census-home-flat ge24-libdem hmrc-higher-rate osm-mands osm-nandos osm-sainsburys repd-solar-pipeline
census-commute-car,Commuters by car or van,Getting to work,unified_census,105,we,West/East,Find the line that puts 50% of people who drive to work west of it,(diagonal),Birmingham,12,West,census-tenure-outright,0,39,census-carers-50h census-cars-3plus census-cars-none census-commute-foot census-commute-taxi census-health-verybad census-heat-bottled census-heat-gas census-heat-renewable census-home-detached census-home-semi census-home-terraced census-job-operatives census-job-trades census-population census-qual-apprentice census-qual-none census-sick census-tenure-outright census-tenure-social ge24-labour ge24-nonvoters ge24-reform hmrc-employed hmrc-pension hmrc-taxpayers osm-aldi osm-breweries osm-chippies osm-greggs osm-iceland osm-lidl osm-mcdonalds osm-morrisons osm-pubs osm-stations osm-wetherspoon pop-all repd-battery
census-commute-foot,Commuters on foot,Getting to work,unified_census,105,we,West/East,Find the line that puts 50% of people who walk to work west of it,(diagonal),Birmingham,0,West,census-population,0,33,census-carers-50h census-cars-3plus census-cars-none census-commute-car census-heat-bottled census-heat-gas census-home-detached census-home-semi census-home-terraced census-job-operatives census-job-trades census-population census-qual-apprentice census-qual-degree census-qual-none census-tenure-outright census-tenure-private census-tenure-social ge24-labour ge24-nonvoters ge24-reform hmrc-employed hmrc-pension hmrc-taxpayers osm-chippies osm-iceland osm-lidl osm-mcdonalds osm-pubs osm-starbucks osm-wetherspoon pop-all repd-battery
census-commute-metro,"Commuters by underground, metro or tram",Getting to work,unified_census,105,we,West/East,"Find the line that puts 50% of people who commute by underground, metro or tram west of it",(diagonal),Haringey,135,East,repd-wind-offshore,0,4,census-commute-train census-home-converted osm-pret repd-wind-offshore
census-commute-motorbike,Commuters by motorbike or moped,Getting to work,unified_census,105,we,West/East,Find the line that puts 50% of people who ride a motorbike or moped to work west of it,(diagonal),"Kingston upon Hull, City of",58,East,osm-nandos,2,7,census-commute-bike census-home-flat hmrc-higher-rate osm-mands osm-nandos osm-sainsburys repd-solar-pipeline
census-commute-taxi,Commuters by taxi,Getting to work,unified_census,105,we,West/East,Find the line that puts 50% of people who get to work by taxi west of it,(diagonal),Leeds,25,West,osm-greggs,0,30,census-carers-50h census-commute-car census-health-verybad census-heat-bottled census-heat-gas census-heat-renewable census-home-detached census-home-semi census-home-terraced census-job-operatives census-job-trades census-qual-apprentice census-qual-none census-sick census-tenure-outright census-tenure-social ge24-nonvoters hmrc-pension osm-aldi osm-breweries osm-chippies osm-golf osm-greggs osm-iceland osm-lidl osm-morrisons osm-pubs osm-stations osm-wetherspoon repd-battery-pipeline
census-commute-train,Commuters by train,Getting to work,unified_census,105,we,West/East,Find the line that puts 50% of people who commute by train west of it,(diagonal),Brent,127,East,osm-pret,7,5,census-commute-metro census-home-converted hmrc-additional-rate osm-pret repd-wind-offshore
census-health-verybad,Very bad health,Health & care,unified_census,105,we,West/East,Find the line that puts 50% of people in very bad health west of it,(diagonal),Leeds,21,West,census-heat-renewable,1,33,census-carers-50h census-cars-none census-commute-car census-commute-taxi census-heat-bottled census-heat-gas census-heat-renewable census-home-detached census-home-semi census-home-terraced census-job-operatives census-job-trades census-qual-apprentice census-qual-none census-sick census-tenure-outright census-tenure-social ge24-labour ge24-nonvoters hmrc-pension osm-aldi osm-breweries osm-chippies osm-golf osm-greggs osm-iceland osm-lidl osm-mcdonalds osm-morrisons osm-pubs osm-stations osm-wetherspoon repd-battery-pipeline
census-heat-bottled,Homes heated only by tank or bottled gas,Heating,unified_census,105,we,West/East,Find the line that puts 50% of homes heated only by tank or bottled gas west of it,(diagonal),North Yorkshire,18,West,osm-stations,2,34,census-carers-50h census-cars-none census-commute-car census-commute-foot census-commute-taxi census-health-verybad census-heat-gas census-heat-renewable census-home-detached census-home-semi census-home-terraced census-job-operatives census-job-trades census-population census-qual-apprentice census-qual-none census-sick census-tenure-outright census-tenure-social ge24-labour ge24-nonvoters hmrc-pension osm-aldi osm-breweries osm-chippies osm-golf osm-greggs osm-iceland osm-lidl osm-mcdonalds osm-morrisons osm-pubs osm-stations osm-wetherspoon
census-heat-electric,Homes heated only by electricity,Heating,unified_census,105,we,West/East,Find the line that puts 50% of homes heated only by electricity west of it,(diagonal),Wiltshire,24,East,census-hours-49plus,1,16,census-home-caravan census-home-commercial census-hours-49plus census-job-managers census-qual-degree census-tenure-private census-work-from-home ge24-con ge24-green ge24-libdem hmrc-self-employed osm-costa osm-starbucks osm-tesco repd-solar repd-solar-pipeline
census-heat-gas,Homes heated only by mains gas,Heating,unified_census,105,we,West/East,Find the line that puts 50% of homes heated only by mains gas west of it,(diagonal),Birmingham,7,West,ge24-labour,1,38,census-carers-50h census-cars-3plus census-cars-none census-commute-car census-commute-foot census-health-verybad census-heat-bottled census-heat-renewable census-home-detached census-home-semi census-home-terraced census-job-operatives census-job-trades census-population census-qual-apprentice census-qual-degree census-qual-none census-sick census-tenure-outright census-tenure-social ge24-labour ge24-nonvoters ge24-reform hmrc-employed hmrc-pension hmrc-taxpayers osm-aldi osm-breweries osm-chippies osm-greggs osm-iceland osm-lidl osm-mcdonalds osm-pubs osm-stations osm-wetherspoon pop-all repd-battery
census-heat-oil,Homes heated only by oil,Heating,unified_census,105,we,West/East,Find the line that puts 50% of homes heated only by oil west of it,(diagonal),Powys,93,West,census-heat-wood,25,0,
census-heat-renewable,Homes heated only by renewables,Heating,unified_census,105,we,West/East,Find the line that puts 50% of homes heated only by renewable energy west of it,(diagonal),North Yorkshire,22,West,osm-aldi,1,33,census-carers-50h census-cars-none census-commute-car census-commute-taxi census-health-verybad census-heat-bottled census-heat-gas census-home-detached census-home-semi census-home-terraced census-job-operatives census-job-trades census-qual-apprentice census-qual-none census-sick census-tenure-outright census-tenure-social ge24-labour ge24-nonvoters hmrc-pension osm-aldi osm-breweries osm-chippies osm-golf osm-greggs osm-iceland osm-lidl osm-mcdonalds osm-morrisons osm-pubs osm-stations osm-wetherspoon repd-battery-pipeline
census-heat-solid,Homes heated only by solid fuel,Heating,unified_census,105,we,West/East,"Find the line that puts 50% of homes heated only by solid fuel (coal, peat) west of it",(diagonal),County Durham,54,West,census-heat-wood,13,2,census-heat-wood repd-battery-pipeline
census-heat-wood,Homes heated only by wood,Heating,unified_census,105,we,West/East,Find the line that puts 50% of homes heated only by wood west of it,(diagonal),Shropshire,67,West,census-heat-solid,13,1,census-heat-solid
census-home-caravan,Households in a caravan or mobile home,Homes,unified_census,105,we,West/East,Find the line that puts 50% of households living in a caravan or mobile home west of it,(diagonal),Dorset,30,East,ge24-con,1,17,census-heat-electric census-home-commercial census-home-flat census-hours-49plus census-job-managers census-tenure-private census-work-from-home ge24-con ge24-green ge24-libdem hmrc-higher-rate hmrc-self-employed osm-costa osm-starbucks osm-tesco repd-solar repd-solar-pipeline
census-home-commercial,Households in a commercial building,Homes,unified_census,105,we,West/East,"Find the line that puts 50% of households living above a shop, in an office building or hotel west of it",(diagonal),"Bournemouth, Christchurch and Poole",34,East,census-job-managers,0,19,census-heat-electric census-home-caravan census-home-flat census-hours-49plus census-job-managers census-tenure-private census-work-from-home ge24-con ge24-green ge24-libdem hmrc-higher-rate hmrc-self-employed osm-costa osm-mands osm-sainsburys osm-starbucks osm-tesco repd-solar repd-solar-pipeline
census-home-converted,Households in converted or shared houses,Homes,unified_census,105,we,West/East,"Find the line that puts 50% of households in converted or shared houses, including bedsits west of it",(diagonal),Brent,119,East,hmrc-additional-rate,5,5,census-commute-metro census-commute-train hmrc-additional-rate osm-pret repd-wind-offshore
census-home-detached,Households in detached houses,Homes,unified_census,105,we,West/East,Find the line that puts 50% of households in a detached house west of it,(diagonal),North Yorkshire,8,West,census-job-operatives,0,38,census-carers-50h census-cars-3plus census-cars-none census-commute-car census-commute-foot census-commute-taxi census-health-verybad census-heat-bottled census-heat-gas census-heat-renewable census-home-semi census-home-terraced census-job-operatives census-job-trades census-population census-qual-apprentice census-qual-none census-sick census-tenure-outright census-tenure-social ge24-labour ge24-nonvoters ge24-reform hmrc-employed hmrc-pension hmrc-taxpayers osm-aldi osm-breweries osm-chippies osm-greggs osm-iceland osm-lidl osm-mcdonalds osm-pubs osm-stations osm-wetherspoon pop-all repd-battery
census-home-flat,Households in purpose-built flats,Homes,unified_census,105,we,West/East,Find the line that puts 50% of households in a purpose-built block of flats west of it,(diagonal),"Bournemouth, Christchurch and Poole",42,East,repd-solar-pipeline,1,15,census-commute-bike census-commute-motorbike census-home-caravan census-home-commercial census-job-managers census-work-from-home ge24-con ge24-libdem hmrc-higher-rate hmrc-self-employed osm-mands osm-nandos osm-sainsburys repd-solar repd-solar-pipeline
census-home-semi,Households in semi-detached houses,Homes,unified_census,105,we,West/East,Find the line that puts 50% of households in a semi-detached house west of it,(diagonal),Birmingham,13,West,census-carers-50h,0,39,census-carers-50h census-cars-3plus census-cars-none census-commute-car census-commute-foot census-commute-taxi census-health-verybad census-heat-bottled census-heat-gas census-heat-renewable census-home-detached census-home-terraced census-job-operatives census-job-trades census-population census-qual-apprentice census-qual-none census-sick census-tenure-outright census-tenure-social ge24-labour ge24-nonvoters ge24-reform hmrc-employed hmrc-pension hmrc-taxpayers osm-aldi osm-breweries osm-chippies osm-greggs osm-iceland osm-lidl osm-mcdonalds osm-morrisons osm-pubs osm-stations osm-wetherspoon pop-all repd-battery
census-home-terraced,Households in terraced houses,Homes,unified_census,105,we,West/East,Find the line that puts 50% of households in a terraced house west of it,(diagonal),Birmingham,12,West,osm-chippies,0,39,census-carers-50h census-cars-3plus census-cars-none census-commute-car census-commute-foot census-commute-taxi census-health-verybad census-heat-bottled census-heat-gas census-heat-renewable census-home-detached census-home-semi census-job-operatives census-job-trades census-population census-qual-apprentice census-qual-none census-sick census-tenure-outright census-tenure-social ge24-labour ge24-nonvoters ge24-reform hmrc-employed hmrc-pension hmrc-taxpayers osm-aldi osm-breweries osm-chippies osm-greggs osm-iceland osm-lidl osm-mcdonalds osm-morrisons osm-pubs osm-stations osm-wetherspoon pop-all repd-battery
census-hours-49plus,People working 49+ hours a week,Work & qualifications,unified_census,105,we,West/East,Find the line that puts 50% of people working 49 or more hours a week west of it,(diagonal),Wiltshire,24,East,census-heat-electric,1,16,census-heat-electric census-home-caravan census-home-commercial census-job-managers census-qual-degree census-tenure-private census-work-from-home ge24-con ge24-green ge24-libdem hmrc-self-employed osm-costa osm-starbucks osm-tesco repd-solar repd-solar-pipeline
census-job-managers,"Managers, directors and senior officials",Work & qualifications,unified_census,105,we,West/East,"Find the line that puts 50% of managers, directors and senior officials west of it",(diagonal),"Bournemouth, Christchurch and Poole",34,East,census-home-commercial,0,19,census-heat-electric census-home-caravan census-home-commercial census-home-flat census-hours-49plus census-tenure-private census-work-from-home ge24-con ge24-green ge24-libdem hmrc-higher-rate hmrc-self-employed osm-costa osm-mands osm-sainsburys osm-starbucks osm-tesco repd-solar repd-solar-pipeline
census-job-operatives,"Process, plant and machine operatives",Work & qualifications,unified_census,105,we,West/East,"Find the line that puts 50% of process, plant and machine operatives west of it",(diagonal),Birmingham,8,West,census-home-detached,0,38,census-carers-50h census-cars-3plus census-cars-none census-commute-car census-commute-foot census-commute-taxi census-health-verybad census-heat-bottled census-heat-gas census-heat-renewable census-home-detached census-home-semi census-home-terraced census-job-trades census-population census-qual-apprentice census-qual-none census-sick census-tenure-outright census-tenure-social ge24-labour ge24-nonvoters ge24-reform hmrc-employed hmrc-pension hmrc-taxpayers osm-aldi osm-breweries osm-chippies osm-greggs osm-iceland osm-lidl osm-mcdonalds osm-pubs osm-stations osm-wetherspoon pop-all repd-battery
census-job-trades,Skilled trades,Work & qualifications,unified_census,105,we,West/East,Find the line that puts 50% of people working in skilled trades west of it,(diagonal),North Yorkshire,8,West,census-job-operatives,0,38,census-carers-50h census-cars-3plus census-cars-none census-commute-car census-commute-foot census-commute-taxi census-health-verybad census-heat-bottled census-heat-gas census-heat-renewable census-home-detached census-home-semi census-home-terraced census-job-operatives census-population census-qual-apprentice census-qual-none census-sick census-tenure-outright census-tenure-social ge24-labour ge24-nonvoters ge24-reform hmrc-employed hmrc-pension hmrc-taxpayers osm-aldi osm-breweries osm-chippies osm-greggs osm-iceland osm-lidl osm-mcdonalds osm-pubs osm-stations osm-wetherspoon pop-all repd-battery
census-population,Usual residents (census),Population,unified_census,105,we,West/East,Find the line that puts 50% of the UK's residents west of it,(diagonal),Birmingham,0,,census-commute-foot,0,35,census-carers-50h census-cars-3plus census-cars-none census-commute-car census-commute-foot census-heat-bottled census-heat-gas census-home-detached census-home-semi census-home-terraced census-job-operatives census-job-trades census-qual-apprentice census-qual-degree census-qual-none census-tenure-outright census-tenure-private census-tenure-social ge24-labour ge24-nonvoters ge24-reform hmrc-employed hmrc-pension hmrc-taxpayers osm-chippies osm-costa osm-iceland osm-lidl osm-mcdonalds osm-pubs osm-starbucks osm-tesco osm-wetherspoon pop-all repd-battery
census-qual-apprentice,Apprenticeships,Work & qualifications,unified_census,105,we,West/East,Find the line that puts 50% of people whose highest qualification is an apprenticeship west of it,(diagonal),North Yorkshire,13,West,osm-lidl,0,38,census-carers-50h census-cars-3plus census-cars-none census-commute-car census-commute-foot census-commute-taxi census-health-verybad census-heat-bottled census-heat-gas census-heat-renewable census-home-detached census-home-semi census-home-terraced census-job-operatives census-job-trades census-population census-qual-none census-sick census-tenure-outright census-tenure-social ge24-labour ge24-nonvoters ge24-reform hmrc-pension hmrc-taxpayers osm-aldi osm-breweries osm-chippies osm-greggs osm-iceland osm-lidl osm-mcdonalds osm-morrisons osm-pubs osm-stations osm-wetherspoon pop-all repd-battery
census-qual-degree,Degree-level qualifications,Work & qualifications,unified_census,105,we,West/East,Find the line that puts 50% of people with a degree-level qualification or above west of it,(diagonal),Wiltshire,11,East,hmrc-employed,6,22,census-cars-3plus census-cars-none census-commute-foot census-heat-electric census-heat-gas census-hours-49plus census-population census-tenure-private ge24-con ge24-green ge24-labour ge24-reform hmrc-employed hmrc-self-employed hmrc-taxpayers osm-costa osm-mcdonalds osm-starbucks osm-tesco pop-all repd-battery repd-solar
census-qual-none,No qualifications,Work & qualifications,unified_census,105,we,West/East,Find the line that puts 50% of adults with no qualifications west of it,(diagonal),Birmingham,9,West,census-tenure-social,0,38,census-carers-50h census-cars-3plus census-cars-none census-commute-car census-commute-foot census-commute-taxi census-health-verybad census-heat-bottled census-heat-gas census-heat-renewable census-home-detached census-home-semi census-home-terraced census-job-operatives census-job-trades census-population census-qual-apprentice census-sick census-tenure-outright census-tenure-social ge24-labour ge24-nonvoters ge24-reform hmrc-employed hmrc-pension hmrc-taxpayers osm-aldi osm-breweries osm-chippies osm-greggs osm-iceland osm-lidl osm-mcdonalds osm-pubs osm-stations osm-wetherspoon pop-all repd-battery
census-sick,Long-term sick or disabled,Health & care,unified_census,105,we,West/East,Find the line that puts 50% of people out of work because they are long-term sick or disabled west of it,(diagonal),Leeds,24,West,osm-breweries,0,30,census-carers-50h census-commute-car census-commute-taxi census-health-verybad census-heat-bottled census-heat-gas census-heat-renewable census-home-detached census-home-semi census-home-terraced census-job-operatives census-job-trades census-qual-apprentice census-qual-none census-tenure-outright census-tenure-social ge24-nonvoters hmrc-pension osm-aldi osm-breweries osm-chippies osm-golf osm-greggs osm-iceland osm-lidl osm-morrisons osm-pubs osm-stations osm-wetherspoon repd-battery-pipeline
census-tenure-outright,Households that own outright,Owning & renting,unified_census,105,we,West/East,Find the line that puts 50% of households that own their home outright west of it,(diagonal),Birmingham,12,West,census-commute-car,0,39,census-carers-50h census-cars-3plus census-cars-none census-commute-car census-commute-foot census-commute-taxi census-health-verybad census-heat-bottled census-heat-gas census-heat-renewable census-home-detached census-home-semi census-home-terraced census-job-operatives census-job-trades census-population census-qual-apprentice census-qual-none census-sick census-tenure-social ge24-labour ge24-nonvoters ge24-reform hmrc-employed hmrc-pension hmrc-taxpayers osm-aldi osm-breweries osm-chippies osm-greggs osm-iceland osm-lidl osm-mcdonalds osm-morrisons osm-pubs osm-stations osm-wetherspoon pop-all repd-battery
census-tenure-private,Households renting privately,Owning & renting,unified_census,105,we,West/East,Find the line that puts 50% of households renting privately west of it,(diagonal),Wiltshire,18,East,osm-costa,0,22,census-cars-3plus census-commute-foot census-heat-electric census-home-caravan census-home-commercial census-hours-49plus census-job-managers census-population census-qual-degree census-work-from-home ge24-con ge24-green ge24-reform hmrc-employed hmrc-self-employed hmrc-taxpayers osm-costa osm-starbucks osm-tesco pop-all repd-battery repd-solar
census-tenure-social,Households renting socially,Owning & renting,unified_census,105,we,West/East,Find the line that puts 50% of households in social housing west of it,(diagonal),Birmingham,9,West,census-qual-none,0,38,census-carers-50h census-cars-3plus census-cars-none census-commute-car census-commute-foot census-commute-taxi census-health-verybad census-heat-bottled census-heat-gas census-heat-renewable census-home-detached census-home-semi census-home-terraced census-job-operatives census-job-trades census-population census-qual-apprentice census-qual-none census-sick census-tenure-outright ge24-labour ge24-nonvoters ge24-reform hmrc-employed hmrc-pension hmrc-taxpayers osm-aldi osm-breweries osm-chippies osm-greggs osm-iceland osm-lidl osm-mcdonalds osm-pubs osm-stations osm-wetherspoon pop-all repd-battery
census-work-from-home,People working mainly from home,Getting to work,unified_census,105,we,West/East,Find the line that puts 50% of people who work mainly from home west of it,(diagonal),"Bournemouth, Christchurch and Poole",35,East,census-home-commercial,0,19,census-heat-electric census-home-caravan census-home-commercial census-home-flat census-hours-49plus census-job-managers census-tenure-private ge24-con ge24-green ge24-libdem hmrc-higher-rate hmrc-self-employed osm-costa osm-mands osm-sainsburys osm-starbucks osm-tesco repd-solar repd-solar-pipeline
ge24-con,"Conservative votes, 2024",Election night,ge2024,105,we,West/East,Find the line that puts 50% of votes cast for the Conservatives in 2024 west of it,(diagonal),Mid Dorset and North Poole,29,East,hmrc-self-employed,0,18,census-heat-electric census-home-caravan census-home-commercial census-home-flat census-hours-49plus census-job-managers census-qual-degree census-tenure-private census-work-from-home ge24-green ge24-libdem hmrc-higher-rate hmrc-self-employed osm-costa osm-starbucks osm-tesco repd-solar repd-solar-pipeline
ge24-green,"Green votes, 2024",Election night,ge2024,105,we,West/East,Find the line that puts 50% of votes cast for the Greens in 2024 west of it,(diagonal),Warwick and Leamington,20,East,osm-tesco,2,18,census-heat-electric census-home-caravan census-home-commercial census-hours-49plus census-job-managers census-qual-degree census-tenure-private census-work-from-home ge24-con ge24-reform hmrc-employed hmrc-self-employed hmrc-taxpayers osm-costa osm-starbucks osm-tesco repd-battery repd-solar
ge24-labour,"Labour votes, 2024",Election night,ge2024,105,we,West/East,Find the line that puts 50% of votes cast for Labour in 2024 west of it,(diagonal),Sheffield Heeley,6,West,census-heat-gas,1,36,census-carers-50h census-cars-3plus census-cars-none census-commute-car census-commute-foot census-health-verybad census-heat-bottled census-heat-gas census-heat-renewable census-home-detached census-home-semi census-home-terraced census-job-operatives census-job-trades census-population census-qual-apprentice census-qual-degree census-qual-none census-tenure-outright census-tenure-social ge24-nonvoters ge24-reform hmrc-employed hmrc-pension hmrc-taxpayers osm-aldi osm-breweries osm-chippies osm-iceland osm-lidl osm-mcdonalds osm-pubs osm-stations osm-wetherspoon pop-all repd-battery
ge24-libdem,"Liberal Democrat votes, 2024",Election night,ge2024,105,we,West/East,Find the line that puts 50% of votes cast for the Liberal Democrats in 2024 west of it,(diagonal),Witney,39,East,repd-solar-pipeline,2,16,census-commute-bike census-heat-electric census-home-caravan census-home-commercial census-home-flat census-hours-49plus census-job-managers census-work-from-home ge24-con hmrc-higher-rate hmrc-self-employed osm-mands osm-nandos osm-sainsburys repd-solar repd-solar-pipeline
ge24-nonvoters,"Registered voters who did not vote, 2024",Election night,ge2024,105,we,West/East,Find the line that puts 50% of registered voters who stayed at home in 2024 west of it,(diagonal),Birmingham Ladywood,9,West,census-qual-none,0,38,census-carers-50h census-cars-3plus census-cars-none census-commute-car census-commute-foot census-commute-taxi census-health-verybad census-heat-bottled census-heat-gas census-heat-renewable census-home-detached census-home-semi census-home-terraced census-job-operatives census-job-trades census-population census-qual-apprentice census-qual-none census-sick census-tenure-outright census-tenure-social ge24-labour ge24-reform hmrc-employed hmrc-pension hmrc-taxpayers osm-aldi osm-breweries osm-chippies osm-greggs osm-iceland osm-lidl osm-mcdonalds osm-pubs osm-stations osm-wetherspoon pop-all repd-battery
ge24-reform,"Reform UK votes, 2024",Election night,ge2024,105,we,West/East,Find the line that puts 50% of votes cast for Reform UK in 2024 west of it,(diagonal),Amber Valley,4,East,repd-battery,0,35,census-carers-50h census-cars-3plus census-cars-none census-commute-car census-commute-foot census-heat-gas census-home-detached census-home-semi census-home-terraced census-job-operatives census-job-trades census-population census-qual-apprentice census-qual-degree census-qual-none census-tenure-outright census-tenure-private census-tenure-social ge24-green ge24-labour ge24-nonvoters hmrc-employed hmrc-pension hmrc-taxpayers osm-chippies osm-costa osm-iceland osm-lidl osm-mcdonalds osm-pubs osm-starbucks osm-tesco osm-wetherspoon pop-all repd-battery
hmrc-additional-rate,Additional-rate (top-rate) taxpayers,Income & tax,hmrc,105,we,West/East,Find the line that puts 50% of top-rate taxpayers west of it,(diagonal),Elmbridge,114,East,census-home-converted,5,2,census-commute-train census-home-converted
hmrc-employed,Taxpayers with a job,Income & tax,hmrc,105,we,West/East,Find the line that puts 50% of taxpayers with income from a job west of it,(diagonal),Dorset,5,East,repd-battery,0,33,census-carers-50h census-cars-3plus census-cars-none census-commute-car census-commute-foot census-heat-gas census-home-detached census-home-semi census-home-terraced census-job-operatives census-job-trades census-population census-qual-degree census-qual-none census-tenure-outright census-tenure-private census-tenure-social ge24-green ge24-labour ge24-nonvoters ge24-reform hmrc-pension hmrc-taxpayers osm-chippies osm-costa osm-iceland osm-mcdonalds osm-pubs osm-starbucks osm-tesco osm-wetherspoon pop-all repd-battery
hmrc-higher-rate,Higher-rate taxpayers,Income & tax,hmrc,105,we,West/East,Find the line that puts 50% of higher-rate taxpayers west of it,(diagonal),West Northamptonshire,45,East,census-home-flat,3,14,census-commute-bike census-commute-motorbike census-home-caravan census-home-commercial census-home-flat census-job-managers census-work-from-home ge24-con ge24-libdem hmrc-self-employed osm-mands osm-nandos osm-sainsburys repd-solar-pipeline
hmrc-pension,Taxpayers with pension income,Income & tax,hmrc,105,we,West/East,Find the line that puts 50% of taxpayers drawing a pension west of it,(diagonal),Birmingham,11,West,osm-chippies,1,39,census-carers-50h census-cars-3plus census-cars-none census-commute-car census-commute-foot census-commute-taxi census-health-verybad census-heat-bottled census-heat-gas census-heat-renewable census-home-detached census-home-semi census-home-terraced census-job-operatives census-job-trades census-population census-qual-apprentice census-qual-none census-sick census-tenure-outright census-tenure-social ge24-labour ge24-nonvoters ge24-reform hmrc-employed hmrc-taxpayers osm-aldi osm-breweries osm-chippies osm-greggs osm-iceland osm-lidl osm-mcdonalds osm-morrisons osm-pubs osm-stations osm-wetherspoon pop-all repd-battery
hmrc-self-employed,Self-employed taxpayers,Income & tax,hmrc,105,we,West/East,Find the line that puts 50% of self-employed taxpayers west of it,(diagonal),Wiltshire,28,East,ge24-con,0,18,census-heat-electric census-home-caravan census-home-commercial census-home-flat census-hours-49plus census-job-managers census-qual-degree census-tenure-private census-work-from-home ge24-con ge24-green ge24-libdem hmrc-higher-rate osm-costa osm-starbucks osm-tesco repd-solar repd-solar-pipeline
hmrc-tax-amount,Income tax paid,Income & tax,hmrc,105,we,West/East,Find the line that puts 50% of all income tax paid west of it,(diagonal),Buckinghamshire,81,East,osm-windmills,10,2,osm-waitrose osm-windmills
hmrc-taxpayers,Income taxpayers,Income & tax,hmrc,105,we,West/East,Find the line that puts 50% of income taxpayers west of it,(diagonal),Dorset,4,East,ge24-reform,0,35,census-carers-50h census-cars-3plus census-cars-none census-commute-car census-commute-foot census-heat-gas census-home-detached census-home-semi census-home-terraced census-job-operatives census-job-trades census-population census-qual-apprentice census-qual-degree census-qual-none census-tenure-outright census-tenure-private census-tenure-social ge24-green ge24-labour ge24-nonvoters ge24-reform hmrc-employed hmrc-pension osm-chippies osm-costa osm-iceland osm-lidl osm-mcdonalds osm-pubs osm-starbucks osm-tesco osm-wetherspoon pop-all repd-battery
osm-aldi,Aldi shops,Supermarket sweep,osm,105,we,West/East,Find the line that puts 50% of Aldi shops west of it,(diagonal),Leeds,23,West,osm-breweries,1,32,census-carers-50h census-commute-car census-commute-taxi census-health-verybad census-heat-bottled census-heat-gas census-heat-renewable census-home-detached census-home-semi census-home-terraced census-job-operatives census-job-trades census-qual-apprentice census-qual-none census-sick census-tenure-outright census-tenure-social ge24-labour ge24-nonvoters hmrc-pension osm-breweries osm-chippies osm-golf osm-greggs osm-iceland osm-lidl osm-mcdonalds osm-morrisons osm-pubs osm-stations osm-wetherspoon repd-battery-pipeline
osm-breweries,Breweries,Out and about,osm,105,we,West/East,Find the line that puts 50% of breweries west of it,(diagonal),North Yorkshire,24,West,census-sick,0,31,census-carers-50h census-commute-car census-commute-taxi census-health-verybad census-heat-bottled census-heat-gas census-heat-renewable census-home-detached census-home-semi census-home-terraced census-job-operatives census-job-trades census-qual-apprentice census-qual-none census-sick census-tenure-outright census-tenure-social ge24-labour ge24-nonvoters hmrc-pension osm-aldi osm-chippies osm-golf osm-greggs osm-iceland osm-lidl osm-morrisons osm-pubs osm-stations osm-wetherspoon repd-battery-pipeline
osm-castles,Castles,Heritage & coast,osm,105,we,West/East,Find the line that puts 50% of castles west of it,(diagonal),Scottish Borders,147,West,osm-standing-stones,18,1,osm-standing-stones
osm-chippies,Fish and chip shops,Out and about,osm,105,we,West/East,Find the line that puts 50% of fish and chip shops west of it,(diagonal),North Yorkshire,11,West,census-home-terraced,0,39,census-carers-50h census-cars-3plus census-cars-none census-commute-car census-commute-foot census-commute-taxi census-health-verybad census-heat-bottled census-heat-gas census-heat-renewable census-home-detached census-home-semi census-home-terraced census-job-operatives census-job-trades census-population census-qual-apprentice census-qual-none census-sick census-tenure-outright census-tenure-social ge24-labour ge24-nonvoters ge24-reform hmrc-employed hmrc-pension hmrc-taxpayers osm-aldi osm-breweries osm-greggs osm-iceland osm-lidl osm-mcdonalds osm-morrisons osm-pubs osm-stations osm-wetherspoon pop-all repd-battery
osm-costa,Costa Coffee shops,High street,osm,105,we,West/East,Find the line that puts 50% of Costa Coffee shops west of it,(diagonal),Wiltshire,18,East,census-tenure-private,0,21,census-cars-3plus census-heat-electric census-home-caravan census-home-commercial census-hours-49plus census-job-managers census-population census-qual-degree census-tenure-private census-work-from-home ge24-con ge24-green ge24-reform hmrc-employed hmrc-self-employed hmrc-taxpayers osm-starbucks osm-tesco pop-all repd-battery repd-solar
osm-distilleries,Distilleries,Out and about,osm,105,we,West/East,Find the line that puts 50% of distilleries west of it,(diagonal),Moray,225,West,repd-wind-onshore,7,1,repd-wind-onshore
osm-golf,Golf courses,Out and about,osm,105,we,West/East,Find the line that puts 50% of golf courses west of it,(diagonal),Leeds,33,West,repd-battery-pipeline,5,11,census-commute-taxi census-health-verybad census-heat-bottled census-heat-renewable census-sick osm-aldi osm-breweries osm-greggs osm-morrisons osm-stations repd-battery-pipeline
osm-greggs,Greggs shops,High street,osm,105,we,West/East,Find the line that puts 50% of Greggs shops west of it,(diagonal),Leeds,25,West,census-commute-taxi,0,30,census-carers-50h census-commute-car census-commute-taxi census-health-verybad census-heat-bottled census-heat-gas census-heat-renewable census-home-detached census-home-semi census-home-terraced census-job-operatives census-job-trades census-qual-apprentice census-qual-none census-sick census-tenure-outright census-tenure-social ge24-nonvoters hmrc-pension osm-aldi osm-breweries osm-chippies osm-golf osm-iceland osm-lidl osm-morrisons osm-pubs osm-stations osm-wetherspoon repd-battery-pipeline
osm-iceland,Iceland shops,Supermarket sweep,osm,105,we,West/East,Find the line that puts 50% of Iceland shops west of it,(diagonal),Birmingham,10,West,osm-wetherspoon,0,39,census-carers-50h census-cars-3plus census-cars-none census-commute-car census-commute-foot census-commute-taxi census-health-verybad census-heat-bottled census-heat-gas census-heat-renewable census-home-detached census-home-semi census-home-terraced census-job-operatives census-job-trades census-population census-qual-apprentice census-qual-none census-sick census-tenure-outright census-tenure-social ge24-labour ge24-nonvoters ge24-reform hmrc-employed hmrc-pension hmrc-taxpayers osm-aldi osm-breweries osm-chippies osm-greggs osm-lidl osm-mcdonalds osm-morrisons osm-pubs osm-stations osm-wetherspoon pop-all repd-battery
osm-lidl,Lidl shops,Supermarket sweep,osm,105,we,West/East,Find the line that puts 50% of Lidl shops west of it,(diagonal),Birmingham,13,West,census-qual-apprentice,0,38,census-carers-50h census-cars-3plus census-cars-none census-commute-car census-commute-foot census-commute-taxi census-health-verybad census-heat-bottled census-heat-gas census-heat-renewable census-home-detached census-home-semi census-home-terraced census-job-operatives census-job-trades census-population census-qual-apprentice census-qual-none census-sick census-tenure-outright census-tenure-social ge24-labour ge24-nonvoters ge24-reform hmrc-pension hmrc-taxpayers osm-aldi osm-breweries osm-chippies osm-greggs osm-iceland osm-mcdonalds osm-morrisons osm-pubs osm-stations osm-wetherspoon pop-all repd-battery
osm-lighthouses,Lighthouses,Heritage & coast,osm,105,we,West/East,Find the line that puts 50% of lighthouses west of it,(diagonal),Shetland Islands,190,West,osm-standing-stones,29,0,
osm-mands,M&S shops,Supermarket sweep,osm,105,we,West/East,Find the line that puts 50% of Marks & Spencer shops west of it,(diagonal),Oxford,51,East,osm-sainsburys,0,11,census-commute-bike census-commute-motorbike census-home-commercial census-home-flat census-job-managers census-work-from-home ge24-libdem hmrc-higher-rate osm-nandos osm-sainsburys repd-solar-pipeline
osm-mcdonalds,McDonald's restaurants,High street,osm,105,we,West/East,Find the line that puts 50% of McDonald's restaurants west of it,(diagonal),Birmingham,5,West,census-cars-none,0,34,census-carers-50h census-cars-3plus census-cars-none census-commute-car census-commute-foot census-health-verybad census-heat-bottled census-heat-gas census-heat-renewable census-home-detached census-home-semi census-home-terraced census-job-operatives census-job-trades census-population census-qual-apprentice census-qual-degree census-qual-none census-tenure-outright census-tenure-social ge24-labour ge24-nonvoters ge24-reform hmrc-employed hmrc-pension hmrc-taxpayers osm-chippies osm-iceland osm-lidl osm-pubs osm-stations osm-wetherspoon pop-all repd-battery
osm-morrisons,Morrisons supermarkets,Supermarket sweep,osm,105,we,West/East,Find the line that puts 50% of Morrisons supermarkets west of it,(diagonal),Leeds,27,West,census-commute-taxi,2,23,census-carers-50h census-commute-car census-commute-taxi census-health-verybad census-heat-bottled census-heat-renewable census-home-semi census-home-terraced census-qual-apprentice census-sick census-tenure-outright hmrc-pension osm-aldi osm-breweries osm-chippies osm-golf osm-greggs osm-iceland osm-lidl osm-pubs osm-stations osm-wetherspoon repd-battery-pipeline
osm-nandos,Nando's restaurants,High street,osm,105,we,West/East,Find the line that puts 50% of Nando's restaurants west of it,(diagonal),Milton Keynes,56,East,census-commute-motorbike,2,8,census-commute-bike census-commute-motorbike census-home-flat ge24-libdem hmrc-higher-rate osm-mands osm-sainsburys repd-solar-pipeline
osm-pret,Pret A Manger shops,High street,osm,105,we,West/East,Find the line that puts 50% of Pret A Manger shops west of it,(diagonal),Westminster,134,East,census-commute-metro,1,4,census-commute-metro census-commute-train census-home-converted repd-wind-offshore
osm-pubs,Pubs,Out and about,osm,105,we,West/East,Find the line that puts 50% of pubs west of it,(diagonal),North Yorkshire,12,West,census-tenure-outright,0,39,census-carers-50h census-cars-3plus census-cars-none census-commute-car census-commute-foot census-commute-taxi census-health-verybad census-heat-bottled census-heat-gas census-heat-renewable census-home-detached census-home-semi census-home-terraced census-job-operatives census-job-trades census-population census-qual-apprentice census-qual-none census-sick census-tenure-outright census-tenure-social ge24-labour ge24-nonvoters ge24-reform hmrc-employed hmrc-pension hmrc-taxpayers osm-aldi osm-breweries osm-chippies osm-greggs osm-iceland osm-lidl osm-mcdonalds osm-morrisons osm-stations osm-wetherspoon pop-all repd-battery
osm-sainsburys,Sainsbury's shops (all formats),Supermarket sweep,osm,105,we,West/East,Find the line that puts 50% of Sainsbury's shops of every size west of it,(diagonal),Oxford,51,East,osm-mands,0,11,census-commute-bike census-commute-motorbike census-home-commercial census-home-flat census-job-managers census-work-from-home ge24-libdem hmrc-higher-rate osm-mands osm-nandos repd-solar-pipeline
osm-standing-stones,Standing stones and other megaliths,Heritage & coast,osm,105,we,West/East,Find the line that puts 50% of standing stones and other megaliths west of it,(diagonal),Cumberland,165,West,osm-castles,18,1,osm-castles
osm-starbucks,Starbucks shops,High street,osm,105,we,West/East,Find the line that puts 50% of Starbucks shops west of it,(diagonal),Coventry,17,East,census-tenure-private,0,22,census-cars-3plus census-commute-foot census-heat-electric census-home-caravan census-home-commercial census-hours-49plus census-job-managers census-population census-qual-degree census-tenure-private census-work-from-home ge24-con ge24-green ge24-reform hmrc-employed hmrc-self-employed hmrc-taxpayers osm-costa osm-tesco pop-all repd-battery repd-solar
osm-stations,Railway stations,Out and about,osm,105,we,West/East,Find the line that puts 50% of railway stations west of it,(diagonal),North Yorkshire,20,West,census-health-verybad,2,33,census-carers-50h census-cars-none census-commute-car census-commute-taxi census-health-verybad census-heat-bottled census-heat-gas census-heat-renewable census-home-detached census-home-semi census-home-terraced census-job-operatives census-job-trades census-qual-apprentice census-qual-none census-sick census-tenure-outright census-tenure-social ge24-labour ge24-nonvoters hmrc-pension osm-aldi osm-breweries osm-chippies osm-golf osm-greggs osm-iceland osm-lidl osm-mcdonalds osm-morrisons osm-pubs osm-wetherspoon repd-battery-pipeline
osm-tesco,Tesco shops (all formats),Supermarket sweep,osm,105,we,West/East,Find the line that puts 50% of Tesco shops of every size west of it,(diagonal),Wiltshire,18,East,osm-costa,0,20,census-cars-3plus census-heat-electric census-home-caravan census-home-commercial census-hours-49plus census-job-managers census-qual-degree census-tenure-private census-work-from-home ge24-con ge24-green ge24-reform hmrc-employed hmrc-self-employed hmrc-taxpayers osm-costa osm-starbucks pop-all repd-battery repd-solar
osm-waitrose,Waitrose shops,Supermarket sweep,osm,105,we,West/East,Find the line that puts 50% of Waitrose shops west of it,(diagonal),Buckinghamshire,93,East,osm-windmills,1,2,hmrc-tax-amount osm-windmills
osm-wetherspoon,Wetherspoon pubs,High street,osm,105,we,West/East,Find the line that puts 50% of Wetherspoon pubs west of it,(diagonal),Birmingham,9,West,census-tenure-social,0,38,census-carers-50h census-cars-3plus census-cars-none census-commute-car census-commute-foot census-commute-taxi census-health-verybad census-heat-bottled census-heat-gas census-heat-renewable census-home-detached census-home-semi census-home-terraced census-job-operatives census-job-trades census-population census-qual-apprentice census-qual-none census-sick census-tenure-outright census-tenure-social ge24-labour ge24-nonvoters ge24-reform hmrc-employed hmrc-pension hmrc-taxpayers osm-aldi osm-breweries osm-chippies osm-greggs osm-iceland osm-lidl osm-mcdonalds osm-pubs osm-stations pop-all repd-battery
osm-windmills,Windmills (historic),Heritage & coast,osm,105,we,West/East,Find the line that puts 50% of old windmills west of it,(diagonal),East Lindsey,90,East,osm-waitrose,1,2,hmrc-tax-amount osm-waitrose
pop-all,Population,Population,population,105,we,West/East,Find the line that puts 50% of the UK's population west of it,(diagonal),Birmingham,1,East,census-cars-3plus,0,34,census-carers-50h census-cars-3plus census-cars-none census-commute-car census-commute-foot census-heat-gas census-home-detached census-home-semi census-home-terraced census-job-operatives census-job-trades census-population census-qual-apprentice census-qual-degree census-qual-none census-tenure-outright census-tenure-private census-tenure-social ge24-labour ge24-nonvoters ge24-reform hmrc-employed hmrc-pension hmrc-taxpayers osm-chippies osm-costa osm-iceland osm-lidl osm-mcdonalds osm-pubs osm-starbucks osm-tesco osm-wetherspoon repd-battery
repd-battery,Battery storage capacity (MW),Power,repd,105,we,West/East,Find the line that puts 50% of grid battery storage capacity west of it,(diagonal),North Yorkshire,4,East,ge24-reform,0,35,census-carers-50h census-cars-3plus census-cars-none census-commute-car census-commute-foot census-heat-gas census-home-detached census-home-semi census-home-terraced census-job-operatives census-job-trades census-population census-qual-apprentice census-qual-degree census-qual-none census-tenure-outright census-tenure-private census-tenure-social ge24-green ge24-labour ge24-nonvoters ge24-reform hmrc-employed hmrc-pension hmrc-taxpayers osm-chippies osm-costa osm-iceland osm-lidl osm-mcdonalds osm-pubs osm-starbucks osm-tesco osm-wetherspoon pop-all
repd-battery-pipeline,Battery storage consented or being built (MW),Power,repd,105,we,West/East,Find the line that puts 50% of battery storage capacity that is consented or under construction west of it,(diagonal),Staffordshire Moorlands,37,West,osm-golf,4,11,census-commute-taxi census-health-verybad census-heat-renewable census-heat-solid census-sick osm-aldi osm-breweries osm-golf osm-greggs osm-morrisons osm-stations
repd-hydro,Hydro-electric schemes,Power,repd,105,we,West/East,Find the line that puts 50% of hydro-electric schemes west of it,(diagonal),Highland,304,West,osm-distilleries,84,0,
repd-solar,Solar farm capacity (MW),Power,repd,105,we,West/East,Find the line that puts 50% of solar farm capacity west of it,(diagonal),Newark and Sherwood,25,East,census-heat-electric,1,17,census-heat-electric census-home-caravan census-home-commercial census-home-flat census-hours-49plus census-job-managers census-qual-degree census-tenure-private census-work-from-home ge24-con ge24-green ge24-libdem hmrc-self-employed osm-costa osm-starbucks osm-tesco repd-solar-pipeline
repd-solar-pipeline,Solar capacity consented or being built (MW),Power,repd,105,we,West/East,Find the line that puts 50% of solar capacity that is consented or under construction west of it,(diagonal),Bassetlaw,41,East,census-home-flat,1,17,census-commute-bike census-commute-motorbike census-heat-electric census-home-caravan census-home-commercial census-home-flat census-hours-49plus census-job-managers census-work-from-home ge24-con ge24-libdem hmrc-higher-rate hmrc-self-employed osm-mands osm-nandos osm-sainsburys repd-solar
repd-wind-offshore,Offshore wind capacity (MW),Power,repd,105,we,West/East,Find the line that puts 50% of offshore wind power capacity west of it,(diagonal),North Norfolk,128,East,census-commute-metro,0,4,census-commute-metro census-commute-train census-home-converted osm-pret
repd-wind-onshore,Onshore wind capacity (MW),Power,repd,105,we,West/East,Find the line that puts 50% of onshore wind power capacity west of it,(diagonal),South Lanarkshire,218,West,osm-distilleries,7,1,osm-distilleries
census-carers-50h,Carers giving 50+ hours a week,Health & care,unified_census,120,we,North-west/South-east,Find the line that puts 50% of people giving 50 or more hours of unpaid care a week north-west of it,(diagonal),Sandwell,20,North-west,osm-breweries,1,34,census-cars-none census-commute-car census-commute-taxi census-health-verybad census-heat-bottled census-heat-gas census-heat-renewable census-home-detached census-home-semi census-home-terraced census-job-operatives census-job-trades census-qual-apprentice census-qual-none census-sick census-tenure-outright census-tenure-social ge24-labour ge24-nonvoters hmrc-pension osm-aldi osm-breweries osm-chippies osm-golf osm-greggs osm-iceland osm-lidl osm-mcdonalds osm-morrisons osm-pubs osm-stations osm-wetherspoon pop-all repd-battery-pipeline
census-cars-3plus,Households with 3+ cars,Owning & renting,unified_census,120,we,North-west/South-east,Find the line that puts 50% of households with three or more cars or vans north-west of it,(diagonal),Somerset,4,South-east,hmrc-taxpayers,1,34,census-cars-none census-commute-car census-commute-foot census-heat-bottled census-heat-gas census-home-detached census-home-terraced census-hours-49plus census-job-operatives census-job-trades census-population census-qual-degree census-qual-none census-tenure-outright census-tenure-private census-tenure-social ge24-green ge24-labour ge24-nonvoters ge24-reform hmrc-employed hmrc-pension hmrc-taxpayers osm-costa osm-iceland osm-lidl osm-mcdonalds osm-pubs osm-starbucks osm-tesco osm-wetherspoon pop-all repd-battery repd-solar-pipeline
census-cars-none,Households with no car,Owning & renting,unified_census,120,we,North-west/South-east,Find the line that puts 50% of households with no car or van north-west of it,(diagonal),Birmingham,4,North-west,census-home-detached,1,36,census-carers-50h census-cars-3plus census-commute-car census-commute-foot census-heat-bottled census-heat-gas census-heat-renewable census-home-detached census-home-semi census-home-terraced census-job-operatives census-job-trades census-population census-qual-apprentice census-qual-degree census-qual-none census-tenure-outright census-tenure-private census-tenure-social ge24-labour ge24-nonvoters ge24-reform hmrc-employed hmrc-pension hmrc-taxpayers osm-breweries osm-chippies osm-costa osm-iceland osm-lidl osm-mcdonalds osm-pubs osm-starbucks osm-wetherspoon pop-all repd-battery
census-commute-bike,Commuters by bicycle,Getting to work,unified_census,120,we,North-west/South-east,Find the line that puts 50% of people who cycle to work north-west of it,(diagonal),Oxford,51,South-east,hmrc-higher-rate,1,9,census-home-caravan census-home-flat census-work-from-home ge24-libdem hmrc-higher-rate osm-mands osm-nandos osm-sainsburys repd-solar
census-commute-car,Commuters by car or van,Getting to work,unified_census,120,we,North-west/South-east,Find the line that puts 50% of people who drive to work north-west of it,(diagonal),Birmingham,8,North-west,census-home-terraced,0,36,census-carers-50h census-cars-3plus census-cars-none census-commute-foot census-health-verybad census-heat-bottled census-heat-gas census-heat-renewable census-home-detached census-home-semi census-home-terraced census-job-operatives census-job-trades census-population census-qual-apprentice census-qual-degree census-qual-none census-tenure-outright census-tenure-social ge24-labour ge24-nonvoters ge24-reform hmrc-employed hmrc-pension hmrc-taxpayers osm-breweries osm-chippies osm-greggs osm-iceland osm-lidl osm-mcdonalds osm-pubs osm-stations osm-wetherspoon pop-all repd-battery
census-commute-foot,Commuters on foot,Getting to work,unified_census,120,we,North-west/South-east,Find the line that puts 50% of people who walk to work north-west of it,(diagonal),Somerset,5,South-east,hmrc-taxpayers,0,34,census-cars-3plus census-cars-none census-commute-car census-heat-bottled census-heat-gas census-home-detached census-home-terraced census-hours-49plus census-job-operatives census-job-trades census-population census-qual-degree census-qual-none census-tenure-outright census-tenure-private census-tenure-social ge24-green ge24-labour ge24-nonvoters ge24-reform hmrc-employed hmrc-pension hmrc-taxpayers osm-costa osm-iceland osm-lidl osm-mcdonalds osm-pubs osm-starbucks osm-tesco osm-wetherspoon pop-all repd-battery repd-solar-pipeline
census-commute-metro,"Commuters by underground, metro or tram",Getting to work,unified_census,120,we,North-west/South-east,"Find the line that puts 50% of people who commute by underground, metro or tram north-west of it",(diagonal),Waltham Forest,149,South-east,osm-pret,1,4,census-commute-train census-home-converted hmrc-additional-rate osm-pret
census-commute-motorbike,Commuters by motorbike or moped,Getting to work,unified_census,120,we,North-west/South-east,Find the line that puts 50% of people who ride a motorbike or moped to work north-west of it,(diagonal),"Bournemouth, Christchurch and Poole",70,South-east,osm-mands,5,6,census-home-flat ge24-libdem hmrc-higher-rate osm-mands osm-nandos osm-sainsburys
census-commute-taxi,Commuters by taxi,Getting to work,unified_census,120,we,North-west/South-east,Find the line that puts 50% of people who get to work by taxi north-west of it,(diagonal),Sheffield,30,North-west,osm-morrisons,0,14,census-carers-50h census-health-verybad census-heat-renewable census-home-semi census-qual-apprentice census-sick osm-aldi osm-breweries osm-chippies osm-golf osm-greggs osm-morrisons osm-stations repd-battery-pipeline
census-commute-train,Commuters by train,Getting to work,unified_census,120,we,North-west/South-east,Find the line that puts 50% of people who commute by train north-west of it,(diagonal),Brent,140,South-east,osm-pret,7,4,census-commute-metro census-home-converted hmrc-additional-rate osm-pret
census-health-verybad,Very bad health,Health & care,unified_census,120,we,North-west/South-east,Find the line that puts 50% of people in very bad health north-west of it,(diagonal),Sandwell,24,North-west,osm-stations,0,28,census-carers-50h census-commute-car census-commute-taxi census-heat-bottled census-heat-renewable census-home-semi census-home-terraced census-job-operatives census-qual-apprentice census-qual-none census-sick census-tenure-outright census-tenure-social ge24-labour ge24-nonvoters hmrc-pension osm-aldi osm-breweries osm-chippies osm-golf osm-greggs osm-iceland osm-lidl osm-mcdonalds osm-morrisons osm-pubs osm-stations repd-battery-pipeline
census-heat-bottled,Homes heated only by tank or bottled gas,Heating,unified_census,120,we,North-west/South-east,Find the line that puts 50% of homes heated only by tank or bottled gas north-west of it,(diagonal),Wychavon,9,North-west,ge24-labour,0,36,census-carers-50h census-cars-3plus census-cars-none census-commute-car census-commute-foot census-health-verybad census-heat-gas census-heat-renewable census-home-detached census-home-semi census-home-terraced census-job-operatives census-job-trades census-population census-qual-apprentice census-qual-degree census-qual-none census-tenure-outright census-tenure-social ge24-labour ge24-nonvoters ge24-reform hmrc-employed hmrc-pension hmrc-taxpayers osm-breweries osm-chippies osm-greggs osm-iceland osm-lidl osm-mcdonalds osm-pubs osm-stations osm-wetherspoon pop-all repd-battery
census-heat-electric,Homes heated only by electricity,Heating,unified_census,120,we,North-west/South-east,Find the line that puts 50% of homes heated only by electricity north-west of it,(diagonal),Somerset,23,South-east,census-hours-49plus,3,16,census-home-caravan census-home-commercial census-hours-49plus census-job-managers census-qual-degree census-tenure-private census-work-from-home ge24-con ge24-green hmrc-employed hmrc-self-employed osm-costa osm-starbucks osm-tesco repd-solar repd-solar-pipeline
census-heat-gas,Homes heated only by mains gas,Heating,unified_census,120,we,North-west/South-east,Find the line that puts 50% of homes heated only by mains gas north-west of it,(diagonal),Birmingham,5,North-west,census-home-detached,0,36,census-carers-50h census-cars-3plus census-cars-none census-commute-car census-commute-foot census-heat-bottled census-heat-renewable census-home-detached census-home-semi census-home-terraced census-job-operatives census-job-trades census-population census-qual-apprentice census-qual-degree census-qual-none census-tenure-outright census-tenure-private census-tenure-social ge24-labour ge24-nonvoters ge24-reform hmrc-employed hmrc-pension hmrc-taxpayers osm-breweries osm-chippies osm-costa osm-iceland osm-lidl osm-mcdonalds osm-pubs osm-starbucks osm-wetherspoon pop-all repd-battery
census-heat-oil,Homes heated only by oil,Heating,unified_census,120,we,North-west/South-east,Find the line that puts 50% of homes heated only by oil north-west of it,(diagonal),Cornwall,70,North-west,census-heat-wood,3,2,census-heat-solid census-heat-wood
census-heat-renewable,Homes heated only by renewables,Heating,unified_census,120,we,North-west/South-east,Find the line that puts 50% of homes heated only by renewable energy north-west of it,(diagonal),Forest of Dean,17,North-west,census-home-semi,0,34,census-carers-50h census-cars-none census-commute-car census-commute-taxi census-health-verybad census-heat-bottled census-heat-gas census-home-detached census-home-semi census-home-terraced census-job-operatives census-job-trades census-population census-qual-apprentice census-qual-none census-sick census-tenure-outright census-tenure-social ge24-labour ge24-nonvoters ge24-reform hmrc-pension osm-aldi osm-breweries osm-chippies osm-greggs osm-iceland osm-lidl osm-mcdonalds osm-morrisons osm-pubs osm-stations osm-wetherspoon pop-all
census-heat-solid,Homes heated only by solid fuel,Heating,unified_census,120,we,North-west/South-east,"Find the line that puts 50% of homes heated only by solid fuel (coal, peat) north-west of it",(diagonal),North Yorkshire,61,North-west,census-heat-wood,6,2,census-heat-oil census-heat-wood
census-heat-wood,Homes heated only by wood,Heating,unified_census,120,we,North-west/South-east,Find the line that puts 50% of homes heated only by wood north-west of it,(diagonal),Cornwall,67,North-west,census-heat-oil,3,2,census-heat-oil census-heat-solid
census-home-caravan,Households in a caravan or mobile home,Homes,unified_census,120,we,North-west/South-east,Find the line that puts 50% of households living in a caravan or mobile home north-west of it,(diagonal),Wiltshire,39,South-east,census-work-from-home,3,10,census-commute-bike census-heat-electric census-home-commercial census-home-flat census-job-managers census-work-from-home ge24-con hmrc-higher-rate hmrc-self-employed repd-solar
census-home-commercial,Households in a commercial building,Homes,unified_census,120,we,North-west/South-east,"Find the line that puts 50% of households living above a shop, in an office building or hotel north-west of it",(diagonal),Leicester,28,South-east,ge24-con,1,14,census-heat-electric census-home-caravan census-hours-49plus census-job-managers census-tenure-private census-work-from-home ge24-con ge24-green hmrc-self-employed osm-costa osm-starbucks osm-tesco repd-solar repd-solar-pipeline
census-home-converted,Households in converted or shared houses,Homes,unified_census,120,we,North-west/South-east,"Find the line that puts 50% of households in converted or shared houses, including bedsits north-west of it",(diagonal),Brent,134,South-east,hmrc-additional-rate,2,4,census-commute-metro census-commute-train hmrc-additional-rate osm-pret
census-home-detached,Households in detached houses,Homes,unified_census,120,we,North-west/South-east,Find the line that puts 50% of households in a detached house north-west of it,(diagonal),East Riding of Yorkshire,5,North-west,census-heat-gas,0,36,census-carers-50h census-cars-3plus census-cars-none census-commute-car census-commute-foot census-heat-bottled census-heat-gas census-heat-renewable census-home-semi census-home-terraced census-job-operatives census-job-trades census-population census-qual-apprentice census-qual-degree census-qual-none census-tenure-outright census-tenure-private census-tenure-social ge24-labour ge24-nonvoters ge24-reform hmrc-employed hmrc-pension hmrc-taxpayers osm-breweries osm-chippies osm-costa osm-iceland osm-lidl osm-mcdonalds osm-pubs osm-starbucks osm-wetherspoon pop-all repd-battery
census-home-flat,Households in purpose-built flats,Homes,unified_census,120,we,North-west/South-east,Find the line that puts 50% of households in a purpose-built block of flats north-west of it,(diagonal),Dorset,52,South-east,hmrc-higher-rate,0,10,census-commute-bike census-commute-motorbike census-home-caravan census-work-from-home ge24-libdem hmrc-higher-rate osm-mands osm-nandos osm-sainsburys repd-solar
census-home-semi,Households in semi-detached houses,Homes,unified_census,120,we,North-west/South-east,Find the line that puts 50% of households in a semi-detached house north-west of it,(diagonal),Birmingham,17,North-west,census-heat-renewable,0,34,census-carers-50h census-cars-none census-commute-car census-commute-taxi census-health-verybad census-heat-bottled census-heat-gas census-heat-renewable census-home-detached census-home-terraced census-job-operatives census-job-trades census-population census-qual-apprentice census-qual-none census-sick census-tenure-outright census-tenure-social ge24-labour ge24-nonvoters ge24-reform hmrc-pension osm-aldi osm-breweries osm-chippies osm-greggs osm-iceland osm-lidl osm-mcdonalds osm-morrisons osm-pubs osm-stations osm-wetherspoon pop-all
census-home-terraced,Households in terraced houses,Homes,unified_census,120,we,North-west/South-east,Find the line that puts 50% of households in a terraced house north-west of it,(diagonal),Birmingham,8,North-west,census-commute-car,0,36,census-carers-50h census-cars-3plus census-cars-none census-commute-car census-commute-foot census-health-verybad census-heat-bottled census-heat-gas census-heat-renewable census-home-detached census-home-semi census-job-operatives census-job-trades census-population census-qual-apprentice census-qual-degree census-qual-none census-tenure-outright census-tenure-social ge24-labour ge24-nonvoters ge24-reform hmrc-employed hmrc-pension hmrc-taxpayers osm-breweries osm-chippies osm-greggs osm-iceland osm-lidl osm-mcdonalds osm-pubs osm-stations osm-wetherspoon pop-all repd-battery
census-hours-49plus,People working 49+ hours a week,Work & qualifications,unified_census,120,we,North-west/South-east,Find the line that puts 50% of people working 49 or more hours a week north-west of it,(diagonal),Somerset,20,South-east,osm-tesco,2,18,census-cars-3plus census-commute-foot census-heat-electric census-home-commercial census-job-managers census-qual-degree census-tenure-private census-work-from-home ge24-con ge24-green hmrc-employed hmrc-self-employed hmrc-taxpayers osm-costa osm-starbucks osm-tesco repd-solar repd-solar-pipeline
census-job-managers,"Managers, directors and senior officials",Work & qualifications,unified_census,120,we,North-west/South-east,"Find the line that puts 50% of managers, directors and senior officials north-west of it",(diagonal),Wiltshire,32,South-east,repd-solar,3,10,census-heat-electric census-home-caravan census-home-commercial census-hours-49plus census-work-from-home ge24-con ge24-green hmrc-self-employed osm-tesco repd-solar
census-job-operatives,"Process, plant and machine operatives",Work & qualifications,unified_census,120,we,North-west/South-east,"Find the line that puts 50% of process, plant and machine operatives north-west of it",(diagonal),Birmingham,8,North-west,census-qual-none,0,36,census-carers-50h census-cars-3plus census-cars-none census-commute-car census-commute-foot census-health-verybad census-heat-bottled census-heat-gas census-heat-renewable census-home-detached census-home-semi census-home-terraced census-job-trades census-population census-qual-apprentice census-qual-degree census-qual-none census-tenure-outright census-tenure-social ge24-labour ge24-nonvoters ge24-reform hmrc-employed hmrc-pension hmrc-taxpayers osm-breweries osm-chippies osm-greggs osm-iceland osm-lidl osm-mcdonalds osm-pubs osm-stations osm-wetherspoon pop-all repd-battery
census-job-trades,Skilled trades,Work & qualifications,unified_census,120,we,North-west/South-east,Find the line that puts 50% of people working in skilled trades north-west of it,(diagonal),Birmingham,6,North-west,osm-wetherspoon,0,36,census-carers-50h census-cars-3plus census-cars-none census-commute-car census-commute-foot census-heat-bottled census-heat-gas census-heat-renewable census-home-detached census-home-semi census-home-terraced census-job-operatives census-population census-qual-apprentice census-qual-degree census-qual-none census-tenure-outright census-tenure-private census-tenure-social ge24-labour ge24-nonvoters ge24-reform hmrc-employed hmrc-pension hmrc-taxpayers osm-breweries osm-chippies osm-greggs osm-iceland osm-lidl osm-mcdonalds osm-pubs osm-starbucks osm-wetherspoon pop-all repd-battery
census-population,Usual residents (census),Population,unified_census,120,we,North-west/South-east,Find the line that puts 50% of the UK's residents north-west of it,(diagonal),"Bristol, City of",0,,ge24-reform,1,35,census-cars-3plus census-cars-none census-commute-car census-commute-foot census-heat-bottled census-heat-gas census-heat-renewable census-home-detached census-home-semi census-home-terraced census-job-operatives census-job-trades census-qual-degree census-qual-none census-tenure-outright census-tenure-private census-tenure-social ge24-green ge24-labour ge24-nonvoters ge24-reform hmrc-employed hmrc-pension hmrc-taxpayers osm-chippies osm-costa osm-iceland osm-lidl osm-mcdonalds osm-pubs osm-starbucks osm-wetherspoon pop-all repd-battery repd-solar-pipeline
census-qual-apprentice,Apprenticeships,Work & qualifications,unified_census,120,we,North-west/South-east,Find the line that puts 50% of people whose highest qualification is an apprenticeship north-west of it,(diagonal),Doncaster,18,North-west,osm-chippies,1,33,census-carers-50h census-cars-none census-commute-car census-commute-taxi census-health-verybad census-heat-bottled census-heat-gas census-heat-renewable census-home-detached census-home-semi census-home-terraced census-job-operatives census-job-trades census-qual-none census-sick census-tenure-outright census-tenure-social ge24-labour ge24-nonvoters ge24-reform hmrc-pension osm-aldi osm-breweries osm-chippies osm-greggs osm-iceland osm-lidl osm-mcdonalds osm-morrisons osm-pubs osm-stations osm-wetherspoon pop-all
census-qual-degree,Degree-level qualifications,Work & qualifications,unified_census,120,we,North-west/South-east,Find the line that puts 50% of people with a degree-level qualification or above north-west of it,(diagonal),"Bristol, City of",7,South-east,hmrc-employed,1,35,census-cars-3plus census-cars-none census-commute-car census-commute-foot census-heat-bottled census-heat-electric census-heat-gas census-home-detached census-home-terraced census-hours-49plus census-job-operatives census-job-trades census-population census-qual-none census-tenure-outright census-tenure-private census-tenure-social ge24-green ge24-labour ge24-nonvoters ge24-reform hmrc-employed hmrc-pension hmrc-taxpayers osm-costa osm-iceland osm-lidl osm-mcdonalds osm-pubs osm-starbucks osm-tesco osm-wetherspoon pop-all repd-battery repd-solar-pipeline
census-qual-none,No qualifications,Work & qualifications,unified_census,120,we,North-west/South-east,Find the line that puts 50% of adults with no qualifications north-west of it,(diagonal),Birmingham,8,North-west,census-tenure-outright,0,36,census-carers-50h census-cars-3plus census-cars-none census-commute-car census-commute-foot census-health-verybad census-heat-bottled census-heat-gas census-heat-renewable census-home-detached census-home-semi census-home-terraced census-job-operatives census-job-trades census-population census-qual-apprentice census-qual-degree census-tenure-outright census-tenure-social ge24-labour ge24-nonvoters ge24-reform hmrc-employed hmrc-pension hmrc-taxpayers osm-breweries osm-chippies osm-greggs osm-iceland osm-lidl osm-mcdonalds osm-pubs osm-stations osm-wetherspoon pop-all repd-battery
census-sick,Long-term sick or disabled,Health & care,unified_census,120,we,North-west/South-east,Find the line that puts 50% of people out of work because they are long-term sick or disabled north-west of it,(diagonal),Sheffield,28,North-west,osm-aldi,0,14,census-carers-50h census-commute-taxi census-health-verybad census-heat-renewable census-home-semi census-qual-apprentice osm-aldi osm-breweries osm-chippies osm-golf osm-greggs osm-morrisons osm-stations repd-battery-pipeline
census-tenure-outright,Households that own outright,Owning & renting,unified_census,120,we,North-west/South-east,Find the line that puts 50% of households that own their home outright north-west of it,(diagonal),Birmingham,8,North-west,census-qual-none,0,36,census-carers-50h census-cars-3plus census-cars-none census-commute-car census-commute-foot census-health-verybad census-heat-bottled census-heat-gas census-heat-renewable census-home-detached census-home-semi census-home-terraced census-job-operatives census-job-trades census-population census-qual-apprentice census-qual-degree census-qual-none census-tenure-social ge24-labour ge24-nonvoters ge24-reform hmrc-employed hmrc-pension hmrc-taxpayers osm-breweries osm-chippies osm-greggs osm-iceland osm-lidl osm-mcdonalds osm-pubs osm-stations osm-wetherspoon pop-all repd-battery
census-tenure-private,Households renting privately,Owning & renting,unified_census,120,we,North-west/South-east,Find the line that puts 50% of households renting privately north-west of it,(diagonal),"Bristol, City of",10,South-east,osm-starbucks,0,23,census-cars-3plus census-cars-none census-commute-foot census-heat-electric census-heat-gas census-home-commercial census-home-detached census-hours-49plus census-job-trades census-population census-qual-degree ge24-green ge24-reform hmrc-employed hmrc-taxpayers osm-costa osm-mcdonalds osm-starbucks osm-tesco osm-wetherspoon pop-all repd-battery repd-solar-pipeline
census-tenure-social,Households renting socially,Owning & renting,unified_census,120,we,North-west/South-east,Find the line that puts 50% of households in social housing north-west of it,(diagonal),Birmingham,9,North-west,hmrc-pension,0,36,census-carers-50h census-cars-3plus census-cars-none census-commute-car census-commute-foot census-health-verybad census-heat-bottled census-heat-gas census-heat-renewable census-home-detached census-home-semi census-home-terraced census-job-operatives census-job-trades census-population census-qual-apprentice census-qual-degree census-qual-none census-tenure-outright ge24-labour ge24-nonvoters ge24-reform hmrc-employed hmrc-pension hmrc-taxpayers osm-breweries osm-chippies osm-greggs osm-iceland osm-lidl osm-mcdonalds osm-pubs osm-stations osm-wetherspoon pop-all repd-battery
census-work-from-home,People working mainly from home,Getting to work,unified_census,120,we,North-west/South-east,Find the line that puts 50% of people who work mainly from home north-west of it,(diagonal),Wiltshire,36,South-east,repd-solar,1,11,census-commute-bike census-heat-electric census-home-caravan census-home-commercial census-home-flat census-hours-49plus census-job-managers ge24-con hmrc-higher-rate hmrc-self-employed repd-solar
ge24-con,"Conservative votes, 2024",Election night,ge2024,120,we,North-west/South-east,Find the line that puts 50% of votes cast for the Conservatives in 2024 north-west of it,(diagonal),Kenilworth and Southam,29,South-east,hmrc-self-employed,0,12,census-heat-electric census-home-caravan census-home-commercial census-hours-49plus census-job-managers census-work-from-home ge24-green hmrc-self-employed osm-costa osm-tesco repd-solar repd-solar-pipeline
ge24-green,"Green votes, 2024",Election night,ge2024,120,we,North-west/South-east,Find the line that puts 50% of votes cast for the Greens in 2024 north-west of it,(diagonal),Bristol East,15,South-east,repd-solar-pipeline,1,20,census-cars-3plus census-commute-foot census-heat-electric census-home-commercial census-hours-49plus census-job-managers census-population census-qual-degree census-tenure-private ge24-con ge24-reform hmrc-employed hmrc-self-employed hmrc-taxpayers osm-costa osm-starbucks osm-tesco pop-all repd-battery repd-solar-pipeline
ge24-labour,"Labour votes, 2024",Election night,ge2024,120,we,North-west/South-east,Find the line that puts 50% of votes cast for Labour in 2024 north-west of it,(diagonal),Worcester,9,North-west,census-heat-bottled,0,36,census-carers-50h census-cars-3plus census-cars-none census-commute-car census-commute-foot census-health-verybad census-heat-bottled census-heat-gas census-heat-renewable census-home-detached census-home-semi census-home-terraced census-job-operatives census-job-trades census-population census-qual-apprentice census-qual-degree census-qual-none census-tenure-outright census-tenure-social ge24-nonvoters ge24-reform hmrc-employed hmrc-pension hmrc-taxpayers osm-breweries osm-chippies osm-greggs osm-iceland osm-lidl osm-mcdonalds osm-pubs osm-stations osm-wetherspoon pop-all repd-battery
ge24-libdem,"Liberal Democrat votes, 2024",Election night,ge2024,120,we,North-west/South-east,Find the line that puts 50% of votes cast for the Liberal Democrats in 2024 north-west of it,(diagonal),Oxford West and Abingdon,62,South-east,osm-nandos,2,7,census-commute-bike census-commute-motorbike census-home-flat hmrc-higher-rate osm-mands osm-nandos osm-sainsburys
ge24-nonvoters,"Registered voters who did not vote, 2024",Election night,ge2024,120,we,North-west/South-east,Find the line that puts 50% of registered voters who stayed at home in 2024 north-west of it,(diagonal),Birmingham Ladywood,10,North-west,census-heat-bottled,0,36,census-carers-50h census-cars-3plus census-cars-none census-commute-car census-commute-foot census-health-verybad census-heat-bottled census-heat-gas census-heat-renewable census-home-detached census-home-semi census-home-terraced census-job-operatives census-job-trades census-population census-qual-apprentice census-qual-degree census-qual-none census-tenure-outright census-tenure-social ge24-labour ge24-reform hmrc-employed hmrc-pension hmrc-taxpayers osm-breweries osm-chippies osm-greggs osm-iceland osm-lidl osm-mcdonalds osm-pubs osm-stations osm-wetherspoon pop-all repd-battery
ge24-reform,"Reform UK votes, 2024",Election night,ge2024,120,we,North-west/South-east,Find the line that puts 50% of votes cast for Reform UK in 2024 north-west of it,(diagonal),Sherwood Forest,1,North-west,census-population,1,36,census-cars-3plus census-cars-none census-commute-car census-commute-foot census-heat-bottled census-heat-gas census-heat-renewable census-home-detached census-home-semi census-home-terraced census-job-operatives census-job-trades census-population census-qual-apprentice census-qual-degree census-qual-none census-tenure-outright census-tenure-private census-tenure-social ge24-green ge24-labour ge24-nonvoters hmrc-employed hmrc-pension hmrc-taxpayers osm-chippies osm-costa osm-iceland osm-lidl osm-mcdonalds osm-pubs osm-starbucks osm-wetherspoon pop-all repd-battery repd-solar-pipeline
hmrc-additional-rate,Additional-rate (top-rate) taxpayers,Income & tax,hmrc,120,we,North-west/South-east,Find the line that puts 50% of top-rate taxpayers north-west of it,(diagonal),Barnet,132,South-east,census-home-converted,2,4,census-commute-metro census-commute-train census-home-converted osm-pret
hmrc-employed,Taxpayers with a job,Income & tax,hmrc,120,we,North-west/South-east,Find the line that puts 50% of taxpayers with income from a job north-west of it,(diagonal),"Bristol, City of",6,South-east,census-qual-degree,1,35,census-cars-3plus census-cars-none census-commute-car census-commute-foot census-heat-bottled census-heat-electric census-heat-gas census-home-detached census-home-terraced census-hours-49plus census-job-operatives census-job-trades census-population census-qual-degree census-qual-none census-tenure-outright census-tenure-private census-tenure-social ge24-green ge24-labour ge24-nonvoters ge24-reform hmrc-pension hmrc-taxpayers osm-costa osm-iceland osm-lidl osm-mcdonalds osm-pubs osm-starbucks osm-tesco osm-wetherspoon pop-all repd-battery repd-solar-pipeline
hmrc-higher-rate,Higher-rate taxpayers,Income & tax,hmrc,120,we,North-west/South-east,Find the line that puts 50% of higher-rate taxpayers north-west of it,(diagonal),Wiltshire,52,South-east,census-home-flat,0,10,census-commute-bike census-commute-motorbike census-home-caravan census-home-flat census-work-from-home ge24-libdem osm-mands osm-nandos osm-sainsburys repd-solar
hmrc-pension,Taxpayers with pension income,Income & tax,hmrc,120,we,North-west/South-east,Find the line that puts 50% of taxpayers drawing a pension north-west of it,(diagonal),Somerset,9,North-west,census-tenure-social,0,36,census-carers-50h census-cars-3plus census-cars-none census-commute-car census-commute-foot census-health-verybad census-heat-bottled census-heat-gas census-heat-renewable census-home-detached census-home-semi census-home-terraced census-job-operatives census-job-trades census-population census-qual-apprentice census-qual-degree census-qual-none census-tenure-outright census-tenure-social ge24-labour ge24-nonvoters ge24-reform hmrc-employed hmrc-taxpayers osm-breweries osm-chippies osm-greggs osm-iceland osm-lidl osm-mcdonalds osm-pubs osm-stations osm-wetherspoon pop-all repd-battery
hmrc-self-employed,Self-employed taxpayers,Income & tax,hmrc,120,we,North-west/South-east,Find the line that puts 50% of self-employed taxpayers north-west of it,(diagonal),Bath and North East Somerset,29,South-east,ge24-con,0,12,census-heat-electric census-home-caravan census-home-commercial census-hours-49plus census-job-managers census-work-from-home ge24-con ge24-green osm-costa osm-tesco repd-solar repd-solar-pipeline
hmrc-tax-amount,Income tax paid,Income & tax,hmrc,120,we,North-west/South-east,Find the line that puts 50% of all income tax paid north-west of it,(diagonal),Buckinghamshire,97,South-east,repd-wind-offshore,4,3,osm-waitrose osm-windmills repd-wind-offshore
hmrc-taxpayers,Income taxpayers,Income & tax,hmrc,120,we,North-west/South-east,Find the line that puts 50% of income taxpayers north-west of it,(diagonal),"Bristol, City of",5,South-east,census-commute-foot,0,34,census-cars-3plus census-cars-none census-commute-car census-commute-foot census-heat-bottled census-heat-gas census-home-detached census-home-terraced census-hours-49plus census-job-operatives census-job-trades census-population census-qual-degree census-qual-none census-tenure-outright census-tenure-private census-tenure-social ge24-green ge24-labour ge24-nonvoters ge24-reform hmrc-employed hmrc-pension osm-costa osm-iceland osm-lidl osm-mcdonalds osm-pubs osm-starbucks osm-tesco osm-wetherspoon pop-all repd-battery repd-solar-pipeline
osm-aldi,Aldi shops,Supermarket sweep,osm,120,we,North-west/South-east,Find the line that puts 50% of Aldi shops north-west of it,(diagonal),Dudley,28,North-west,census-sick,0,14,census-carers-50h census-commute-taxi census-health-verybad census-heat-renewable census-home-semi census-qual-apprentice census-sick osm-breweries osm-chippies osm-golf osm-greggs osm-morrisons osm-stations repd-battery-pipeline
osm-breweries,Breweries,Out and about,osm,120,we,North-west/South-east,Find the line that puts 50% of breweries north-west of it,(diagonal),Dudley,21,North-west,census-carers-50h,1,33,census-carers-50h census-cars-none census-commute-car census-commute-taxi census-health-verybad census-heat-bottled census-heat-gas census-heat-renewable census-home-detached census-home-semi census-home-terraced census-job-operatives census-job-trades census-qual-apprentice census-qual-none census-sick census-tenure-outright census-tenure-social ge24-labour ge24-nonvoters hmrc-pension osm-aldi osm-chippies osm-golf osm-greggs osm-iceland osm-lidl osm-mcdonalds osm-morrisons osm-pubs osm-stations osm-wetherspoon repd-battery-pipeline
osm-castles,Castles,Heritage & coast,osm,120,we,North-west/South-east,Find the line that puts 50% of castles north-west of it,(diagonal),Northumberland,172,North-west,osm-standing-stones,2,1,osm-standing-stones
osm-chippies,Fish and chip shops,Out and about,osm,120,we,North-west/South-east,Find the line that puts 50% of fish and chip shops north-west of it,(diagonal),Birmingham,18,North-west,census-qual-apprentice,1,34,census-carers-50h census-cars-none census-commute-car census-commute-taxi census-health-verybad census-heat-bottled census-heat-gas census-heat-renewable census-home-detached census-home-semi census-home-terraced census-job-operatives census-job-trades census-population census-qual-apprentice census-qual-none census-sick census-tenure-outright census-tenure-social ge24-labour ge24-nonvoters ge24-reform hmrc-pension osm-aldi osm-breweries osm-greggs osm-iceland osm-lidl osm-mcdonalds osm-morrisons osm-pubs osm-stations osm-wetherspoon pop-all
osm-costa,Costa Coffee shops,High street,osm,120,we,North-west/South-east,Find the line that puts 50% of Costa Coffee shops north-west of it,(diagonal),Somerset,12,South-east,repd-solar-pipeline,2,22,census-cars-3plus census-cars-none census-commute-foot census-heat-electric census-heat-gas census-home-commercial census-home-detached census-hours-49plus census-population census-qual-degree census-tenure-private ge24-con ge24-green ge24-reform hmrc-employed hmrc-self-employed hmrc-taxpayers osm-starbucks osm-tesco pop-all repd-battery repd-solar-pipeline
osm-distilleries,Distilleries,Out and about,osm,120,we,North-west/South-east,Find the line that puts 50% of distilleries north-west of it,(diagonal),Aberdeenshire,326,North-west,repd-wind-onshore,31,0,
osm-golf,Golf courses,Out and about,osm,120,we,North-west/South-east,Find the line that puts 50% of golf courses north-west of it,(diagonal),"Herefordshire, County of",36,North-west,repd-battery-pipeline,1,10,census-carers-50h census-commute-taxi census-health-verybad census-sick osm-aldi osm-breweries osm-greggs osm-morrisons osm-stations repd-battery-pipeline
osm-greggs,Greggs shops,High street,osm,120,we,North-west/South-east,Find the line that puts 50% of Greggs shops north-west of it,(diagonal),Cardiff,24,North-west,census-health-verybad,1,30,census-carers-50h census-commute-car census-commute-taxi census-health-verybad census-heat-bottled census-heat-renewable census-home-semi census-home-terraced census-job-operatives census-job-trades census-qual-apprentice census-qual-none census-sick census-tenure-outright census-tenure-social ge24-labour ge24-nonvoters hmrc-pension osm-aldi osm-breweries osm-chippies osm-golf osm-iceland osm-lidl osm-mcdonalds osm-morrisons osm-pubs osm-stations osm-wetherspoon repd-battery-pipeline
osm-iceland,Iceland shops,Supermarket sweep,osm,120,we,North-west/South-east,Find the line that puts 50% of Iceland shops north-west of it,(diagonal),Birmingham,8,North-west,census-home-terraced,0,36,census-carers-50h census-cars-3plus census-cars-none census-commute-car census-commute-foot census-health-verybad census-heat-bottled census-heat-gas census-heat-renewable census-home-detached census-home-semi census-home-terraced census-job-operatives census-job-trades census-population census-qual-apprentice census-qual-degree census-qual-none census-tenure-outright census-tenure-social ge24-labour ge24-nonvoters ge24-reform hmrc-employed hmrc-pension hmrc-taxpayers osm-breweries osm-chippies osm-greggs osm-lidl osm-mcdonalds osm-pubs osm-stations osm-wetherspoon pop-all repd-battery
osm-lidl,Lidl shops,Supermarket sweep,osm,120,we,North-west/South-east,Find the line that puts 50% of Lidl shops north-west of it,(diagonal),Birmingham,9,North-west,osm-pubs,0,36,census-carers-50h census-cars-3plus census-cars-none census-commute-car census-commute-foot census-health-verybad census-heat-bottled census-heat-gas census-heat-renewable census-home-detached census-home-semi census-home-terraced census-job-operatives census-job-trades census-population census-qual-apprentice census-qual-degree census-qual-none census-tenure-outright census-tenure-social ge24-labour ge24-nonvoters ge24-reform hmrc-employed hmrc-pension hmrc-taxpayers osm-breweries osm-chippies osm-greggs osm-iceland osm-mcdonalds osm-pubs osm-stations osm-wetherspoon pop-all repd-battery
osm-lighthouses,Lighthouses,Heritage & coast,osm,120,we,North-west/South-east,Find the line that puts 50% of lighthouses north-west of it,(diagonal),Isle of Anglesey,268,North-west,repd-wind-onshore,28,0,
osm-mands,M&S shops,Supermarket sweep,osm,120,we,North-west/South-east,Find the line that puts 50% of Marks & Spencer shops north-west of it,(diagonal),Wiltshire,64,South-east,osm-nandos,0,7,census-commute-bike census-commute-motorbike census-home-flat ge24-libdem hmrc-higher-rate osm-nandos osm-sainsburys
osm-mcdonalds,McDonald's restaurants,High street,osm,120,we,North-west/South-east,Find the line that puts 50% of McDonald's restaurants north-west of it,(diagonal),Birmingham,7,North-west,census-job-operatives,1,38,census-carers-50h census-cars-3plus census-cars-none census-commute-car census-commute-foot census-health-verybad census-heat-bottled census-heat-gas census-heat-renewable census-home-detached census-home-semi census-home-terraced census-job-operatives census-job-trades census-population census-qual-apprentice census-qual-degree census-qual-none census-tenure-outright census-tenure-private census-tenure-social ge24-labour ge24-nonvoters ge24-reform hmrc-employed hmrc-pension hmrc-taxpayers osm-breweries osm-chippies osm-greggs osm-iceland osm-lidl osm-pubs osm-starbucks osm-stations osm-wetherspoon pop-all repd-battery
osm-morrisons,Morrisons supermarkets,Supermarket sweep,osm,120,we,North-west/South-east,Find the line that puts 50% of Morrisons supermarkets north-west of it,(diagonal),Sheffield,31,North-west,census-commute-taxi,0,14,census-carers-50h census-commute-taxi census-health-verybad census-heat-renewable census-home-semi census-qual-apprentice census-sick osm-aldi osm-breweries osm-chippies osm-golf osm-greggs osm-stations repd-battery-pipeline
osm-nandos,Nando's restaurants,High street,osm,120,we,North-west/South-east,Find the line that puts 50% of Nando's restaurants north-west of it,(diagonal),Milton Keynes,64,South-east,osm-mands,0,7,census-commute-bike census-commute-motorbike census-home-flat ge24-libdem hmrc-higher-rate osm-mands osm-sainsburys
osm-pret,Pret A Manger shops,High street,osm,120,we,North-west/South-east,Find the line that puts 50% of Pret A Manger shops north-west of it,(diagonal),Westminster,148,South-east,census-commute-metro,1,4,census-commute-metro census-commute-train census-home-converted hmrc-additional-rate
osm-pubs,Pubs,Out and about,osm,120,we,North-west/South-east,Find the line that puts 50% of pubs north-west of it,(diagonal),Birmingham,9,North-west,census-commute-car,0,36,census-carers-50h census-cars-3plus census-cars-none census-commute-car census-commute-foot census-health-verybad census-heat-bottled census-heat-gas census-heat-renewable census-home-detached census-home-semi census-home-terraced census-job-operatives census-job-trades census-population census-qual-apprentice census-qual-degree census-qual-none census-tenure-outright census-tenure-social ge24-labour ge24-nonvoters ge24-reform hmrc-employed hmrc-pension hmrc-taxpayers osm-breweries osm-chippies osm-greggs osm-iceland osm-lidl osm-mcdonalds osm-stations osm-wetherspoon pop-all repd-battery
osm-sainsburys,Sainsbury's shops (all formats),Supermarket sweep,osm,120,we,North-west/South-east,Find the line that puts 50% of Sainsbury's shops of every size north-west of it,(diagonal),Wiltshire,59,South-east,ge24-libdem,3,7,census-commute-bike census-commute-motorbike census-home-flat ge24-libdem hmrc-higher-rate osm-mands osm-nandos
osm-standing-stones,Standing stones and other megaliths,Heritage & coast,osm,120,we,North-west/South-east,Find the line that puts 50% of standing stones and other megaliths north-west of it,(diagonal),Northumberland,175,North-west,osm-castles,2,1,osm-castles
osm-starbucks,Starbucks shops,High street,osm,120,we,North-west/South-east,Find the line that puts 50% of Starbucks shops north-west of it,(diagonal),Somerset,10,South-east,census-tenure-private,0,23,census-cars-3plus census-cars-none census-commute-foot census-heat-electric census-heat-gas census-home-commercial census-home-detached census-hours-49plus census-job-trades census-population census-qual-degree census-tenure-private ge24-green ge24-reform hmrc-employed hmrc-taxpayers osm-costa osm-mcdonalds osm-tesco osm-wetherspoon pop-all repd-battery repd-solar-pipeline
osm-stations,Railway stations,Out and about,osm,120,we,North-west/South-east,Find the line that puts 50% of railway stations north-west of it,(diagonal),Cardiff,25,North-west,census-health-verybad,0,28,census-carers-50h census-commute-car census-commute-taxi census-health-verybad census-heat-bottled census-heat-renewable census-home-semi census-home-terraced census-job-operatives census-qual-apprentice census-qual-none census-sick census-tenure-outright census-tenure-social ge24-labour ge24-nonvoters hmrc-pension osm-aldi osm-breweries osm-chippies osm-golf osm-greggs osm-iceland osm-lidl osm-mcdonalds osm-morrisons osm-pubs repd-battery-pipeline
osm-tesco,Tesco shops (all formats),Supermarket sweep,osm,120,we,North-west/South-east,Find the line that puts 50% of Tesco shops of every size north-west of it,(diagonal),Somerset,18,South-east,census-hours-49plus,2,18,census-cars-3plus census-commute-foot census-heat-electric census-home-commercial census-hours-49plus census-job-managers census-qual-degree census-tenure-private ge24-con ge24-green hmrc-employed hmrc-self-employed hmrc-taxpayers osm-costa osm-starbucks repd-battery repd-solar repd-solar-pipeline
osm-waitrose,Waitrose shops,Supermarket sweep,osm,120,we,North-west/South-east,Find the line that puts 50% of Waitrose shops north-west of it,(diagonal),Buckinghamshire,113,South-east,repd-wind-offshore,12,2,hmrc-tax-amount repd-wind-offshore
osm-wetherspoon,Wetherspoon pubs,High street,osm,120,we,North-west/South-east,Find the line that puts 50% of Wetherspoon pubs north-west of it,(diagonal),Birmingham,6,North-west,census-job-trades,0,36,census-carers-50h census-cars-3plus census-cars-none census-commute-car census-commute-foot census-heat-bottled census-heat-gas census-heat-renewable census-home-detached census-home-semi census-home-terraced census-job-operatives census-job-trades census-population census-qual-apprentice census-qual-degree census-qual-none census-tenure-outright census-tenure-private census-tenure-social ge24-labour ge24-nonvoters ge24-reform hmrc-employed hmrc-pension hmrc-taxpayers osm-breweries osm-chippies osm-greggs osm-iceland osm-lidl osm-mcdonalds osm-pubs osm-starbucks pop-all repd-battery
osm-windmills,Windmills (historic),Heritage & coast,osm,120,we,North-west/South-east,Find the line that puts 50% of old windmills north-west of it,(diagonal),East Lindsey,90,South-east,hmrc-tax-amount,7,2,hmrc-tax-amount repd-wind-offshore
pop-all,Population,Population,population,120,we,North-west/South-east,Find the line that puts 50% of the UK's population north-west of it,(diagonal),Birmingham,2,North-west,ge24-reform,1,37,census-carers-50h census-cars-3plus census-cars-none census-commute-car census-commute-foot census-heat-bottled census-heat-gas census-heat-renewable census-home-detached census-home-semi census-home-terraced census-job-operatives census-job-trades census-population census-qual-apprentice census-qual-degree census-qual-none census-tenure-outright census-tenure-private census-tenure-social ge24-green ge24-labour ge24-nonvoters ge24-reform hmrc-employed hmrc-pension hmrc-taxpayers osm-chippies osm-costa osm-iceland osm-lidl osm-mcdonalds osm-pubs osm-starbucks osm-wetherspoon repd-battery repd-solar-pipeline
repd-battery,Battery storage capacity (MW),Power,repd,120,we,North-west/South-east,Find the line that puts 50% of grid battery storage capacity north-west of it,(diagonal),East Riding of Yorkshire,2,South-east,census-cars-3plus,1,33,census-cars-3plus census-cars-none census-commute-car census-commute-foot census-heat-bottled census-heat-gas census-home-detached census-home-terraced census-job-operatives census-job-trades census-population census-qual-degree census-qual-none census-tenure-outright census-tenure-private census-tenure-social ge24-green ge24-labour ge24-nonvoters ge24-reform hmrc-employed hmrc-pension hmrc-taxpayers osm-costa osm-iceland osm-lidl osm-mcdonalds osm-pubs osm-starbucks osm-tesco osm-wetherspoon pop-all repd-solar-pipeline
repd-battery-pipeline,Battery storage consented or being built (MW),Power,repd,120,we,North-west/South-east,Find the line that puts 50% of battery storage capacity that is consented or under construction north-west of it,(diagonal),North Yorkshire,36,North-west,osm-golf,1,11,census-carers-50h census-commute-taxi census-health-verybad census-qual-apprentice census-sick osm-aldi osm-breweries osm-golf osm-greggs osm-morrisons osm-stations
repd-hydro,Hydro-electric schemes,Power,repd,120,we,North-west/South-east,Find the line that puts 50% of hydro-electric schemes north-west of it,(diagonal),Highland,403,North-west,osm-distilleries,82,0,
repd-solar,Solar farm capacity (MW),Power,repd,120,we,North-west/South-east,Find the line that puts 50% of solar farm capacity north-west of it,(diagonal),South Kesteven,36,South-east,census-work-from-home,1,12,census-commute-bike census-heat-electric census-home-caravan census-home-commercial census-home-flat census-hours-49plus census-job-managers census-work-from-home ge24-con hmrc-higher-rate hmrc-self-employed osm-tesco
repd-solar-pipeline,Solar capacity consented or being built (MW),Power,repd,120,we,North-west/South-east,Find the line that puts 50% of solar capacity that is consented or under construction north-west of it,(diagonal),West Lindsey,14,South-east,ge24-green,1,19,census-cars-3plus census-commute-foot census-heat-electric census-home-commercial census-hours-49plus census-population census-qual-degree census-tenure-private ge24-con ge24-green ge24-reform hmrc-employed hmrc-self-employed hmrc-taxpayers osm-costa osm-starbucks osm-tesco pop-all repd-battery
repd-wind-offshore,Offshore wind capacity (MW),Power,repd,120,we,North-west/South-east,Find the line that puts 50% of offshore wind power capacity north-west of it,(diagonal),North Norfolk,97,South-east,hmrc-tax-amount,3,3,hmrc-tax-amount osm-waitrose osm-windmills
repd-wind-onshore,Onshore wind capacity (MW),Power,repd,120,we,North-west/South-east,Find the line that puts 50% of onshore wind power capacity north-west of it,(diagonal),East Ayrshire,295,North-west,osm-lighthouses,28,0,
census-carers-50h,Carers giving 50+ hours a week,Health & care,unified_census,135,ns,North-west/South-east,Find the line that puts 50% of people giving 50 or more hours of unpaid care a week north-west of it,(diagonal),Sandwell,21,North-west,osm-chippies,0,32,census-cars-none census-commute-car census-health-verybad census-heat-gas census-home-detached census-home-semi census-home-terraced census-job-operatives census-job-trades census-qual-apprentice census-qual-none census-sick census-tenure-outright census-tenure-social ge24-labour ge24-nonvoters ge24-reform hmrc-pension osm-aldi osm-breweries osm-chippies osm-golf osm-greggs osm-iceland osm-lidl osm-mcdonalds osm-morrisons osm-pubs osm-stations osm-wetherspoon repd-battery repd-solar-pipeline
census-cars-3plus,Households with 3+ cars,Owning & renting,unified_census,135,ns,North-west/South-east,Find the line that puts 50% of households with three or more cars or vans north-west of it,(diagonal),Cornwall,4,South-east,census-commute-foot,0,26,census-cars-none census-commute-foot census-heat-bottled census-heat-gas census-heat-renewable census-home-detached census-home-terraced census-job-trades census-population census-qual-degree census-tenure-outright census-tenure-private ge24-labour ge24-reform hmrc-employed hmrc-pension hmrc-taxpayers osm-breweries osm-iceland osm-lidl osm-mcdonalds osm-pubs osm-starbucks osm-wetherspoon pop-all repd-solar-pipeline
census-cars-none,Households with no car,Owning & renting,unified_census,135,ns,North-west/South-east,Find the line that puts 50% of households with no car or van north-west of it,(diagonal),Birmingham,10,North-west,census-heat-gas,0,34,census-carers-50h census-cars-3plus census-commute-car census-commute-foot census-health-verybad census-heat-bottled census-heat-gas census-heat-renewable census-home-detached census-home-semi census-home-terraced census-job-operatives census-job-trades census-population census-qual-apprentice census-qual-none census-tenure-outright census-tenure-social ge24-labour ge24-nonvoters ge24-reform hmrc-pension osm-breweries osm-chippies osm-greggs osm-iceland osm-lidl osm-mcdonalds osm-pubs osm-stations osm-wetherspoon pop-all repd-battery repd-solar-pipeline
census-commute-bike,Commuters by bicycle,Getting to work,unified_census,135,ns,North-west/South-east,Find the line that puts 50% of people who cycle to work north-west of it,(diagonal),Somerset,53,South-east,hmrc-higher-rate,2,13,census-heat-electric census-home-caravan census-home-commercial census-home-flat census-job-managers census-work-from-home ge24-con hmrc-higher-rate hmrc-self-employed osm-mands osm-nandos osm-sainsburys repd-solar
census-commute-car,Commuters by car or van,Getting to work,unified_census,135,ns,North-west/South-east,Find the line that puts 50% of people who drive to work north-west of it,(diagonal),Birmingham,14,North-west,census-qual-none,0,33,census-carers-50h census-cars-none census-health-verybad census-heat-bottled census-heat-gas census-heat-renewable census-home-detached census-home-semi census-home-terraced census-job-operatives census-job-trades census-population census-qual-apprentice census-qual-none census-sick census-tenure-outright census-tenure-social ge24-labour ge24-nonvoters ge24-reform hmrc-pension osm-breweries osm-chippies osm-greggs osm-iceland osm-lidl osm-mcdonalds osm-pubs osm-stations osm-wetherspoon pop-all repd-battery repd-solar-pipeline
census-commute-foot,Commuters on foot,Getting to work,unified_census,135,ns,North-west/South-east,Find the line that puts 50% of people who walk to work north-west of it,(diagonal),Cornwall,4,South-east,census-cars-3plus,0,26,census-cars-3plus census-cars-none census-heat-bottled census-heat-gas census-heat-renewable census-home-detached census-home-terraced census-job-trades census-population census-qual-degree census-tenure-outright census-tenure-private ge24-labour ge24-reform hmrc-employed hmrc-pension hmrc-taxpayers osm-breweries osm-iceland osm-lidl osm-mcdonalds osm-pubs osm-starbucks osm-wetherspoon pop-all repd-solar-pipeline
census-commute-metro,"Commuters by underground, metro or tram",Getting to work,unified_census,135,ns,North-west/South-east,"Find the line that puts 50% of people who commute by underground, metro or tram north-west of it",(diagonal),Waltham Forest,145,South-east,osm-pret,0,4,census-commute-train census-home-converted hmrc-additional-rate osm-pret
census-commute-motorbike,Commuters by motorbike or moped,Getting to work,unified_census,135,ns,North-west/South-east,Find the line that puts 50% of people who ride a motorbike or moped to work north-west of it,(diagonal),Wiltshire,73,South-east,ge24-libdem,0,6,census-home-flat ge24-libdem osm-mands osm-nandos osm-sainsburys osm-windmills
census-commute-taxi,Commuters by taxi,Getting to work,unified_census,135,ns,North-west/South-east,Find the line that puts 50% of people who get to work by taxi north-west of it,(diagonal),Telford and Wrekin,45,North-west,osm-aldi,6,4,census-sick osm-aldi osm-golf osm-morrisons
census-commute-train,Commuters by train,Getting to work,unified_census,135,ns,North-west/South-east,Find the line that puts 50% of people who commute by train north-west of it,(diagonal),Brent,140,South-east,census-home-converted,4,4,census-commute-metro census-home-converted hmrc-additional-rate osm-pret
census-health-verybad,Very bad health,Health & care,unified_census,135,ns,North-west/South-east,Find the line that puts 50% of people in very bad health north-west of it,(diagonal),Sandwell,25,North-west,osm-greggs,3,30,census-carers-50h census-cars-none census-commute-car census-heat-gas census-home-detached census-home-semi census-home-terraced census-job-operatives census-job-trades census-qual-apprentice census-qual-none census-sick census-tenure-outright census-tenure-social ge24-labour ge24-nonvoters osm-aldi osm-breweries osm-chippies osm-golf osm-greggs osm-iceland osm-lidl osm-mcdonalds osm-morrisons osm-pubs osm-stations osm-wetherspoon repd-battery repd-solar-pipeline
census-heat-bottled,Homes heated only by tank or bottled gas,Heating,unified_census,135,ns,North-west/South-east,Find the line that puts 50% of homes heated only by tank or bottled gas north-west of it,(diagonal),Cornwall,1,North-west,pop-all,1,32,census-cars-3plus census-cars-none census-commute-car census-commute-foot census-heat-gas census-heat-renewable census-home-detached census-home-terraced census-job-operatives census-job-trades census-population census-qual-degree census-qual-none census-tenure-outright census-tenure-social ge24-labour ge24-nonvoters ge24-reform hmrc-employed hmrc-pension hmrc-taxpayers osm-breweries osm-iceland osm-lidl osm-mcdonalds osm-pubs osm-starbucks osm-stations osm-wetherspoon pop-all repd-battery repd-solar-pipeline
census-heat-electric,Homes heated only by electricity,Heating,unified_census,135,ns,North-west/South-east,Find the line that puts 50% of homes heated only by electricity north-west of it,(diagonal),Somerset,47,South-east,census-job-managers,1,17,census-commute-bike census-home-caravan census-home-commercial census-home-flat census-hours-49plus census-job-managers census-work-from-home ge24-con ge24-green hmrc-higher-rate hmrc-self-employed osm-costa osm-mands osm-sainsburys osm-tesco repd-solar repd-wind-offshore
census-heat-gas,Homes heated only by mains gas,Heating,unified_census,135,ns,North-west/South-east,Find the line that puts 50% of homes heated only by mains gas north-west of it,(diagonal),Birmingham,10,North-west,census-cars-none,0,34,census-carers-50h census-cars-3plus census-cars-none census-commute-car census-commute-foot census-health-verybad census-heat-bottled census-heat-renewable census-home-detached census-home-semi census-home-terraced census-job-operatives census-job-trades census-population census-qual-apprentice census-qual-none census-tenure-outright census-tenure-social ge24-labour ge24-nonvoters ge24-reform hmrc-pension osm-breweries osm-chippies osm-greggs osm-iceland osm-lidl osm-mcdonalds osm-pubs osm-stations osm-wetherspoon pop-all repd-battery repd-solar-pipeline
census-heat-oil,Homes heated only by oil,Heating,unified_census,135,ns,North-west/South-east,Find the line that puts 50% of homes heated only by oil north-west of it,(diagonal),Shropshire,75,North-west,repd-battery-pipeline,0,3,census-heat-solid census-heat-wood repd-battery-pipeline
census-heat-renewable,Homes heated only by renewables,Heating,unified_census,135,ns,North-west/South-east,Find the line that puts 50% of homes heated only by renewable energy north-west of it,(diagonal),Cornwall,3,North-west,ge24-reform,1,32,census-cars-3plus census-cars-none census-commute-car census-commute-foot census-heat-bottled census-heat-gas census-home-detached census-home-terraced census-job-operatives census-job-trades census-population census-qual-degree census-qual-none census-tenure-outright census-tenure-social ge24-labour ge24-nonvoters ge24-reform hmrc-employed hmrc-pension hmrc-taxpayers osm-breweries osm-iceland osm-lidl osm-mcdonalds osm-pubs osm-starbucks osm-stations osm-wetherspoon pop-all repd-battery repd-solar-pipeline
census-heat-solid,Homes heated only by solid fuel,Heating,unified_census,135,ns,North-west/South-east,"Find the line that puts 50% of homes heated only by solid fuel (coal, peat) north-west of it",(diagonal),Carmarthenshire,67,North-west,census-heat-wood,0,3,census-heat-oil census-heat-wood repd-battery-pipeline
census-heat-wood,Homes heated only by wood,Heating,unified_census,135,ns,North-west/South-east,Find the line that puts 50% of homes heated only by wood north-west of it,(diagonal),Shropshire,67,North-west,census-heat-solid,0,3,census-heat-oil census-heat-solid repd-battery-pipeline
census-home-caravan,Households in a caravan or mobile home,Homes,unified_census,135,ns,North-west/South-east,Find the line that puts 50% of households living in a caravan or mobile home north-west of it,(diagonal),Somerset,45,South-east,census-home-commercial,1,15,census-commute-bike census-heat-electric census-home-commercial census-home-flat census-hours-49plus census-job-managers census-work-from-home ge24-con ge24-green hmrc-higher-rate hmrc-self-employed osm-costa osm-tesco repd-solar repd-wind-offshore
census-home-commercial,Households in a commercial building,Homes,unified_census,135,ns,North-west/South-east,"Find the line that puts 50% of households living above a shop, in an office building or hotel north-west of it",(diagonal),"Bristol, City of",46,South-east,census-home-caravan,1,16,census-commute-bike census-heat-electric census-home-caravan census-home-flat census-hours-49plus census-job-managers census-work-from-home ge24-con ge24-green hmrc-higher-rate hmrc-self-employed osm-costa osm-sainsburys osm-tesco repd-solar repd-wind-offshore
census-home-converted,Households in converted or shared houses,Homes,unified_census,135,ns,North-west/South-east,"Find the line that puts 50% of households in converted or shared houses, including bedsits north-west of it",(diagonal),Camden,136,South-east,census-commute-train,4,5,census-commute-metro census-commute-train hmrc-additional-rate osm-pret osm-waitrose
census-home-detached,Households in detached houses,Homes,unified_census,135,ns,North-west/South-east,Find the line that puts 50% of households in a detached house north-west of it,(diagonal),Birmingham,7,North-west,census-job-trades,0,36,census-carers-50h census-cars-3plus census-cars-none census-commute-car census-commute-foot census-health-verybad census-heat-bottled census-heat-gas census-heat-renewable census-home-semi census-home-terraced census-job-operatives census-job-trades census-population census-qual-apprentice census-qual-none census-tenure-outright census-tenure-social ge24-labour ge24-nonvoters ge24-reform hmrc-employed hmrc-pension hmrc-taxpayers osm-breweries osm-chippies osm-greggs osm-iceland osm-lidl osm-mcdonalds osm-pubs osm-stations osm-wetherspoon pop-all repd-battery repd-solar-pipeline
census-home-flat,Households in purpose-built flats,Homes,unified_census,135,ns,North-west/South-east,Find the line that puts 50% of households in a purpose-built block of flats north-west of it,(diagonal),Somerset,56,South-east,hmrc-higher-rate,2,15,census-commute-bike census-commute-motorbike census-heat-electric census-home-caravan census-home-commercial census-job-managers census-work-from-home ge24-con ge24-libdem hmrc-higher-rate hmrc-self-employed osm-mands osm-nandos osm-sainsburys repd-solar
census-home-semi,Households in semi-detached houses,Homes,unified_census,135,ns,North-west/South-east,Find the line that puts 50% of households in a semi-detached house north-west of it,(diagonal),Dudley,22,North-west,census-qual-apprentice,0,32,census-carers-50h census-cars-none census-commute-car census-health-verybad census-heat-gas census-home-detached census-home-terraced census-job-operatives census-job-trades census-qual-apprentice census-qual-none census-sick census-tenure-outright census-tenure-social ge24-labour ge24-nonvoters ge24-reform hmrc-pension osm-aldi osm-breweries osm-chippies osm-golf osm-greggs osm-iceland osm-lidl osm-mcdonalds osm-morrisons osm-pubs osm-stations osm-wetherspoon repd-battery repd-solar-pipeline
census-home-terraced,Households in terraced houses,Homes,unified_census,135,ns,North-west/South-east,Find the line that puts 50% of households in a terraced house north-west of it,(diagonal),Birmingham,13,North-west,census-tenure-outright,0,35,census-carers-50h census-cars-3plus census-cars-none census-commute-car census-commute-foot census-health-verybad census-heat-bottled census-heat-gas census-heat-renewable census-home-detached census-home-semi census-job-operatives census-job-trades census-population census-qual-apprentice census-qual-none census-sick census-tenure-outright census-tenure-social ge24-labour ge24-nonvoters ge24-reform hmrc-pension osm-breweries osm-chippies osm-greggs osm-iceland osm-lidl osm-mcdonalds osm-pubs osm-stations osm-wetherspoon pop-all repd-battery repd-solar-pipeline
census-hours-49plus,People working 49+ hours a week,Work & qualifications,unified_census,135,ns,North-west/South-east,Find the line that puts 50% of people working 49 or more hours a week north-west of it,(diagonal),"Bristol, City of",32,South-east,osm-tesco,0,12,census-heat-electric census-home-caravan census-home-commercial census-job-managers census-tenure-private census-work-from-home ge24-con ge24-green hmrc-self-employed osm-costa osm-tesco repd-wind-offshore
census-job-managers,"Managers, directors and senior officials",Work & qualifications,unified_census,135,ns,North-west/South-east,"Find the line that puts 50% of managers, directors and senior officials north-west of it",(diagonal),Somerset,48,South-east,census-work-from-home,0,16,census-commute-bike census-heat-electric census-home-caravan census-home-commercial census-home-flat census-hours-49plus census-work-from-home ge24-con ge24-green hmrc-higher-rate hmrc-self-employed osm-costa osm-mands osm-sainsburys osm-tesco repd-solar
census-job-operatives,"Process, plant and machine operatives",Work & qualifications,unified_census,135,ns,North-west/South-east,"Find the line that puts 50% of process, plant and machine operatives north-west of it",(diagonal),Birmingham,15,North-west,repd-battery,0,33,census-carers-50h census-cars-none census-commute-car census-health-verybad census-heat-bottled census-heat-gas census-heat-renewable census-home-detached census-home-semi census-home-terraced census-job-trades census-population census-qual-apprentice census-qual-none census-sick census-tenure-outright census-tenure-social ge24-labour ge24-nonvoters ge24-reform hmrc-pension osm-breweries osm-chippies osm-greggs osm-iceland osm-lidl osm-mcdonalds osm-pubs osm-stations osm-wetherspoon pop-all repd-battery repd-solar-pipeline
census-job-trades,Skilled trades,Work & qualifications,unified_census,135,ns,North-west/South-east,Find the line that puts 50% of people working in skilled trades north-west of it,(diagonal),Birmingham,8,North-west,census-home-detached,0,36,census-carers-50h census-cars-3plus census-cars-none census-commute-car census-commute-foot census-health-verybad census-heat-bottled census-heat-gas census-heat-renewable census-home-detached census-home-semi census-home-terraced census-job-operatives census-population census-qual-apprentice census-qual-none census-tenure-outright census-tenure-social ge24-labour ge24-nonvoters ge24-reform hmrc-employed hmrc-pension hmrc-taxpayers osm-breweries osm-chippies osm-greggs osm-iceland osm-lidl osm-mcdonalds osm-pubs osm-stations osm-wetherspoon pop-all repd-battery repd-solar-pipeline
census-population,Usual residents (census),Population,unified_census,135,ns,North-west/South-east,Find the line that puts 50% of the UK's residents north-west of it,(diagonal),Cornwall,0,,pop-all,0,32,census-cars-3plus census-cars-none census-commute-car census-commute-foot census-heat-bottled census-heat-gas census-heat-renewable census-home-detached census-home-terraced census-job-operatives census-job-trades census-qual-degree census-qual-none census-tenure-outright census-tenure-social ge24-labour ge24-nonvoters ge24-reform hmrc-employed hmrc-pension hmrc-taxpayers osm-breweries osm-iceland osm-lidl osm-mcdonalds osm-pubs osm-starbucks osm-stations osm-wetherspoon pop-all repd-battery repd-solar-pipeline
census-qual-apprentice,Apprenticeships,Work & qualifications,unified_census,135,ns,North-west/South-east,Find the line that puts 50% of people whose highest qualification is an apprenticeship north-west of it,(diagonal),Birmingham,22,North-west,osm-greggs,0,32,census-carers-50h census-cars-none census-commute-car census-health-verybad census-heat-gas census-home-detached census-home-semi census-home-terraced census-job-operatives census-job-trades census-qual-none census-sick census-tenure-outright census-tenure-social ge24-labour ge24-nonvoters ge24-reform hmrc-pension osm-aldi osm-breweries osm-chippies osm-golf osm-greggs osm-iceland osm-lidl osm-mcdonalds osm-morrisons osm-pubs osm-stations osm-wetherspoon repd-battery repd-solar-pipeline
census-qual-degree,Degree-level qualifications,Work & qualifications,unified_census,135,ns,North-west/South-east,Find the line that puts 50% of people with a degree-level qualification or above north-west of it,(diagonal),Cornwall,13,South-east,osm-starbucks,2,13,census-cars-3plus census-commute-foot census-heat-bottled census-heat-renewable census-population census-tenure-private ge24-reform hmrc-employed hmrc-taxpayers osm-costa osm-starbucks pop-all repd-wind-offshore
census-qual-none,No qualifications,Work & qualifications,unified_census,135,ns,North-west/South-east,Find the line that puts 50% of adults with no qualifications north-west of it,(diagonal),Birmingham,14,North-west,census-commute-car,0,34,census-carers-50h census-cars-none census-commute-car census-commute-foot census-health-verybad census-heat-bottled census-heat-gas census-heat-renewable census-home-detached census-home-semi census-home-terraced census-job-operatives census-job-trades census-population census-qual-apprentice census-sick census-tenure-outright census-tenure-social ge24-labour ge24-nonvoters ge24-reform hmrc-pension osm-breweries osm-chippies osm-greggs osm-iceland osm-lidl osm-mcdonalds osm-pubs osm-stations osm-wetherspoon pop-all repd-battery repd-solar-pipeline
census-sick,Long-term sick or disabled,Health & care,unified_census,135,ns,North-west/South-east,Find the line that puts 50% of people out of work because they are long-term sick or disabled north-west of it,(diagonal),Sandwell,28,North-west,census-health-verybad,4,23,census-carers-50h census-commute-car census-commute-taxi census-health-verybad census-home-semi census-home-terraced census-job-operatives census-qual-apprentice census-qual-none census-tenure-outright census-tenure-social ge24-labour ge24-nonvoters osm-aldi osm-chippies osm-golf osm-greggs osm-iceland osm-lidl osm-morrisons osm-pubs osm-stations repd-battery
census-tenure-outright,Households that own outright,Owning & renting,unified_census,135,ns,North-west/South-east,Find the line that puts 50% of households that own their home outright north-west of it,(diagonal),Birmingham,13,North-west,ge24-labour,0,35,census-carers-50h census-cars-3plus census-cars-none census-commute-car census-commute-foot census-health-verybad census-heat-bottled census-heat-gas census-heat-renewable census-home-detached census-home-semi census-home-terraced census-job-operatives census-job-trades census-population census-qual-apprentice census-qual-none census-sick census-tenure-social ge24-labour ge24-nonvoters ge24-reform hmrc-pension osm-breweries osm-chippies osm-greggs osm-iceland osm-lidl osm-mcdonalds osm-pubs osm-stations osm-wetherspoon pop-all repd-battery repd-solar-pipeline
census-tenure-private,Households renting privately,Owning & renting,unified_census,135,ns,North-west/South-east,Find the line that puts 50% of households renting privately north-west of it,(diagonal),"Bristol, City of",20,South-east,census-qual-degree,7,11,census-cars-3plus census-commute-foot census-hours-49plus census-qual-degree ge24-green hmrc-employed hmrc-taxpayers osm-costa osm-starbucks osm-tesco repd-wind-offshore
census-tenure-social,Households renting socially,Owning & renting,unified_census,135,ns,North-west/South-east,Find the line that puts 50% of households in social housing north-west of it,(diagonal),Birmingham,14,North-west,osm-stations,0,33,census-carers-50h census-cars-none census-commute-car census-health-verybad census-heat-bottled census-heat-gas census-heat-renewable census-home-detached census-home-semi census-home-terraced census-job-operatives census-job-trades census-population census-qual-apprentice census-qual-none census-sick census-tenure-outright ge24-labour ge24-nonvoters ge24-reform hmrc-pension osm-breweries osm-chippies osm-greggs osm-iceland osm-lidl osm-mcdonalds osm-pubs osm-stations osm-wetherspoon pop-all repd-battery repd-solar-pipeline
census-work-from-home,People working mainly from home,Getting to work,unified_census,135,ns,North-west/South-east,Find the line that puts 50% of people who work mainly from home north-west of it,(diagonal),"Bristol, City of",48,South-east,census-job-managers,0,16,census-commute-bike census-heat-electric census-home-caravan census-home-commercial census-home-flat census-hours-49plus census-job-managers ge24-con ge24-green hmrc-higher-rate hmrc-self-employed osm-costa osm-mands osm-sainsburys osm-tesco repd-solar
ge24-con,"Conservative votes, 2024",Election night,ge2024,135,ns,North-west/South-east,Find the line that puts 50% of votes cast for the Conservatives in 2024 north-west of it,(diagonal),Rutland and Stamford,41,South-east,hmrc-self-employed,0,15,census-commute-bike census-heat-electric census-home-caravan census-home-commercial census-home-flat census-hours-49plus census-job-managers census-work-from-home ge24-green hmrc-higher-rate hmrc-self-employed osm-costa osm-tesco repd-solar repd-wind-offshore
ge24-green,"Green votes, 2024",Election night,ge2024,135,ns,North-west/South-east,Find the line that puts 50% of votes cast for the Greens in 2024 north-west of it,(diagonal),Bristol Central,33,South-east,census-hours-49plus,1,12,census-heat-electric census-home-caravan census-home-commercial census-hours-49plus census-job-managers census-tenure-private census-work-from-home ge24-con hmrc-self-employed osm-costa osm-tesco repd-wind-offshore
ge24-labour,"Labour votes, 2024",Election night,ge2024,135,ns,North-west/South-east,Find the line that puts 50% of votes cast for Labour in 2024 north-west of it,(diagonal),Gedling,13,North-west,census-tenure-outright,0,35,census-carers-50h census-cars-3plus census-cars-none census-commute-car census-commute-foot census-health-verybad census-heat-bottled census-heat-gas census-heat-renewable census-home-detached census-home-semi census-home-terraced census-job-operatives census-job-trades census-population census-qual-apprentice census-qual-none census-sick census-tenure-outright census-tenure-social ge24-nonvoters ge24-reform hmrc-pension osm-breweries osm-chippies osm-greggs osm-iceland osm-lidl osm-mcdonalds osm-pubs osm-stations osm-wetherspoon pop-all repd-battery repd-solar-pipeline
ge24-libdem,"Liberal Democrat votes, 2024",Election night,ge2024,135,ns,North-west/South-east,Find the line that puts 50% of votes cast for the Liberal Democrats in 2024 north-west of it,(diagonal),West Dorset,73,South-east,census-commute-motorbike,0,6,census-commute-motorbike census-home-flat osm-mands osm-nandos osm-sainsburys osm-windmills
ge24-nonvoters,"Registered voters who did not vote, 2024",Election night,ge2024,135,ns,North-west/South-east,Find the line that puts 50% of registered voters who stayed at home in 2024 north-west of it,(diagonal),Birmingham Ladywood,14,North-west,osm-stations,0,33,census-carers-50h census-cars-none census-commute-car census-health-verybad census-heat-bottled census-heat-gas census-heat-renewable census-home-detached census-home-semi census-home-terraced census-job-operatives census-job-trades census-population census-qual-apprentice census-qual-none census-sick census-tenure-outright census-tenure-social ge24-labour ge24-reform hmrc-pension osm-breweries osm-chippies osm-greggs osm-iceland osm-lidl osm-mcdonalds osm-pubs osm-stations osm-wetherspoon pop-all repd-battery repd-solar-pipeline
ge24-reform,"Reform UK votes, 2024",Election night,ge2024,135,ns,North-west/South-east,Find the line that puts 50% of votes cast for Reform UK in 2024 north-west of it,(diagonal),North Warwickshire and Bedworth,4,North-west,census-heat-renewable,1,36,census-carers-50h census-cars-3plus census-cars-none census-commute-car census-commute-foot census-heat-bottled census-heat-gas census-heat-renewable census-home-detached census-home-semi census-home-terraced census-job-operatives census-job-trades census-population census-qual-apprentice census-qual-degree census-qual-none census-tenure-outright census-tenure-social ge24-labour ge24-nonvoters hmrc-employed hmrc-pension hmrc-taxpayers osm-breweries osm-chippies osm-iceland osm-lidl osm-mcdonalds osm-pubs osm-starbucks osm-stations osm-wetherspoon pop-all repd-battery repd-solar-pipeline
hmrc-additional-rate,Additional-rate (top-rate) taxpayers,Income & tax,hmrc,135,ns,North-west/South-east,Find the line that puts 50% of top-rate taxpayers north-west of it,(diagonal),Barnet,130,South-east,census-home-converted,6,5,census-commute-metro census-commute-train census-home-converted osm-pret osm-waitrose
hmrc-employed,Taxpayers with a job,Income & tax,hmrc,135,ns,North-west/South-east,Find the line that puts 50% of taxpayers with income from a job north-west of it,(diagonal),Cornwall,9,South-east,hmrc-taxpayers,0,15,census-cars-3plus census-commute-foot census-heat-bottled census-heat-renewable census-home-detached census-job-trades census-population census-qual-degree census-tenure-private ge24-reform hmrc-pension hmrc-taxpayers osm-mcdonalds osm-starbucks pop-all
hmrc-higher-rate,Higher-rate taxpayers,Income & tax,hmrc,135,ns,North-west/South-east,Find the line that puts 50% of higher-rate taxpayers north-west of it,(diagonal),Wiltshire,54,South-east,census-commute-bike,2,13,census-commute-bike census-heat-electric census-home-caravan census-home-commercial census-home-flat census-job-managers census-work-from-home ge24-con hmrc-self-employed osm-mands osm-nandos osm-sainsburys repd-solar
hmrc-pension,Taxpayers with pension income,Income & tax,hmrc,135,ns,North-west/South-east,Find the line that puts 50% of taxpayers drawing a pension north-west of it,(diagonal),Birmingham,7,North-west,census-home-detached,1,36,census-carers-50h census-cars-3plus census-cars-none census-commute-car census-commute-foot census-heat-bottled census-heat-gas census-heat-renewable census-home-detached census-home-semi census-home-terraced census-job-operatives census-job-trades census-population census-qual-apprentice census-qual-none census-tenure-outright census-tenure-social ge24-labour ge24-nonvoters ge24-reform hmrc-employed hmrc-taxpayers osm-breweries osm-chippies osm-greggs osm-iceland osm-lidl osm-mcdonalds osm-pubs osm-starbucks osm-stations osm-wetherspoon pop-all repd-battery repd-solar-pipeline
hmrc-self-employed,Self-employed taxpayers,Income & tax,hmrc,135,ns,North-west/South-east,Find the line that puts 50% of self-employed taxpayers north-west of it,(diagonal),Somerset,41,South-east,ge24-con,0,15,census-commute-bike census-heat-electric census-home-caravan census-home-commercial census-home-flat census-hours-49plus census-job-managers census-work-from-home ge24-con ge24-green hmrc-higher-rate osm-costa osm-tesco repd-solar repd-wind-offshore
hmrc-tax-amount,Income tax paid,Income & tax,hmrc,135,ns,North-west/South-east,Find the line that puts 50% of all income tax paid north-west of it,(diagonal),Buckinghamshire,98,South-east,osm-waitrose,22,0,
hmrc-taxpayers,Income taxpayers,Income & tax,hmrc,135,ns,North-west/South-east,Find the line that puts 50% of income taxpayers north-west of it,(diagonal),Cornwall,9,South-east,hmrc-employed,0,15,census-cars-3plus census-commute-foot census-heat-bottled census-heat-renewable census-home-detached census-job-trades census-population census-qual-degree census-tenure-private ge24-reform hmrc-employed hmrc-pension osm-mcdonalds osm-starbucks pop-all
osm-aldi,Aldi shops,Supermarket sweep,osm,135,ns,North-west/South-east,Find the line that puts 50% of Aldi shops north-west of it,(diagonal),Dudley,39,North-west,osm-morrisons,0,10,census-carers-50h census-commute-taxi census-health-verybad census-home-semi census-qual-apprentice census-sick osm-chippies osm-golf osm-greggs osm-morrisons
osm-breweries,Breweries,Out and about,osm,135,ns,North-west/South-east,Find the line that puts 50% of breweries north-west of it,(diagonal),Cornwall,10,North-west,osm-wetherspoon,0,34,census-carers-50h census-cars-3plus census-cars-none census-commute-car census-commute-foot census-health-verybad census-heat-bottled census-heat-gas census-heat-renewable census-home-detached census-home-semi census-home-terraced census-job-operatives census-job-trades census-population census-qual-apprentice census-qual-none census-tenure-outright census-tenure-social ge24-labour ge24-nonvoters ge24-reform hmrc-pension osm-chippies osm-greggs osm-iceland osm-lidl osm-mcdonalds osm-pubs osm-stations osm-wetherspoon pop-all repd-battery repd-solar-pipeline
osm-castles,Castles,Heritage & coast,osm,135,ns,North-west/South-east,Find the line that puts 50% of castles north-west of it,(diagonal),Northumberland,229,North-west,osm-standing-stones,26,0,
osm-chippies,Fish and chip shops,Out and about,osm,135,ns,North-west/South-east,Find the line that puts 50% of fish and chip shops north-west of it,(diagonal),Birmingham,21,North-west,census-carers-50h,0,32,census-carers-50h census-cars-none census-commute-car census-health-verybad census-heat-gas census-home-detached census-home-semi census-home-terraced census-job-operatives census-job-trades census-qual-apprentice census-qual-none census-sick census-tenure-outright census-tenure-social ge24-labour ge24-nonvoters ge24-reform hmrc-pension osm-aldi osm-breweries osm-golf osm-greggs osm-iceland osm-lidl osm-mcdonalds osm-morrisons osm-pubs osm-stations osm-wetherspoon repd-battery repd-solar-pipeline
osm-costa,Costa Coffee shops,High street,osm,135,ns,North-west/South-east,Find the line that puts 50% of Costa Coffee shops north-west of it,(diagonal),Somerset,30,South-east,repd-wind-offshore,1,13,census-heat-electric census-home-caravan census-home-commercial census-hours-49plus census-job-managers census-qual-degree census-tenure-private census-work-from-home ge24-con ge24-green hmrc-self-employed osm-tesco repd-wind-offshore
osm-distilleries,Distilleries,Out and about,osm,135,ns,North-west/South-east,Find the line that puts 50% of distilleries north-west of it,(diagonal),West Dunbartonshire,397,North-west,repd-wind-onshore,49,0,
osm-golf,Golf courses,Out and about,osm,135,ns,North-west/South-east,Find the line that puts 50% of golf courses north-west of it,(diagonal),"Herefordshire, County of",36,North-west,osm-morrisons,2,10,census-carers-50h census-commute-taxi census-health-verybad census-home-semi census-qual-apprentice census-sick osm-aldi osm-chippies osm-greggs osm-morrisons
osm-greggs,Greggs shops,High street,osm,135,ns,North-west/South-east,Find the line that puts 50% of Greggs shops north-west of it,(diagonal),Birmingham,22,North-west,census-qual-apprentice,0,31,census-carers-50h census-cars-none census-commute-car census-health-verybad census-heat-gas census-home-detached census-home-semi census-home-terraced census-job-operatives census-job-trades census-qual-apprentice census-qual-none census-sick census-tenure-outright census-tenure-social ge24-labour ge24-nonvoters hmrc-pension osm-aldi osm-breweries osm-chippies osm-golf osm-iceland osm-lidl osm-mcdonalds osm-morrisons osm-pubs osm-stations osm-wetherspoon repd-battery repd-solar-pipeline
osm-iceland,Iceland shops,Supermarket sweep,osm,135,ns,North-west/South-east,Find the line that puts 50% of Iceland shops north-west of it,(diagonal),Birmingham,14,North-west,census-qual-none,0,35,census-carers-50h census-cars-3plus census-cars-none census-commute-car census-commute-foot census-health-verybad census-heat-bottled census-heat-gas census-heat-renewable census-home-detached census-home-semi census-home-terraced census-job-operatives census-job-trades census-population census-qual-apprentice census-qual-none census-sick census-tenure-outright census-tenure-social ge24-labour ge24-nonvoters ge24-reform hmrc-pension osm-breweries osm-chippies osm-greggs osm-lidl osm-mcdonalds osm-pubs osm-stations osm-wetherspoon pop-all repd-battery repd-solar-pipeline
osm-lidl,Lidl shops,Supermarket sweep,osm,135,ns,North-west/South-east,Find the line that puts 50% of Lidl shops north-west of it,(diagonal),Birmingham,11,North-west,osm-pubs,0,35,census-carers-50h census-cars-3plus census-cars-none census-commute-car census-commute-foot census-health-verybad census-heat-bottled census-heat-gas census-heat-renewable census-home-detached census-home-semi census-home-terraced census-job-operatives census-job-trades census-population census-qual-apprentice census-qual-none census-sick census-tenure-outright census-tenure-social ge24-labour ge24-nonvoters ge24-reform hmrc-pension osm-breweries osm-chippies osm-greggs osm-iceland osm-mcdonalds osm-pubs osm-stations osm-wetherspoon pop-all repd-battery repd-solar-pipeline
osm-lighthouses,Lighthouses,Heritage & coast,osm,135,ns,North-west/South-east,Find the line that puts 50% of lighthouses north-west of it,(diagonal),Aberdeen City,339,North-west,repd-wind-onshore,11,1,repd-wind-onshore
osm-mands,M&S shops,Supermarket sweep,osm,135,ns,North-west/South-east,Find the line that puts 50% of Marks & Spencer shops north-west of it,(diagonal),Wiltshire,65,South-east,osm-sainsburys,1,12,census-commute-bike census-commute-motorbike census-heat-electric census-home-flat census-job-managers census-work-from-home ge24-libdem hmrc-higher-rate osm-nandos osm-sainsburys osm-windmills repd-solar
osm-mcdonalds,McDonald's restaurants,High street,osm,135,ns,North-west/South-east,Find the line that puts 50% of McDonald's restaurants north-west of it,(diagonal),Birmingham,9,North-west,repd-solar-pipeline,1,36,census-carers-50h census-cars-3plus census-cars-none census-commute-car census-commute-foot census-health-verybad census-heat-bottled census-heat-gas census-heat-renewable census-home-detached census-home-semi census-home-terraced census-job-operatives census-job-trades census-population census-qual-apprentice census-qual-none census-tenure-outright census-tenure-social ge24-labour ge24-nonvoters ge24-reform hmrc-employed hmrc-pension hmrc-taxpayers osm-breweries osm-chippies osm-greggs osm-iceland osm-lidl osm-pubs osm-stations osm-wetherspoon pop-all repd-battery repd-solar-pipeline
osm-morrisons,Morrisons supermarkets,Supermarket sweep,osm,135,ns,North-west/South-east,Find the line that puts 50% of Morrisons supermarkets north-west of it,(diagonal),Walsall,39,North-west,osm-aldi,0,10,census-carers-50h census-commute-taxi census-health-verybad census-home-semi census-qual-apprentice census-sick osm-aldi osm-chippies osm-golf osm-greggs
osm-nandos,Nando's restaurants,High street,osm,135,ns,North-west/South-east,Find the line that puts 50% of Nando's restaurants north-west of it,(diagonal),Milton Keynes,67,South-east,osm-mands,2,9,census-commute-bike census-commute-motorbike census-home-flat ge24-libdem hmrc-higher-rate osm-mands osm-sainsburys osm-windmills repd-solar
osm-pret,Pret A Manger shops,High street,osm,135,ns,North-west/South-east,Find the line that puts 50% of Pret A Manger shops north-west of it,(diagonal),Westminster,145,South-east,census-commute-metro,0,4,census-commute-metro census-commute-train census-home-converted hmrc-additional-rate
osm-pubs,Pubs,Out and about,osm,135,ns,North-west/South-east,Find the line that puts 50% of pubs north-west of it,(diagonal),Birmingham,11,North-west,osm-lidl,0,35,census-carers-50h census-cars-3plus census-cars-none census-commute-car census-commute-foot census-health-verybad census-heat-bottled census-heat-gas census-heat-renewable census-home-detached census-home-semi census-home-terraced census-job-operatives census-job-trades census-population census-qual-apprentice census-qual-none census-sick census-tenure-outright census-tenure-social ge24-labour ge24-nonvoters ge24-reform hmrc-pension osm-breweries osm-chippies osm-greggs osm-iceland osm-lidl osm-mcdonalds osm-stations osm-wetherspoon pop-all repd-battery repd-solar-pipeline
osm-sainsburys,Sainsbury's shops (all formats),Supermarket sweep,osm,135,ns,North-west/South-east,Find the line that puts 50% of Sainsbury's shops of every size north-west of it,(diagonal),Wiltshire,64,South-east,osm-mands,1,13,census-commute-bike census-commute-motorbike census-heat-electric census-home-commercial census-home-flat census-job-managers census-work-from-home ge24-libdem hmrc-higher-rate osm-mands osm-nandos osm-windmills repd-solar
osm-standing-stones,Standing stones and other megaliths,Heritage & coast,osm,135,ns,North-west/South-east,Find the line that puts 50% of standing stones and other megaliths north-west of it,(diagonal),Westmorland and Furness,204,North-west,osm-castles,26,0,
osm-starbucks,Starbucks shops,High street,osm,135,ns,North-west/South-east,Find the line that puts 50% of Starbucks shops north-west of it,(diagonal),Cardiff,11,South-east,census-qual-degree,2,12,census-cars-3plus census-commute-foot census-heat-bottled census-heat-renewable census-population census-qual-degree census-tenure-private ge24-reform hmrc-employed hmrc-pension hmrc-taxpayers pop-all
osm-stations,Railway stations,Out and about,osm,135,ns,North-west/South-east,Find the line that puts 50% of railway stations north-west of it,(diagonal),Birmingham,14,North-west,census-tenure-social,0,33,census-carers-50h census-cars-none census-commute-car census-health-verybad census-heat-bottled census-heat-gas census-heat-renewable census-home-detached census-home-semi census-home-terraced census-job-operatives census-job-trades census-population census-qual-apprentice census-qual-none census-sick census-tenure-outright census-tenure-social ge24-labour ge24-nonvoters ge24-reform hmrc-pension osm-breweries osm-chippies osm-greggs osm-iceland osm-lidl osm-mcdonalds osm-pubs osm-wetherspoon pop-all repd-battery repd-solar-pipeline
osm-tesco,Tesco shops (all formats),Supermarket sweep,osm,135,ns,North-west/South-east,Find the line that puts 50% of Tesco shops of every size north-west of it,(diagonal),"Bristol, City of",32,South-east,census-hours-49plus,0,12,census-heat-electric census-home-caravan census-home-commercial census-hours-49plus census-job-managers census-tenure-private census-work-from-home ge24-con ge24-green hmrc-self-employed osm-costa repd-wind-offshore
osm-waitrose,Waitrose shops,Supermarket sweep,osm,135,ns,North-west/South-east,Find the line that puts 50% of Waitrose shops north-west of it,(diagonal),Hart,120,South-east,hmrc-additional-rate,10,2,census-home-converted hmrc-additional-rate
osm-wetherspoon,Wetherspoon pubs,High street,osm,135,ns,North-west/South-east,Find the line that puts 50% of Wetherspoon pubs north-west of it,(diagonal),Birmingham,10,North-west,osm-breweries,0,34,census-carers-50h census-cars-3plus census-cars-none census-commute-car census-commute-foot census-health-verybad census-heat-bottled census-heat-gas census-heat-renewable census-home-detached census-home-semi census-home-terraced census-job-operatives census-job-trades census-population census-qual-apprentice census-qual-none census-tenure-outright census-tenure-social ge24-labour ge24-nonvoters ge24-reform hmrc-pension osm-breweries osm-chippies osm-greggs osm-iceland osm-lidl osm-mcdonalds osm-pubs osm-stations pop-all repd-battery repd-solar-pipeline
osm-windmills,Windmills (historic),Heritage & coast,osm,135,ns,North-west/South-east,Find the line that puts 50% of old windmills north-west of it,(diagonal),Buckinghamshire,74,South-east,census-commute-motorbike,2,5,census-commute-motorbike ge24-libdem osm-mands osm-nandos osm-sainsburys
pop-all,Population,Population,population,135,ns,North-west/South-east,Find the line that puts 50% of the UK's population north-west of it,(diagonal),Cardiff,0,North-west,census-population,0,32,census-cars-3plus census-cars-none census-commute-car census-commute-foot census-heat-bottled census-heat-gas census-heat-renewable census-home-detached census-home-terraced census-job-operatives census-job-trades census-population census-qual-degree census-qual-none census-tenure-outright census-tenure-social ge24-labour ge24-nonvoters ge24-reform hmrc-employed hmrc-pension hmrc-taxpayers osm-breweries osm-iceland osm-lidl osm-mcdonalds osm-pubs osm-starbucks osm-stations osm-wetherspoon repd-battery repd-solar-pipeline
repd-battery,Battery storage capacity (MW),Power,repd,135,ns,North-west/South-east,Find the line that puts 50% of grid battery storage capacity north-west of it,(diagonal),Sandwell,15,North-west,census-job-operatives,0,33,census-carers-50h census-cars-none census-commute-car census-health-verybad census-heat-bottled census-heat-gas census-heat-renewable census-home-detached census-home-semi census-home-terraced census-job-operatives census-job-trades census-population census-qual-apprentice census-qual-none census-sick census-tenure-outright census-tenure-social ge24-labour ge24-nonvoters ge24-reform hmrc-pension osm-breweries osm-chippies osm-greggs osm-iceland osm-lidl osm-mcdonalds osm-pubs osm-stations osm-wetherspoon pop-all repd-solar-pipeline
repd-battery-pipeline,Battery storage consented or being built (MW),Power,repd,135,ns,North-west/South-east,Find the line that puts 50% of battery storage capacity that is consented or under construction north-west of it,(diagonal),North Yorkshire,74,North-west,census-heat-oil,0,3,census-heat-oil census-heat-solid census-heat-wood
repd-hydro,Hydro-electric schemes,Power,repd,135,ns,North-west/South-east,Find the line that puts 50% of hydro-electric schemes north-west of it,(diagonal),Highland,476,North-west,osm-distilleries,80,0,
repd-solar,Solar farm capacity (MW),Power,repd,135,ns,North-west/South-east,Find the line that puts 50% of solar farm capacity north-west of it,(diagonal),Wiltshire,51,South-east,census-commute-bike,2,13,census-commute-bike census-heat-electric census-home-caravan census-home-commercial census-home-flat census-job-managers census-work-from-home ge24-con hmrc-higher-rate hmrc-self-employed osm-mands osm-nandos osm-sainsburys
repd-solar-pipeline,Solar capacity consented or being built (MW),Power,repd,135,ns,North-west/South-east,Find the line that puts 50% of solar capacity that is consented or under construction north-west of it,(diagonal),Lincoln,9,North-west,census-cars-none,0,34,census-carers-50h census-cars-3plus census-cars-none census-commute-car census-commute-foot census-health-verybad census-heat-bottled census-heat-gas census-heat-renewable census-home-detached census-home-semi census-home-terraced census-job-operatives census-job-trades census-population census-qual-apprentice census-qual-none census-tenure-outright census-tenure-social ge24-labour ge24-nonvoters ge24-reform hmrc-pension osm-breweries osm-chippies osm-greggs osm-iceland osm-lidl osm-mcdonalds osm-pubs osm-stations osm-wetherspoon pop-all repd-battery
repd-wind-offshore,Offshore wind capacity (MW),Power,repd,135,ns,North-west/South-east,Find the line that puts 50% of offshore wind power capacity north-west of it,(diagonal),North Norfolk,29,South-east,osm-costa,1,13,census-heat-electric census-home-caravan census-home-commercial census-hours-49plus census-job-managers census-qual-degree census-tenure-private census-work-from-home ge24-con ge24-green hmrc-self-employed osm-costa osm-tesco
repd-wind-onshore,Onshore wind capacity (MW),Power,repd,135,ns,North-west/South-east,Find the line that puts 50% of onshore wind power capacity north-west of it,(diagonal),South Ayrshire,349,North-west,osm-lighthouses,11,1,osm-lighthouses
census-carers-50h,Carers giving 50+ hours a week,Health & care,unified_census,150,ns,North-west/South-east,Find the line that puts 50% of people giving 50 or more hours of unpaid care a week north-west of it,(diagonal),Birmingham,25,North-west,osm-chippies,1,25,census-cars-none census-commute-car census-health-verybad census-heat-gas census-home-detached census-home-semi census-home-terraced census-job-operatives census-qual-apprentice census-qual-none census-sick census-tenure-outright census-tenure-social ge24-labour ge24-nonvoters osm-chippies osm-greggs osm-iceland osm-lidl osm-mcdonalds osm-pubs osm-stations repd-battery repd-solar-pipeline repd-wind-offshore
census-cars-3plus,Households with 3+ cars,Owning & renting,unified_census,150,ns,North-west/South-east,Find the line that puts 50% of households with three or more cars or vans north-west of it,(diagonal),Coventry,13,South-east,hmrc-employed,2,11,census-commute-foot census-heat-bottled census-heat-renewable census-population census-qual-degree ge24-reform hmrc-employed hmrc-taxpayers osm-breweries osm-starbucks pop-all
census-cars-none,Households with no car,Owning & renting,unified_census,150,ns,North-west/South-east,Find the line that puts 50% of households with no car or van north-west of it,(diagonal),Birmingham,7,North-west,census-home-detached,0,28,census-carers-50h census-commute-car census-commute-foot census-heat-bottled census-heat-gas census-heat-renewable census-home-detached census-home-terraced census-job-operatives census-job-trades census-population census-qual-none census-tenure-outright census-tenure-social ge24-labour ge24-nonvoters ge24-reform hmrc-pension osm-breweries osm-iceland osm-lidl osm-mcdonalds osm-pubs osm-stations osm-wetherspoon pop-all repd-battery repd-solar-pipeline
census-commute-bike,Commuters by bicycle,Getting to work,unified_census,150,ns,North-west/South-east,Find the line that puts 50% of people who cycle to work north-west of it,(diagonal),"Bristol, City of",63,South-east,osm-windmills,0,16,census-heat-electric census-home-caravan census-home-commercial census-home-flat census-job-managers census-work-from-home ge24-con ge24-green hmrc-higher-rate hmrc-self-employed osm-mands osm-nandos osm-sainsburys osm-tesco osm-windmills repd-solar
census-commute-car,Commuters by car or van,Getting to work,unified_census,150,ns,North-west/South-east,Find the line that puts 50% of people who drive to work north-west of it,(diagonal),Birmingham,18,North-west,osm-stations,0,32,census-carers-50h census-cars-none census-health-verybad census-heat-bottled census-heat-gas census-heat-renewable census-home-detached census-home-semi census-home-terraced census-job-operatives census-job-trades census-population census-qual-apprentice census-qual-none census-tenure-outright census-tenure-social ge24-labour ge24-nonvoters ge24-reform hmrc-pension osm-breweries osm-chippies osm-greggs osm-iceland osm-lidl osm-mcdonalds osm-pubs osm-stations osm-wetherspoon pop-all repd-battery repd-solar-pipeline
census-commute-foot,Commuters on foot,Getting to work,unified_census,150,ns,North-west/South-east,Find the line that puts 50% of people who walk to work north-west of it,(diagonal),Coventry,11,South-east,hmrc-employed,1,18,census-cars-3plus census-cars-none census-heat-bottled census-heat-gas census-heat-renewable census-home-detached census-job-trades census-population census-qual-degree ge24-reform hmrc-employed hmrc-pension hmrc-taxpayers osm-breweries osm-lidl osm-starbucks osm-wetherspoon pop-all
census-commute-metro,"Commuters by underground, metro or tram",Getting to work,unified_census,150,ns,North-west/South-east,"Find the line that puts 50% of people who commute by underground, metro or tram north-west of it",(diagonal),Waltham Forest,133,South-east,osm-pret,1,5,census-commute-train census-home-converted hmrc-additional-rate osm-pret osm-waitrose
census-commute-motorbike,Commuters by motorbike or moped,Getting to work,unified_census,150,ns,North-west/South-east,Find the line that puts 50% of people who ride a motorbike or moped to work north-west of it,(diagonal),Cornwall,83,South-east,ge24-libdem,1,8,census-home-caravan census-home-flat ge24-libdem hmrc-higher-rate hmrc-tax-amount osm-mands osm-nandos osm-sainsburys
census-commute-taxi,Commuters by taxi,Getting to work,unified_census,150,ns,North-west/South-east,Find the line that puts 50% of people who get to work by taxi north-west of it,(diagonal),Telford and Wrekin,58,North-west,census-heat-wood,3,5,census-heat-oil census-heat-wood osm-aldi osm-golf osm-morrisons
census-commute-train,Commuters by train,Getting to work,unified_census,150,ns,North-west/South-east,Find the line that puts 50% of people who commute by train north-west of it,(diagonal),Waltham Forest,131,South-east,census-commute-metro,2,5,census-commute-metro census-home-converted hmrc-additional-rate osm-pret osm-waitrose
census-health-verybad,Very bad health,Health & care,unified_census,150,ns,North-west/South-east,Find the line that puts 50% of people in very bad health north-west of it,(diagonal),Sandwell,32,North-west,osm-greggs,1,16,census-carers-50h census-commute-car census-home-semi census-job-operatives census-qual-apprentice census-qual-none census-sick census-tenure-social ge24-nonvoters osm-chippies osm-golf osm-greggs osm-iceland osm-stations repd-solar-pipeline repd-wind-offshore
census-heat-bottled,Homes heated only by tank or bottled gas,Heating,unified_census,150,ns,North-west/South-east,Find the line that puts 50% of homes heated only by tank or bottled gas north-west of it,(diagonal),"Herefordshire, County of",2,North-west,ge24-reform,0,29,census-cars-3plus census-cars-none census-commute-car census-commute-foot census-heat-gas census-heat-renewable census-home-detached census-home-terraced census-job-operatives census-job-trades census-population census-qual-none census-tenure-outright census-tenure-social ge24-labour ge24-nonvoters ge24-reform hmrc-employed hmrc-pension hmrc-taxpayers osm-breweries osm-iceland osm-lidl osm-mcdonalds osm-pubs osm-stations osm-wetherspoon pop-all repd-battery
census-heat-electric,Homes heated only by electricity,Heating,unified_census,150,ns,North-west/South-east,Find the line that puts 50% of homes heated only by electricity north-west of it,(diagonal),"Bristol, City of",61,South-east,osm-windmills,2,17,census-commute-bike census-home-caravan census-home-commercial census-home-flat census-hours-49plus census-job-managers census-work-from-home ge24-con ge24-green hmrc-higher-rate hmrc-self-employed osm-mands osm-nandos osm-sainsburys osm-tesco osm-windmills repd-solar
census-heat-gas,Homes heated only by mains gas,Heating,unified_census,150,ns,North-west/South-east,Find the line that puts 50% of homes heated only by mains gas north-west of it,(diagonal),Birmingham,7,North-west,census-home-detached,0,28,census-carers-50h census-cars-none census-commute-car census-commute-foot census-heat-bottled census-heat-renewable census-home-detached census-home-terraced census-job-operatives census-job-trades census-population census-qual-none census-tenure-outright census-tenure-social ge24-labour ge24-nonvoters ge24-reform hmrc-pension osm-breweries osm-iceland osm-lidl osm-mcdonalds osm-pubs osm-stations osm-wetherspoon pop-all repd-battery repd-solar-pipeline
census-heat-oil,Homes heated only by oil,Heating,unified_census,150,ns,North-west/South-east,Find the line that puts 50% of homes heated only by oil north-west of it,(diagonal),Shropshire,66,North-west,census-heat-wood,5,4,census-commute-taxi census-heat-wood osm-aldi osm-morrisons
census-heat-renewable,Homes heated only by renewables,Heating,unified_census,150,ns,North-west/South-east,Find the line that puts 50% of homes heated only by renewable energy north-west of it,(diagonal),"Herefordshire, County of",4,North-west,census-heat-bottled,1,29,census-cars-3plus census-cars-none census-commute-car census-commute-foot census-heat-bottled census-heat-gas census-home-detached census-home-terraced census-job-operatives census-job-trades census-population census-qual-none census-tenure-outright census-tenure-social ge24-labour ge24-nonvoters ge24-reform hmrc-employed hmrc-pension hmrc-taxpayers osm-breweries osm-iceland osm-lidl osm-mcdonalds osm-pubs osm-stations osm-wetherspoon pop-all repd-battery
census-heat-solid,Homes heated only by solid fuel,Heating,unified_census,150,ns,North-west/South-east,"Find the line that puts 50% of homes heated only by solid fuel (coal, peat) north-west of it",(diagonal),Barnsley,87,North-west,repd-battery-pipeline,12,1,repd-battery-pipeline
census-heat-wood,Homes heated only by wood,Heating,unified_census,150,ns,North-west/South-east,Find the line that puts 50% of homes heated only by wood north-west of it,(diagonal),Shropshire,61,North-west,census-commute-taxi,3,5,census-commute-taxi census-heat-oil osm-aldi osm-golf osm-morrisons
census-home-caravan,Households in a caravan or mobile home,Homes,unified_census,150,ns,North-west/South-east,Find the line that puts 50% of households living in a caravan or mobile home north-west of it,(diagonal),Cornwall,68,South-east,hmrc-higher-rate,0,18,census-commute-bike census-commute-motorbike census-heat-electric census-home-commercial census-home-flat census-job-managers census-work-from-home ge24-con ge24-green ge24-libdem hmrc-higher-rate hmrc-self-employed osm-mands osm-nandos osm-sainsburys osm-tesco osm-windmills repd-solar
census-home-commercial,Households in a commercial building,Homes,unified_census,150,ns,North-west/South-east,"Find the line that puts 50% of households living above a shop, in an office building or hotel north-west of it",(diagonal),"Bristol, City of",65,South-east,repd-solar,0,16,census-commute-bike census-heat-electric census-home-caravan census-home-flat census-job-managers census-work-from-home ge24-con ge24-green hmrc-higher-rate hmrc-self-employed osm-mands osm-nandos osm-sainsburys osm-tesco osm-windmills repd-solar
census-home-converted,Households in converted or shared houses,Homes,unified_census,150,ns,North-west/South-east,"Find the line that puts 50% of households in converted or shared houses, including bedsits north-west of it",(diagonal),Camden,128,South-east,census-commute-train,4,5,census-commute-metro census-commute-train hmrc-additional-rate osm-pret osm-waitrose
census-home-detached,Households in detached houses,Homes,unified_census,150,ns,North-west/South-east,Find the line that puts 50% of households in a detached house north-west of it,(diagonal),"Herefordshire, County of",7,North-west,census-heat-gas,0,28,census-carers-50h census-cars-none census-commute-car census-commute-foot census-heat-bottled census-heat-gas census-heat-renewable census-home-terraced census-job-operatives census-job-trades census-population census-qual-none census-tenure-outright census-tenure-social ge24-labour ge24-nonvoters ge24-reform hmrc-pension osm-breweries osm-iceland osm-lidl osm-mcdonalds osm-pubs osm-stations osm-wetherspoon pop-all repd-battery repd-solar-pipeline
census-home-flat,Households in purpose-built flats,Homes,unified_census,150,ns,North-west/South-east,Find the line that puts 50% of households in a purpose-built block of flats north-west of it,(diagonal),Somerset,75,South-east,osm-mands,2,15,census-commute-bike census-commute-motorbike census-heat-electric census-home-caravan census-home-commercial census-work-from-home ge24-libdem hmrc-higher-rate hmrc-self-employed hmrc-tax-amount osm-mands osm-nandos osm-sainsburys osm-windmills repd-solar
census-home-semi,Households in semi-detached houses,Homes,unified_census,150,ns,North-west/South-east,Find the line that puts 50% of households in a semi-detached house north-west of it,(diagonal),Birmingham,26,North-west,census-qual-apprentice,0,18,census-carers-50h census-commute-car census-health-verybad census-job-operatives census-qual-apprentice census-qual-none census-sick census-tenure-outright census-tenure-social ge24-labour ge24-nonvoters osm-chippies osm-greggs osm-iceland osm-stations repd-battery repd-solar-pipeline repd-wind-offshore
census-home-terraced,Households in terraced houses,Homes,unified_census,150,ns,North-west/South-east,Find the line that puts 50% of households in a terraced house north-west of it,(diagonal),Birmingham,8,North-west,osm-lidl,0,28,census-carers-50h census-cars-none census-commute-car census-heat-bottled census-heat-gas census-heat-renewable census-home-detached census-job-operatives census-job-trades census-population census-qual-none census-tenure-outright census-tenure-social ge24-labour ge24-nonvoters ge24-reform hmrc-pension osm-breweries osm-chippies osm-iceland osm-lidl osm-mcdonalds osm-pubs osm-stations osm-wetherspoon pop-all repd-battery repd-solar-pipeline
census-hours-49plus,People working 49+ hours a week,Work & qualifications,unified_census,150,ns,North-west/South-east,Find the line that puts 50% of people working 49 or more hours a week north-west of it,(diagonal),West Northamptonshire,45,South-east,osm-costa,7,10,census-heat-electric census-job-managers census-qual-degree census-tenure-private census-work-from-home ge24-con ge24-green hmrc-self-employed osm-costa osm-tesco
census-job-managers,"Managers, directors and senior officials",Work & qualifications,unified_census,150,ns,North-west/South-east,"Find the line that puts 50% of managers, directors and senior officials north-west of it",(diagonal),West Northamptonshire,55,South-east,ge24-green,0,15,census-commute-bike census-heat-electric census-home-caravan census-home-commercial census-hours-49plus census-work-from-home ge24-con ge24-green hmrc-higher-rate hmrc-self-employed osm-costa osm-nandos osm-tesco osm-windmills repd-solar
census-job-operatives,"Process, plant and machine operatives",Work & qualifications,unified_census,150,ns,North-west/South-east,"Find the line that puts 50% of process, plant and machine operatives north-west of it",(diagonal),Birmingham,18,North-west,osm-stations,0,32,census-carers-50h census-cars-none census-commute-car census-health-verybad census-heat-bottled census-heat-gas census-heat-renewable census-home-detached census-home-semi census-home-terraced census-job-trades census-population census-qual-apprentice census-qual-none census-tenure-outright census-tenure-social ge24-labour ge24-nonvoters ge24-reform hmrc-pension osm-breweries osm-chippies osm-greggs osm-iceland osm-lidl osm-mcdonalds osm-pubs osm-stations osm-wetherspoon pop-all repd-battery repd-solar-pipeline
census-job-trades,Skilled trades,Work & qualifications,unified_census,150,ns,North-west/South-east,Find the line that puts 50% of people working in skilled trades north-west of it,(diagonal),Coventry,6,North-west,osm-wetherspoon,0,29,census-cars-none census-commute-car census-commute-foot census-heat-bottled census-heat-gas census-heat-renewable census-home-detached census-home-terraced census-job-operatives census-population census-qual-none census-tenure-outright census-tenure-social ge24-labour ge24-nonvoters ge24-reform hmrc-employed hmrc-pension hmrc-taxpayers osm-breweries osm-iceland osm-lidl osm-mcdonalds osm-pubs osm-stations osm-wetherspoon pop-all repd-battery repd-solar-pipeline
census-population,Usual residents (census),Population,unified_census,150,ns,North-west/South-east,Find the line that puts 50% of the UK's residents north-west of it,(diagonal),Leicester,0,,pop-all,0,29,census-cars-3plus census-cars-none census-commute-car census-commute-foot census-heat-bottled census-heat-gas census-heat-renewable census-home-detached census-home-terraced census-job-operatives census-job-trades census-qual-none census-tenure-outright census-tenure-social ge24-labour ge24-nonvoters ge24-reform hmrc-employed hmrc-pension hmrc-taxpayers osm-breweries osm-iceland osm-lidl osm-mcdonalds osm-pubs osm-stations osm-wetherspoon pop-all repd-battery
census-qual-apprentice,Apprenticeships,Work & qualifications,unified_census,150,ns,North-west/South-east,Find the line that puts 50% of people whose highest qualification is an apprenticeship north-west of it,(diagonal),Birmingham,26,North-west,census-home-semi,0,18,census-carers-50h census-commute-car census-health-verybad census-home-semi census-job-operatives census-qual-none census-sick census-tenure-outright census-tenure-social ge24-labour ge24-nonvoters osm-chippies osm-greggs osm-iceland osm-stations repd-battery repd-solar-pipeline repd-wind-offshore
census-qual-degree,Degree-level qualifications,Work & qualifications,unified_census,150,ns,North-west/South-east,Find the line that puts 50% of people with a degree-level qualification or above north-west of it,(diagonal),Cardiff,28,South-east,census-tenure-private,4,8,census-cars-3plus census-commute-foot census-hours-49plus census-tenure-private hmrc-employed hmrc-taxpayers osm-costa osm-starbucks
census-qual-none,No qualifications,Work & qualifications,unified_census,150,ns,North-west/South-east,Find the line that puts 50% of adults with no qualifications north-west of it,(diagonal),Birmingham,17,North-west,census-tenure-social,0,32,census-carers-50h census-cars-none census-commute-car census-health-verybad census-heat-bottled census-heat-gas census-heat-renewable census-home-detached census-home-semi census-home-terraced census-job-operatives census-job-trades census-population census-qual-apprentice census-tenure-outright census-tenure-social ge24-labour ge24-nonvoters ge24-reform hmrc-pension osm-breweries osm-chippies osm-greggs osm-iceland osm-lidl osm-mcdonalds osm-pubs osm-stations osm-wetherspoon pop-all repd-battery repd-solar-pipeline
census-sick,Long-term sick or disabled,Health & care,unified_census,150,ns,North-west/South-east,Find the line that puts 50% of people out of work because they are long-term sick or disabled north-west of it,(diagonal),Sandwell,37,North-west,repd-wind-offshore,1,11,census-carers-50h census-health-verybad census-home-semi census-qual-apprentice osm-aldi osm-chippies osm-golf osm-greggs osm-morrisons repd-solar-pipeline repd-wind-offshore
census-tenure-outright,Households that own outright,Owning & renting,unified_census,150,ns,North-west/South-east,Find the line that puts 50% of households that own their home outright north-west of it,(diagonal),Birmingham,9,North-west,repd-battery,0,30,census-carers-50h census-cars-none census-commute-car census-heat-bottled census-heat-gas census-heat-renewable census-home-detached census-home-semi census-home-terraced census-job-operatives census-job-trades census-population census-qual-apprentice census-qual-none census-tenure-social ge24-labour ge24-nonvoters ge24-reform hmrc-pension osm-breweries osm-chippies osm-iceland osm-lidl osm-mcdonalds osm-pubs osm-stations osm-wetherspoon pop-all repd-battery repd-solar-pipeline
census-tenure-private,Households renting privately,Owning & renting,unified_census,150,ns,North-west/South-east,Find the line that puts 50% of households renting privately north-west of it,(diagonal),Cardiff,32,South-east,census-qual-degree,4,4,census-hours-49plus census-qual-degree osm-costa osm-starbucks
census-tenure-social,Households renting socially,Owning & renting,unified_census,150,ns,North-west/South-east,Find the line that puts 50% of households in social housing north-west of it,(diagonal),Birmingham,17,North-west,census-qual-none,0,32,census-carers-50h census-cars-none census-commute-car census-health-verybad census-heat-bottled census-heat-gas census-heat-renewable census-home-detached census-home-semi census-home-terraced census-job-operatives census-job-trades census-population census-qual-apprentice census-qual-none census-tenure-outright ge24-labour ge24-nonvoters ge24-reform hmrc-pension osm-breweries osm-chippies osm-greggs osm-iceland osm-lidl osm-mcdonalds osm-pubs osm-stations osm-wetherspoon pop-all repd-battery repd-solar-pipeline
census-work-from-home,People working mainly from home,Getting to work,unified_census,150,ns,North-west/South-east,Find the line that puts 50% of people who work mainly from home north-west of it,(diagonal),"Bristol, City of",57,South-east,hmrc-self-employed,0,16,census-commute-bike census-heat-electric census-home-caravan census-home-commercial census-home-flat census-hours-49plus census-job-managers ge24-con ge24-green hmrc-higher-rate hmrc-self-employed osm-mands osm-nandos osm-tesco osm-windmills repd-solar
ge24-con,"Conservative votes, 2024",Election night,ge2024,150,ns,North-west/South-east,Find the line that puts 50% of votes cast for the Conservatives in 2024 north-west of it,(diagonal),North Bedfordshire,54,South-east,census-job-managers,0,15,census-commute-bike census-heat-electric census-home-caravan census-home-commercial census-hours-49plus census-job-managers census-work-from-home ge24-green hmrc-higher-rate hmrc-self-employed osm-costa osm-nandos osm-tesco osm-windmills repd-solar
ge24-green,"Green votes, 2024",Election night,ge2024,150,ns,North-west/South-east,Find the line that puts 50% of votes cast for the Greens in 2024 north-west of it,(diagonal),Bristol Central,55,South-east,census-job-managers,0,15,census-commute-bike census-heat-electric census-home-caravan census-home-commercial census-hours-49plus census-job-managers census-work-from-home ge24-con hmrc-higher-rate hmrc-self-employed osm-costa osm-nandos osm-tesco osm-windmills repd-solar
ge24-labour,"Labour votes, 2024",Election night,ge2024,150,ns,North-west/South-east,Find the line that puts 50% of votes cast for Labour in 2024 north-west of it,(diagonal),Gower,14,North-west,ge24-nonvoters,1,31,census-carers-50h census-cars-none census-commute-car census-heat-bottled census-heat-gas census-heat-renewable census-home-detached census-home-semi census-home-terraced census-job-operatives census-job-trades census-population census-qual-apprentice census-qual-none census-tenure-outright census-tenure-social ge24-nonvoters ge24-reform hmrc-pension osm-breweries osm-chippies osm-greggs osm-iceland osm-lidl osm-mcdonalds osm-pubs osm-stations osm-wetherspoon pop-all repd-battery repd-solar-pipeline
ge24-libdem,"Liberal Democrat votes, 2024",Election night,ge2024,150,ns,North-west/South-east,Find the line that puts 50% of votes cast for the Liberal Democrats in 2024 north-west of it,(diagonal),South Cambridgeshire,84,South-east,census-commute-motorbike,1,8,census-commute-motorbike census-home-caravan census-home-flat hmrc-higher-rate hmrc-tax-amount osm-mands osm-nandos osm-sainsburys
ge24-nonvoters,"Registered voters who did not vote, 2024",Election night,ge2024,150,ns,North-west/South-east,Find the line that puts 50% of registered voters who stayed at home in 2024 north-west of it,(diagonal),Birmingham Ladywood,15,North-west,osm-iceland,0,32,census-carers-50h census-cars-none census-commute-car census-health-verybad census-heat-bottled census-heat-gas census-heat-renewable census-home-detached census-home-semi census-home-terraced census-job-operatives census-job-trades census-population census-qual-apprentice census-qual-none census-tenure-outright census-tenure-social ge24-labour ge24-reform hmrc-pension osm-breweries osm-chippies osm-greggs osm-iceland osm-lidl osm-mcdonalds osm-pubs osm-stations osm-wetherspoon pop-all repd-battery repd-solar-pipeline
ge24-reform,"Reform UK votes, 2024",Election night,ge2024,150,ns,North-west/South-east,Find the line that puts 50% of votes cast for Reform UK in 2024 north-west of it,(diagonal),Boston and Skegness,2,North-west,census-heat-bottled,0,29,census-cars-3plus census-cars-none census-commute-car census-commute-foot census-heat-bottled census-heat-gas census-heat-renewable census-home-detached census-home-terraced census-job-operatives census-job-trades census-population census-qual-none census-tenure-outright census-tenure-social ge24-labour ge24-nonvoters hmrc-employed hmrc-pension hmrc-taxpayers osm-breweries osm-iceland osm-lidl osm-mcdonalds osm-pubs osm-stations osm-wetherspoon pop-all repd-battery
hmrc-additional-rate,Additional-rate (top-rate) taxpayers,Income & tax,hmrc,150,ns,North-west/South-east,Find the line that puts 50% of top-rate taxpayers north-west of it,(diagonal),Barnet,123,South-east,census-home-converted,4,5,census-commute-metro census-commute-train census-home-converted osm-pret osm-waitrose
hmrc-employed,Taxpayers with a job,Income & tax,hmrc,150,ns,North-west/South-east,Find the line that puts 50% of taxpayers with income from a job north-west of it,(diagonal),Coventry,12,South-east,hmrc-taxpayers,0,13,census-cars-3plus census-commute-foot census-heat-bottled census-heat-renewable census-job-trades census-population census-qual-degree ge24-reform hmrc-taxpayers osm-breweries osm-starbucks osm-wetherspoon pop-all
hmrc-higher-rate,Higher-rate taxpayers,Income & tax,hmrc,150,ns,North-west/South-east,Find the line that puts 50% of higher-rate taxpayers north-west of it,(diagonal),"Bristol, City of",68,South-east,census-home-caravan,0,18,census-commute-bike census-commute-motorbike census-heat-electric census-home-caravan census-home-commercial census-home-flat census-job-managers census-work-from-home ge24-con ge24-green ge24-libdem hmrc-self-employed osm-mands osm-nandos osm-sainsburys osm-tesco osm-windmills repd-solar
hmrc-pension,Taxpayers with pension income,Income & tax,hmrc,150,ns,North-west/South-east,Find the line that puts 50% of taxpayers drawing a pension north-west of it,(diagonal),Solihull,6,North-west,census-job-trades,0,27,census-cars-none census-commute-car census-commute-foot census-heat-bottled census-heat-gas census-heat-renewable census-home-detached census-home-terraced census-job-operatives census-job-trades census-population census-qual-none census-tenure-outright census-tenure-social ge24-labour ge24-nonvoters ge24-reform osm-breweries osm-iceland osm-lidl osm-mcdonalds osm-pubs osm-stations osm-wetherspoon pop-all repd-battery repd-solar-pipeline
hmrc-self-employed,Self-employed taxpayers,Income & tax,hmrc,150,ns,North-west/South-east,Find the line that puts 50% of self-employed taxpayers north-west of it,(diagonal),Somerset,57,South-east,census-work-from-home,0,16,census-commute-bike census-heat-electric census-home-caravan census-home-commercial census-home-flat census-hours-49plus census-job-managers census-work-from-home ge24-con ge24-green hmrc-higher-rate osm-mands osm-nandos osm-tesco osm-windmills repd-solar
hmrc-tax-amount,Income tax paid,Income & tax,hmrc,150,ns,North-west/South-east,Find the line that puts 50% of all income tax paid north-west of it,(diagonal),Buckinghamshire,90,South-east,ge24-libdem,7,5,census-commute-motorbike census-home-flat ge24-libdem osm-mands osm-sainsburys
hmrc-taxpayers,Income taxpayers,Income & tax,hmrc,150,ns,North-west/South-east,Find the line that puts 50% of income taxpayers north-west of it,(diagonal),Coventry,12,South-east,hmrc-employed,0,13,census-cars-3plus census-commute-foot census-heat-bottled census-heat-renewable census-job-trades census-population census-qual-degree ge24-reform hmrc-employed osm-breweries osm-starbucks osm-wetherspoon pop-all
osm-aldi,Aldi shops,Supermarket sweep,osm,150,ns,North-west/South-east,Find the line that puts 50% of Aldi shops north-west of it,(diagonal),Nottingham,54,North-west,osm-morrisons,1,7,census-commute-taxi census-heat-oil census-heat-wood census-sick osm-golf osm-morrisons repd-wind-offshore
osm-breweries,Breweries,Out and about,osm,150,ns,North-west/South-east,Find the line that puts 50% of breweries north-west of it,(diagonal),"Herefordshire, County of",1,North-west,ge24-reform,1,29,census-cars-3plus census-cars-none census-commute-car census-commute-foot census-heat-bottled census-heat-gas census-heat-renewable census-home-detached census-home-terraced census-job-operatives census-job-trades census-population census-qual-none census-tenure-outright census-tenure-social ge24-labour ge24-nonvoters ge24-reform hmrc-employed hmrc-pension hmrc-taxpayers osm-iceland osm-lidl osm-mcdonalds osm-pubs osm-stations osm-wetherspoon pop-all repd-battery
osm-castles,Castles,Heritage & coast,osm,150,ns,North-west/South-east,Find the line that puts 50% of castles north-west of it,(diagonal),Northumberland,246,North-west,osm-standing-stones,18,1,osm-standing-stones
osm-chippies,Fish and chip shops,Out and about,osm,150,ns,North-west/South-east,Find the line that puts 50% of fish and chip shops north-west of it,(diagonal),Birmingham,25,North-west,census-carers-50h,1,22,census-carers-50h census-commute-car census-health-verybad census-home-semi census-home-terraced census-job-operatives census-qual-apprentice census-qual-none census-sick census-tenure-outright census-tenure-social ge24-labour ge24-nonvoters osm-greggs osm-iceland osm-lidl osm-mcdonalds osm-pubs osm-stations repd-battery repd-solar-pipeline repd-wind-offshore
osm-costa,Costa Coffee shops,High street,osm,150,ns,North-west/South-east,Find the line that puts 50% of Costa Coffee shops north-west of it,(diagonal),West Northamptonshire,38,South-east,census-tenure-private,6,7,census-hours-49plus census-job-managers census-qual-degree census-tenure-private ge24-con ge24-green osm-tesco
osm-distilleries,Distilleries,Out and about,osm,150,ns,North-west/South-east,Find the line that puts 50% of distilleries north-west of it,(diagonal),Angus,435,North-west,repd-wind-onshore,60,0,
osm-golf,Golf courses,Out and about,osm,150,ns,North-west/South-east,Find the line that puts 50% of golf courses north-west of it,(diagonal),Powys,45,North-west,osm-morrisons,7,8,census-commute-taxi census-health-verybad census-heat-wood census-sick osm-aldi osm-greggs osm-morrisons repd-wind-offshore
osm-greggs,Greggs shops,High street,osm,150,ns,North-west/South-east,Find the line that puts 50% of Greggs shops north-west of it,(diagonal),Nottingham,31,North-west,census-health-verybad,1,17,census-carers-50h census-commute-car census-health-verybad census-home-semi census-job-operatives census-qual-apprentice census-qual-none census-sick census-tenure-social ge24-labour ge24-nonvoters osm-chippies osm-golf osm-iceland osm-stations repd-solar-pipeline repd-wind-offshore
osm-iceland,Iceland shops,Supermarket sweep,osm,150,ns,North-west/South-east,Find the line that puts 50% of Iceland shops north-west of it,(diagonal),Birmingham,15,North-west,ge24-nonvoters,0,32,census-carers-50h census-cars-none census-commute-car census-health-verybad census-heat-bottled census-heat-gas census-heat-renewable census-home-detached census-home-semi census-home-terraced census-job-operatives census-job-trades census-population census-qual-apprentice census-qual-none census-tenure-outright census-tenure-social ge24-labour ge24-nonvoters ge24-reform hmrc-pension osm-breweries osm-chippies osm-greggs osm-lidl osm-mcdonalds osm-pubs osm-stations osm-wetherspoon pop-all repd-battery repd-solar-pipeline
osm-lidl,Lidl shops,Supermarket sweep,osm,150,ns,North-west/South-east,Find the line that puts 50% of Lidl shops north-west of it,(diagonal),Birmingham,7,North-west,census-home-terraced,0,29,census-carers-50h census-cars-none census-commute-car census-commute-foot census-heat-bottled census-heat-gas census-heat-renewable census-home-detached census-home-terraced census-job-operatives census-job-trades census-population census-qual-none census-tenure-outright census-tenure-social ge24-labour ge24-nonvoters ge24-reform hmrc-pension osm-breweries osm-chippies osm-iceland osm-mcdonalds osm-pubs osm-stations osm-wetherspoon pop-all repd-battery repd-solar-pipeline
osm-lighthouses,Lighthouses,Heritage & coast,osm,150,ns,North-west/South-east,Find the line that puts 50% of lighthouses north-west of it,(diagonal),South Ayrshire,365,North-west,repd-wind-onshore,11,1,repd-wind-onshore
osm-mands,M&S shops,Supermarket sweep,osm,150,ns,North-west/South-east,Find the line that puts 50% of Marks & Spencer shops north-west of it,(diagonal),Wiltshire,73,South-east,osm-nandos,1,15,census-commute-bike census-commute-motorbike census-heat-electric census-home-caravan census-home-commercial census-home-flat census-work-from-home ge24-libdem hmrc-higher-rate hmrc-self-employed hmrc-tax-amount osm-nandos osm-sainsburys osm-windmills repd-solar
osm-mcdonalds,McDonald's restaurants,High street,osm,150,ns,North-west/South-east,Find the line that puts 50% of McDonald's restaurants north-west of it,(diagonal),Birmingham,8,North-west,osm-pubs,0,28,census-carers-50h census-cars-none census-commute-car census-heat-bottled census-heat-gas census-heat-renewable census-home-detached census-home-terraced census-job-operatives census-job-trades census-population census-qual-none census-tenure-outright census-tenure-social ge24-labour ge24-nonvoters ge24-reform hmrc-pension osm-breweries osm-chippies osm-iceland osm-lidl osm-pubs osm-stations osm-wetherspoon pop-all repd-battery repd-solar-pipeline
osm-morrisons,Morrisons supermarkets,Supermarket sweep,osm,150,ns,North-west/South-east,Find the line that puts 50% of Morrisons supermarkets north-west of it,(diagonal),Powys,53,North-west,osm-aldi,1,7,census-commute-taxi census-heat-oil census-heat-wood census-sick osm-aldi osm-golf repd-wind-offshore
osm-nandos,Nando's restaurants,High street,osm,150,ns,North-west/South-east,Find the line that puts 50% of Nando's restaurants north-west of it,(diagonal),Milton Keynes,71,South-east,osm-mands,1,17,census-commute-bike census-commute-motorbike census-heat-electric census-home-caravan census-home-commercial census-home-flat census-job-managers census-work-from-home ge24-con ge24-green ge24-libdem hmrc-higher-rate hmrc-self-employed osm-mands osm-sainsburys osm-windmills repd-solar
osm-pret,Pret A Manger shops,High street,osm,150,ns,North-west/South-east,Find the line that puts 50% of Pret A Manger shops north-west of it,(diagonal),Westminster,134,South-east,census-commute-metro,1,4,census-commute-metro census-commute-train census-home-converted hmrc-additional-rate
osm-pubs,Pubs,Out and about,osm,150,ns,North-west/South-east,Find the line that puts 50% of pubs north-west of it,(diagonal),Birmingham,8,North-west,osm-mcdonalds,0,28,census-carers-50h census-cars-none census-commute-car census-heat-bottled census-heat-gas census-heat-renewable census-home-detached census-home-terraced census-job-operatives census-job-trades census-population census-qual-none census-tenure-outright census-tenure-social ge24-labour ge24-nonvoters ge24-reform hmrc-pension osm-breweries osm-chippies osm-iceland osm-lidl osm-mcdonalds osm-stations osm-wetherspoon pop-all repd-battery repd-solar-pipeline
osm-sainsburys,Sainsbury's shops (all formats),Supermarket sweep,osm,150,ns,North-west/South-east,Find the line that puts 50% of Sainsbury's shops of every size north-west of it,(diagonal),Wiltshire,77,South-east,census-home-flat,2,13,census-commute-bike census-commute-motorbike census-heat-electric census-home-caravan census-home-commercial census-home-flat ge24-libdem hmrc-higher-rate hmrc-tax-amount osm-mands osm-nandos osm-windmills repd-solar
osm-standing-stones,Standing stones and other megaliths,Heritage & coast,osm,150,ns,North-west/South-east,Find the line that puts 50% of standing stones and other megaliths north-west of it,(diagonal),Westmorland and Furness,229,North-west,osm-castles,18,1,osm-castles
osm-starbucks,Starbucks shops,High street,osm,150,ns,North-west/South-east,Find the line that puts 50% of Starbucks shops north-west of it,(diagonal),Cardiff,19,South-east,census-cars-3plus,5,6,census-cars-3plus census-commute-foot census-qual-degree census-tenure-private hmrc-employed hmrc-taxpayers
osm-stations,Railway stations,Out and about,osm,150,ns,North-west/South-east,Find the line that puts 50% of railway stations north-west of it,(diagonal),Birmingham,18,North-west,census-job-operatives,0,32,census-carers-50h census-cars-none census-commute-car census-health-verybad census-heat-bottled census-heat-gas census-heat-renewable census-home-detached census-home-semi census-home-terraced census-job-operatives census-job-trades census-population census-qual-apprentice census-qual-none census-tenure-outright census-tenure-social ge24-labour ge24-nonvoters ge24-reform hmrc-pension osm-breweries osm-chippies osm-greggs osm-iceland osm-lidl osm-mcdonalds osm-pubs osm-wetherspoon pop-all repd-battery repd-solar-pipeline
osm-tesco,Tesco shops (all formats),Supermarket sweep,osm,150,ns,North-west/South-east,Find the line that puts 50% of Tesco shops of every size north-west of it,(diagonal),"Bristol, City of",53,South-east,ge24-con,1,14,census-commute-bike census-heat-electric census-home-caravan census-home-commercial census-hours-49plus census-job-managers census-work-from-home ge24-con ge24-green hmrc-higher-rate hmrc-self-employed osm-costa osm-windmills repd-solar
osm-waitrose,Waitrose shops,Supermarket sweep,osm,150,ns,North-west/South-east,Find the line that puts 50% of Waitrose shops north-west of it,(diagonal),Barnet,116,South-east,hmrc-additional-rate,8,4,census-commute-metro census-commute-train census-home-converted hmrc-additional-rate
osm-wetherspoon,Wetherspoon pubs,High street,osm,150,ns,North-west/South-east,Find the line that puts 50% of Wetherspoon pubs north-west of it,(diagonal),Solihull,6,North-west,census-job-trades,0,29,census-cars-none census-commute-car census-commute-foot census-heat-bottled census-heat-gas census-heat-renewable census-home-detached census-home-terraced census-job-operatives census-job-trades census-population census-qual-none census-tenure-outright census-tenure-social ge24-labour ge24-nonvoters ge24-reform hmrc-employed hmrc-pension hmrc-taxpayers osm-breweries osm-iceland osm-lidl osm-mcdonalds osm-pubs osm-stations pop-all repd-battery repd-solar-pipeline
osm-windmills,Windmills (historic),Heritage & coast,osm,150,ns,North-west/South-east,Find the line that puts 50% of old windmills north-west of it,(diagonal),South Cambridgeshire,63,South-east,census-commute-bike,0,16,census-commute-bike census-heat-electric census-home-caravan census-home-commercial census-home-flat census-job-managers census-work-from-home ge24-con ge24-green hmrc-higher-rate hmrc-self-employed osm-mands osm-nandos osm-sainsburys osm-tesco repd-solar
pop-all,Population,Population,population,150,ns,North-west/South-east,Find the line that puts 50% of the UK's population north-west of it,(diagonal),Leicester,0,North-west,census-population,0,29,census-cars-3plus census-cars-none census-commute-car census-commute-foot census-heat-bottled census-heat-gas census-heat-renewable census-home-detached census-home-terraced census-job-operatives census-job-trades census-population census-qual-none census-tenure-outright census-tenure-social ge24-labour ge24-nonvoters ge24-reform hmrc-employed hmrc-pension hmrc-taxpayers osm-breweries osm-iceland osm-lidl osm-mcdonalds osm-pubs osm-stations osm-wetherspoon repd-battery
repd-battery,Battery storage capacity (MW),Power,repd,150,ns,North-west/South-east,Find the line that puts 50% of grid battery storage capacity north-west of it,(diagonal),Blaby,10,North-west,census-tenure-outright,0,30,census-carers-50h census-cars-none census-commute-car census-heat-bottled census-heat-gas census-heat-renewable census-home-detached census-home-semi census-home-terraced census-job-operatives census-job-trades census-population census-qual-apprentice census-qual-none census-tenure-outright census-tenure-social ge24-labour ge24-nonvoters ge24-reform hmrc-pension osm-breweries osm-chippies osm-iceland osm-lidl osm-mcdonalds osm-pubs osm-stations osm-wetherspoon pop-all repd-solar-pipeline
repd-battery-pipeline,Battery storage consented or being built (MW),Power,repd,150,ns,North-west/South-east,Find the line that puts 50% of battery storage capacity that is consented or under construction north-west of it,(diagonal),Doncaster,98,North-west,census-heat-solid,12,1,census-heat-solid
repd-hydro,Hydro-electric schemes,Power,repd,150,ns,North-west/South-east,Find the line that puts 50% of hydro-electric schemes north-west of it,(diagonal),Highland,523,North-west,osm-distilleries,88,0,
repd-solar,Solar farm capacity (MW),Power,repd,150,ns,North-west/South-east,Find the line that puts 50% of solar farm capacity north-west of it,(diagonal),Wiltshire,64,South-east,census-home-commercial,0,16,census-commute-bike census-heat-electric census-home-caravan census-home-commercial census-home-flat census-job-managers census-work-from-home ge24-con ge24-green hmrc-higher-rate hmrc-self-employed osm-mands osm-nandos osm-sainsburys osm-tesco osm-windmills
repd-solar-pipeline,Solar capacity consented or being built (MW),Power,repd,150,ns,North-west/South-east,Find the line that puts 50% of solar capacity that is consented or under construction north-west of it,(diagonal),Carmarthenshire,22,North-west,census-carers-50h,2,28,census-carers-50h census-cars-none census-commute-car census-health-verybad census-heat-gas census-home-detached census-home-semi census-home-terraced census-job-operatives census-job-trades census-qual-apprentice census-qual-none census-sick census-tenure-outright census-tenure-social ge24-labour ge24-nonvoters hmrc-pension osm-chippies osm-greggs osm-iceland osm-lidl osm-mcdonalds osm-pubs osm-stations osm-wetherspoon repd-battery repd-wind-offshore
repd-wind-offshore,Offshore wind capacity (MW),Power,repd,150,ns,North-west/South-east,Find the line that puts 50% of offshore wind power capacity north-west of it,(diagonal),North Norfolk,36,North-west,census-sick,1,11,census-carers-50h census-health-verybad census-home-semi census-qual-apprentice census-sick osm-aldi osm-chippies osm-golf osm-greggs osm-morrisons repd-solar-pipeline
repd-wind-onshore,Onshore wind capacity (MW),Power,repd,150,ns,North-west/South-east,Find the line that puts 50% of onshore wind power capacity north-west of it,(diagonal),South Ayrshire,375,North-west,osm-lighthouses,11,1,osm-lighthouses
census-carers-50h,Carers giving 50+ hours a week,Health & care,unified_census,165,ns,North/South,Find the line that puts 50% of people giving 50 or more hours of unpaid care a week north of it,(diagonal),Birmingham,27,North,census-job-operatives,2,24,census-cars-none census-commute-car census-health-verybad census-heat-gas census-home-detached census-home-semi census-home-terraced census-job-operatives census-qual-apprentice census-qual-none census-sick census-tenure-outright census-tenure-social ge24-labour ge24-nonvoters osm-chippies osm-greggs osm-iceland osm-lidl osm-mcdonalds osm-pubs osm-stations osm-wetherspoon repd-battery
census-cars-3plus,Households with 3+ cars,Owning & renting,unified_census,165,ns,North/South,Find the line that puts 50% of households with three or more cars or vans north of it,(diagonal),West Northamptonshire,10,South,osm-starbucks,3,13,census-commute-foot census-heat-bottled census-heat-renewable census-job-trades census-population census-qual-degree ge24-reform hmrc-employed hmrc-taxpayers osm-breweries osm-starbucks osm-windmills pop-all
census-cars-none,Households with no car,Owning & renting,unified_census,165,ns,North/South,Find the line that puts 50% of households with no car or van north of it,(diagonal),Birmingham,13,North,census-heat-gas,1,27,census-carers-50h census-commute-car census-heat-bottled census-heat-gas census-heat-renewable census-home-detached census-home-semi census-home-terraced census-job-operatives census-job-trades census-population census-qual-none census-tenure-outright census-tenure-social ge24-labour ge24-nonvoters ge24-reform hmrc-pension osm-breweries osm-iceland osm-lidl osm-mcdonalds osm-pubs osm-stations osm-wetherspoon pop-all repd-battery
census-commute-bike,Commuters by bicycle,Getting to work,unified_census,165,ns,North/South,Find the line that puts 50% of people who cycle to work north of it,(diagonal),Cambridge,46,South,osm-tesco,0,14,census-heat-electric census-home-caravan census-hours-49plus census-job-managers census-tenure-private census-work-from-home ge24-con ge24-green hmrc-higher-rate hmrc-self-employed osm-costa osm-mands osm-tesco repd-solar
census-commute-car,Commuters by car or van,Getting to work,unified_census,165,ns,North/South,Find the line that puts 50% of people who drive to work north of it,(diagonal),Birmingham,23,North,repd-battery,0,27,census-carers-50h census-cars-none census-health-verybad census-heat-gas census-heat-renewable census-home-detached census-home-semi census-home-terraced census-job-operatives census-job-trades census-qual-apprentice census-qual-none census-tenure-outright census-tenure-social ge24-labour ge24-nonvoters ge24-reform hmrc-pension osm-chippies osm-greggs osm-iceland osm-lidl osm-mcdonalds osm-pubs osm-stations osm-wetherspoon repd-battery
census-commute-foot,Commuters on foot,Getting to work,unified_census,165,ns,North/South,Find the line that puts 50% of people who walk to work north of it,(diagonal),West Northamptonshire,7,South,hmrc-employed,1,14,census-cars-3plus census-heat-bottled census-heat-renewable census-job-trades census-population census-qual-degree ge24-reform hmrc-employed hmrc-pension hmrc-taxpayers osm-breweries osm-lidl osm-starbucks pop-all
census-commute-metro,"Commuters by underground, metro or tram",Getting to work,unified_census,165,ns,North/South,"Find the line that puts 50% of people who commute by underground, metro or tram north of it",(diagonal),Newham,110,South,census-commute-train,1,5,census-commute-train census-home-converted hmrc-additional-rate osm-pret osm-waitrose
census-commute-motorbike,Commuters by motorbike or moped,Getting to work,unified_census,165,ns,North/South,Find the line that puts 50% of people who ride a motorbike or moped to work north of it,(diagonal),"Bristol, City of",83,South,hmrc-tax-amount,1,6,census-home-commercial census-home-flat ge24-libdem hmrc-tax-amount osm-nandos osm-sainsburys
census-commute-taxi,Commuters by taxi,Getting to work,unified_census,165,ns,North/South,Find the line that puts 50% of people who get to work by taxi north of it,(diagonal),Stoke-on-Trent,70,North,census-heat-oil,1,5,census-heat-oil census-heat-wood osm-aldi osm-golf osm-morrisons
census-commute-train,Commuters by train,Getting to work,unified_census,165,ns,North/South,Find the line that puts 50% of people who commute by train north of it,(diagonal),Havering,109,South,census-home-converted,1,5,census-commute-metro census-home-converted hmrc-additional-rate osm-pret osm-waitrose
census-health-verybad,Very bad health,Health & care,unified_census,165,ns,North/South,Find the line that puts 50% of people in very bad health north of it,(diagonal),Sandwell,36,North,osm-greggs,0,19,census-carers-50h census-commute-car census-home-semi census-home-terraced census-job-operatives census-qual-apprentice census-qual-none census-sick census-tenure-outright census-tenure-social ge24-labour ge24-nonvoters osm-chippies osm-golf osm-greggs osm-iceland osm-stations repd-battery repd-solar-pipeline
census-heat-bottled,Homes heated only by tank or bottled gas,Heating,unified_census,165,ns,North/South,Find the line that puts 50% of homes heated only by tank or bottled gas north of it,(diagonal),"Herefordshire, County of",2,South,census-population,2,19,census-cars-3plus census-cars-none census-commute-foot census-heat-gas census-heat-renewable census-home-detached census-job-trades census-population ge24-reform hmrc-employed hmrc-pension hmrc-taxpayers osm-breweries osm-lidl osm-mcdonalds osm-pubs osm-starbucks osm-wetherspoon pop-all
census-heat-electric,Homes heated only by electricity,Heating,unified_census,165,ns,North/South,Find the line that puts 50% of homes heated only by electricity north of it,(diagonal),Cardiff,57,South,census-work-from-home,2,17,census-commute-bike census-home-caravan census-home-commercial census-home-flat census-hours-49plus census-job-managers census-work-from-home ge24-con ge24-green hmrc-higher-rate hmrc-self-employed osm-costa osm-mands osm-nandos osm-sainsburys osm-tesco repd-solar
census-heat-gas,Homes heated only by mains gas,Heating,unified_census,165,ns,North/South,Find the line that puts 50% of homes heated only by mains gas north of it,(diagonal),Birmingham,13,North,census-cars-none,1,27,census-carers-50h census-cars-none census-commute-car census-heat-bottled census-heat-renewable census-home-detached census-home-semi census-home-terraced census-job-operatives census-job-trades census-population census-qual-none census-tenure-outright census-tenure-social ge24-labour ge24-nonvoters ge24-reform hmrc-pension osm-breweries osm-iceland osm-lidl osm-mcdonalds osm-pubs osm-stations osm-wetherspoon pop-all repd-battery
census-heat-oil,Homes heated only by oil,Heating,unified_census,165,ns,North/South,Find the line that puts 50% of homes heated only by oil north of it,(diagonal),Shropshire,69,North,census-commute-taxi,1,5,census-commute-taxi census-heat-wood osm-aldi osm-golf osm-morrisons
census-heat-renewable,Homes heated only by renewables,Heating,unified_census,165,ns,North/South,Find the line that puts 50% of homes heated only by renewable energy north of it,(diagonal),King's Lynn and West Norfolk,6,North,ge24-reform,0,28,census-cars-3plus census-cars-none census-commute-car census-commute-foot census-heat-bottled census-heat-gas census-home-detached census-home-terraced census-job-trades census-population census-qual-none census-tenure-outright census-tenure-social ge24-labour ge24-nonvoters ge24-reform hmrc-employed hmrc-pension hmrc-taxpayers osm-breweries osm-iceland osm-lidl osm-mcdonalds osm-pubs osm-stations osm-wetherspoon pop-all repd-battery
census-heat-solid,Homes heated only by solid fuel,Heating,unified_census,165,ns,North/South,"Find the line that puts 50% of homes heated only by solid fuel (coal, peat) north of it",(diagonal),Barnsley,109,North,repd-wind-offshore,1,2,repd-battery-pipeline repd-wind-offshore
census-heat-wood,Homes heated only by wood,Heating,unified_census,165,ns,North/South,Find the line that puts 50% of homes heated only by wood north of it,(diagonal),Shropshire,62,North,osm-morrisons,0,6,census-commute-taxi census-heat-oil osm-aldi osm-golf osm-morrisons repd-solar-pipeline
census-home-caravan,Households in a caravan or mobile home,Homes,unified_census,165,ns,North/South,Find the line that puts 50% of households living in a caravan or mobile home north of it,(diagonal),Central Bedfordshire,62,South,osm-mands,1,14,census-commute-bike census-heat-electric census-home-commercial census-home-flat census-job-managers census-work-from-home ge24-green hmrc-higher-rate hmrc-self-employed osm-mands osm-nandos osm-sainsburys osm-tesco repd-solar
census-home-commercial,Households in a commercial building,Homes,unified_census,165,ns,North/South,"Find the line that puts 50% of households living above a shop, in an office building or hotel north of it",(diagonal),"Bristol, City of",65,South,osm-nandos,3,13,census-commute-motorbike census-heat-electric census-home-caravan census-home-flat census-job-managers census-work-from-home hmrc-higher-rate hmrc-self-employed hmrc-tax-amount osm-mands osm-nandos osm-sainsburys repd-solar
census-home-converted,Households in converted or shared houses,Homes,unified_census,165,ns,North/South,"Find the line that puts 50% of households in converted or shared houses, including bedsits north of it",(diagonal),Camden,108,South,census-commute-train,1,5,census-commute-metro census-commute-train hmrc-additional-rate osm-pret osm-waitrose
census-home-detached,Households in detached houses,Homes,unified_census,165,ns,North/South,Find the line that puts 50% of households in a detached house north of it,(diagonal),Birmingham,14,North,osm-wetherspoon,0,27,census-carers-50h census-cars-none census-commute-car census-heat-bottled census-heat-gas census-heat-renewable census-home-semi census-home-terraced census-job-operatives census-job-trades census-population census-qual-none census-tenure-outright census-tenure-social ge24-labour ge24-nonvoters ge24-reform hmrc-pension osm-chippies osm-iceland osm-lidl osm-mcdonalds osm-pubs osm-stations osm-wetherspoon pop-all repd-battery
census-home-flat,Households in purpose-built flats,Homes,unified_census,165,ns,North/South,Find the line that puts 50% of households in a purpose-built block of flats north of it,(diagonal),"Bristol, City of",68,South,osm-nandos,0,12,census-commute-motorbike census-heat-electric census-home-caravan census-home-commercial census-work-from-home hmrc-higher-rate hmrc-self-employed hmrc-tax-amount osm-mands osm-nandos osm-sainsburys repd-solar
census-home-semi,Households in semi-detached houses,Homes,unified_census,165,ns,North/South,Find the line that puts 50% of households in a semi-detached house north of it,(diagonal),Birmingham,30,North,osm-chippies,2,23,census-carers-50h census-cars-none census-commute-car census-health-verybad census-heat-gas census-home-detached census-home-terraced census-job-operatives census-qual-apprentice census-qual-none census-sick census-tenure-outright census-tenure-social ge24-labour ge24-nonvoters osm-chippies osm-greggs osm-iceland osm-pubs osm-stations osm-wetherspoon repd-battery repd-solar-pipeline
census-home-terraced,Households in terraced houses,Homes,unified_census,165,ns,North/South,Find the line that puts 50% of households in a terraced house north of it,(diagonal),Birmingham,18,North,ge24-labour,2,28,census-carers-50h census-cars-none census-commute-car census-health-verybad census-heat-gas census-heat-renewable census-home-detached census-home-semi census-job-operatives census-job-trades census-qual-apprentice census-qual-none census-tenure-outright census-tenure-social ge24-labour ge24-nonvoters ge24-reform hmrc-pension osm-chippies osm-greggs osm-iceland osm-lidl osm-mcdonalds osm-pubs osm-stations osm-wetherspoon pop-all repd-battery
census-hours-49plus,People working 49+ hours a week,Work & qualifications,unified_census,165,ns,North/South,Find the line that puts 50% of people working 49 or more hours a week north of it,(diagonal),Milton Keynes,43,South,ge24-green,3,14,census-commute-bike census-heat-electric census-job-managers census-tenure-private census-work-from-home ge24-con ge24-green hmrc-higher-rate hmrc-self-employed osm-costa osm-mands osm-tesco osm-windmills repd-solar
census-job-managers,"Managers, directors and senior officials",Work & qualifications,unified_census,165,ns,North/South,"Find the line that puts 50% of managers, directors and senior officials north of it",(diagonal),Central Bedfordshire,49,South,osm-tesco,2,14,census-commute-bike census-heat-electric census-home-caravan census-home-commercial census-hours-49plus census-work-from-home ge24-con ge24-green hmrc-higher-rate hmrc-self-employed osm-costa osm-mands osm-tesco repd-solar
census-job-operatives,"Process, plant and machine operatives",Work & qualifications,unified_census,165,ns,North/South,"Find the line that puts 50% of process, plant and machine operatives north of it",(diagonal),Birmingham,25,North,census-carers-50h,2,26,census-carers-50h census-cars-none census-commute-car census-health-verybad census-heat-gas census-home-detached census-home-semi census-home-terraced census-job-trades census-qual-apprentice census-qual-none census-sick census-tenure-outright census-tenure-social ge24-labour ge24-nonvoters hmrc-pension osm-chippies osm-greggs osm-iceland osm-lidl osm-mcdonalds osm-pubs osm-stations osm-wetherspoon repd-battery
census-job-trades,Skilled trades,Work & qualifications,unified_census,165,ns,North/South,Find the line that puts 50% of people working in skilled trades north of it,(diagonal),Birmingham,7,North,hmrc-pension,0,29,census-cars-3plus census-cars-none census-commute-car census-commute-foot census-heat-bottled census-heat-gas census-heat-renewable census-home-detached census-home-terraced census-job-operatives census-population census-qual-none census-tenure-outright census-tenure-social ge24-labour ge24-nonvoters ge24-reform hmrc-employed hmrc-pension hmrc-taxpayers osm-breweries osm-iceland osm-lidl osm-mcdonalds osm-pubs osm-stations osm-wetherspoon pop-all repd-battery
census-population,Usual residents (census),Population,unified_census,165,ns,North/South,Find the line that puts 50% of the UK's residents north of it,(diagonal),North Northamptonshire,0,,pop-all,1,19,census-cars-3plus census-cars-none census-commute-foot census-heat-bottled census-heat-gas census-heat-renewable census-home-detached census-job-trades ge24-reform hmrc-employed hmrc-pension hmrc-taxpayers osm-breweries osm-lidl osm-mcdonalds osm-pubs osm-starbucks osm-wetherspoon pop-all
census-qual-apprentice,Apprenticeships,Work & qualifications,unified_census,165,ns,North/South,Find the line that puts 50% of people whose highest qualification is an apprenticeship north of it,(diagonal),Birmingham,34,North,osm-chippies,2,18,census-carers-50h census-commute-car census-health-verybad census-home-semi census-home-terraced census-job-operatives census-qual-none census-sick census-tenure-outright census-tenure-social ge24-labour ge24-nonvoters osm-chippies osm-greggs osm-iceland osm-stations repd-battery repd-solar-pipeline
census-qual-degree,Degree-level qualifications,Work & qualifications,unified_census,165,ns,North/South,Find the line that puts 50% of people with a degree-level qualification or above north of it,(diagonal),West Northamptonshire,23,South,osm-windmills,3,9,census-cars-3plus census-commute-foot census-tenure-private ge24-con hmrc-employed hmrc-taxpayers osm-costa osm-starbucks osm-windmills
census-qual-none,No qualifications,Work & qualifications,unified_census,165,ns,North/South,Find the line that puts 50% of adults with no qualifications north of it,(diagonal),Birmingham,21,North,ge24-nonvoters,0,27,census-carers-50h census-cars-none census-commute-car census-health-verybad census-heat-gas census-heat-renewable census-home-detached census-home-semi census-home-terraced census-job-operatives census-job-trades census-qual-apprentice census-tenure-outright census-tenure-social ge24-labour ge24-nonvoters ge24-reform hmrc-pension osm-chippies osm-greggs osm-iceland osm-lidl osm-mcdonalds osm-pubs osm-stations osm-wetherspoon repd-battery
census-sick,Long-term sick or disabled,Health & care,unified_census,165,ns,North/South,Find the line that puts 50% of people out of work because they are long-term sick or disabled north of it,(diagonal),Sandwell,42,North,repd-solar-pipeline,4,9,census-carers-50h census-health-verybad census-home-semi census-job-operatives census-qual-apprentice osm-chippies osm-golf osm-greggs repd-solar-pipeline
census-tenure-outright,Households that own outright,Owning & renting,unified_census,165,ns,North/South,Find the line that puts 50% of households that own their home outright north of it,(diagonal),Birmingham,20,North,osm-stations,0,27,census-carers-50h census-cars-none census-commute-car census-health-verybad census-heat-gas census-heat-renewable census-home-detached census-home-semi census-home-terraced census-job-operatives census-job-trades census-qual-apprentice census-qual-none census-tenure-social ge24-labour ge24-nonvoters ge24-reform hmrc-pension osm-chippies osm-greggs osm-iceland osm-lidl osm-mcdonalds osm-pubs osm-stations osm-wetherspoon repd-battery
census-tenure-private,Households renting privately,Owning & renting,unified_census,165,ns,North/South,Find the line that puts 50% of households renting privately north of it,(diagonal),West Northamptonshire,29,South,osm-windmills,3,9,census-commute-bike census-hours-49plus census-qual-degree ge24-con ge24-green osm-costa osm-starbucks osm-tesco osm-windmills
census-tenure-social,Households renting socially,Owning & renting,unified_census,165,ns,North/South,Find the line that puts 50% of households in social housing north of it,(diagonal),Birmingham,22,North,census-qual-none,1,27,census-carers-50h census-cars-none census-commute-car census-health-verybad census-heat-gas census-heat-renewable census-home-detached census-home-semi census-home-terraced census-job-operatives census-job-trades census-qual-apprentice census-qual-none census-tenure-outright ge24-labour ge24-nonvoters ge24-reform hmrc-pension osm-chippies osm-greggs osm-iceland osm-lidl osm-mcdonalds osm-pubs osm-stations osm-wetherspoon repd-battery
census-work-from-home,People working mainly from home,Getting to work,unified_census,165,ns,North/South,Find the line that puts 50% of people who work mainly from home north of it,(diagonal),Cardiff,55,South,hmrc-self-employed,1,17,census-commute-bike census-heat-electric census-home-caravan census-home-commercial census-home-flat census-hours-49plus census-job-managers ge24-con ge24-green hmrc-higher-rate hmrc-self-employed osm-costa osm-mands osm-nandos osm-sainsburys osm-tesco repd-solar
ge24-con,"Conservative votes, 2024",Election night,ge2024,165,ns,North/South,Find the line that puts 50% of votes cast for the Conservatives in 2024 north of it,(diagonal),North Bedfordshire,41,South,osm-costa,1,12,census-commute-bike census-heat-electric census-hours-49plus census-job-managers census-qual-degree census-tenure-private census-work-from-home ge24-green hmrc-self-employed osm-costa osm-tesco osm-windmills
ge24-green,"Green votes, 2024",Election night,ge2024,165,ns,North/South,Find the line that puts 50% of votes cast for the Greens in 2024 north of it,(diagonal),Waveney Valley,46,South,census-commute-bike,1,14,census-commute-bike census-heat-electric census-home-caravan census-hours-49plus census-job-managers census-tenure-private census-work-from-home ge24-con hmrc-higher-rate hmrc-self-employed osm-costa osm-mands osm-tesco repd-solar
ge24-labour,"Labour votes, 2024",Election night,ge2024,165,ns,North/South,Find the line that puts 50% of votes cast for Labour in 2024 north of it,(diagonal),Birmingham Selly Oak,20,North,osm-iceland,0,27,census-carers-50h census-cars-none census-commute-car census-health-verybad census-heat-gas census-heat-renewable census-home-detached census-home-semi census-home-terraced census-job-operatives census-job-trades census-qual-apprentice census-qual-none census-tenure-outright census-tenure-social ge24-nonvoters ge24-reform hmrc-pension osm-chippies osm-greggs osm-iceland osm-lidl osm-mcdonalds osm-pubs osm-stations osm-wetherspoon repd-battery
ge24-libdem,"Liberal Democrat votes, 2024",Election night,ge2024,165,ns,North/South,Find the line that puts 50% of votes cast for the Liberal Democrats in 2024 north of it,(diagonal),St Albans,88,South,census-commute-motorbike,5,5,census-commute-motorbike hmrc-additional-rate hmrc-tax-amount osm-sainsburys osm-waitrose
ge24-nonvoters,"Registered voters who did not vote, 2024",Election night,ge2024,165,ns,North/South,Find the line that puts 50% of registered voters who stayed at home in 2024 north of it,(diagonal),Birmingham Ladywood,21,North,census-qual-none,0,27,census-carers-50h census-cars-none census-commute-car census-health-verybad census-heat-gas census-heat-renewable census-home-detached census-home-semi census-home-terraced census-job-operatives census-job-trades census-qual-apprentice census-qual-none census-tenure-outright census-tenure-social ge24-labour ge24-reform hmrc-pension osm-chippies osm-greggs osm-iceland osm-lidl osm-mcdonalds osm-pubs osm-stations osm-wetherspoon repd-battery
ge24-reform,"Reform UK votes, 2024",Election night,ge2024,165,ns,North/South,Find the line that puts 50% of votes cast for Reform UK in 2024 north of it,(diagonal),South Leicestershire,6,North,census-heat-renewable,0,28,census-cars-3plus census-cars-none census-commute-car census-commute-foot census-heat-bottled census-heat-gas census-heat-renewable census-home-detached census-home-terraced census-job-trades census-population census-qual-none census-tenure-outright census-tenure-social ge24-labour ge24-nonvoters hmrc-employed hmrc-pension hmrc-taxpayers osm-breweries osm-iceland osm-lidl osm-mcdonalds osm-pubs osm-stations osm-wetherspoon pop-all repd-battery
hmrc-additional-rate,Additional-rate (top-rate) taxpayers,Income & tax,hmrc,165,ns,North/South,Find the line that puts 50% of top-rate taxpayers north of it,(diagonal),Camden,105,South,census-home-converted,3,6,census-commute-metro census-commute-train census-home-converted ge24-libdem osm-pret osm-waitrose
hmrc-employed,Taxpayers with a job,Income & tax,hmrc,165,ns,North/South,Find the line that puts 50% of taxpayers with income from a job north of it,(diagonal),West Northamptonshire,6,South,hmrc-taxpayers,0,15,census-cars-3plus census-commute-foot census-heat-bottled census-heat-renewable census-job-trades census-population census-qual-degree ge24-reform hmrc-pension hmrc-taxpayers osm-breweries osm-lidl osm-mcdonalds osm-starbucks pop-all
hmrc-higher-rate,Higher-rate taxpayers,Income & tax,hmrc,165,ns,North/South,Find the line that puts 50% of higher-rate taxpayers north of it,(diagonal),Buckinghamshire,59,South,repd-solar,1,15,census-commute-bike census-heat-electric census-home-caravan census-home-commercial census-home-flat census-hours-49plus census-job-managers census-work-from-home ge24-green hmrc-self-employed osm-mands osm-nandos osm-sainsburys osm-tesco repd-solar
hmrc-pension,Taxpayers with pension income,Income & tax,hmrc,165,ns,North/South,Find the line that puts 50% of taxpayers drawing a pension north of it,(diagonal),Solihull,8,North,census-job-trades,0,28,census-cars-none census-commute-car census-commute-foot census-heat-bottled census-heat-gas census-heat-renewable census-home-detached census-home-terraced census-job-operatives census-job-trades census-population census-qual-none census-tenure-outright census-tenure-social ge24-labour ge24-nonvoters ge24-reform hmrc-employed hmrc-taxpayers osm-breweries osm-iceland osm-lidl osm-mcdonalds osm-pubs osm-stations osm-wetherspoon pop-all repd-battery
hmrc-self-employed,Self-employed taxpayers,Income & tax,hmrc,165,ns,North/South,Find the line that puts 50% of self-employed taxpayers north of it,(diagonal),Central Bedfordshire,55,South,census-work-from-home,1,17,census-commute-bike census-heat-electric census-home-caravan census-home-commercial census-home-flat census-hours-49plus census-job-managers census-work-from-home ge24-con ge24-green hmrc-higher-rate osm-costa osm-mands osm-nandos osm-sainsburys osm-tesco repd-solar
hmrc-tax-amount,Income tax paid,Income & tax,hmrc,165,ns,North/South,Find the line that puts 50% of all income tax paid north of it,(diagonal),Buckinghamshire,82,South,census-commute-motorbike,1,6,census-commute-motorbike census-home-commercial census-home-flat ge24-libdem osm-nandos osm-sainsburys
hmrc-taxpayers,Income taxpayers,Income & tax,hmrc,165,ns,North/South,Find the line that puts 50% of income taxpayers north of it,(diagonal),West Northamptonshire,6,South,hmrc-employed,0,15,census-cars-3plus census-commute-foot census-heat-bottled census-heat-renewable census-job-trades census-population census-qual-degree ge24-reform hmrc-employed hmrc-pension osm-breweries osm-lidl osm-mcdonalds osm-starbucks pop-all
osm-aldi,Aldi shops,Supermarket sweep,osm,165,ns,North/South,Find the line that puts 50% of Aldi shops north of it,(diagonal),Nottingham,63,North,census-heat-wood,1,6,census-commute-taxi census-heat-oil census-heat-wood osm-golf osm-morrisons repd-solar-pipeline
osm-breweries,Breweries,Out and about,osm,165,ns,North/South,Find the line that puts 50% of breweries north of it,(diagonal),North Northamptonshire,4,South,census-heat-bottled,2,16,census-cars-3plus census-cars-none census-commute-foot census-heat-bottled census-heat-gas census-heat-renewable census-job-trades census-population ge24-reform hmrc-employed hmrc-pension hmrc-taxpayers osm-lidl osm-mcdonalds osm-starbucks pop-all
osm-castles,Castles,Heritage & coast,osm,165,ns,North/South,Find the line that puts 50% of castles north of it,(diagonal),Northumberland,267,North,osm-standing-stones,35,0,
osm-chippies,Fish and chip shops,Out and about,osm,165,ns,North/South,Find the line that puts 50% of fish and chip shops north of it,(diagonal),Birmingham,32,North,census-qual-apprentice,2,21,census-carers-50h census-commute-car census-health-verybad census-home-detached census-home-semi census-home-terraced census-job-operatives census-qual-apprentice census-qual-none census-sick census-tenure-outright census-tenure-social ge24-labour ge24-nonvoters osm-greggs osm-iceland osm-pubs osm-stations osm-wetherspoon repd-battery repd-solar-pipeline
osm-costa,Costa Coffee shops,High street,osm,165,ns,North/South,Find the line that puts 50% of Costa Coffee shops north of it,(diagonal),Milton Keynes,40,South,ge24-con,1,12,census-commute-bike census-heat-electric census-hours-49plus census-job-managers census-qual-degree census-tenure-private census-work-from-home ge24-con ge24-green hmrc-self-employed osm-tesco osm-windmills
osm-distilleries,Distilleries,Out and about,osm,165,ns,North/South,Find the line that puts 50% of distilleries north of it,(diagonal),Stirling,442,North,repd-wind-onshore,68,0,
osm-golf,Golf courses,Out and about,osm,165,ns,North/South,Find the line that puts 50% of golf courses north of it,(diagonal),Shropshire,54,North,osm-morrisons,8,9,census-commute-taxi census-health-verybad census-heat-oil census-heat-wood census-sick osm-aldi osm-greggs osm-morrisons repd-solar-pipeline
osm-greggs,Greggs shops,High street,osm,165,ns,North/South,Find the line that puts 50% of Greggs shops north of it,(diagonal),Sandwell,36,North,census-health-verybad,0,19,census-carers-50h census-commute-car census-health-verybad census-home-semi census-home-terraced census-job-operatives census-qual-apprentice census-qual-none census-sick census-tenure-outright census-tenure-social ge24-labour ge24-nonvoters osm-chippies osm-golf osm-iceland osm-stations repd-battery repd-solar-pipeline
osm-iceland,Iceland shops,Supermarket sweep,osm,165,ns,North/South,Find the line that puts 50% of Iceland shops north of it,(diagonal),Birmingham,20,North,census-tenure-outright,0,27,census-carers-50h census-cars-none census-commute-car census-health-verybad census-heat-gas census-heat-renewable census-home-detached census-home-semi census-home-terraced census-job-operatives census-job-trades census-qual-apprentice census-qual-none census-tenure-outright census-tenure-social ge24-labour ge24-nonvoters ge24-reform hmrc-pension osm-chippies osm-greggs osm-lidl osm-mcdonalds osm-pubs osm-stations osm-wetherspoon repd-battery
osm-lidl,Lidl shops,Supermarket sweep,osm,165,ns,North/South,Find the line that puts 50% of Lidl shops north of it,(diagonal),Birmingham,10,North,osm-mcdonalds,1,29,census-carers-50h census-cars-none census-commute-car census-commute-foot census-heat-bottled census-heat-gas census-heat-renewable census-home-detached census-home-terraced census-job-operatives census-job-trades census-population census-qual-none census-tenure-outright census-tenure-social ge24-labour ge24-nonvoters ge24-reform hmrc-employed hmrc-pension hmrc-taxpayers osm-breweries osm-iceland osm-mcdonalds osm-pubs osm-stations osm-wetherspoon pop-all repd-battery
osm-lighthouses,Lighthouses,Heritage & coast,osm,165,ns,North/South,Find the line that puts 50% of lighthouses north of it,(diagonal),South Ayrshire,353,North,repd-wind-onshore,21,0,
osm-mands,M&S shops,Supermarket sweep,osm,165,ns,North/South,Find the line that puts 50% of Marks & Spencer shops north of it,(diagonal),"Bristol, City of",61,South,census-home-caravan,1,15,census-commute-bike census-heat-electric census-home-caravan census-home-commercial census-home-flat census-hours-49plus census-job-managers census-work-from-home ge24-green hmrc-higher-rate hmrc-self-employed osm-nandos osm-sainsburys osm-tesco repd-solar
osm-mcdonalds,McDonald's restaurants,High street,osm,165,ns,North/South,Find the line that puts 50% of McDonald's restaurants north of it,(diagonal),Birmingham,11,North,osm-lidl,1,28,census-carers-50h census-cars-none census-commute-car census-heat-bottled census-heat-gas census-heat-renewable census-home-detached census-home-terraced census-job-operatives census-job-trades census-population census-qual-none census-tenure-outright census-tenure-social ge24-labour ge24-nonvoters ge24-reform hmrc-employed hmrc-pension hmrc-taxpayers osm-breweries osm-iceland osm-lidl osm-pubs osm-stations osm-wetherspoon pop-all repd-battery
osm-morrisons,Morrisons supermarkets,Supermarket sweep,osm,165,ns,North/South,Find the line that puts 50% of Morrisons supermarkets north of it,(diagonal),Shropshire,62,North,census-heat-wood,0,6,census-commute-taxi census-heat-oil census-heat-wood osm-aldi osm-golf repd-solar-pipeline
osm-nandos,Nando's restaurants,High street,osm,165,ns,North/South,Find the line that puts 50% of Nando's restaurants north of it,(diagonal),South Gloucestershire,68,South,census-home-flat,0,12,census-commute-motorbike census-heat-electric census-home-caravan census-home-commercial census-home-flat census-work-from-home hmrc-higher-rate hmrc-self-employed hmrc-tax-amount osm-mands osm-sainsburys repd-solar
osm-pret,Pret A Manger shops,High street,osm,165,ns,North/South,Find the line that puts 50% of Pret A Manger shops north of it,(diagonal),Camden,113,South,census-commute-metro,3,5,census-commute-metro census-commute-train census-home-converted hmrc-additional-rate osm-waitrose
osm-pubs,Pubs,Out and about,osm,165,ns,North/South,Find the line that puts 50% of pubs north of it,(diagonal),Birmingham,15,North,osm-wetherspoon,0,27,census-carers-50h census-cars-none census-commute-car census-heat-bottled census-heat-gas census-heat-renewable census-home-detached census-home-semi census-home-terraced census-job-operatives census-job-trades census-population census-qual-none census-tenure-outright census-tenure-social ge24-labour ge24-nonvoters ge24-reform hmrc-pension osm-chippies osm-iceland osm-lidl osm-mcdonalds osm-stations osm-wetherspoon pop-all repd-battery
osm-sainsburys,Sainsbury's shops (all formats),Supermarket sweep,osm,165,ns,North/South,Find the line that puts 50% of Sainsbury's shops of every size north of it,(diagonal),Buckinghamshire,71,South,census-home-flat,3,13,census-commute-motorbike census-heat-electric census-home-caravan census-home-commercial census-home-flat census-work-from-home ge24-libdem hmrc-higher-rate hmrc-self-employed hmrc-tax-amount osm-mands osm-nandos repd-solar
osm-standing-stones,Standing stones and other megaliths,Heritage & coast,osm,165,ns,North/South,Find the line that puts 50% of standing stones and other megaliths north of it,(diagonal),Westmorland and Furness,232,North,osm-castles,35,0,
osm-starbucks,Starbucks shops,High street,osm,165,ns,North/South,Find the line that puts 50% of Starbucks shops north of it,(diagonal),Peterborough,13,South,census-cars-3plus,3,11,census-cars-3plus census-commute-foot census-heat-bottled census-population census-qual-degree census-tenure-private hmrc-employed hmrc-taxpayers osm-breweries osm-windmills pop-all
osm-stations,Railway stations,Out and about,osm,165,ns,North/South,Find the line that puts 50% of railway stations north of it,(diagonal),Birmingham,20,North,census-tenure-outright,0,27,census-carers-50h census-cars-none census-commute-car census-health-verybad census-heat-gas census-heat-renewable census-home-detached census-home-semi census-home-terraced census-job-operatives census-job-trades census-qual-apprentice census-qual-none census-tenure-outright census-tenure-social ge24-labour ge24-nonvoters ge24-reform hmrc-pension osm-chippies osm-greggs osm-iceland osm-lidl osm-mcdonalds osm-pubs osm-wetherspoon repd-battery
osm-tesco,Tesco shops (all formats),Supermarket sweep,osm,165,ns,North/South,Find the line that puts 50% of Tesco shops of every size north of it,(diagonal),Milton Keynes,47,South,census-commute-bike,0,14,census-commute-bike census-heat-electric census-home-caravan census-hours-49plus census-job-managers census-tenure-private census-work-from-home ge24-con ge24-green hmrc-higher-rate hmrc-self-employed osm-costa osm-mands repd-solar
osm-waitrose,Waitrose shops,Supermarket sweep,osm,165,ns,North/South,Find the line that puts 50% of Waitrose shops north of it,(diagonal),Barnet,102,South,hmrc-additional-rate,4,6,census-commute-metro census-commute-train census-home-converted ge24-libdem hmrc-additional-rate osm-pret
osm-wetherspoon,Wetherspoon pubs,High street,osm,165,ns,North/South,Find the line that puts 50% of Wetherspoon pubs north of it,(diagonal),Birmingham,14,North,census-home-detached,0,27,census-carers-50h census-cars-none census-commute-car census-heat-bottled census-heat-gas census-heat-renewable census-home-detached census-home-semi census-home-terraced census-job-operatives census-job-trades census-population census-qual-none census-tenure-outright census-tenure-social ge24-labour ge24-nonvoters ge24-reform hmrc-pension osm-chippies osm-iceland osm-lidl osm-mcdonalds osm-pubs osm-stations pop-all repd-battery
osm-windmills,Windmills (historic),Heritage & coast,osm,165,ns,North/South,Find the line that puts 50% of old windmills north of it,(diagonal),South Cambridgeshire,26,South,census-tenure-private,3,7,census-cars-3plus census-hours-49plus census-qual-degree census-tenure-private ge24-con osm-costa osm-starbucks
pop-all,Population,Population,population,165,ns,North/South,Find the line that puts 50% of the UK's population north of it,(diagonal),North Northamptonshire,1,North,census-population,1,20,census-cars-3plus census-cars-none census-commute-foot census-heat-bottled census-heat-gas census-heat-renewable census-home-detached census-home-terraced census-job-trades census-population ge24-reform hmrc-employed hmrc-pension hmrc-taxpayers osm-breweries osm-lidl osm-mcdonalds osm-pubs osm-starbucks osm-wetherspoon
repd-battery,Battery storage capacity (MW),Power,repd,165,ns,North/South,Find the line that puts 50% of grid battery storage capacity north of it,(diagonal),Blaby,23,North,census-commute-car,0,27,census-carers-50h census-cars-none census-commute-car census-health-verybad census-heat-gas census-heat-renewable census-home-detached census-home-semi census-home-terraced census-job-operatives census-job-trades census-qual-apprentice census-qual-none census-tenure-outright census-tenure-social ge24-labour ge24-nonvoters ge24-reform hmrc-pension osm-chippies osm-greggs osm-iceland osm-lidl osm-mcdonalds osm-pubs osm-stations osm-wetherspoon
repd-battery-pipeline,Battery storage consented or being built (MW),Power,repd,165,ns,North/South,Find the line that puts 50% of battery storage capacity that is consented or under construction north of it,(diagonal),Doncaster,125,North,census-heat-solid,16,2,census-heat-solid repd-wind-offshore
repd-hydro,Hydro-electric schemes,Power,repd,165,ns,North/South,Find the line that puts 50% of hydro-electric schemes north of it,(diagonal),Aberdeenshire,530,North,osm-distilleries,87,0,
repd-solar,Solar farm capacity (MW),Power,repd,165,ns,North/South,Find the line that puts 50% of solar farm capacity north of it,(diagonal),Newport,59,South,hmrc-higher-rate,1,15,census-commute-bike census-heat-electric census-home-caravan census-home-commercial census-home-flat census-hours-49plus census-job-managers census-work-from-home ge24-green hmrc-higher-rate hmrc-self-employed osm-mands osm-nandos osm-sainsburys osm-tesco
repd-solar-pipeline,Solar capacity consented or being built (MW),Power,repd,165,ns,North/South,Find the line that puts 50% of solar capacity that is consented or under construction north of it,(diagonal),North Kesteven,46,North,census-sick,4,10,census-health-verybad census-heat-wood census-home-semi census-qual-apprentice census-sick osm-aldi osm-chippies osm-golf osm-greggs osm-morrisons
repd-wind-offshore,Offshore wind capacity (MW),Power,repd,165,ns,North/South,Find the line that puts 50% of offshore wind power capacity north of it,(diagonal),North Norfolk,107,North,census-heat-solid,1,2,census-heat-solid repd-battery-pipeline
repd-wind-onshore,Onshore wind capacity (MW),Power,repd,165,ns,North/South,Find the line that puts 50% of onshore wind power capacity north of it,(diagonal),South Lanarkshire,375,North,osm-lighthouses,21,0,
