theme,stat_1,stat_2,stat_3,axis,normal_axis,normal_min_gap_km,pro_target,pro_min_gap_km
supermarkets,osm-waitrose,osm-sainsburys,osm-tesco,15,ns,21,50,19
supermarkets,osm-waitrose,osm-sainsburys,osm-tesco,135,ns,21,50,32
supermarkets,osm-waitrose,osm-sainsburys,osm-tesco,150,ns,21,50,24
supermarkets,osm-waitrose,osm-sainsburys,osm-tesco,165,ns,21,45,25
supermarkets,osm-waitrose,osm-sainsburys,osm-lidl,ns,ns,21,35,66
supermarkets,osm-waitrose,osm-sainsburys,osm-lidl,we,we,25,45,26
supermarkets,osm-waitrose,osm-sainsburys,osm-lidl,15,ns,21,45,52
supermarkets,osm-waitrose,osm-sainsburys,osm-lidl,30,ns,21,45,33
supermarkets,osm-waitrose,osm-sainsburys,osm-lidl,105,we,25,45,46
supermarkets,osm-waitrose,osm-sainsburys,osm-lidl,120,we,25,50,53
supermarkets,osm-waitrose,osm-sainsburys,osm-lidl,135,ns,21,50,56
supermarkets,osm-waitrose,osm-sainsburys,osm-lidl,150,ns,21,45,47
supermarkets,osm-waitrose,osm-sainsburys,osm-lidl,165,ns,21,45,56
supermarkets,osm-waitrose,osm-sainsburys,osm-iceland,ns,ns,21,35,65
supermarkets,osm-waitrose,osm-sainsburys,osm-iceland,we,we,25,45,26
supermarkets,osm-waitrose,osm-sainsburys,osm-iceland,15,ns,21,45,52
supermarkets,osm-waitrose,osm-sainsburys,osm-iceland,30,ns,21,45,33
supermarkets,osm-waitrose,osm-sainsburys,osm-iceland,105,we,25,50,41
supermarkets,osm-waitrose,osm-sainsburys,osm-iceland,120,we,25,50,53
supermarkets,osm-waitrose,osm-sainsburys,osm-iceland,135,ns,21,50,56
supermarkets,osm-waitrose,osm-sainsburys,osm-iceland,150,ns,21,45,47
supermarkets,osm-waitrose,osm-sainsburys,osm-iceland,165,ns,21,45,56
supermarkets,osm-waitrose,osm-sainsburys,osm-aldi,ns,ns,21,40,94
supermarkets,osm-waitrose,osm-sainsburys,osm-aldi,we,we,25,45,26
supermarkets,osm-waitrose,osm-sainsburys,osm-aldi,15,ns,21,45,52
supermarkets,osm-waitrose,osm-sainsburys,osm-aldi,30,ns,21,45,33
supermarkets,osm-waitrose,osm-sainsburys,osm-aldi,105,we,25,45,51
supermarkets,osm-waitrose,osm-sainsburys,osm-aldi,120,we,25,45,62
supermarkets,osm-waitrose,osm-sainsburys,osm-aldi,135,ns,21,45,72
supermarkets,osm-waitrose,osm-sainsburys,osm-aldi,150,ns,21,45,47
supermarkets,osm-waitrose,osm-sainsburys,osm-aldi,165,ns,21,45,56
supermarkets,osm-waitrose,osm-sainsburys,osm-morrisons,ns,ns,21,40,94
supermarkets,osm-waitrose,osm-sainsburys,osm-morrisons,we,we,25,45,26
supermarkets,osm-waitrose,osm-sainsburys,osm-morrisons,15,ns,21,45,52
supermarkets,osm-waitrose,osm-sainsburys,osm-morrisons,30,ns,21,45,33
supermarkets,osm-waitrose,osm-sainsburys,osm-morrisons,105,we,25,45,52
supermarkets,osm-waitrose,osm-sainsburys,osm-morrisons,120,we,25,45,63
supermarkets,osm-waitrose,osm-sainsburys,osm-morrisons,135,ns,21,45,72
supermarkets,osm-waitrose,osm-sainsburys,osm-morrisons,150,ns,21,45,47
supermarkets,osm-waitrose,osm-sainsburys,osm-morrisons,165,ns,21,45,56
supermarkets,osm-waitrose,osm-mands,osm-lidl,ns,ns,32,35,84
supermarkets,osm-waitrose,osm-mands,osm-lidl,we,we,31,45,34
supermarkets,osm-waitrose,osm-mands,osm-lidl,15,ns,32,45,53
supermarkets,osm-waitrose,osm-mands,osm-lidl,30,ns,32,45,33
supermarkets,osm-waitrose,osm-mands,osm-lidl,105,we,31,45,45
supermarkets,osm-waitrose,osm-mands,osm-lidl,120,we,31,45,48
supermarkets,osm-waitrose,osm-mands,osm-lidl,135,ns,32,45,62
supermarkets,osm-waitrose,osm-mands,osm-lidl,150,ns,32,45,49
supermarkets,osm-waitrose,osm-mands,osm-lidl,165,ns,32,45,58
supermarkets,osm-waitrose,osm-mands,osm-iceland,ns,ns,32,35,83
supermarkets,osm-waitrose,osm-mands,osm-iceland,we,we,25,45,34
supermarkets,osm-waitrose,osm-mands,osm-iceland,15,ns,32,45,53
supermarkets,osm-waitrose,osm-mands,osm-iceland,30,ns,32,45,33
supermarkets,osm-waitrose,osm-mands,osm-iceland,105,we,25,50,41
supermarkets,osm-waitrose,osm-mands,osm-iceland,120,we,25,50,47
supermarkets,osm-waitrose,osm-mands,osm-iceland,135,ns,32,45,64
supermarkets,osm-waitrose,osm-mands,osm-iceland,150,ns,32,45,49
supermarkets,osm-waitrose,osm-mands,osm-iceland,165,ns,32,45,58
supermarkets,osm-waitrose,osm-mands,osm-aldi,ns,ns,32,35,89
supermarkets,osm-waitrose,osm-mands,osm-aldi,we,we,31,45,34
supermarkets,osm-waitrose,osm-mands,osm-aldi,15,ns,32,45,53
supermarkets,osm-waitrose,osm-mands,osm-aldi,30,ns,32,45,33
supermarkets,osm-waitrose,osm-mands,osm-aldi,105,we,31,45,50
supermarkets,osm-waitrose,osm-mands,osm-aldi,120,we,31,45,68
supermarkets,osm-waitrose,osm-mands,osm-aldi,135,ns,32,45,64
supermarkets,osm-waitrose,osm-mands,osm-aldi,150,ns,32,45,49
supermarkets,osm-waitrose,osm-mands,osm-aldi,165,ns,32,45,58
supermarkets,osm-waitrose,osm-mands,osm-morrisons,ns,ns,32,35,94
supermarkets,osm-waitrose,osm-mands,osm-morrisons,we,we,31,45,34
supermarkets,osm-waitrose,osm-mands,osm-morrisons,15,ns,32,45,53
supermarkets,osm-waitrose,osm-mands,osm-morrisons,30,ns,32,45,33
supermarkets,osm-waitrose,osm-mands,osm-morrisons,105,we,31,45,51
supermarkets,osm-waitrose,osm-mands,osm-morrisons,120,we,31,45,70
supermarkets,osm-waitrose,osm-mands,osm-morrisons,135,ns,32,45,64
supermarkets,osm-waitrose,osm-mands,osm-morrisons,150,ns,32,45,49
supermarkets,osm-waitrose,osm-mands,osm-morrisons,165,ns,32,45,58
supermarkets,osm-waitrose,osm-tesco,osm-lidl,ns,ns,43,35,68
supermarkets,osm-waitrose,osm-tesco,osm-lidl,we,we,28,45,30
supermarkets,osm-waitrose,osm-tesco,osm-lidl,15,ns,43,45,47
supermarkets,osm-waitrose,osm-tesco,osm-lidl,30,ns,43,45,36
supermarkets,osm-waitrose,osm-tesco,osm-lidl,75,we,28,55,20
supermarkets,osm-waitrose,osm-tesco,osm-lidl,105,we,28,55,53
supermarkets,osm-waitrose,osm-tesco,osm-lidl,120,we,28,55,55
supermarkets,osm-waitrose,osm-tesco,osm-lidl,135,ns,43,55,53
supermarkets,osm-waitrose,osm-tesco,osm-lidl,150,ns,43,50,61
supermarkets,osm-waitrose,osm-tesco,osm-lidl,165,ns,43,45,57
supermarkets,osm-waitrose,osm-tesco,osm-iceland,ns,ns,43,35,67
supermarkets,osm-waitrose,osm-tesco,osm-iceland,15,ns,43,45,44
supermarkets,osm-waitrose,osm-tesco,osm-iceland,30,ns,43,45,36
supermarkets,osm-waitrose,osm-tesco,osm-iceland,135,ns,43,55,57
supermarkets,osm-waitrose,osm-tesco,osm-iceland,150,ns,43,45,62
supermarkets,osm-waitrose,osm-tesco,osm-iceland,165,ns,43,45,62
supermarkets,osm-waitrose,osm-tesco,osm-aldi,ns,ns,43,40,96
supermarkets,osm-waitrose,osm-tesco,osm-aldi,we,we,28,60,34
supermarkets,osm-waitrose,osm-tesco,osm-aldi,15,ns,43,45,66
supermarkets,osm-waitrose,osm-tesco,osm-aldi,30,ns,43,45,36
supermarkets,osm-waitrose,osm-tesco,osm-aldi,45,we,28,45,19
supermarkets,osm-waitrose,osm-tesco,osm-aldi,105,we,28,55,55
supermarkets,osm-waitrose,osm-tesco,osm-aldi,120,we,28,55,63
supermarkets,osm-waitrose,osm-tesco,osm-aldi,135,ns,43,50,71
supermarkets,osm-waitrose,osm-tesco,osm-aldi,150,ns,43,45,69
supermarkets,osm-waitrose,osm-tesco,osm-aldi,165,ns,43,45,81
supermarkets,osm-waitrose,osm-tesco,osm-morrisons,ns,ns,43,40,96
supermarkets,osm-waitrose,osm-tesco,osm-morrisons,we,we,28,60,36
supermarkets,osm-waitrose,osm-tesco,osm-morrisons,15,ns,43,45,66
supermarkets,osm-waitrose,osm-tesco,osm-morrisons,30,ns,43,45,36
supermarkets,osm-waitrose,osm-tesco,osm-morrisons,45,we,28,45,19
supermarkets,osm-waitrose,osm-tesco,osm-morrisons,105,we,28,55,55
supermarkets,osm-waitrose,osm-tesco,osm-morrisons,120,we,28,55,63
supermarkets,osm-waitrose,osm-tesco,osm-morrisons,135,ns,43,45,73
supermarkets,osm-waitrose,osm-tesco,osm-morrisons,150,ns,43,45,69
supermarkets,osm-waitrose,osm-tesco,osm-morrisons,165,ns,43,45,81
supermarkets,osm-waitrose,osm-lidl,osm-aldi,ns,ns,54,45,48
supermarkets,osm-waitrose,osm-lidl,osm-aldi,15,ns,54,55,46
supermarkets,osm-waitrose,osm-lidl,osm-aldi,30,ns,54,55,41
supermarkets,osm-waitrose,osm-lidl,osm-aldi,135,ns,54,45,37
supermarkets,osm-waitrose,osm-lidl,osm-aldi,150,ns,54,55,58
supermarkets,osm-waitrose,osm-lidl,osm-aldi,165,ns,54,45,61
supermarkets,osm-waitrose,osm-lidl,osm-morrisons,ns,ns,47,45,48
supermarkets,osm-waitrose,osm-lidl,osm-morrisons,15,ns,47,55,51
supermarkets,osm-waitrose,osm-lidl,osm-morrisons,30,ns,47,55,39
supermarkets,osm-waitrose,osm-lidl,osm-morrisons,135,ns,47,45,41
supermarkets,osm-waitrose,osm-lidl,osm-morrisons,150,ns,47,55,54
supermarkets,osm-waitrose,osm-lidl,osm-morrisons,165,ns,47,45,59
supermarkets,osm-waitrose,osm-iceland,osm-aldi,ns,ns,54,45,50
supermarkets,osm-waitrose,osm-iceland,osm-aldi,15,ns,54,50,47
supermarkets,osm-waitrose,osm-iceland,osm-aldi,30,ns,54,55,40
supermarkets,osm-waitrose,osm-iceland,osm-aldi,135,ns,54,45,35
supermarkets,osm-waitrose,osm-iceland,osm-aldi,150,ns,54,45,46
supermarkets,osm-waitrose,osm-iceland,osm-aldi,165,ns,54,45,56
supermarkets,osm-waitrose,osm-iceland,osm-morrisons,ns,ns,47,45,50
supermarkets,osm-waitrose,osm-iceland,osm-morrisons,15,ns,47,50,51
supermarkets,osm-waitrose,osm-iceland,osm-morrisons,30,ns,47,55,38
supermarkets,osm-waitrose,osm-iceland,osm-morrisons,135,ns,47,45,39
supermarkets,osm-waitrose,osm-iceland,osm-morrisons,150,ns,47,45,46
supermarkets,osm-waitrose,osm-iceland,osm-morrisons,165,ns,47,45,54
supermarkets,osm-sainsburys,osm-tesco,osm-lidl,15,ns,21,50,20
supermarkets,osm-sainsburys,osm-tesco,osm-lidl,135,ns,21,55,43
supermarkets,osm-sainsburys,osm-tesco,osm-lidl,150,ns,21,50,24
supermarkets,osm-sainsburys,osm-tesco,osm-lidl,165,ns,21,45,25
supermarkets,osm-sainsburys,osm-tesco,osm-iceland,15,ns,21,50,20
supermarkets,osm-sainsburys,osm-tesco,osm-iceland,135,ns,21,55,43
supermarkets,osm-sainsburys,osm-tesco,osm-iceland,150,ns,21,50,24
supermarkets,osm-sainsburys,osm-tesco,osm-iceland,165,ns,21,45,25
supermarkets,osm-sainsburys,osm-tesco,osm-aldi,15,ns,21,50,20
supermarkets,osm-sainsburys,osm-tesco,osm-aldi,135,ns,21,55,43
supermarkets,osm-sainsburys,osm-tesco,osm-aldi,150,ns,21,50,24
supermarkets,osm-sainsburys,osm-tesco,osm-aldi,165,ns,21,45,25
supermarkets,osm-sainsburys,osm-tesco,osm-morrisons,15,ns,21,50,20
supermarkets,osm-sainsburys,osm-tesco,osm-morrisons,135,ns,21,55,43
supermarkets,osm-sainsburys,osm-tesco,osm-morrisons,150,ns,21,50,24
supermarkets,osm-sainsburys,osm-tesco,osm-morrisons,165,ns,21,45,25
supermarkets,osm-sainsburys,osm-lidl,osm-aldi,ns,ns,54,45,48
supermarkets,osm-sainsburys,osm-lidl,osm-aldi,15,ns,54,55,46
supermarkets,osm-sainsburys,osm-lidl,osm-aldi,30,ns,54,50,34
supermarkets,osm-sainsburys,osm-lidl,osm-aldi,135,ns,54,45,37
supermarkets,osm-sainsburys,osm-lidl,osm-aldi,150,ns,54,55,58
supermarkets,osm-sainsburys,osm-lidl,osm-aldi,165,ns,54,45,61
supermarkets,osm-sainsburys,osm-lidl,osm-morrisons,ns,ns,47,45,48
supermarkets,osm-sainsburys,osm-lidl,osm-morrisons,15,ns,47,55,51
supermarkets,osm-sainsburys,osm-lidl,osm-morrisons,30,ns,47,50,34
supermarkets,osm-sainsburys,osm-lidl,osm-morrisons,135,ns,47,45,41
supermarkets,osm-sainsburys,osm-lidl,osm-morrisons,150,ns,47,55,54
supermarkets,osm-sainsburys,osm-lidl,osm-morrisons,165,ns,47,45,59
supermarkets,osm-sainsburys,osm-iceland,osm-aldi,ns,ns,54,45,50
supermarkets,osm-sainsburys,osm-iceland,osm-aldi,15,ns,54,50,47
supermarkets,osm-sainsburys,osm-iceland,osm-aldi,30,ns,54,50,32
supermarkets,osm-sainsburys,osm-iceland,osm-aldi,135,ns,54,45,35
supermarkets,osm-sainsburys,osm-iceland,osm-aldi,150,ns,54,45,46
supermarkets,osm-sainsburys,osm-iceland,osm-aldi,165,ns,54,45,56
supermarkets,osm-sainsburys,osm-iceland,osm-morrisons,ns,ns,47,45,50
supermarkets,osm-sainsburys,osm-iceland,osm-morrisons,15,ns,47,50,51
supermarkets,osm-sainsburys,osm-iceland,osm-morrisons,30,ns,47,45,37
supermarkets,osm-sainsburys,osm-iceland,osm-morrisons,135,ns,47,45,39
supermarkets,osm-sainsburys,osm-iceland,osm-morrisons,150,ns,47,45,46
supermarkets,osm-sainsburys,osm-iceland,osm-morrisons,165,ns,47,45,54
supermarkets,osm-mands,osm-lidl,osm-aldi,ns,ns,54,45,48
supermarkets,osm-mands,osm-lidl,osm-aldi,15,ns,54,55,46
supermarkets,osm-mands,osm-lidl,osm-aldi,30,ns,54,50,25
supermarkets,osm-mands,osm-lidl,osm-aldi,135,ns,54,45,37
supermarkets,osm-mands,osm-lidl,osm-aldi,150,ns,54,55,58
supermarkets,osm-mands,osm-lidl,osm-aldi,165,ns,54,45,61
supermarkets,osm-mands,osm-lidl,osm-morrisons,ns,ns,47,45,48
supermarkets,osm-mands,osm-lidl,osm-morrisons,15,ns,47,50,50
supermarkets,osm-mands,osm-lidl,osm-morrisons,30,ns,47,45,34
supermarkets,osm-mands,osm-lidl,osm-morrisons,135,ns,47,45,41
supermarkets,osm-mands,osm-lidl,osm-morrisons,150,ns,47,55,54
supermarkets,osm-mands,osm-lidl,osm-morrisons,165,ns,47,45,59
supermarkets,osm-mands,osm-iceland,osm-aldi,ns,ns,54,45,50
supermarkets,osm-mands,osm-iceland,osm-aldi,15,ns,54,50,47
supermarkets,osm-mands,osm-iceland,osm-aldi,30,ns,54,45,27
supermarkets,osm-mands,osm-iceland,osm-aldi,135,ns,54,45,35
supermarkets,osm-mands,osm-iceland,osm-aldi,150,ns,54,45,46
supermarkets,osm-mands,osm-iceland,osm-aldi,165,ns,54,45,56
supermarkets,osm-mands,osm-iceland,osm-morrisons,ns,ns,47,45,50
supermarkets,osm-mands,osm-iceland,osm-morrisons,15,ns,47,50,51
supermarkets,osm-mands,osm-iceland,osm-morrisons,30,ns,47,45,37
supermarkets,osm-mands,osm-iceland,osm-morrisons,135,ns,47,45,39
supermarkets,osm-mands,osm-iceland,osm-morrisons,150,ns,47,45,46
supermarkets,osm-mands,osm-iceland,osm-morrisons,165,ns,47,45,54
supermarkets,osm-tesco,osm-lidl,osm-aldi,ns,ns,54,45,48
supermarkets,osm-tesco,osm-lidl,osm-aldi,15,ns,54,55,46
supermarkets,osm-tesco,osm-lidl,osm-aldi,30,ns,54,45,24
supermarkets,osm-tesco,osm-lidl,osm-aldi,135,ns,54,45,32
supermarkets,osm-tesco,osm-lidl,osm-aldi,150,ns,54,45,52
supermarkets,osm-tesco,osm-lidl,osm-aldi,165,ns,54,45,57
supermarkets,osm-tesco,osm-lidl,osm-morrisons,ns,ns,47,45,48
supermarkets,osm-tesco,osm-lidl,osm-morrisons,15,ns,47,55,46
supermarkets,osm-tesco,osm-lidl,osm-morrisons,30,ns,47,45,34
supermarkets,osm-tesco,osm-lidl,osm-morrisons,135,ns,47,45,32
supermarkets,osm-tesco,osm-lidl,osm-morrisons,150,ns,47,45,52
supermarkets,osm-tesco,osm-lidl,osm-morrisons,165,ns,47,45,57
supermarkets,osm-tesco,osm-iceland,osm-aldi,ns,ns,54,45,50
supermarkets,osm-tesco,osm-iceland,osm-aldi,15,ns,54,50,43
supermarkets,osm-tesco,osm-iceland,osm-aldi,30,ns,54,45,27
supermarkets,osm-tesco,osm-iceland,osm-aldi,135,ns,54,45,34
supermarkets,osm-tesco,osm-iceland,osm-aldi,150,ns,54,45,46
supermarkets,osm-tesco,osm-iceland,osm-aldi,165,ns,54,45,56
supermarkets,osm-tesco,osm-iceland,osm-morrisons,ns,ns,47,45,50
supermarkets,osm-tesco,osm-iceland,osm-morrisons,15,ns,47,50,43
supermarkets,osm-tesco,osm-iceland,osm-morrisons,30,ns,47,45,36
supermarkets,osm-tesco,osm-iceland,osm-morrisons,135,ns,47,45,34
supermarkets,osm-tesco,osm-iceland,osm-morrisons,150,ns,47,45,46
supermarkets,osm-tesco,osm-iceland,osm-morrisons,165,ns,47,45,54
highstreet,osm-pret,osm-nandos,osm-costa,ns,ns,26,45,36
highstreet,osm-pret,osm-nandos,osm-costa,15,ns,26,45,25
highstreet,osm-pret,osm-nandos,osm-costa,135,ns,26,55,39
highstreet,osm-pret,osm-nandos,osm-costa,150,ns,26,50,33
highstreet,osm-pret,osm-nandos,osm-costa,165,ns,26,50,28
highstreet,osm-pret,osm-nandos,osm-starbucks,ns,ns,26,35,67
highstreet,osm-pret,osm-nandos,osm-starbucks,we,we,20,55,33
highstreet,osm-pret,osm-nandos,osm-starbucks,15,ns,26,45,47
highstreet,osm-pret,osm-nandos,osm-starbucks,30,ns,26,45,30
highstreet,osm-pret,osm-nandos,osm-starbucks,75,we,20,55,19
highstreet,osm-pret,osm-nandos,osm-starbucks,105,we,20,55,46
highstreet,osm-pret,osm-nandos,osm-starbucks,120,we,20,50,54
highstreet,osm-pret,osm-nandos,osm-starbucks,135,ns,26,50,56
highstreet,osm-pret,osm-nandos,osm-starbucks,150,ns,26,50,52
highstreet,osm-pret,osm-nandos,osm-starbucks,165,ns,26,45,62
highstreet,osm-pret,osm-nandos,osm-mcdonalds,ns,ns,26,35,71
highstreet,osm-pret,osm-nandos,osm-mcdonalds,we,we,25,55,40
highstreet,osm-pret,osm-nandos,osm-mcdonalds,15,ns,26,45,47
highstreet,osm-pret,osm-nandos,osm-mcdonalds,30,ns,26,45,30
highstreet,osm-pret,osm-nandos,osm-mcdonalds,75,we,25,55,31
highstreet,osm-pret,osm-nandos,osm-mcdonalds,105,we,25,50,61
highstreet,osm-pret,osm-nandos,osm-mcdonalds,120,we,25,50,71
highstreet,osm-pret,osm-nandos,osm-mcdonalds,135,ns,26,50,75
highstreet,osm-pret,osm-nandos,osm-mcdonalds,150,ns,26,45,64
highstreet,osm-pret,osm-nandos,osm-mcdonalds,165,ns,26,45,71
highstreet,osm-pret,osm-nandos,osm-greggs,ns,ns,26,40,101
highstreet,osm-pret,osm-nandos,osm-greggs,we,we,35,55,40
highstreet,osm-pret,osm-nandos,osm-greggs,15,ns,26,45,47
highstreet,osm-pret,osm-nandos,osm-greggs,30,ns,26,45,30
highstreet,osm-pret,osm-nandos,osm-greggs,75,we,35,55,31
highstreet,osm-pret,osm-nandos,osm-greggs,105,we,35,50,77
highstreet,osm-pret,osm-nandos,osm-greggs,120,we,35,50,83
highstreet,osm-pret,osm-nandos,osm-greggs,135,ns,26,50,78
highstreet,osm-pret,osm-nandos,osm-greggs,150,ns,26,45,94
highstreet,osm-pret,osm-nandos,osm-greggs,165,ns,26,45,71
highstreet,osm-pret,osm-nandos,osm-chippies,ns,ns,26,40,88
highstreet,osm-pret,osm-nandos,osm-chippies,we,we,34,55,40
highstreet,osm-pret,osm-nandos,osm-chippies,15,ns,26,45,47
highstreet,osm-pret,osm-nandos,osm-chippies,30,ns,26,45,30
highstreet,osm-pret,osm-nandos,osm-chippies,75,we,34,55,31
highstreet,osm-pret,osm-nandos,osm-chippies,105,we,34,50,67
highstreet,osm-pret,osm-nandos,osm-chippies,120,we,34,50,81
highstreet,osm-pret,osm-nandos,osm-chippies,135,ns,26,50,78
highstreet,osm-pret,osm-nandos,osm-chippies,150,ns,26,45,83
highstreet,osm-pret,osm-nandos,osm-chippies,165,ns,26,45,71
highstreet,osm-pret,osm-nandos,osm-distilleries,ns,ns,26,30,179
highstreet,osm-pret,osm-nandos,osm-distilleries,we,we,66,45,77
highstreet,osm-pret,osm-nandos,osm-distilleries,15,ns,26,45,47
highstreet,osm-pret,osm-nandos,osm-distilleries,30,ns,26,45,30
highstreet,osm-pret,osm-nandos,osm-distilleries,75,we,66,55,31
highstreet,osm-pret,osm-nandos,osm-distilleries,105,we,66,45,110
highstreet,osm-pret,osm-nandos,osm-distilleries,120,we,66,45,128
highstreet,osm-pret,osm-nandos,osm-distilleries,135,ns,26,45,114
highstreet,osm-pret,osm-nandos,osm-distilleries,150,ns,26,45,97
highstreet,osm-pret,osm-nandos,osm-distilleries,165,ns,26,45,71
highstreet,osm-pret,osm-nandos,osm-pubs,ns,ns,26,35,66
highstreet,osm-pret,osm-nandos,osm-pubs,we,we,31,55,40
highstreet,osm-pret,osm-nandos,osm-pubs,15,ns,26,45,47
highstreet,osm-pret,osm-nandos,osm-pubs,30,ns,26,45,30
highstreet,osm-pret,osm-nandos,osm-pubs,75,we,31,55,31
highstreet,osm-pret,osm-nandos,osm-pubs,105,we,31,50,68
highstreet,osm-pret,osm-nandos,osm-pubs,120,we,31,50,73
highstreet,osm-pret,osm-nandos,osm-pubs,135,ns,26,50,78
highstreet,osm-pret,osm-nandos,osm-pubs,150,ns,26,45,69
highstreet,osm-pret,osm-nandos,osm-pubs,165,ns,26,45,71
highstreet,osm-pret,osm-nandos,osm-breweries,ns,ns,26,35,82
highstreet,osm-pret,osm-nandos,osm-breweries,we,we,32,55,40
highstreet,osm-pret,osm-nandos,osm-breweries,15,ns,26,45,47
highstreet,osm-pret,osm-nandos,osm-breweries,30,ns,26,45,30
highstreet,osm-pret,osm-nandos,osm-breweries,75,we,32,55,31
highstreet,osm-pret,osm-nandos,osm-breweries,105,we,32,50,77
highstreet,osm-pret,osm-nandos,osm-breweries,120,we,32,50,83
highstreet,osm-pret,osm-nandos,osm-breweries,135,ns,26,50,77
highstreet,osm-pret,osm-nandos,osm-breweries,150,ns,26,45,75
highstreet,osm-pret,osm-nandos,osm-breweries,165,ns,26,45,71
highstreet,osm-pret,osm-costa,osm-starbucks,ns,ns,38,35,46
highstreet,osm-pret,osm-costa,osm-starbucks,15,ns,38,45,26
highstreet,osm-pret,osm-costa,osm-starbucks,30,ns,38,45,31
highstreet,osm-pret,osm-costa,osm-starbucks,135,ns,38,50,19
highstreet,osm-pret,osm-costa,osm-starbucks,150,ns,38,45,24
highstreet,osm-pret,osm-costa,osm-starbucks,165,ns,38,45,35
highstreet,osm-pret,osm-costa,osm-mcdonalds,ns,ns,51,35,50
highstreet,osm-pret,osm-costa,osm-mcdonalds,15,ns,51,45,40
highstreet,osm-pret,osm-costa,osm-mcdonalds,30,ns,51,45,35
highstreet,osm-pret,osm-costa,osm-mcdonalds,135,ns,51,55,46
highstreet,osm-pret,osm-costa,osm-mcdonalds,150,ns,51,55,47
highstreet,osm-pret,osm-costa,osm-mcdonalds,165,ns,51,45,52
highstreet,osm-pret,osm-costa,osm-greggs,ns,ns,58,40,86
highstreet,osm-pret,osm-costa,osm-greggs,15,ns,58,45,63
highstreet,osm-pret,osm-costa,osm-greggs,30,ns,58,45,38
highstreet,osm-pret,osm-costa,osm-greggs,135,ns,58,55,69
highstreet,osm-pret,osm-costa,osm-greggs,150,ns,58,45,72
highstreet,osm-pret,osm-costa,osm-greggs,165,ns,58,45,78
highstreet,osm-pret,osm-costa,osm-chippies,ns,ns,58,40,72
highstreet,osm-pret,osm-costa,osm-chippies,15,ns,58,45,64
highstreet,osm-pret,osm-costa,osm-chippies,30,ns,58,45,38
highstreet,osm-pret,osm-costa,osm-chippies,135,ns,58,55,62
highstreet,osm-pret,osm-costa,osm-chippies,150,ns,58,55,63
highstreet,osm-pret,osm-costa,osm-chippies,165,ns,58,45,77
highstreet,osm-pret,osm-costa,osm-distilleries,ns,ns,58,30,182
highstreet,osm-pret,osm-costa,osm-distilleries,we,we,83,45,90
highstreet,osm-pret,osm-costa,osm-distilleries,15,ns,58,45,71
highstreet,osm-pret,osm-costa,osm-distilleries,30,ns,58,45,38
highstreet,osm-pret,osm-costa,osm-distilleries,75,we,83,50,25
highstreet,osm-pret,osm-costa,osm-distilleries,105,we,83,45,132
highstreet,osm-pret,osm-costa,osm-distilleries,120,we,83,45,142
highstreet,osm-pret,osm-costa,osm-distilleries,135,ns,58,45,141
highstreet,osm-pret,osm-costa,osm-distilleries,150,ns,58,45,119
highstreet,osm-pret,osm-costa,osm-distilleries,165,ns,58,45,97
highstreet,osm-pret,osm-costa,osm-pubs,ns,ns,50,40,45
highstreet,osm-pret,osm-costa,osm-pubs,15,ns,50,45,38
highstreet,osm-pret,osm-costa,osm-pubs,30,ns,50,45,33
highstreet,osm-pret,osm-costa,osm-pubs,135,ns,50,55,51
highstreet,osm-pret,osm-costa,osm-pubs,150,ns,50,55,57
highstreet,osm-pret,osm-costa,osm-pubs,165,ns,50,50,55
highstreet,osm-pret,osm-costa,osm-breweries,ns,ns,41,35,61
highstreet,osm-pret,osm-costa,osm-breweries,15,ns,41,45,38
highstreet,osm-pret,osm-costa,osm-breweries,30,ns,41,45,38
highstreet,osm-pret,osm-costa,osm-breweries,135,ns,41,55,53
highstreet,osm-pret,osm-costa,osm-breweries,150,ns,41,45,53
highstreet,osm-pret,osm-costa,osm-breweries,165,ns,41,45,58
highstreet,osm-pret,osm-starbucks,osm-greggs,ns,ns,31,40,46
highstreet,osm-pret,osm-starbucks,osm-greggs,15,ns,31,45,38
highstreet,osm-pret,osm-starbucks,osm-greggs,30,ns,31,50,33
highstreet,osm-pret,osm-starbucks,osm-greggs,135,ns,31,55,60
highstreet,osm-pret,osm-starbucks,osm-greggs,150,ns,31,55,68
highstreet,osm-pret,osm-starbucks,osm-greggs,165,ns,31,55,63
highstreet,osm-pret,osm-starbucks,osm-chippies,ns,ns,30,45,40
highstreet,osm-pret,osm-starbucks,osm-chippies,15,ns,30,50,39
highstreet,osm-pret,osm-starbucks,osm-chippies,30,ns,30,50,33
highstreet,osm-pret,osm-starbucks,osm-chippies,135,ns,30,55,53
highstreet,osm-pret,osm-starbucks,osm-chippies,150,ns,30,55,58
highstreet,osm-pret,osm-starbucks,osm-chippies,165,ns,30,55,52
highstreet,osm-pret,osm-starbucks,osm-distilleries,ns,ns,96,30,206
highstreet,osm-pret,osm-starbucks,osm-distilleries,we,we,85,45,92
highstreet,osm-pret,osm-starbucks,osm-distilleries,15,ns,96,45,97
highstreet,osm-pret,osm-starbucks,osm-distilleries,30,ns,96,45,70
highstreet,osm-pret,osm-starbucks,osm-distilleries,45,we,85,45,19
highstreet,osm-pret,osm-starbucks,osm-distilleries,75,we,85,50,28
highstreet,osm-pret,osm-starbucks,osm-distilleries,105,we,85,45,133
highstreet,osm-pret,osm-starbucks,osm-distilleries,120,we,85,45,151
highstreet,osm-pret,osm-starbucks,osm-distilleries,135,ns,96,45,156
highstreet,osm-pret,osm-starbucks,osm-distilleries,150,ns,96,45,144
highstreet,osm-pret,osm-starbucks,osm-distilleries,165,ns,96,45,132
highstreet,osm-pret,osm-mcdonalds,osm-distilleries,ns,ns,109,30,211
highstreet,osm-pret,osm-mcdonalds,osm-distilleries,we,we,91,45,101
highstreet,osm-pret,osm-mcdonalds,osm-distilleries,15,ns,109,45,111
highstreet,osm-pret,osm-mcdonalds,osm-distilleries,30,ns,109,45,73
highstreet,osm-pret,osm-mcdonalds,osm-distilleries,45,we,91,45,22
highstreet,osm-pret,osm-mcdonalds,osm-distilleries,105,we,91,45,148
highstreet,osm-pret,osm-mcdonalds,osm-distilleries,120,we,91,45,165
highstreet,osm-pret,osm-mcdonalds,osm-distilleries,135,ns,109,45,166
highstreet,osm-pret,osm-mcdonalds,osm-distilleries,150,ns,109,45,161
highstreet,osm-pret,osm-mcdonalds,osm-distilleries,165,ns,109,45,149
highstreet,osm-pret,osm-greggs,osm-distilleries,ns,ns,127,30,238
highstreet,osm-pret,osm-greggs,osm-distilleries,we,we,100,50,100
highstreet,osm-pret,osm-greggs,osm-distilleries,15,ns,127,45,135
highstreet,osm-pret,osm-greggs,osm-distilleries,30,ns,127,45,92
highstreet,osm-pret,osm-greggs,osm-distilleries,45,we,100,45,44
highstreet,osm-pret,osm-greggs,osm-distilleries,105,we,100,45,160
highstreet,osm-pret,osm-greggs,osm-distilleries,120,we,100,45,181
highstreet,osm-pret,osm-greggs,osm-distilleries,135,ns,127,45,190
highstreet,osm-pret,osm-greggs,osm-distilleries,150,ns,127,45,191
highstreet,osm-pret,osm-greggs,osm-distilleries,165,ns,127,45,175
highstreet,osm-pret,osm-greggs,osm-breweries,ns,ns,28,40,43
highstreet,osm-pret,osm-greggs,osm-breweries,15,ns,28,45,25
highstreet,osm-pret,osm-greggs,osm-breweries,135,ns,28,45,21
highstreet,osm-pret,osm-greggs,osm-breweries,150,ns,28,55,62
highstreet,osm-pret,osm-greggs,osm-breweries,165,ns,28,55,59
highstreet,osm-pret,osm-chippies,osm-distilleries,ns,ns,126,30,223
highstreet,osm-pret,osm-chippies,osm-distilleries,we,we,99,50,99
highstreet,osm-pret,osm-chippies,osm-distilleries,15,ns,126,45,135
highstreet,osm-pret,osm-chippies,osm-distilleries,30,ns,126,45,92
highstreet,osm-pret,osm-chippies,osm-distilleries,45,we,99,45,40
highstreet,osm-pret,osm-chippies,osm-distilleries,105,we,99,45,157
highstreet,osm-pret,osm-chippies,osm-distilleries,120,we,99,45,177
highstreet,osm-pret,osm-chippies,osm-distilleries,135,ns,126,45,179
highstreet,osm-pret,osm-chippies,osm-distilleries,150,ns,126,45,180
highstreet,osm-pret,osm-chippies,osm-distilleries,165,ns,126,45,174
highstreet,osm-pret,osm-chippies,osm-breweries,ns,ns,27,45,31
highstreet,osm-pret,osm-chippies,osm-breweries,15,ns,27,50,25
highstreet,osm-pret,osm-chippies,osm-breweries,150,ns,27,55,52
highstreet,osm-pret,osm-chippies,osm-breweries,165,ns,27,55,49
highstreet,osm-pret,osm-distilleries,osm-pubs,ns,ns,109,30,207
highstreet,osm-pret,osm-distilleries,osm-pubs,we,we,97,50,97
highstreet,osm-pret,osm-distilleries,osm-pubs,15,ns,109,45,109
highstreet,osm-pret,osm-distilleries,osm-pubs,30,ns,109,45,72
highstreet,osm-pret,osm-distilleries,osm-pubs,45,we,97,45,29
highstreet,osm-pret,osm-distilleries,osm-pubs,105,we,97,45,151
highstreet,osm-pret,osm-distilleries,osm-pubs,120,we,97,45,170
highstreet,osm-pret,osm-distilleries,osm-pubs,135,ns,109,45,169
highstreet,osm-pret,osm-distilleries,osm-pubs,150,ns,109,45,167
highstreet,osm-pret,osm-distilleries,osm-pubs,165,ns,109,45,149
highstreet,osm-pret,osm-distilleries,osm-breweries,ns,ns,99,30,223
highstreet,osm-pret,osm-distilleries,osm-breweries,we,we,97,50,97
highstreet,osm-pret,osm-distilleries,osm-breweries,15,ns,99,45,109
highstreet,osm-pret,osm-distilleries,osm-breweries,30,ns,99,45,89
highstreet,osm-pret,osm-distilleries,osm-breweries,45,we,97,45,41
highstreet,osm-pret,osm-distilleries,osm-breweries,105,we,97,45,158
highstreet,osm-pret,osm-distilleries,osm-breweries,120,we,97,45,181
highstreet,osm-pret,osm-distilleries,osm-breweries,135,ns,99,45,171
highstreet,osm-pret,osm-distilleries,osm-breweries,150,ns,99,45,172
highstreet,osm-pret,osm-distilleries,osm-breweries,165,ns,99,45,155
highstreet,osm-nandos,osm-costa,osm-starbucks,ns,ns,32,45,25
highstreet,osm-nandos,osm-costa,osm-starbucks,15,ns,32,45,25
highstreet,osm-nandos,osm-costa,osm-starbucks,135,ns,32,50,19
highstreet,osm-nandos,osm-costa,osm-starbucks,150,ns,32,45,22
highstreet,osm-nandos,osm-costa,osm-starbucks,165,ns,32,50,27
highstreet,osm-nandos,osm-costa,osm-mcdonalds,ns,ns,32,45,34
highstreet,osm-nandos,osm-costa,osm-mcdonalds,15,ns,32,50,32
highstreet,osm-nandos,osm-costa,osm-mcdonalds,135,ns,32,55,46
highstreet,osm-nandos,osm-costa,osm-mcdonalds,150,ns,32,50,33
highstreet,osm-nandos,osm-costa,osm-mcdonalds,165,ns,32,50,28
highstreet,osm-nandos,osm-costa,osm-greggs,ns,ns,32,45,36
highstreet,osm-nandos,osm-costa,osm-greggs,15,ns,32,50,32
highstreet,osm-nandos,osm-costa,osm-greggs,135,ns,32,55,51
highstreet,osm-nandos,osm-costa,osm-greggs,150,ns,32,50,33
highstreet,osm-nandos,osm-costa,osm-greggs,165,ns,32,50,28
highstreet,osm-nandos,osm-costa,osm-chippies,ns,ns,32,45,36
highstreet,osm-nandos,osm-costa,osm-chippies,15,ns,32,50,32
highstreet,osm-nandos,osm-costa,osm-chippies,135,ns,32,55,51
highstreet,osm-nandos,osm-costa,osm-chippies,150,ns,32,50,33
highstreet,osm-nandos,osm-costa,osm-chippies,165,ns,32,50,28
highstreet,osm-nandos,osm-costa,osm-distilleries,ns,ns,32,45,36
highstreet,osm-nandos,osm-costa,osm-distilleries,15,ns,32,50,32
highstreet,osm-nandos,osm-costa,osm-distilleries,135,ns,32,55,51
highstreet,osm-nandos,osm-costa,osm-distilleries,150,ns,32,50,33
highstreet,osm-nandos,osm-costa,osm-distilleries,165,ns,32,50,28
highstreet,osm-nandos,osm-costa,osm-pubs,ns,ns,32,45,35
highstreet,osm-nandos,osm-costa,osm-pubs,15,ns,32,50,32
highstreet,osm-nandos,osm-costa,osm-pubs,135,ns,32,55,51
highstreet,osm-nandos,osm-costa,osm-pubs,150,ns,32,50,33
highstreet,osm-nandos,osm-costa,osm-pubs,165,ns,32,50,28
highstreet,osm-nandos,osm-costa,osm-breweries,ns,ns,32,45,35
highstreet,osm-nandos,osm-costa,osm-breweries,15,ns,32,50,32
highstreet,osm-nandos,osm-costa,osm-breweries,135,ns,32,55,51
highstreet,osm-nandos,osm-costa,osm-breweries,150,ns,32,50,33
highstreet,osm-nandos,osm-costa,osm-breweries,165,ns,32,50,28
highstreet,osm-nandos,osm-starbucks,osm-greggs,ns,ns,31,40,46
highstreet,osm-nandos,osm-starbucks,osm-greggs,15,ns,31,45,38
highstreet,osm-nandos,osm-starbucks,osm-greggs,30,ns,31,50,27
highstreet,osm-nandos,osm-starbucks,osm-greggs,135,ns,31,55,60
highstreet,osm-nandos,osm-starbucks,osm-greggs,150,ns,31,50,50
highstreet,osm-nandos,osm-starbucks,osm-greggs,165,ns,31,50,49
highstreet,osm-nandos,osm-starbucks,osm-chippies,ns,ns,30,45,40
highstreet,osm-nandos,osm-starbucks,osm-chippies,15,ns,30,50,39
highstreet,osm-nandos,osm-starbucks,osm-chippies,30,ns,30,50,27
highstreet,osm-nandos,osm-starbucks,osm-chippies,135,ns,30,55,53
highstreet,osm-nandos,osm-starbucks,osm-chippies,150,ns,30,55,49
highstreet,osm-nandos,osm-starbucks,osm-chippies,165,ns,30,55,47
highstreet,osm-nandos,osm-starbucks,osm-distilleries,ns,ns,70,35,67
highstreet,osm-nandos,osm-starbucks,osm-distilleries,we,we,20,60,40
highstreet,osm-nandos,osm-starbucks,osm-distilleries,15,ns,70,50,54
highstreet,osm-nandos,osm-starbucks,osm-distilleries,30,ns,70,45,40
highstreet,osm-nandos,osm-starbucks,osm-distilleries,75,we,20,55,19
highstreet,osm-nandos,osm-starbucks,osm-distilleries,105,we,20,55,46
highstreet,osm-nandos,osm-starbucks,osm-distilleries,120,we,20,55,66
highstreet,osm-nandos,osm-starbucks,osm-distilleries,135,ns,70,55,60
highstreet,osm-nandos,osm-starbucks,osm-distilleries,150,ns,70,50,52
highstreet,osm-nandos,osm-starbucks,osm-distilleries,165,ns,70,45,62
highstreet,osm-nandos,osm-mcdonalds,osm-distilleries,ns,ns,83,35,71
highstreet,osm-nandos,osm-mcdonalds,osm-distilleries,we,we,25,60,52
highstreet,osm-nandos,osm-mcdonalds,osm-distilleries,15,ns,83,50,66
highstreet,osm-nandos,osm-mcdonalds,osm-distilleries,30,ns,83,45,44
highstreet,osm-nandos,osm-mcdonalds,osm-distilleries,105,we,25,55,68
highstreet,osm-nandos,osm-mcdonalds,osm-distilleries,120,we,25,55,98
highstreet,osm-nandos,osm-mcdonalds,osm-distilleries,135,ns,83,55,97
highstreet,osm-nandos,osm-mcdonalds,osm-distilleries,150,ns,83,50,79
highstreet,osm-nandos,osm-mcdonalds,osm-distilleries,165,ns,83,50,79
highstreet,osm-nandos,osm-greggs,osm-distilleries,ns,ns,101,45,104
highstreet,osm-nandos,osm-greggs,osm-distilleries,we,we,35,60,71
highstreet,osm-nandos,osm-greggs,osm-distilleries,15,ns,101,50,90
highstreet,osm-nandos,osm-greggs,osm-distilleries,30,ns,101,45,62
highstreet,osm-nandos,osm-greggs,osm-distilleries,45,we,35,45,34
highstreet,osm-nandos,osm-greggs,osm-distilleries,105,we,35,55,93
highstreet,osm-nandos,osm-greggs,osm-distilleries,120,we,35,55,113
highstreet,osm-nandos,osm-greggs,osm-distilleries,135,ns,101,55,120
highstreet,osm-nandos,osm-greggs,osm-distilleries,150,ns,101,55,117
highstreet,osm-nandos,osm-greggs,osm-distilleries,165,ns,101,55,109
highstreet,osm-nandos,osm-greggs,osm-breweries,ns,ns,28,40,43
highstreet,osm-nandos,osm-greggs,osm-breweries,15,ns,28,45,25
highstreet,osm-nandos,osm-greggs,osm-breweries,135,ns,28,45,21
highstreet,osm-nandos,osm-greggs,osm-breweries,150,ns,28,55,55
highstreet,osm-nandos,osm-greggs,osm-breweries,165,ns,28,55,50
highstreet,osm-nandos,osm-chippies,osm-distilleries,ns,ns,100,45,101
highstreet,osm-nandos,osm-chippies,osm-distilleries,we,we,34,60,65
highstreet,osm-nandos,osm-chippies,osm-distilleries,15,ns,100,50,93
highstreet,osm-nandos,osm-chippies,osm-distilleries,30,ns,100,45,62
highstreet,osm-nandos,osm-chippies,osm-distilleries,45,we,34,45,31
highstreet,osm-nandos,osm-chippies,osm-distilleries,105,we,34,55,90
highstreet,osm-nandos,osm-chippies,osm-distilleries,120,we,34,55,107
highstreet,osm-nandos,osm-chippies,osm-distilleries,135,ns,100,55,113
highstreet,osm-nandos,osm-chippies,osm-distilleries,150,ns,100,55,107
highstreet,osm-nandos,osm-chippies,osm-distilleries,165,ns,100,45,104
highstreet,osm-nandos,osm-chippies,osm-breweries,ns,ns,27,45,31
highstreet,osm-nandos,osm-chippies,osm-breweries,15,ns,27,50,25
highstreet,osm-nandos,osm-chippies,osm-breweries,150,ns,27,55,52
highstreet,osm-nandos,osm-chippies,osm-breweries,165,ns,27,55,49
highstreet,osm-nandos,osm-distilleries,osm-pubs,ns,ns,83,45,71
highstreet,osm-nandos,osm-distilleries,osm-pubs,we,we,31,60,59
highstreet,osm-nandos,osm-distilleries,osm-pubs,15,ns,83,50,65
highstreet,osm-nandos,osm-distilleries,osm-pubs,30,ns,83,45,42
highstreet,osm-nandos,osm-distilleries,osm-pubs,45,we,31,45,20
highstreet,osm-nandos,osm-distilleries,osm-pubs,105,we,31,55,82
highstreet,osm-nandos,osm-distilleries,osm-pubs,120,we,31,55,100
highstreet,osm-nandos,osm-distilleries,osm-pubs,135,ns,83,55,102
highstreet,osm-nandos,osm-distilleries,osm-pubs,150,ns,83,55,86
highstreet,osm-nandos,osm-distilleries,osm-pubs,165,ns,83,50,83
highstreet,osm-nandos,osm-distilleries,osm-breweries,ns,ns,73,35,82
highstreet,osm-nandos,osm-distilleries,osm-breweries,we,we,32,60,69
highstreet,osm-nandos,osm-distilleries,osm-breweries,15,ns,73,50,67
highstreet,osm-nandos,osm-distilleries,osm-breweries,30,ns,73,45,59
highstreet,osm-nandos,osm-distilleries,osm-breweries,45,we,32,45,31
highstreet,osm-nandos,osm-distilleries,osm-breweries,105,we,32,55,98
highstreet,osm-nandos,osm-distilleries,osm-breweries,120,we,32,55,112
highstreet,osm-nandos,osm-distilleries,osm-breweries,135,ns,73,55,104
highstreet,osm-nandos,osm-distilleries,osm-breweries,150,ns,73,45,75
highstreet,osm-nandos,osm-distilleries,osm-breweries,165,ns,73,45,85
highstreet,osm-costa,osm-starbucks,osm-greggs,ns,ns,31,40,40
highstreet,osm-costa,osm-starbucks,osm-greggs,15,ns,31,55,28
highstreet,osm-costa,osm-starbucks,osm-greggs,30,ns,31,45,23
highstreet,osm-costa,osm-starbucks,osm-greggs,135,ns,31,50,19
highstreet,osm-costa,osm-starbucks,osm-greggs,150,ns,31,45,24
highstreet,osm-costa,osm-starbucks,osm-greggs,165,ns,31,45,35
highstreet,osm-costa,osm-starbucks,osm-chippies,ns,ns,30,40,33
highstreet,osm-costa,osm-starbucks,osm-chippies,15,ns,30,55,28
highstreet,osm-costa,osm-starbucks,osm-chippies,30,ns,30,45,23
highstreet,osm-costa,osm-starbucks,osm-chippies,135,ns,30,50,19
highstreet,osm-costa,osm-starbucks,osm-chippies,150,ns,30,45,24
highstreet,osm-costa,osm-starbucks,osm-chippies,165,ns,30,45,35
highstreet,osm-costa,osm-starbucks,osm-distilleries,ns,ns,38,35,46
highstreet,osm-costa,osm-starbucks,osm-distilleries,15,ns,38,55,28
highstreet,osm-costa,osm-starbucks,osm-distilleries,30,ns,38,45,31
highstreet,osm-costa,osm-starbucks,osm-distilleries,135,ns,38,50,19
highstreet,osm-costa,osm-starbucks,osm-distilleries,150,ns,38,45,24
highstreet,osm-costa,osm-starbucks,osm-distilleries,165,ns,38,45,35
highstreet,osm-costa,osm-mcdonalds,osm-distilleries,ns,ns,51,35,50
highstreet,osm-costa,osm-mcdonalds,osm-distilleries,15,ns,51,55,50
highstreet,osm-costa,osm-mcdonalds,osm-distilleries,30,ns,51,45,35
highstreet,osm-costa,osm-mcdonalds,osm-distilleries,135,ns,51,55,46
highstreet,osm-costa,osm-mcdonalds,osm-distilleries,150,ns,51,55,47
highstreet,osm-costa,osm-mcdonalds,osm-distilleries,165,ns,51,45,52
highstreet,osm-costa,osm-greggs,osm-distilleries,ns,ns,68,40,86
highstreet,osm-costa,osm-greggs,osm-distilleries,15,ns,68,45,63
highstreet,osm-costa,osm-greggs,osm-distilleries,30,ns,68,45,54
highstreet,osm-costa,osm-greggs,osm-distilleries,135,ns,68,55,69
highstreet,osm-costa,osm-greggs,osm-distilleries,150,ns,68,55,87
highstreet,osm-costa,osm-greggs,osm-distilleries,165,ns,68,55,82
highstreet,osm-costa,osm-greggs,osm-breweries,ns,ns,28,40,43
highstreet,osm-costa,osm-greggs,osm-breweries,15,ns,28,45,25
highstreet,osm-costa,osm-greggs,osm-breweries,135,ns,28,45,21
highstreet,osm-costa,osm-greggs,osm-breweries,150,ns,28,50,30
highstreet,osm-costa,osm-greggs,osm-breweries,165,ns,28,50,36
highstreet,osm-costa,osm-chippies,osm-distilleries,ns,ns,67,40,72
highstreet,osm-costa,osm-chippies,osm-distilleries,15,ns,67,45,64
highstreet,osm-costa,osm-chippies,osm-distilleries,30,ns,67,45,54
highstreet,osm-costa,osm-chippies,osm-distilleries,135,ns,67,55,62
highstreet,osm-costa,osm-chippies,osm-distilleries,150,ns,67,55,77
highstreet,osm-costa,osm-chippies,osm-distilleries,165,ns,67,45,77
highstreet,osm-costa,osm-chippies,osm-breweries,ns,ns,27,45,31
highstreet,osm-costa,osm-chippies,osm-breweries,15,ns,27,50,25
highstreet,osm-costa,osm-chippies,osm-breweries,150,ns,27,55,25
highstreet,osm-costa,osm-chippies,osm-breweries,165,ns,27,50,36
highstreet,osm-costa,osm-distilleries,osm-pubs,ns,ns,50,40,45
highstreet,osm-costa,osm-distilleries,osm-pubs,15,ns,50,55,45
highstreet,osm-costa,osm-distilleries,osm-pubs,30,ns,50,45,33
highstreet,osm-costa,osm-distilleries,osm-pubs,135,ns,50,55,51
highstreet,osm-costa,osm-distilleries,osm-pubs,150,ns,50,55,57
highstreet,osm-costa,osm-distilleries,osm-pubs,165,ns,50,50,55
highstreet,osm-costa,osm-distilleries,osm-breweries,ns,ns,41,35,61
highstreet,osm-costa,osm-distilleries,osm-breweries,15,ns,41,55,48
highstreet,osm-costa,osm-distilleries,osm-breweries,30,ns,41,45,51
highstreet,osm-costa,osm-distilleries,osm-breweries,135,ns,41,55,53
highstreet,osm-costa,osm-distilleries,osm-breweries,150,ns,41,45,53
highstreet,osm-costa,osm-distilleries,osm-breweries,165,ns,41,45,58
highstreet,osm-starbucks,osm-greggs,osm-distilleries,ns,ns,31,40,46
highstreet,osm-starbucks,osm-greggs,osm-distilleries,15,ns,31,45,38
highstreet,osm-starbucks,osm-greggs,osm-distilleries,30,ns,31,50,33
highstreet,osm-starbucks,osm-greggs,osm-distilleries,135,ns,31,55,60
highstreet,osm-starbucks,osm-greggs,osm-distilleries,150,ns,31,55,68
highstreet,osm-starbucks,osm-greggs,osm-distilleries,165,ns,31,55,63
highstreet,osm-starbucks,osm-chippies,osm-distilleries,ns,ns,30,45,40
highstreet,osm-starbucks,osm-chippies,osm-distilleries,15,ns,30,50,39
highstreet,osm-starbucks,osm-chippies,osm-distilleries,30,ns,30,50,33
highstreet,osm-starbucks,osm-chippies,osm-distilleries,135,ns,30,55,53
highstreet,osm-starbucks,osm-chippies,osm-distilleries,150,ns,30,55,58
highstreet,osm-starbucks,osm-chippies,osm-distilleries,165,ns,30,55,52
highstreet,osm-greggs,osm-distilleries,osm-breweries,ns,ns,28,40,43
highstreet,osm-greggs,osm-distilleries,osm-breweries,15,ns,28,45,25
highstreet,osm-greggs,osm-distilleries,osm-breweries,135,ns,28,45,21
highstreet,osm-greggs,osm-distilleries,osm-breweries,150,ns,28,55,62
highstreet,osm-greggs,osm-distilleries,osm-breweries,165,ns,28,55,59
highstreet,osm-chippies,osm-distilleries,osm-breweries,ns,ns,27,45,31
highstreet,osm-chippies,osm-distilleries,osm-breweries,15,ns,27,50,25
highstreet,osm-chippies,osm-distilleries,osm-breweries,150,ns,27,55,52
highstreet,osm-chippies,osm-distilleries,osm-breweries,165,ns,27,55,49
heating,census-heat-oil,census-heat-solid,census-heat-gas,ns,ns,26,40,66
heating,census-heat-oil,census-heat-solid,census-heat-gas,we,we,40,45,49
heating,census-heat-oil,census-heat-solid,census-heat-gas,15,ns,26,50,26
heating,census-heat-oil,census-heat-solid,census-heat-gas,30,ns,26,55,34
heating,census-heat-oil,census-heat-solid,census-heat-gas,45,we,40,45,47
heating,census-heat-oil,census-heat-solid,census-heat-gas,60,we,40,45,22
heating,census-heat-oil,census-heat-solid,census-heat-gas,75,we,40,50,33
heating,census-heat-oil,census-heat-solid,census-heat-gas,105,we,40,45,51
heating,census-heat-oil,census-heat-solid,census-heat-gas,120,we,40,45,39
heating,census-heat-oil,census-heat-solid,census-heat-gas,135,ns,26,45,32
heating,census-heat-oil,census-heat-solid,census-heat-gas,150,ns,26,55,34
heating,census-heat-oil,census-heat-solid,census-heat-gas,165,ns,26,55,53
heating,census-heat-oil,census-heat-solid,census-heat-electric,ns,ns,26,40,66
heating,census-heat-oil,census-heat-solid,census-heat-electric,we,we,45,45,49
heating,census-heat-oil,census-heat-solid,census-heat-electric,15,ns,26,50,26
heating,census-heat-oil,census-heat-solid,census-heat-electric,30,ns,26,50,46
heating,census-heat-oil,census-heat-solid,census-heat-electric,45,we,45,55,35
heating,census-heat-oil,census-heat-solid,census-heat-electric,60,we,45,45,21
heating,census-heat-oil,census-heat-solid,census-heat-electric,75,we,45,50,41
heating,census-heat-oil,census-heat-solid,census-heat-electric,105,we,45,45,57
heating,census-heat-oil,census-heat-solid,census-heat-electric,120,we,45,45,39
heating,census-heat-oil,census-heat-solid,census-heat-electric,135,ns,26,45,32
heating,census-heat-oil,census-heat-solid,census-heat-electric,150,ns,26,55,34
heating,census-heat-oil,census-heat-solid,census-heat-electric,165,ns,26,55,53
heating,census-heat-oil,census-heat-solid,census-heat-bottled,ns,ns,26,40,66
heating,census-heat-oil,census-heat-solid,census-heat-bottled,15,ns,26,50,26
heating,census-heat-oil,census-heat-solid,census-heat-bottled,30,ns,26,50,41
heating,census-heat-oil,census-heat-solid,census-heat-bottled,135,ns,26,45,32
heating,census-heat-oil,census-heat-solid,census-heat-bottled,150,ns,26,55,34
heating,census-heat-oil,census-heat-solid,census-heat-bottled,165,ns,26,55,52
heating,census-heat-oil,census-heat-solid,census-heat-renewable,ns,ns,26,40,55
heating,census-heat-oil,census-heat-solid,census-heat-renewable,15,ns,26,50,26
heating,census-heat-oil,census-heat-solid,census-heat-renewable,135,ns,26,45,32
heating,census-heat-oil,census-heat-solid,census-heat-renewable,150,ns,26,55,34
heating,census-heat-oil,census-heat-solid,census-heat-renewable,165,ns,26,55,50
heating,census-heat-oil,census-heat-gas,census-heat-electric,ns,ns,60,35,70
heating,census-heat-oil,census-heat-gas,census-heat-electric,15,ns,60,55,50
heating,census-heat-oil,census-heat-gas,census-heat-electric,30,ns,60,50,22
heating,census-heat-oil,census-heat-gas,census-heat-electric,135,ns,60,50,57
heating,census-heat-oil,census-heat-gas,census-heat-electric,150,ns,60,45,59
heating,census-heat-oil,census-heat-gas,census-heat-electric,165,ns,60,50,56
heating,census-heat-oil,census-heat-gas,census-heat-bottled,we,we,26,45,33
heating,census-heat-oil,census-heat-gas,census-heat-bottled,60,we,26,55,21
heating,census-heat-oil,census-heat-gas,census-heat-bottled,75,we,26,50,32
heating,census-heat-oil,census-heat-gas,census-heat-bottled,105,we,26,55,25
heating,census-heat-oil,census-heat-gas,census-heat-renewable,we,we,30,45,43
heating,census-heat-oil,census-heat-gas,census-heat-renewable,45,we,30,45,32
heating,census-heat-oil,census-heat-gas,census-heat-renewable,75,we,30,50,20
heating,census-heat-oil,census-heat-gas,census-heat-renewable,105,we,30,55,26
heating,census-heat-oil,census-heat-gas,census-heat-renewable,120,we,30,45,30
heating,census-heat-oil,census-heat-electric,census-heat-bottled,ns,ns,49,35,41
heating,census-heat-oil,census-heat-electric,census-heat-bottled,we,we,36,60,42
heating,census-heat-oil,census-heat-electric,census-heat-bottled,15,ns,49,50,36
heating,census-heat-oil,census-heat-electric,census-heat-bottled,60,we,36,55,21
heating,census-heat-oil,census-heat-electric,census-heat-bottled,75,we,36,50,39
heating,census-heat-oil,census-heat-electric,census-heat-bottled,105,we,36,55,43
heating,census-heat-oil,census-heat-electric,census-heat-bottled,120,we,36,55,65
heating,census-heat-oil,census-heat-electric,census-heat-bottled,135,ns,49,50,48
heating,census-heat-oil,census-heat-electric,census-heat-bottled,150,ns,49,50,64
heating,census-heat-oil,census-heat-electric,census-heat-bottled,165,ns,49,50,55
heating,census-heat-oil,census-heat-electric,census-heat-renewable,ns,ns,47,35,81
heating,census-heat-oil,census-heat-electric,census-heat-renewable,we,we,39,45,52
heating,census-heat-oil,census-heat-electric,census-heat-renewable,15,ns,47,45,55
heating,census-heat-oil,census-heat-electric,census-heat-renewable,45,we,39,50,33
heating,census-heat-oil,census-heat-electric,census-heat-renewable,75,we,39,50,28
heating,census-heat-oil,census-heat-electric,census-heat-renewable,105,we,39,50,46
heating,census-heat-oil,census-heat-electric,census-heat-renewable,120,we,39,55,65
heating,census-heat-oil,census-heat-electric,census-heat-renewable,135,ns,47,50,50
heating,census-heat-oil,census-heat-electric,census-heat-renewable,150,ns,47,45,71
heating,census-heat-oil,census-heat-electric,census-heat-renewable,165,ns,47,50,63
heating,census-heat-oil,census-heat-bottled,census-heat-renewable,ns,ns,29,30,68
heating,census-heat-oil,census-heat-bottled,census-heat-renewable,15,ns,29,45,46
heating,census-heat-oil,census-heat-bottled,census-heat-renewable,165,ns,29,45,20
heating,census-heat-solid,census-heat-wood,census-heat-gas,ns,ns,36,30,35
heating,census-heat-solid,census-heat-wood,census-heat-gas,we,we,37,50,37
heating,census-heat-solid,census-heat-wood,census-heat-gas,15,ns,36,55,39
heating,census-heat-solid,census-heat-wood,census-heat-gas,30,ns,36,55,29
heating,census-heat-solid,census-heat-wood,census-heat-gas,45,we,37,50,19
heating,census-heat-solid,census-heat-wood,census-heat-gas,75,we,37,50,23
heating,census-heat-solid,census-heat-wood,census-heat-gas,105,we,37,45,27
heating,census-heat-solid,census-heat-wood,census-heat-gas,150,ns,36,50,26
heating,census-heat-solid,census-heat-wood,census-heat-gas,165,ns,36,55,52
heating,census-heat-solid,census-heat-wood,census-heat-electric,ns,ns,36,30,35
heating,census-heat-solid,census-heat-wood,census-heat-electric,we,we,37,60,40
heating,census-heat-solid,census-heat-wood,census-heat-electric,15,ns,36,55,54
heating,census-heat-solid,census-heat-wood,census-heat-electric,30,ns,36,55,40
heating,census-heat-solid,census-heat-wood,census-heat-electric,45,we,37,55,19
heating,census-heat-solid,census-heat-wood,census-heat-electric,75,we,37,50,23
heating,census-heat-solid,census-heat-wood,census-heat-electric,105,we,37,45,27
heating,census-heat-solid,census-heat-wood,census-heat-electric,150,ns,36,50,26
heating,census-heat-solid,census-heat-wood,census-heat-electric,165,ns,36,55,52
heating,census-heat-solid,census-heat-wood,census-heat-bottled,ns,ns,36,30,35
heating,census-heat-solid,census-heat-wood,census-heat-bottled,15,ns,36,55,54
heating,census-heat-solid,census-heat-wood,census-heat-bottled,30,ns,36,55,40
heating,census-heat-solid,census-heat-wood,census-heat-bottled,150,ns,36,50,26
heating,census-heat-solid,census-heat-wood,census-heat-bottled,165,ns,36,55,52
heating,census-heat-solid,census-heat-wood,census-heat-renewable,ns,ns,36,30,35
heating,census-heat-solid,census-heat-wood,census-heat-renewable,15,ns,36,50,28
heating,census-heat-solid,census-heat-wood,census-heat-renewable,30,ns,36,50,19
heating,census-heat-solid,census-heat-wood,census-heat-renewable,150,ns,36,50,26
heating,census-heat-solid,census-heat-wood,census-heat-renewable,165,ns,36,55,50
heating,census-heat-solid,census-heat-gas,census-heat-electric,ns,ns,65,35,61
heating,census-heat-solid,census-heat-gas,census-heat-electric,15,ns,65,55,50
heating,census-heat-solid,census-heat-gas,census-heat-electric,30,ns,65,45,41
heating,census-heat-solid,census-heat-gas,census-heat-electric,135,ns,65,55,62
heating,census-heat-solid,census-heat-gas,census-heat-electric,150,ns,65,50,68
heating,census-heat-solid,census-heat-gas,census-heat-electric,165,ns,65,50,70
heating,census-heat-solid,census-heat-electric,census-heat-bottled,ns,ns,49,35,41
heating,census-heat-solid,census-heat-electric,census-heat-bottled,15,ns,49,50,36
heating,census-heat-solid,census-heat-electric,census-heat-bottled,135,ns,49,55,65
heating,census-heat-solid,census-heat-electric,census-heat-bottled,150,ns,49,50,64
heating,census-heat-solid,census-heat-electric,census-heat-bottled,165,ns,49,55,61
heating,census-heat-solid,census-heat-electric,census-heat-renewable,ns,ns,72,40,55
heating,census-heat-solid,census-heat-electric,census-heat-renewable,15,ns,72,55,67
heating,census-heat-solid,census-heat-electric,census-heat-renewable,30,ns,72,50,47
heating,census-heat-solid,census-heat-electric,census-heat-renewable,135,ns,72,55,62
heating,census-heat-solid,census-heat-electric,census-heat-renewable,150,ns,72,45,68
heating,census-heat-solid,census-heat-electric,census-heat-renewable,165,ns,72,55,64
heating,census-heat-solid,census-heat-bottled,census-heat-renewable,ns,ns,29,40,42
heating,census-heat-solid,census-heat-bottled,census-heat-renewable,15,ns,29,45,46
heating,census-heat-solid,census-heat-bottled,census-heat-renewable,30,ns,29,50,41
heating,census-heat-solid,census-heat-bottled,census-heat-renewable,165,ns,29,45,20
heating,census-heat-wood,census-heat-gas,census-heat-electric,ns,ns,50,35,70
heating,census-heat-wood,census-heat-gas,census-heat-electric,15,ns,50,50,45
heating,census-heat-wood,census-heat-gas,census-heat-electric,30,ns,50,45,41
heating,census-heat-wood,census-heat-gas,census-heat-electric,135,ns,50,50,57
heating,census-heat-wood,census-heat-gas,census-heat-electric,150,ns,50,45,59
heating,census-heat-wood,census-heat-gas,census-heat-electric,165,ns,50,55,54
heating,census-heat-wood,census-heat-gas,census-heat-bottled,we,we,26,45,33
heating,census-heat-wood,census-heat-gas,census-heat-bottled,75,we,26,50,25
heating,census-heat-wood,census-heat-gas,census-heat-bottled,105,we,26,55,25
heating,census-heat-wood,census-heat-gas,census-heat-renewable,we,we,30,50,30
heating,census-heat-wood,census-heat-gas,census-heat-renewable,45,we,30,45,19
heating,census-heat-wood,census-heat-gas,census-heat-renewable,75,we,30,50,20
heating,census-heat-wood,census-heat-gas,census-heat-renewable,105,we,30,55,26
heating,census-heat-wood,census-heat-gas,census-heat-renewable,120,we,30,45,24
heating,census-heat-wood,census-heat-electric,census-heat-bottled,ns,ns,49,35,41
heating,census-heat-wood,census-heat-electric,census-heat-bottled,we,we,36,60,42
heating,census-heat-wood,census-heat-electric,census-heat-bottled,15,ns,49,50,36
heating,census-heat-wood,census-heat-electric,census-heat-bottled,75,we,36,45,26
heating,census-heat-wood,census-heat-electric,census-heat-bottled,105,we,36,55,43
heating,census-heat-wood,census-heat-electric,census-heat-bottled,120,we,36,55,57
heating,census-heat-wood,census-heat-electric,census-heat-bottled,135,ns,49,50,48
heating,census-heat-wood,census-heat-electric,census-heat-bottled,150,ns,49,50,59
heating,census-heat-wood,census-heat-electric,census-heat-bottled,165,ns,49,50,55
heating,census-heat-wood,census-heat-electric,census-heat-renewable,ns,ns,36,30,70
heating,census-heat-wood,census-heat-electric,census-heat-renewable,we,we,39,50,39
heating,census-heat-wood,census-heat-electric,census-heat-renewable,15,ns,36,50,28
heating,census-heat-wood,census-heat-electric,census-heat-renewable,30,ns,36,45,25
heating,census-heat-wood,census-heat-electric,census-heat-renewable,45,we,39,45,19
heating,census-heat-wood,census-heat-electric,census-heat-renewable,75,we,39,50,28
heating,census-heat-wood,census-heat-electric,census-heat-renewable,105,we,39,50,45
heating,census-heat-wood,census-heat-electric,census-heat-renewable,120,we,39,55,60
heating,census-heat-wood,census-heat-electric,census-heat-renewable,135,ns,36,50,50
heating,census-heat-wood,census-heat-electric,census-heat-renewable,150,ns,36,45,59
heating,census-heat-wood,census-heat-electric,census-heat-renewable,165,ns,36,45,61
heating,census-heat-wood,census-heat-bottled,census-heat-renewable,ns,ns,29,30,70
heating,census-heat-wood,census-heat-bottled,census-heat-renewable,15,ns,29,50,28
heating,census-heat-wood,census-heat-bottled,census-heat-renewable,30,ns,29,45,25
heating,census-heat-wood,census-heat-bottled,census-heat-renewable,165,ns,29,45,20
heating,census-heat-electric,census-heat-bottled,census-heat-renewable,ns,ns,29,35,41
heating,census-heat-electric,census-heat-bottled,census-heat-renewable,15,ns,29,55,32
heating,census-heat-electric,census-heat-bottled,census-heat-renewable,165,ns,29,45,20
power,repd-hydro,repd-wind-onshore,repd-wind-offshore,ns,ns,140,30,140
power,repd-hydro,repd-wind-onshore,repd-wind-offshore,we,we,60,55,62
power,repd-hydro,repd-wind-onshore,repd-wind-offshore,15,ns,140,55,137
power,repd-hydro,repd-wind-onshore,repd-wind-offshore,30,ns,140,50,71
power,repd-hydro,repd-wind-onshore,repd-wind-offshore,45,we,60,50,32
power,repd-hydro,repd-wind-onshore,repd-wind-offshore,60,we,60,55,22
power,repd-hydro,repd-wind-onshore,repd-wind-offshore,75,we,60,50,27
power,repd-hydro,repd-wind-onshore,repd-wind-offshore,105,we,60,55,99
power,repd-hydro,repd-wind-onshore,repd-wind-offshore,120,we,60,50,112
power,repd-hydro,repd-wind-onshore,repd-wind-offshore,135,ns,140,50,129
power,repd-hydro,repd-wind-onshore,repd-wind-offshore,150,ns,140,50,148
power,repd-hydro,repd-wind-onshore,repd-wind-offshore,165,ns,140,55,155
power,repd-hydro,repd-wind-onshore,repd-solar,ns,ns,140,30,140
power,repd-hydro,repd-wind-onshore,repd-solar,we,we,60,55,62
power,repd-hydro,repd-wind-onshore,repd-solar,15,ns,140,55,137
power,repd-hydro,repd-wind-onshore,repd-solar,30,ns,140,55,108
power,repd-hydro,repd-wind-onshore,repd-solar,45,we,60,45,67
power,repd-hydro,repd-wind-onshore,repd-solar,60,we,60,55,22
power,repd-hydro,repd-wind-onshore,repd-solar,75,we,60,50,27
power,repd-hydro,repd-wind-onshore,repd-solar,105,we,60,55,99
power,repd-hydro,repd-wind-onshore,repd-solar,120,we,60,50,112
power,repd-hydro,repd-wind-onshore,repd-solar,135,ns,140,50,129
power,repd-hydro,repd-wind-onshore,repd-solar,150,ns,140,50,148
power,repd-hydro,repd-wind-onshore,repd-solar,165,ns,140,55,155
power,repd-hydro,repd-wind-onshore,repd-solar-pipeline,ns,ns,140,30,140
power,repd-hydro,repd-wind-onshore,repd-solar-pipeline,we,we,60,55,62
power,repd-hydro,repd-wind-onshore,repd-solar-pipeline,15,ns,140,55,137
power,repd-hydro,repd-wind-onshore,repd-solar-pipeline,30,ns,140,55,108
power,repd-hydro,repd-wind-onshore,repd-solar-pipeline,45,we,60,55,67
power,repd-hydro,repd-wind-onshore,repd-solar-pipeline,75,we,60,50,27
power,repd-hydro,repd-wind-onshore,repd-solar-pipeline,105,we,60,55,99
power,repd-hydro,repd-wind-onshore,repd-solar-pipeline,120,we,60,50,112
power,repd-hydro,repd-wind-onshore,repd-solar-pipeline,135,ns,140,50,129
power,repd-hydro,repd-wind-onshore,repd-solar-pipeline,150,ns,140,50,148
power,repd-hydro,repd-wind-onshore,repd-solar-pipeline,165,ns,140,55,155
power,repd-hydro,repd-wind-onshore,repd-battery,ns,ns,140,30,140
power,repd-hydro,repd-wind-onshore,repd-battery,we,we,60,55,62
power,repd-hydro,repd-wind-onshore,repd-battery,15,ns,140,55,137
power,repd-hydro,repd-wind-onshore,repd-battery,30,ns,140,55,108
power,repd-hydro,repd-wind-onshore,repd-battery,45,we,60,45,67
power,repd-hydro,repd-wind-onshore,repd-battery,75,we,60,50,27
power,repd-hydro,repd-wind-onshore,repd-battery,105,we,60,55,99
power,repd-hydro,repd-wind-onshore,repd-battery,120,we,60,50,112
power,repd-hydro,repd-wind-onshore,repd-battery,135,ns,140,50,129
power,repd-hydro,repd-wind-onshore,repd-battery,150,ns,140,50,148
power,repd-hydro,repd-wind-onshore,repd-battery,165,ns,140,55,155
power,repd-hydro,repd-wind-onshore,repd-battery-pipeline,ns,ns,140,40,139
power,repd-hydro,repd-wind-onshore,repd-battery-pipeline,we,we,60,55,62
power,repd-hydro,repd-wind-onshore,repd-battery-pipeline,15,ns,140,55,137
power,repd-hydro,repd-wind-onshore,repd-battery-pipeline,30,ns,140,55,108
power,repd-hydro,repd-wind-onshore,repd-battery-pipeline,45,we,60,55,61
power,repd-hydro,repd-wind-onshore,repd-battery-pipeline,75,we,60,50,27
power,repd-hydro,repd-wind-onshore,repd-battery-pipeline,105,we,60,55,99
power,repd-hydro,repd-wind-onshore,repd-battery-pipeline,120,we,60,50,112
power,repd-hydro,repd-wind-onshore,repd-battery-pipeline,135,ns,140,50,129
power,repd-hydro,repd-wind-onshore,repd-battery-pipeline,150,ns,140,50,148
power,repd-hydro,repd-wind-onshore,repd-battery-pipeline,165,ns,140,55,155
power,repd-hydro,repd-wind-offshore,repd-solar,ns,ns,197,45,212
power,repd-hydro,repd-wind-offshore,repd-solar,we,we,131,50,131
power,repd-hydro,repd-wind-offshore,repd-solar,15,ns,197,50,204
power,repd-hydro,repd-wind-offshore,repd-solar,30,ns,197,55,173
power,repd-hydro,repd-wind-offshore,repd-solar,45,we,131,55,45
power,repd-hydro,repd-wind-offshore,repd-solar,60,we,131,55,99
power,repd-hydro,repd-wind-offshore,repd-solar,75,we,131,45,66
power,repd-hydro,repd-wind-offshore,repd-solar,105,we,131,50,105
power,repd-hydro,repd-wind-offshore,repd-solar,120,we,131,50,63
power,repd-hydro,repd-wind-offshore,repd-solar,135,ns,197,45,94
power,repd-hydro,repd-wind-offshore,repd-solar,150,ns,197,45,156
power,repd-hydro,repd-wind-offshore,repd-solar,165,ns,197,45,182
power,repd-hydro,repd-wind-offshore,repd-solar-pipeline,ns,ns,87,45,94
power,repd-hydro,repd-wind-offshore,repd-solar-pipeline,we,we,98,50,98
power,repd-hydro,repd-wind-offshore,repd-solar-pipeline,15,ns,87,55,95
power,repd-hydro,repd-wind-offshore,repd-solar-pipeline,30,ns,87,50,92
power,repd-hydro,repd-wind-offshore,repd-solar-pipeline,45,we,98,55,45
power,repd-hydro,repd-wind-offshore,repd-solar-pipeline,75,we,98,50,88
power,repd-hydro,repd-wind-offshore,repd-solar-pipeline,105,we,98,50,89
power,repd-hydro,repd-wind-offshore,repd-solar-pipeline,120,we,98,50,83
power,repd-hydro,repd-wind-offshore,repd-solar-pipeline,135,ns,87,45,43
power,repd-hydro,repd-wind-offshore,repd-solar-pipeline,150,ns,87,45,56
power,repd-hydro,repd-wind-offshore,repd-solar-pipeline,165,ns,87,55,88
power,repd-hydro,repd-wind-offshore,repd-battery,ns,ns,114,35,66
power,repd-hydro,repd-wind-offshore,repd-battery,we,we,133,50,133
power,repd-hydro,repd-wind-offshore,repd-battery,15,ns,114,55,128
power,repd-hydro,repd-wind-offshore,repd-battery,30,ns,114,55,141
power,repd-hydro,repd-wind-offshore,repd-battery,45,we,133,55,45
power,repd-hydro,repd-wind-offshore,repd-battery,60,we,133,50,38
power,repd-hydro,repd-wind-offshore,repd-battery,75,we,133,45,91
power,repd-hydro,repd-wind-offshore,repd-battery,105,we,133,50,124
power,repd-hydro,repd-wind-offshore,repd-battery,120,we,133,50,94
power,repd-hydro,repd-wind-offshore,repd-battery,135,ns,114,50,44
power,repd-hydro,repd-wind-offshore,repd-battery,150,ns,114,45,44
power,repd-hydro,repd-wind-offshore,repd-battery,165,ns,114,55,141
power,repd-hydro,repd-wind-offshore,repd-battery-pipeline,we,we,161,50,161
power,repd-hydro,repd-wind-offshore,repd-battery-pipeline,45,we,161,55,45
power,repd-hydro,repd-wind-offshore,repd-battery-pipeline,60,we,161,55,25
power,repd-hydro,repd-wind-offshore,repd-battery-pipeline,75,we,161,45,83
power,repd-hydro,repd-wind-offshore,repd-battery-pipeline,105,we,161,50,165
power,repd-hydro,repd-wind-offshore,repd-battery-pipeline,120,we,161,50,132
power,repd-hydro,repd-solar,repd-solar-pipeline,ns,ns,110,40,127
power,repd-hydro,repd-solar,repd-solar-pipeline,we,we,33,45,41
power,repd-hydro,repd-solar,repd-solar-pipeline,15,ns,110,45,116
power,repd-hydro,repd-solar,repd-solar-pipeline,30,ns,110,45,108
power,repd-hydro,repd-solar,repd-solar-pipeline,45,we,33,50,105
power,repd-hydro,repd-solar,repd-solar-pipeline,75,we,33,45,66
power,repd-hydro,repd-solar,repd-solar-pipeline,120,we,33,55,29
power,repd-hydro,repd-solar,repd-solar-pipeline,135,ns,110,50,60
power,repd-hydro,repd-solar,repd-solar-pipeline,150,ns,110,45,101
power,repd-hydro,repd-solar,repd-solar-pipeline,165,ns,110,45,108
power,repd-hydro,repd-solar,repd-battery,ns,ns,83,30,156
power,repd-hydro,repd-solar,repd-battery,15,ns,83,45,103
power,repd-hydro,repd-solar,repd-battery,30,ns,83,45,61
power,repd-hydro,repd-solar,repd-battery,135,ns,83,45,72
power,repd-hydro,repd-solar,repd-battery,150,ns,83,45,113
power,repd-hydro,repd-solar,repd-battery,165,ns,83,45,138
power,repd-hydro,repd-solar,repd-battery-pipeline,ns,ns,195,30,248
power,repd-hydro,repd-solar,repd-battery-pipeline,we,we,38,50,38
power,repd-hydro,repd-solar,repd-battery-pipeline,15,ns,195,50,190
power,repd-hydro,repd-solar,repd-battery-pipeline,30,ns,195,45,142
power,repd-hydro,repd-solar,repd-battery-pipeline,45,we,38,55,113
power,repd-hydro,repd-solar,repd-battery-pipeline,60,we,38,55,25
power,repd-hydro,repd-solar,repd-battery-pipeline,75,we,38,55,29
power,repd-hydro,repd-solar,repd-battery-pipeline,105,we,38,45,73
power,repd-hydro,repd-solar,repd-battery-pipeline,120,we,38,45,100
power,repd-hydro,repd-solar,repd-battery-pipeline,135,ns,195,45,126
power,repd-hydro,repd-solar,repd-battery-pipeline,150,ns,195,45,175
power,repd-hydro,repd-solar,repd-battery-pipeline,165,ns,195,55,191
power,repd-hydro,repd-solar-pipeline,repd-battery,ns,ns,27,30,42
power,repd-hydro,repd-solar-pipeline,repd-battery,we,we,35,45,56
power,repd-hydro,repd-solar-pipeline,repd-battery,15,ns,27,50,39
power,repd-hydro,repd-solar-pipeline,repd-battery,30,ns,27,55,52
power,repd-hydro,repd-solar-pipeline,repd-battery,45,we,35,45,50
power,repd-hydro,repd-solar-pipeline,repd-battery,75,we,35,55,52
power,repd-hydro,repd-solar-pipeline,repd-battery,105,we,35,45,38
power,repd-hydro,repd-solar-pipeline,repd-battery,120,we,35,45,32
power,repd-hydro,repd-solar-pipeline,repd-battery,135,ns,27,45,19
power,repd-hydro,repd-solar-pipeline,repd-battery,165,ns,27,55,53
power,repd-hydro,repd-solar-pipeline,repd-battery-pipeline,ns,ns,85,30,177
power,repd-hydro,repd-solar-pipeline,repd-battery-pipeline,we,we,71,45,78
power,repd-hydro,repd-solar-pipeline,repd-battery-pipeline,15,ns,85,50,75
power,repd-hydro,repd-solar-pipeline,repd-battery-pipeline,30,ns,85,50,46
power,repd-hydro,repd-solar-pipeline,repd-battery-pipeline,75,we,71,55,55
power,repd-hydro,repd-solar-pipeline,repd-battery-pipeline,105,we,71,45,86
power,repd-hydro,repd-solar-pipeline,repd-battery-pipeline,120,we,71,45,85
power,repd-hydro,repd-solar-pipeline,repd-battery-pipeline,135,ns,85,45,73
power,repd-hydro,repd-solar-pipeline,repd-battery-pipeline,150,ns,85,55,82
power,repd-hydro,repd-solar-pipeline,repd-battery-pipeline,165,ns,85,55,103
power,repd-hydro,repd-battery,repd-battery-pipeline,ns,ns,112,30,135
power,repd-hydro,repd-battery,repd-battery-pipeline,we,we,36,50,36
power,repd-hydro,repd-battery,repd-battery-pipeline,15,ns,112,50,114
power,repd-hydro,repd-battery,repd-battery-pipeline,30,ns,112,55,87
power,repd-hydro,repd-battery,repd-battery-pipeline,45,we,36,45,66
power,repd-hydro,repd-battery,repd-battery-pipeline,105,we,36,45,48
power,repd-hydro,repd-battery,repd-battery-pipeline,120,we,36,45,54
power,repd-hydro,repd-battery,repd-battery-pipeline,135,ns,112,55,71
power,repd-hydro,repd-battery,repd-battery-pipeline,150,ns,112,55,100
power,repd-hydro,repd-battery,repd-battery-pipeline,165,ns,112,55,156
power,repd-wind-onshore,repd-wind-offshore,repd-solar,ns,ns,197,35,199
power,repd-wind-onshore,repd-wind-offshore,repd-solar,we,we,131,50,131
power,repd-wind-onshore,repd-wind-offshore,repd-solar,15,ns,197,45,157
power,repd-wind-onshore,repd-wind-offshore,repd-solar,30,ns,197,50,71
power,repd-wind-onshore,repd-wind-offshore,repd-solar,45,we,131,50,32
power,repd-wind-onshore,repd-wind-offshore,repd-solar,60,we,131,55,80
power,repd-wind-onshore,repd-wind-offshore,repd-solar,75,we,131,45,41
power,repd-wind-onshore,repd-wind-offshore,repd-solar,105,we,131,50,105
power,repd-wind-onshore,repd-wind-offshore,repd-solar,120,we,131,50,63
power,repd-wind-onshore,repd-wind-offshore,repd-solar,135,ns,197,45,94
power,repd-wind-onshore,repd-wind-offshore,repd-solar,150,ns,197,45,156
power,repd-wind-onshore,repd-wind-offshore,repd-solar,165,ns,197,45,182
power,repd-wind-onshore,repd-wind-offshore,repd-solar-pipeline,ns,ns,87,45,94
power,repd-wind-onshore,repd-wind-offshore,repd-solar-pipeline,we,we,98,50,98
power,repd-wind-onshore,repd-wind-offshore,repd-solar-pipeline,15,ns,87,55,95
power,repd-wind-onshore,repd-wind-offshore,repd-solar-pipeline,30,ns,87,50,71
power,repd-wind-onshore,repd-wind-offshore,repd-solar-pipeline,45,we,98,50,32
power,repd-wind-onshore,repd-wind-offshore,repd-solar-pipeline,60,we,98,55,23
power,repd-wind-onshore,repd-wind-offshore,repd-solar-pipeline,75,we,98,50,88
power,repd-wind-onshore,repd-wind-offshore,repd-solar-pipeline,105,we,98,50,89
power,repd-wind-onshore,repd-wind-offshore,repd-solar-pipeline,120,we,98,50,83
power,repd-wind-onshore,repd-wind-offshore,repd-solar-pipeline,135,ns,87,45,43
power,repd-wind-onshore,repd-wind-offshore,repd-solar-pipeline,150,ns,87,45,56
power,repd-wind-onshore,repd-wind-offshore,repd-solar-pipeline,165,ns,87,55,88
power,repd-wind-onshore,repd-wind-offshore,repd-battery,ns,ns,114,35,66
power,repd-wind-onshore,repd-wind-offshore,repd-battery,we,we,133,50,133
power,repd-wind-onshore,repd-wind-offshore,repd-battery,15,ns,114,55,128
power,repd-wind-onshore,repd-wind-offshore,repd-battery,30,ns,114,50,71
power,repd-wind-onshore,repd-wind-offshore,repd-battery,45,we,133,50,32
power,repd-wind-onshore,repd-wind-offshore,repd-battery,60,we,133,50,21
power,repd-wind-onshore,repd-wind-offshore,repd-battery,75,we,133,45,66
power,repd-wind-onshore,repd-wind-offshore,repd-battery,105,we,133,50,124
power,repd-wind-onshore,repd-wind-offshore,repd-battery,120,we,133,50,94
power,repd-wind-onshore,repd-wind-offshore,repd-battery,135,ns,114,50,44
power,repd-wind-onshore,repd-wind-offshore,repd-battery,150,ns,114,45,44
power,repd-wind-onshore,repd-wind-offshore,repd-battery,165,ns,114,55,141
power,repd-wind-onshore,repd-wind-offshore,repd-battery-pipeline,we,we,104,60,130
power,repd-wind-onshore,repd-wind-offshore,repd-battery-pipeline,45,we,104,50,32
power,repd-wind-onshore,repd-wind-offshore,repd-battery-pipeline,75,we,104,45,58
power,repd-wind-onshore,repd-wind-offshore,repd-battery-pipeline,105,we,104,50,165
power,repd-wind-onshore,repd-wind-offshore,repd-battery-pipeline,120,we,104,50,132
power,repd-wind-onshore,repd-solar,repd-solar-pipeline,ns,ns,110,40,127
power,repd-wind-onshore,repd-solar,repd-solar-pipeline,we,we,33,45,41
power,repd-wind-onshore,repd-solar,repd-solar-pipeline,15,ns,110,45,116
power,repd-wind-onshore,repd-solar,repd-solar-pipeline,30,ns,110,45,108
power,repd-wind-onshore,repd-solar,repd-solar-pipeline,45,we,33,55,70
power,repd-wind-onshore,repd-solar,repd-solar-pipeline,60,we,33,55,23
power,repd-wind-onshore,repd-solar,repd-solar-pipeline,75,we,33,45,41
power,repd-wind-onshore,repd-solar,repd-solar-pipeline,120,we,33,55,29
power,repd-wind-onshore,repd-solar,repd-solar-pipeline,135,ns,110,50,60
power,repd-wind-onshore,repd-solar,repd-solar-pipeline,150,ns,110,45,101
power,repd-wind-onshore,repd-solar,repd-solar-pipeline,165,ns,110,45,108
power,repd-wind-onshore,repd-solar,repd-battery,ns,ns,83,30,156
power,repd-wind-onshore,repd-solar,repd-battery,15,ns,83,45,103
power,repd-wind-onshore,repd-solar,repd-battery,30,ns,83,45,61
power,repd-wind-onshore,repd-solar,repd-battery,135,ns,83,45,72
power,repd-wind-onshore,repd-solar,repd-battery,150,ns,83,45,113
power,repd-wind-onshore,repd-solar,repd-battery,165,ns,83,45,138
power,repd-wind-onshore,repd-solar,repd-battery-pipeline,ns,ns,195,35,196
power,repd-wind-onshore,repd-solar,repd-battery-pipeline,we,we,38,50,38
power,repd-wind-onshore,repd-solar,repd-battery-pipeline,15,ns,195,45,167
power,repd-wind-onshore,repd-solar,repd-battery-pipeline,30,ns,195,55,118
power,repd-wind-onshore,repd-solar,repd-battery-pipeline,45,we,38,55,61
power,repd-wind-onshore,repd-solar,repd-battery-pipeline,75,we,38,50,22
power,repd-wind-onshore,repd-solar,repd-battery-pipeline,105,we,38,45,73
power,repd-wind-onshore,repd-solar,repd-battery-pipeline,120,we,38,45,100
power,repd-wind-onshore,repd-solar,repd-battery-pipeline,135,ns,195,45,126
power,repd-wind-onshore,repd-solar,repd-battery-pipeline,150,ns,195,45,175
power,repd-wind-onshore,repd-solar,repd-battery-pipeline,165,ns,195,55,191
power,repd-wind-onshore,repd-solar-pipeline,repd-battery,ns,ns,27,30,42
power,repd-wind-onshore,repd-solar-pipeline,repd-battery,we,we,35,45,56
power,repd-wind-onshore,repd-solar-pipeline,repd-battery,15,ns,27,50,39
power,repd-wind-onshore,repd-solar-pipeline,repd-battery,30,ns,27,55,52
power,repd-wind-onshore,repd-solar-pipeline,repd-battery,45,we,35,45,50
power,repd-wind-onshore,repd-solar-pipeline,repd-battery,60,we,35,50,21
power,repd-wind-onshore,repd-solar-pipeline,repd-battery,75,we,35,55,50
power,repd-wind-onshore,repd-solar-pipeline,repd-battery,105,we,35,45,38
power,repd-wind-onshore,repd-solar-pipeline,repd-battery,120,we,35,45,32
power,repd-wind-onshore,repd-solar-pipeline,repd-battery,135,ns,27,45,19
power,repd-wind-onshore,repd-solar-pipeline,repd-battery,165,ns,27,55,53
power,repd-wind-onshore,repd-solar-pipeline,repd-battery-pipeline,ns,ns,85,30,108
power,repd-wind-onshore,repd-solar-pipeline,repd-battery-pipeline,we,we,71,45,78
power,repd-wind-onshore,repd-solar-pipeline,repd-battery-pipeline,15,ns,85,50,75
power,repd-wind-onshore,repd-solar-pipeline,repd-battery-pipeline,30,ns,85,50,46
power,repd-wind-onshore,repd-solar-pipeline,repd-battery-pipeline,75,we,71,50,51
power,repd-wind-onshore,repd-solar-pipeline,repd-battery-pipeline,105,we,71,45,86
power,repd-wind-onshore,repd-solar-pipeline,repd-battery-pipeline,120,we,71,45,85
power,repd-wind-onshore,repd-solar-pipeline,repd-battery-pipeline,135,ns,85,45,73
power,repd-wind-onshore,repd-solar-pipeline,repd-battery-pipeline,150,ns,85,55,82
power,repd-wind-onshore,repd-solar-pipeline,repd-battery-pipeline,165,ns,85,55,103
power,repd-wind-onshore,repd-battery,repd-battery-pipeline,ns,ns,112,30,108
power,repd-wind-onshore,repd-battery,repd-battery-pipeline,we,we,36,50,36
power,repd-wind-onshore,repd-battery,repd-battery-pipeline,15,ns,112,50,114
power,repd-wind-onshore,repd-battery,repd-battery-pipeline,30,ns,112,55,87
power,repd-wind-onshore,repd-battery,repd-battery-pipeline,45,we,36,55,41
power,repd-wind-onshore,repd-battery,repd-battery-pipeline,105,we,36,45,48
power,repd-wind-onshore,repd-battery,repd-battery-pipeline,120,we,36,45,54
power,repd-wind-onshore,repd-battery,repd-battery-pipeline,135,ns,112,55,71
power,repd-wind-onshore,repd-battery,repd-battery-pipeline,150,ns,112,55,100
power,repd-wind-onshore,repd-battery,repd-battery-pipeline,165,ns,112,55,156
power,repd-wind-offshore,repd-solar,repd-solar-pipeline,ns,ns,87,45,94
power,repd-wind-offshore,repd-solar,repd-solar-pipeline,we,we,33,55,34
power,repd-wind-offshore,repd-solar,repd-solar-pipeline,15,ns,87,55,95
power,repd-wind-offshore,repd-solar,repd-solar-pipeline,30,ns,87,55,89
power,repd-wind-offshore,repd-solar,repd-solar-pipeline,45,we,33,55,96
power,repd-wind-offshore,repd-solar,repd-solar-pipeline,60,we,33,55,105
power,repd-wind-offshore,repd-solar,repd-solar-pipeline,75,we,33,50,77
power,repd-wind-offshore,repd-solar,repd-solar-pipeline,120,we,33,55,29
power,repd-wind-offshore,repd-solar,repd-solar-pipeline,135,ns,87,45,43
power,repd-wind-offshore,repd-solar,repd-solar-pipeline,150,ns,87,45,56
power,repd-wind-offshore,repd-solar,repd-solar-pipeline,165,ns,87,55,88
power,repd-wind-offshore,repd-solar,repd-battery,ns,ns,83,35,66
power,repd-wind-offshore,repd-solar,repd-battery,15,ns,83,45,78
power,repd-wind-offshore,repd-solar,repd-battery,30,ns,83,45,61
power,repd-wind-offshore,repd-solar,repd-battery,135,ns,83,45,24
power,repd-wind-offshore,repd-solar,repd-battery,150,ns,83,45,44
power,repd-wind-offshore,repd-solar,repd-battery,165,ns,83,50,82
power,repd-wind-offshore,repd-solar,repd-battery-pipeline,we,we,38,50,38
power,repd-wind-offshore,repd-solar,repd-battery-pipeline,45,we,38,55,86
power,repd-wind-offshore,repd-solar,repd-battery-pipeline,60,we,38,55,80
power,repd-wind-offshore,repd-solar,repd-battery-pipeline,75,we,38,55,29
power,repd-wind-offshore,repd-solar,repd-battery-pipeline,105,we,38,50,61
power,repd-wind-offshore,repd-solar,repd-battery-pipeline,120,we,38,50,63
power,repd-wind-offshore,repd-solar-pipeline,repd-battery,ns,ns,27,30,40
power,repd-wind-offshore,repd-solar-pipeline,repd-battery,we,we,35,55,36
power,repd-wind-offshore,repd-solar-pipeline,repd-battery,15,ns,27,50,39
power,repd-wind-offshore,repd-solar-pipeline,repd-battery,30,ns,27,55,52
power,repd-wind-offshore,repd-solar-pipeline,repd-battery,45,we,35,45,50
power,repd-wind-offshore,repd-solar-pipeline,repd-battery,60,we,35,50,44
power,repd-wind-offshore,repd-solar-pipeline,repd-battery,75,we,35,55,49
power,repd-wind-offshore,repd-solar-pipeline,repd-battery,105,we,35,50,36
power,repd-wind-offshore,repd-solar-pipeline,repd-battery,135,ns,27,45,19
power,repd-wind-offshore,repd-solar-pipeline,repd-battery,165,ns,27,55,53
power,repd-wind-offshore,repd-solar-pipeline,repd-battery-pipeline,we,we,71,50,71
power,repd-wind-offshore,repd-solar-pipeline,repd-battery-pipeline,60,we,71,50,28
power,repd-wind-offshore,repd-solar-pipeline,repd-battery-pipeline,75,we,71,50,54
power,repd-wind-offshore,repd-solar-pipeline,repd-battery-pipeline,105,we,71,50,77
power,repd-wind-offshore,repd-solar-pipeline,repd-battery-pipeline,120,we,71,50,50
power,repd-wind-offshore,repd-battery,repd-battery-pipeline,we,we,36,50,36
power,repd-wind-offshore,repd-battery,repd-battery-pipeline,45,we,36,45,66
power,repd-wind-offshore,repd-battery,repd-battery-pipeline,105,we,36,45,48
power,repd-wind-offshore,repd-battery,repd-battery-pipeline,120,we,36,50,38
power,repd-solar,repd-solar-pipeline,repd-battery,ns,ns,27,30,42
power,repd-solar,repd-solar-pipeline,repd-battery,15,ns,27,50,39
power,repd-solar,repd-solar-pipeline,repd-battery,30,ns,27,55,51
power,repd-solar,repd-solar-pipeline,repd-battery,135,ns,27,45,19
power,repd-solar,repd-solar-pipeline,repd-battery,165,ns,27,55,35
power,repd-solar,repd-solar-pipeline,repd-battery-pipeline,ns,ns,85,30,114
power,repd-solar,repd-solar-pipeline,repd-battery-pipeline,we,we,33,45,38
power,repd-solar,repd-solar-pipeline,repd-battery-pipeline,15,ns,85,50,75
power,repd-solar,repd-solar-pipeline,repd-battery-pipeline,30,ns,85,50,46
power,repd-solar,repd-solar-pipeline,repd-battery-pipeline,60,we,33,50,28
power,repd-solar,repd-solar-pipeline,repd-battery-pipeline,75,we,33,55,29
power,repd-solar,repd-solar-pipeline,repd-battery-pipeline,120,we,33,55,29
power,repd-solar,repd-solar-pipeline,repd-battery-pipeline,135,ns,85,50,60
power,repd-solar,repd-solar-pipeline,repd-battery-pipeline,150,ns,85,55,79
power,repd-solar,repd-solar-pipeline,repd-battery-pipeline,165,ns,85,55,88
power,repd-solar,repd-battery,repd-battery-pipeline,ns,ns,83,30,135
power,repd-solar,repd-battery,repd-battery-pipeline,15,ns,83,50,76
power,repd-solar,repd-battery,repd-battery-pipeline,30,ns,83,45,61
power,repd-solar,repd-battery,repd-battery-pipeline,135,ns,83,50,59
power,repd-solar,repd-battery,repd-battery-pipeline,150,ns,83,50,74
power,repd-solar,repd-battery,repd-battery-pipeline,165,ns,83,50,82
power,repd-solar-pipeline,repd-battery,repd-battery-pipeline,ns,ns,27,30,42
power,repd-solar-pipeline,repd-battery,repd-battery-pipeline,we,we,35,50,35
power,repd-solar-pipeline,repd-battery,repd-battery-pipeline,15,ns,27,50,39
power,repd-solar-pipeline,repd-battery,repd-battery-pipeline,30,ns,27,45,35
power,repd-solar-pipeline,repd-battery,repd-battery-pipeline,105,we,35,45,38
power,repd-solar-pipeline,repd-battery,repd-battery-pipeline,120,we,35,45,32
power,repd-solar-pipeline,repd-battery,repd-battery-pipeline,135,ns,27,45,19
power,repd-solar-pipeline,repd-battery,repd-battery-pipeline,165,ns,27,55,53
commute,census-commute-metro,census-commute-taxi,census-commute-motorbike,we,we,42,50,42
commute,census-commute-metro,census-commute-taxi,census-commute-motorbike,75,we,42,55,33
commute,census-commute-metro,census-commute-taxi,census-commute-motorbike,105,we,42,50,76
commute,census-commute-metro,census-commute-taxi,census-commute-motorbike,120,we,42,45,81
commute,census-commute-metro,census-commute-taxi,census-commute-bike,ns,ns,45,40,99
commute,census-commute-metro,census-commute-taxi,census-commute-bike,we,we,42,55,48
commute,census-commute-metro,census-commute-taxi,census-commute-bike,15,ns,45,45,67
commute,census-commute-metro,census-commute-taxi,census-commute-bike,30,ns,45,45,35
commute,census-commute-metro,census-commute-taxi,census-commute-bike,75,we,42,55,35
commute,census-commute-metro,census-commute-taxi,census-commute-bike,105,we,42,50,77
commute,census-commute-metro,census-commute-taxi,census-commute-bike,120,we,42,50,81
commute,census-commute-metro,census-commute-taxi,census-commute-bike,135,ns,45,45,100
commute,census-commute-metro,census-commute-taxi,census-commute-bike,150,ns,45,45,92
commute,census-commute-metro,census-commute-taxi,census-commute-bike,165,ns,45,45,73
commute,census-commute-metro,census-commute-taxi,census-commute-car,ns,ns,47,45,60
commute,census-commute-metro,census-commute-taxi,census-commute-car,15,ns,47,45,36
commute,census-commute-metro,census-commute-taxi,census-commute-car,30,ns,47,55,34
commute,census-commute-metro,census-commute-taxi,census-commute-car,135,ns,47,45,40
commute,census-commute-metro,census-commute-taxi,census-commute-car,150,ns,47,45,51
commute,census-commute-metro,census-commute-taxi,census-commute-car,165,ns,47,45,64
commute,census-commute-metro,census-commute-taxi,census-commute-foot,ns,ns,69,45,76
commute,census-commute-metro,census-commute-taxi,census-commute-foot,15,ns,69,45,62
commute,census-commute-metro,census-commute-taxi,census-commute-foot,30,ns,69,50,36
commute,census-commute-metro,census-commute-taxi,census-commute-foot,135,ns,69,55,58
commute,census-commute-metro,census-commute-taxi,census-commute-foot,150,ns,69,55,74
commute,census-commute-metro,census-commute-taxi,census-commute-foot,165,ns,69,45,85
commute,census-commute-metro,census-commute-taxi,census-work-from-home,ns,ns,36,40,99
commute,census-commute-metro,census-commute-taxi,census-work-from-home,we,we,32,60,43
commute,census-commute-metro,census-commute-taxi,census-work-from-home,15,ns,36,45,55
commute,census-commute-metro,census-commute-taxi,census-work-from-home,30,ns,36,45,28
commute,census-commute-metro,census-commute-taxi,census-work-from-home,75,we,32,55,25
commute,census-commute-metro,census-commute-taxi,census-work-from-home,105,we,32,55,69
commute,census-commute-metro,census-commute-taxi,census-work-from-home,120,we,32,55,68
commute,census-commute-metro,census-commute-taxi,census-work-from-home,135,ns,36,50,93
commute,census-commute-metro,census-commute-taxi,census-work-from-home,150,ns,36,45,101
commute,census-commute-metro,census-commute-taxi,census-work-from-home,165,ns,36,45,83
commute,census-commute-metro,census-commute-motorbike,census-commute-car,we,we,35,55,42
commute,census-commute-metro,census-commute-motorbike,census-commute-car,75,we,35,55,35
commute,census-commute-metro,census-commute-motorbike,census-commute-car,105,we,35,50,70
commute,census-commute-metro,census-commute-motorbike,census-commute-car,120,we,35,50,78
commute,census-commute-metro,census-commute-motorbike,census-commute-foot,we,we,25,55,40
commute,census-commute-metro,census-commute-motorbike,census-commute-foot,75,we,25,55,27
commute,census-commute-metro,census-commute-motorbike,census-commute-foot,105,we,25,50,58
commute,census-commute-metro,census-commute-motorbike,census-commute-foot,120,we,25,50,64
commute,census-commute-metro,census-commute-bike,census-commute-car,ns,ns,45,35,80
commute,census-commute-metro,census-commute-bike,census-commute-car,we,we,35,55,44
commute,census-commute-metro,census-commute-bike,census-commute-car,15,ns,45,45,45
commute,census-commute-metro,census-commute-bike,census-commute-car,30,ns,45,45,35
commute,census-commute-metro,census-commute-bike,census-commute-car,75,we,35,55,35
commute,census-commute-metro,census-commute-bike,census-commute-car,105,we,35,55,66
commute,census-commute-metro,census-commute-bike,census-commute-car,120,we,35,55,68
commute,census-commute-metro,census-commute-bike,census-commute-car,135,ns,45,55,72
commute,census-commute-metro,census-commute-bike,census-commute-car,150,ns,45,45,80
commute,census-commute-metro,census-commute-bike,census-commute-car,165,ns,45,45,73
commute,census-commute-metro,census-commute-bike,census-commute-foot,ns,ns,45,35,62
commute,census-commute-metro,census-commute-bike,census-commute-foot,we,we,25,55,33
commute,census-commute-metro,census-commute-bike,census-commute-foot,15,ns,45,50,31
commute,census-commute-metro,census-commute-bike,census-commute-foot,30,ns,45,45,29
commute,census-commute-metro,census-commute-bike,census-commute-foot,75,we,25,55,28
commute,census-commute-metro,census-commute-bike,census-commute-foot,105,we,25,50,53
commute,census-commute-metro,census-commute-bike,census-commute-foot,120,we,25,55,68
commute,census-commute-metro,census-commute-bike,census-commute-foot,135,ns,45,50,49
commute,census-commute-metro,census-commute-bike,census-commute-foot,150,ns,45,45,57
commute,census-commute-metro,census-commute-bike,census-commute-foot,165,ns,45,45,61
commute,census-commute-metro,census-commute-car,census-commute-foot,ns,ns,22,40,27
commute,census-commute-metro,census-commute-car,census-commute-foot,15,ns,22,55,28
commute,census-commute-metro,census-commute-car,census-commute-foot,30,ns,22,50,22
commute,census-commute-metro,census-commute-car,census-commute-foot,135,ns,22,55,28
commute,census-commute-metro,census-commute-car,census-commute-foot,150,ns,22,55,36
commute,census-commute-metro,census-commute-car,census-commute-foot,165,ns,22,55,39
commute,census-commute-metro,census-commute-car,census-work-from-home,ns,ns,36,35,75
commute,census-commute-metro,census-commute-car,census-work-from-home,we,we,24,60,40
commute,census-commute-metro,census-commute-car,census-work-from-home,15,ns,36,45,55
commute,census-commute-metro,census-commute-car,census-work-from-home,30,ns,36,45,28
commute,census-commute-metro,census-commute-car,census-work-from-home,75,we,24,55,27
commute,census-commute-metro,census-commute-car,census-work-from-home,105,we,24,55,63
commute,census-commute-metro,census-commute-car,census-work-from-home,120,we,24,55,68
commute,census-commute-metro,census-commute-car,census-work-from-home,135,ns,36,55,72
commute,census-commute-metro,census-commute-car,census-work-from-home,150,ns,36,50,75
commute,census-commute-metro,census-commute-car,census-work-from-home,165,ns,36,45,72
commute,census-commute-metro,census-commute-foot,census-work-from-home,ns,ns,36,35,58
commute,census-commute-metro,census-commute-foot,census-work-from-home,15,ns,36,45,32
commute,census-commute-metro,census-commute-foot,census-work-from-home,30,ns,36,45,28
commute,census-commute-metro,census-commute-foot,census-work-from-home,135,ns,36,55,45
commute,census-commute-metro,census-commute-foot,census-work-from-home,150,ns,36,45,48
commute,census-commute-metro,census-commute-foot,census-work-from-home,165,ns,36,45,51
commute,census-commute-train,census-commute-taxi,census-commute-motorbike,we,we,42,50,42
commute,census-commute-train,census-commute-taxi,census-commute-motorbike,75,we,42,55,26
commute,census-commute-train,census-commute-taxi,census-commute-motorbike,105,we,42,50,68
commute,census-commute-train,census-commute-taxi,census-commute-motorbike,120,we,42,45,81
commute,census-commute-train,census-commute-taxi,census-commute-bike,ns,ns,44,35,97
commute,census-commute-train,census-commute-taxi,census-commute-bike,we,we,42,55,43
commute,census-commute-train,census-commute-taxi,census-commute-bike,15,ns,44,45,63
commute,census-commute-train,census-commute-taxi,census-commute-bike,30,ns,44,45,29
commute,census-commute-train,census-commute-taxi,census-commute-bike,75,we,42,55,25
commute,census-commute-train,census-commute-taxi,census-commute-bike,105,we,42,50,74
commute,census-commute-train,census-commute-taxi,census-commute-bike,120,we,42,50,81
commute,census-commute-train,census-commute-taxi,census-commute-bike,135,ns,44,45,100
commute,census-commute-train,census-commute-taxi,census-commute-bike,150,ns,44,45,84
commute,census-commute-train,census-commute-taxi,census-commute-bike,165,ns,44,45,69
commute,census-commute-train,census-commute-taxi,census-commute-car,ns,ns,47,45,60
commute,census-commute-train,census-commute-taxi,census-commute-car,15,ns,47,45,36
commute,census-commute-train,census-commute-taxi,census-commute-car,30,ns,47,55,34
commute,census-commute-train,census-commute-taxi,census-commute-car,135,ns,47,45,40
commute,census-commute-train,census-commute-taxi,census-commute-car,150,ns,47,45,51
commute,census-commute-train,census-commute-taxi,census-commute-car,165,ns,47,45,64
commute,census-commute-train,census-commute-taxi,census-commute-foot,ns,ns,69,45,76
commute,census-commute-train,census-commute-taxi,census-commute-foot,15,ns,69,45,62
commute,census-commute-train,census-commute-taxi,census-commute-foot,30,ns,69,50,32
commute,census-commute-train,census-commute-taxi,census-commute-foot,135,ns,69,55,58
commute,census-commute-train,census-commute-taxi,census-commute-foot,150,ns,69,55,74
commute,census-commute-train,census-commute-taxi,census-commute-foot,165,ns,69,45,85
commute,census-commute-train,census-commute-taxi,census-work-from-home,ns,ns,35,35,93
commute,census-commute-train,census-commute-taxi,census-work-from-home,we,we,32,60,41
commute,census-commute-train,census-commute-taxi,census-work-from-home,15,ns,35,45,50
commute,census-commute-train,census-commute-taxi,census-work-from-home,30,ns,35,45,22
commute,census-commute-train,census-commute-taxi,census-work-from-home,75,we,32,55,25
commute,census-commute-train,census-commute-taxi,census-work-from-home,105,we,32,55,68
commute,census-commute-train,census-commute-taxi,census-work-from-home,120,we,32,50,67
commute,census-commute-train,census-commute-taxi,census-work-from-home,135,ns,35,50,92
commute,census-commute-train,census-commute-taxi,census-work-from-home,150,ns,35,45,93
commute,census-commute-train,census-commute-taxi,census-work-from-home,165,ns,35,45,79
commute,census-commute-train,census-commute-motorbike,census-commute-car,we,we,35,45,41
commute,census-commute-train,census-commute-motorbike,census-commute-car,75,we,35,55,26
commute,census-commute-train,census-commute-motorbike,census-commute-car,105,we,35,50,68
commute,census-commute-train,census-commute-motorbike,census-commute-car,120,we,35,50,71
commute,census-commute-train,census-commute-motorbike,census-commute-foot,we,we,25,55,37
commute,census-commute-train,census-commute-motorbike,census-commute-foot,75,we,25,55,26
commute,census-commute-train,census-commute-motorbike,census-commute-foot,105,we,25,50,58
commute,census-commute-train,census-commute-motorbike,census-commute-foot,120,we,25,50,64
commute,census-commute-train,census-commute-bike,census-commute-car,ns,ns,44,35,80
commute,census-commute-train,census-commute-bike,census-commute-car,we,we,35,55,43
commute,census-commute-train,census-commute-bike,census-commute-car,15,ns,44,45,45
commute,census-commute-train,census-commute-bike,census-commute-car,30,ns,44,45,29
commute,census-commute-train,census-commute-bike,census-commute-car,75,we,35,55,25
commute,census-commute-train,census-commute-bike,census-commute-car,105,we,35,50,65
commute,census-commute-train,census-commute-bike,census-commute-car,120,we,35,55,64
commute,census-commute-train,census-commute-bike,census-commute-car,135,ns,44,55,69
commute,census-commute-train,census-commute-bike,census-commute-car,150,ns,44,45,80
commute,census-commute-train,census-commute-bike,census-commute-car,165,ns,44,45,69
commute,census-commute-train,census-commute-bike,census-commute-foot,ns,ns,44,35,62
commute,census-commute-train,census-commute-bike,census-commute-foot,we,we,25,55,33
commute,census-commute-train,census-commute-bike,census-commute-foot,15,ns,44,50,29
commute,census-commute-train,census-commute-bike,census-commute-foot,30,ns,44,45,29
commute,census-commute-train,census-commute-bike,census-commute-foot,75,we,25,55,25
commute,census-commute-train,census-commute-bike,census-commute-foot,105,we,25,50,53
commute,census-commute-train,census-commute-bike,census-commute-foot,120,we,25,55,64
commute,census-commute-train,census-commute-bike,census-commute-foot,135,ns,44,50,49
commute,census-commute-train,census-commute-bike,census-commute-foot,150,ns,44,45,57
commute,census-commute-train,census-commute-bike,census-commute-foot,165,ns,44,45,61
commute,census-commute-train,census-commute-car,census-commute-foot,ns,ns,22,40,27
commute,census-commute-train,census-commute-car,census-commute-foot,15,ns,22,55,28
commute,census-commute-train,census-commute-car,census-commute-foot,30,ns,22,50,22
commute,census-commute-train,census-commute-car,census-commute-foot,135,ns,22,55,28
commute,census-commute-train,census-commute-car,census-commute-foot,150,ns,22,55,36
commute,census-commute-train,census-commute-car,census-commute-foot,165,ns,22,55,39
commute,census-commute-train,census-commute-car,census-work-from-home,ns,ns,35,35,75
commute,census-commute-train,census-commute-car,census-work-from-home,we,we,24,60,40
commute,census-commute-train,census-commute-car,census-work-from-home,15,ns,35,45,50
commute,census-commute-train,census-commute-car,census-work-from-home,30,ns,35,45,22
commute,census-commute-train,census-commute-car,census-work-from-home,75,we,24,55,27
commute,census-commute-train,census-commute-car,census-work-from-home,105,we,24,55,63
commute,census-commute-train,census-commute-car,census-work-from-home,120,we,24,55,64
commute,census-commute-train,census-commute-car,census-work-from-home,135,ns,35,55,70
commute,census-commute-train,census-commute-car,census-work-from-home,150,ns,35,50,74
commute,census-commute-train,census-commute-car,census-work-from-home,165,ns,35,45,72
commute,census-commute-train,census-commute-foot,census-work-from-home,ns,ns,35,35,58
commute,census-commute-train,census-commute-foot,census-work-from-home,15,ns,35,45,32
commute,census-commute-train,census-commute-foot,census-work-from-home,30,ns,35,45,22
commute,census-commute-train,census-commute-foot,census-work-from-home,135,ns,35,55,45
commute,census-commute-train,census-commute-foot,census-work-from-home,150,ns,35,45,48
commute,census-commute-train,census-commute-foot,census-work-from-home,165,ns,35,45,51
commute,census-commute-taxi,census-commute-motorbike,census-commute-bike,ns,ns,38,45,51
commute,census-commute-taxi,census-commute-motorbike,census-commute-bike,15,ns,38,45,57
commute,census-commute-taxi,census-commute-motorbike,census-commute-bike,30,ns,38,45,26
commute,census-commute-taxi,census-commute-motorbike,census-commute-bike,135,ns,38,55,33
commute,census-commute-taxi,census-commute-motorbike,census-commute-bike,150,ns,38,45,32
commute,census-commute-taxi,census-commute-motorbike,census-commute-bike,165,ns,38,50,36
commute,census-commute-taxi,census-commute-motorbike,census-commute-car,ns,ns,47,45,60
commute,census-commute-taxi,census-commute-motorbike,census-commute-car,15,ns,47,45,36
commute,census-commute-taxi,census-commute-motorbike,census-commute-car,30,ns,47,55,34
commute,census-commute-taxi,census-commute-motorbike,census-commute-car,135,ns,47,45,40
commute,census-commute-taxi,census-commute-motorbike,census-commute-car,150,ns,47,45,51
commute,census-commute-taxi,census-commute-motorbike,census-commute-car,165,ns,47,45,64
commute,census-commute-taxi,census-commute-motorbike,census-commute-foot,ns,ns,69,45,76
commute,census-commute-taxi,census-commute-motorbike,census-commute-foot,15,ns,69,45,62
commute,census-commute-taxi,census-commute-motorbike,census-commute-foot,30,ns,69,50,31
commute,census-commute-taxi,census-commute-motorbike,census-commute-foot,135,ns,69,55,58
commute,census-commute-taxi,census-commute-motorbike,census-commute-foot,150,ns,69,45,74
commute,census-commute-taxi,census-commute-motorbike,census-commute-foot,165,ns,69,45,85
commute,census-commute-taxi,census-commute-motorbike,census-work-from-home,ns,ns,29,45,49
commute,census-commute-taxi,census-commute-motorbike,census-work-from-home,15,ns,29,45,45
commute,census-commute-taxi,census-commute-motorbike,census-work-from-home,30,ns,29,45,20
commute,census-commute-taxi,census-commute-motorbike,census-work-from-home,135,ns,29,55,33
commute,census-commute-taxi,census-commute-motorbike,census-work-from-home,150,ns,29,45,40
commute,census-commute-taxi,census-commute-motorbike,census-work-from-home,165,ns,29,45,40
commute,census-commute-taxi,census-commute-bike,census-commute-car,ns,ns,47,45,57
commute,census-commute-taxi,census-commute-bike,census-commute-car,15,ns,47,45,36
commute,census-commute-taxi,census-commute-bike,census-commute-car,30,ns,47,55,32
commute,census-commute-taxi,census-commute-bike,census-commute-car,135,ns,47,45,40
commute,census-commute-taxi,census-commute-bike,census-commute-car,150,ns,47,45,51
commute,census-commute-taxi,census-commute-bike,census-commute-car,165,ns,47,45,64
commute,census-commute-taxi,census-commute-bike,census-commute-foot,ns,ns,48,45,42
commute,census-commute-taxi,census-commute-bike,census-commute-foot,15,ns,48,50,37
commute,census-commute-taxi,census-commute-bike,census-commute-foot,30,ns,48,45,27
commute,census-commute-taxi,census-commute-bike,census-commute-foot,135,ns,48,50,49
commute,census-commute-taxi,census-commute-bike,census-commute-foot,150,ns,48,45,57
commute,census-commute-taxi,census-commute-bike,census-commute-foot,165,ns,48,45,61
commute,census-commute-taxi,census-commute-car,census-commute-foot,ns,ns,22,40,27
commute,census-commute-taxi,census-commute-car,census-commute-foot,15,ns,22,55,28
commute,census-commute-taxi,census-commute-car,census-commute-foot,30,ns,22,50,20
commute,census-commute-taxi,census-commute-car,census-commute-foot,135,ns,22,55,28
commute,census-commute-taxi,census-commute-car,census-commute-foot,150,ns,22,55,36
commute,census-commute-taxi,census-commute-car,census-commute-foot,165,ns,22,55,39
commute,census-commute-taxi,census-commute-car,census-work-from-home,ns,ns,47,45,60
commute,census-commute-taxi,census-commute-car,census-work-from-home,15,ns,47,45,36
commute,census-commute-taxi,census-commute-car,census-work-from-home,30,ns,47,55,29
commute,census-commute-taxi,census-commute-car,census-work-from-home,135,ns,47,45,40
commute,census-commute-taxi,census-commute-car,census-work-from-home,150,ns,47,45,51
commute,census-commute-taxi,census-commute-car,census-work-from-home,165,ns,47,45,64
commute,census-commute-taxi,census-commute-foot,census-work-from-home,ns,ns,57,45,44
commute,census-commute-taxi,census-commute-foot,census-work-from-home,15,ns,57,50,43
commute,census-commute-taxi,census-commute-foot,census-work-from-home,30,ns,57,45,27
commute,census-commute-taxi,census-commute-foot,census-work-from-home,135,ns,57,55,45
commute,census-commute-taxi,census-commute-foot,census-work-from-home,150,ns,57,45,48
commute,census-commute-taxi,census-commute-foot,census-work-from-home,165,ns,57,45,51
commute,census-commute-motorbike,census-commute-bike,census-commute-car,ns,ns,38,45,51
commute,census-commute-motorbike,census-commute-bike,census-commute-car,15,ns,38,45,45
commute,census-commute-motorbike,census-commute-bike,census-commute-car,30,ns,38,45,26
commute,census-commute-motorbike,census-commute-bike,census-commute-car,135,ns,38,55,33
commute,census-commute-motorbike,census-commute-bike,census-commute-car,150,ns,38,45,32
commute,census-commute-motorbike,census-commute-bike,census-commute-car,165,ns,38,50,36
commute,census-commute-motorbike,census-commute-bike,census-commute-foot,ns,ns,38,45,42
commute,census-commute-motorbike,census-commute-bike,census-commute-foot,15,ns,38,50,27
commute,census-commute-motorbike,census-commute-bike,census-commute-foot,30,ns,38,45,26
commute,census-commute-motorbike,census-commute-bike,census-commute-foot,135,ns,38,55,33
commute,census-commute-motorbike,census-commute-bike,census-commute-foot,150,ns,38,45,32
commute,census-commute-motorbike,census-commute-bike,census-commute-foot,165,ns,38,50,36
commute,census-commute-motorbike,census-commute-car,census-commute-foot,ns,ns,22,40,27
commute,census-commute-motorbike,census-commute-car,census-commute-foot,15,ns,22,55,28
commute,census-commute-motorbike,census-commute-car,census-commute-foot,30,ns,22,50,22
commute,census-commute-motorbike,census-commute-car,census-commute-foot,135,ns,22,55,28
commute,census-commute-motorbike,census-commute-car,census-commute-foot,150,ns,22,55,36
commute,census-commute-motorbike,census-commute-car,census-commute-foot,165,ns,22,55,39
commute,census-commute-motorbike,census-commute-car,census-work-from-home,ns,ns,29,45,49
commute,census-commute-motorbike,census-commute-car,census-work-from-home,15,ns,29,45,45
commute,census-commute-motorbike,census-commute-car,census-work-from-home,30,ns,29,45,20
commute,census-commute-motorbike,census-commute-car,census-work-from-home,135,ns,29,55,33
commute,census-commute-motorbike,census-commute-car,census-work-from-home,150,ns,29,45,40
commute,census-commute-motorbike,census-commute-car,census-work-from-home,165,ns,29,45,40
commute,census-commute-motorbike,census-commute-foot,census-work-from-home,ns,ns,29,45,44
commute,census-commute-motorbike,census-commute-foot,census-work-from-home,15,ns,29,45,32
commute,census-commute-motorbike,census-commute-foot,census-work-from-home,30,ns,29,45,20
commute,census-commute-motorbike,census-commute-foot,census-work-from-home,135,ns,29,55,33
commute,census-commute-motorbike,census-commute-foot,census-work-from-home,150,ns,29,45,40
commute,census-commute-motorbike,census-commute-foot,census-work-from-home,165,ns,29,45,40
commute,census-commute-bike,census-commute-car,census-commute-foot,ns,ns,22,40,27
commute,census-commute-bike,census-commute-car,census-commute-foot,15,ns,22,55,28
commute,census-commute-bike,census-commute-car,census-commute-foot,135,ns,22,55,28
commute,census-commute-bike,census-commute-car,census-commute-foot,150,ns,22,55,36
commute,census-commute-bike,census-commute-car,census-commute-foot,165,ns,22,55,34
commute,census-commute-car,census-commute-foot,census-work-from-home,ns,ns,22,40,27
commute,census-commute-car,census-commute-foot,census-work-from-home,15,ns,22,55,28
commute,census-commute-car,census-commute-foot,census-work-from-home,135,ns,22,55,28
commute,census-commute-car,census-commute-foot,census-work-from-home,150,ns,22,55,36
commute,census-commute-car,census-commute-foot,census-work-from-home,165,ns,22,55,37
election,ge24-libdem,ge24-con,ge24-labour,ns,ns,44,40,67
election,ge24-libdem,ge24-con,ge24-labour,15,ns,44,45,53
election,ge24-libdem,ge24-con,ge24-labour,30,ns,44,45,38
election,ge24-libdem,ge24-con,ge24-labour,135,ns,44,45,42
election,ge24-libdem,ge24-con,ge24-labour,150,ns,44,45,47
election,ge24-libdem,ge24-con,ge24-labour,165,ns,44,45,62
election,ge24-libdem,ge24-con,ge24-reform,ns,ns,44,30,47
election,ge24-libdem,ge24-con,ge24-reform,15,ns,44,50,35
election,ge24-libdem,ge24-con,ge24-reform,30,ns,44,45,33
election,ge24-libdem,ge24-con,ge24-reform,135,ns,44,45,37
election,ge24-libdem,ge24-con,ge24-reform,150,ns,44,45,47
election,ge24-libdem,ge24-con,ge24-reform,165,ns,44,50,46
election,ge24-libdem,ge24-con,ge24-nonvoters,ns,ns,44,40,65
election,ge24-libdem,ge24-con,ge24-nonvoters,15,ns,44,45,50
election,ge24-libdem,ge24-con,ge24-nonvoters,30,ns,44,45,36
election,ge24-libdem,ge24-con,ge24-nonvoters,135,ns,44,45,42
election,ge24-libdem,ge24-con,ge24-nonvoters,150,ns,44,45,47
election,ge24-libdem,ge24-con,ge24-nonvoters,165,ns,44,45,57
election,ge24-libdem,ge24-green,ge24-labour,ns,ns,46,40,69
election,ge24-libdem,ge24-green,ge24-labour,15,ns,46,45,51
election,ge24-libdem,ge24-green,ge24-labour,30,ns,46,45,39
election,ge24-libdem,ge24-green,ge24-labour,135,ns,46,50,40
election,ge24-libdem,ge24-green,ge24-labour,150,ns,46,45,49
election,ge24-libdem,ge24-green,ge24-labour,165,ns,46,45,60
election,ge24-libdem,ge24-green,ge24-reform,ns,ns,46,35,43
election,ge24-libdem,ge24-green,ge24-reform,15,ns,46,50,38
election,ge24-libdem,ge24-green,ge24-reform,30,ns,46,45,34
election,ge24-libdem,ge24-green,ge24-reform,135,ns,46,55,37
election,ge24-libdem,ge24-green,ge24-reform,150,ns,46,45,48
election,ge24-libdem,ge24-green,ge24-reform,165,ns,46,45,45
election,ge24-libdem,ge24-green,ge24-nonvoters,ns,ns,46,40,66
election,ge24-libdem,ge24-green,ge24-nonvoters,15,ns,46,45,48
election,ge24-libdem,ge24-green,ge24-nonvoters,30,ns,46,45,37
election,ge24-libdem,ge24-green,ge24-nonvoters,135,ns,46,50,40
election,ge24-libdem,ge24-green,ge24-nonvoters,150,ns,46,45,49
election,ge24-libdem,ge24-green,ge24-nonvoters,165,ns,46,45,59
money,hmrc-additional-rate,hmrc-tax-amount,hmrc-higher-rate,we,we,27,50,27
money,hmrc-additional-rate,hmrc-tax-amount,hmrc-higher-rate,105,we,27,45,37
money,hmrc-additional-rate,hmrc-tax-amount,hmrc-higher-rate,120,we,27,45,53
money,hmrc-additional-rate,hmrc-tax-amount,hmrc-self-employed,we,we,27,45,29
money,hmrc-additional-rate,hmrc-tax-amount,hmrc-self-employed,105,we,27,45,50
money,hmrc-additional-rate,hmrc-tax-amount,hmrc-self-employed,120,we,27,45,53
money,hmrc-additional-rate,hmrc-tax-amount,hmrc-pension,we,we,27,45,36
money,hmrc-additional-rate,hmrc-tax-amount,hmrc-pension,105,we,27,45,52
money,hmrc-additional-rate,hmrc-tax-amount,hmrc-pension,120,we,27,45,53
money,hmrc-additional-rate,hmrc-tax-amount,hmrc-taxpayers,we,we,27,45,36
money,hmrc-additional-rate,hmrc-tax-amount,hmrc-taxpayers,105,we,27,45,52
money,hmrc-additional-rate,hmrc-tax-amount,hmrc-taxpayers,120,we,27,45,53
money,hmrc-additional-rate,hmrc-higher-rate,hmrc-pension,ns,ns,35,40,61
money,hmrc-additional-rate,hmrc-higher-rate,hmrc-pension,we,we,24,55,39
money,hmrc-additional-rate,hmrc-higher-rate,hmrc-pension,15,ns,35,45,49
money,hmrc-additional-rate,hmrc-higher-rate,hmrc-pension,30,ns,35,45,30
money,hmrc-additional-rate,hmrc-higher-rate,hmrc-pension,75,we,24,55,24
money,hmrc-additional-rate,hmrc-higher-rate,hmrc-pension,105,we,24,50,55
money,hmrc-additional-rate,hmrc-higher-rate,hmrc-pension,120,we,24,50,61
money,hmrc-additional-rate,hmrc-higher-rate,hmrc-pension,135,ns,35,50,61
money,hmrc-additional-rate,hmrc-higher-rate,hmrc-pension,150,ns,35,45,62
money,hmrc-additional-rate,hmrc-higher-rate,hmrc-pension,165,ns,35,45,67
money,hmrc-additional-rate,hmrc-higher-rate,hmrc-taxpayers,ns,ns,35,35,49
money,hmrc-additional-rate,hmrc-higher-rate,hmrc-taxpayers,we,we,19,60,28
money,hmrc-additional-rate,hmrc-higher-rate,hmrc-taxpayers,15,ns,35,45,32
money,hmrc-additional-rate,hmrc-higher-rate,hmrc-taxpayers,30,ns,35,45,27
money,hmrc-additional-rate,hmrc-higher-rate,hmrc-taxpayers,105,we,19,55,48
money,hmrc-additional-rate,hmrc-higher-rate,hmrc-taxpayers,120,we,19,55,47
money,hmrc-additional-rate,hmrc-higher-rate,hmrc-taxpayers,135,ns,35,55,46
money,hmrc-additional-rate,hmrc-higher-rate,hmrc-taxpayers,150,ns,35,50,55
money,hmrc-additional-rate,hmrc-higher-rate,hmrc-taxpayers,165,ns,35,45,55
money,hmrc-additional-rate,hmrc-self-employed,hmrc-pension,ns,ns,38,35,59
money,hmrc-additional-rate,hmrc-self-employed,hmrc-pension,we,we,20,55,31
money,hmrc-additional-rate,hmrc-self-employed,hmrc-pension,15,ns,38,45,48
money,hmrc-additional-rate,hmrc-self-employed,hmrc-pension,30,ns,38,45,30
money,hmrc-additional-rate,hmrc-self-employed,hmrc-pension,75,we,20,55,25
money,hmrc-additional-rate,hmrc-self-employed,hmrc-pension,105,we,20,55,51
money,hmrc-additional-rate,hmrc-self-employed,hmrc-pension,120,we,20,55,61
money,hmrc-additional-rate,hmrc-self-employed,hmrc-pension,135,ns,38,55,63
money,hmrc-additional-rate,hmrc-self-employed,hmrc-pension,150,ns,38,50,64
money,hmrc-additional-rate,hmrc-self-employed,hmrc-pension,165,ns,38,45,56
money,hmrc-additional-rate,hmrc-self-employed,hmrc-taxpayers,ns,ns,38,35,49
money,hmrc-additional-rate,hmrc-self-employed,hmrc-taxpayers,15,ns,38,45,30
money,hmrc-additional-rate,hmrc-self-employed,hmrc-taxpayers,30,ns,38,45,27
money,hmrc-additional-rate,hmrc-self-employed,hmrc-taxpayers,135,ns,38,55,45
money,hmrc-additional-rate,hmrc-self-employed,hmrc-taxpayers,150,ns,38,50,46
money,hmrc-additional-rate,hmrc-self-employed,hmrc-taxpayers,165,ns,38,50,48
money,hmrc-tax-amount,hmrc-higher-rate,hmrc-pension,ns,ns,23,45,41
money,hmrc-tax-amount,hmrc-higher-rate,hmrc-pension,we,we,24,45,26
money,hmrc-tax-amount,hmrc-higher-rate,hmrc-pension,15,ns,23,45,37
money,hmrc-tax-amount,hmrc-higher-rate,hmrc-pension,105,we,24,45,37
money,hmrc-tax-amount,hmrc-higher-rate,hmrc-pension,120,we,24,50,44
money,hmrc-tax-amount,hmrc-higher-rate,hmrc-pension,135,ns,23,45,47
money,hmrc-tax-amount,hmrc-higher-rate,hmrc-pension,150,ns,23,45,43
money,hmrc-tax-amount,hmrc-higher-rate,hmrc-pension,165,ns,23,45,35
money,hmrc-tax-amount,hmrc-higher-rate,hmrc-taxpayers,ns,ns,23,45,41
money,hmrc-tax-amount,hmrc-higher-rate,hmrc-taxpayers,we,we,19,55,25
money,hmrc-tax-amount,hmrc-higher-rate,hmrc-taxpayers,15,ns,23,45,32
money,hmrc-tax-amount,hmrc-higher-rate,hmrc-taxpayers,105,we,19,50,36
money,hmrc-tax-amount,hmrc-higher-rate,hmrc-taxpayers,120,we,19,50,44
money,hmrc-tax-amount,hmrc-higher-rate,hmrc-taxpayers,135,ns,23,50,43
money,hmrc-tax-amount,hmrc-higher-rate,hmrc-taxpayers,150,ns,23,45,43
money,hmrc-tax-amount,hmrc-higher-rate,hmrc-taxpayers,165,ns,23,45,35
money,hmrc-tax-amount,hmrc-self-employed,hmrc-pension,ns,ns,26,45,47
money,hmrc-tax-amount,hmrc-self-employed,hmrc-pension,we,we,20,55,31
money,hmrc-tax-amount,hmrc-self-employed,hmrc-pension,15,ns,26,45,39
money,hmrc-tax-amount,hmrc-self-employed,hmrc-pension,105,we,20,55,44
money,hmrc-tax-amount,hmrc-self-employed,hmrc-pension,120,we,20,55,52
money,hmrc-tax-amount,hmrc-self-employed,hmrc-pension,135,ns,26,55,48
money,hmrc-tax-amount,hmrc-self-employed,hmrc-pension,150,ns,26,45,45
money,hmrc-tax-amount,hmrc-self-employed,hmrc-pension,165,ns,26,45,49
money,hmrc-tax-amount,hmrc-self-employed,hmrc-taxpayers,ns,ns,26,45,38
money,hmrc-tax-amount,hmrc-self-employed,hmrc-taxpayers,15,ns,26,45,30
money,hmrc-tax-amount,hmrc-self-employed,hmrc-taxpayers,135,ns,26,55,45
money,hmrc-tax-amount,hmrc-self-employed,hmrc-taxpayers,150,ns,26,45,45
money,hmrc-tax-amount,hmrc-self-employed,hmrc-taxpayers,165,ns,26,45,41
homes,census-home-converted,census-home-flat,census-home-detached,ns,ns,24,45,55
homes,census-home-converted,census-home-flat,census-home-detached,we,we,28,55,35
homes,census-home-converted,census-home-flat,census-home-detached,15,ns,24,45,51
homes,census-home-converted,census-home-flat,census-home-detached,30,ns,24,45,28
homes,census-home-converted,census-home-flat,census-home-detached,75,we,28,55,22
homes,census-home-converted,census-home-flat,census-home-detached,105,we,28,50,50
homes,census-home-converted,census-home-flat,census-home-detached,120,we,28,50,57
homes,census-home-converted,census-home-flat,census-home-detached,135,ns,24,50,64
homes,census-home-converted,census-home-flat,census-home-detached,150,ns,24,45,63
homes,census-home-converted,census-home-flat,census-home-detached,165,ns,24,45,62
homes,census-home-converted,census-home-flat,census-home-semi,ns,ns,24,40,77
homes,census-home-converted,census-home-flat,census-home-semi,we,we,24,55,35
homes,census-home-converted,census-home-flat,census-home-semi,15,ns,24,45,56
homes,census-home-converted,census-home-flat,census-home-semi,30,ns,24,45,28
homes,census-home-converted,census-home-flat,census-home-semi,75,we,24,55,22
homes,census-home-converted,census-home-flat,census-home-semi,105,we,24,50,55
homes,census-home-converted,census-home-flat,census-home-semi,120,we,24,50,69
homes,census-home-converted,census-home-flat,census-home-semi,135,ns,24,50,78
homes,census-home-converted,census-home-flat,census-home-semi,150,ns,24,45,77
homes,census-home-converted,census-home-flat,census-home-semi,165,ns,24,45,79
homes,census-home-converted,census-home-flat,census-home-terraced,ns,ns,24,40,74
homes,census-home-converted,census-home-flat,census-home-terraced,we,we,26,55,35
homes,census-home-converted,census-home-flat,census-home-terraced,15,ns,24,45,52
homes,census-home-converted,census-home-flat,census-home-terraced,30,ns,24,45,28
homes,census-home-converted,census-home-flat,census-home-terraced,75,we,26,55,22
homes,census-home-converted,census-home-flat,census-home-terraced,105,we,26,50,54
homes,census-home-converted,census-home-flat,census-home-terraced,120,we,26,50,61
homes,census-home-converted,census-home-flat,census-home-terraced,135,ns,24,50,70
homes,census-home-converted,census-home-flat,census-home-terraced,150,ns,24,45,66
homes,census-home-converted,census-home-flat,census-home-terraced,165,ns,24,45,65
homes,census-home-converted,census-home-flat,census-tenure-private,ns,ns,24,45,28
homes,census-home-converted,census-home-flat,census-tenure-private,135,ns,24,50,36
homes,census-home-converted,census-home-flat,census-tenure-private,150,ns,24,50,43
homes,census-home-converted,census-home-flat,census-tenure-private,165,ns,24,50,39
homes,census-home-converted,census-home-flat,census-tenure-outright,ns,ns,24,40,59
homes,census-home-converted,census-home-flat,census-tenure-outright,we,we,28,55,35
homes,census-home-converted,census-home-flat,census-tenure-outright,15,ns,24,45,52
homes,census-home-converted,census-home-flat,census-tenure-outright,30,ns,24,45,28
homes,census-home-converted,census-home-flat,census-tenure-outright,75,we,28,55,22
homes,census-home-converted,census-home-flat,census-tenure-outright,105,we,28,50,54
homes,census-home-converted,census-home-flat,census-tenure-outright,120,we,28,50,61
homes,census-home-converted,census-home-flat,census-tenure-outright,135,ns,24,50,69
homes,census-home-converted,census-home-flat,census-tenure-outright,150,ns,24,45,66
homes,census-home-converted,census-home-flat,census-tenure-outright,165,ns,24,45,63
homes,census-home-converted,census-home-flat,census-tenure-social,ns,ns,24,40,76
homes,census-home-converted,census-home-flat,census-tenure-social,we,we,22,55,35
homes,census-home-converted,census-home-flat,census-tenure-social,15,ns,24,45,56
homes,census-home-converted,census-home-flat,census-tenure-social,30,ns,24,45,28
homes,census-home-converted,census-home-flat,census-tenure-social,75,we,22,55,22
homes,census-home-converted,census-home-flat,census-tenure-social,105,we,22,50,51
homes,census-home-converted,census-home-flat,census-tenure-social,120,we,22,50,61
homes,census-home-converted,census-home-flat,census-tenure-social,135,ns,24,50,71
homes,census-home-converted,census-home-flat,census-tenure-social,150,ns,24,45,72
homes,census-home-converted,census-home-flat,census-tenure-social,165,ns,24,45,71
homes,census-home-converted,census-home-flat,census-cars-3plus,ns,ns,24,45,34
homes,census-home-converted,census-home-flat,census-cars-3plus,we,we,22,55,35
homes,census-home-converted,census-home-flat,census-cars-3plus,15,ns,24,45,22
homes,census-home-converted,census-home-flat,census-cars-3plus,30,ns,24,45,21
homes,census-home-converted,census-home-flat,census-cars-3plus,75,we,22,55,22
homes,census-home-converted,census-home-flat,census-cars-3plus,105,we,22,55,45
homes,census-home-converted,census-home-flat,census-cars-3plus,120,we,22,50,49
homes,census-home-converted,census-home-flat,census-cars-3plus,135,ns,24,50,52
homes,census-home-converted,census-home-flat,census-cars-3plus,150,ns,24,50,53
homes,census-home-converted,census-home-flat,census-cars-3plus,165,ns,24,45,43
homes,census-home-converted,census-home-flat,census-cars-none,ns,ns,24,40,59
homes,census-home-converted,census-home-flat,census-cars-none,15,ns,24,45,49
homes,census-home-converted,census-home-flat,census-cars-none,30,ns,24,45,28
homes,census-home-converted,census-home-flat,census-cars-none,135,ns,24,50,66
homes,census-home-converted,census-home-flat,census-cars-none,150,ns,24,45,59
homes,census-home-converted,census-home-flat,census-cars-none,165,ns,24,45,61
homes,census-home-converted,census-home-commercial,census-home-detached,ns,ns,23,35,63
homes,census-home-converted,census-home-commercial,census-home-detached,we,we,28,55,28
homes,census-home-converted,census-home-commercial,census-home-detached,15,ns,23,45,41
homes,census-home-converted,census-home-commercial,census-home-detached,30,ns,23,45,25
homes,census-home-converted,census-home-commercial,census-home-detached,75,we,28,55,24
homes,census-home-converted,census-home-commercial,census-home-detached,105,we,28,55,45
homes,census-home-converted,census-home-commercial,census-home-detached,120,we,28,55,58
homes,census-home-converted,census-home-commercial,census-home-detached,135,ns,23,55,59
homes,census-home-converted,census-home-commercial,census-home-detached,150,ns,23,45,65
homes,census-home-converted,census-home-commercial,census-home-detached,165,ns,23,45,68
homes,census-home-converted,census-home-commercial,census-home-semi,ns,ns,23,35,85
homes,census-home-converted,census-home-commercial,census-home-semi,we,we,24,55,27
homes,census-home-converted,census-home-commercial,census-home-semi,15,ns,23,45,41
homes,census-home-converted,census-home-commercial,census-home-semi,30,ns,23,45,25
homes,census-home-converted,census-home-commercial,census-home-semi,75,we,24,55,24
homes,census-home-converted,census-home-commercial,census-home-semi,105,we,24,55,62
homes,census-home-converted,census-home-commercial,census-home-semi,120,we,24,55,58
homes,census-home-converted,census-home-commercial,census-home-semi,135,ns,23,50,67
homes,census-home-converted,census-home-commercial,census-home-semi,150,ns,23,45,78
homes,census-home-converted,census-home-commercial,census-home-semi,165,ns,23,45,73
homes,census-home-converted,census-home-commercial,census-home-terraced,ns,ns,23,35,87
homes,census-home-converted,census-home-commercial,census-home-terraced,we,we,26,55,27
homes,census-home-converted,census-home-commercial,census-home-terraced,15,ns,23,45,41
homes,census-home-converted,census-home-commercial,census-home-terraced,30,ns,23,45,25
homes,census-home-converted,census-home-commercial,census-home-terraced,75,we,26,55,24
homes,census-home-converted,census-home-commercial,census-home-terraced,105,we,26,55,59
homes,census-home-converted,census-home-commercial,census-home-terraced,120,we,26,55,58
homes,census-home-converted,census-home-commercial,census-home-terraced,135,ns,23,50,59
homes,census-home-converted,census-home-commercial,census-home-terraced,150,ns,23,45,67
homes,census-home-converted,census-home-commercial,census-home-terraced,165,ns,23,45,71
homes,census-home-converted,census-home-commercial,census-tenure-private,ns,ns,23,30,42
homes,census-home-converted,census-home-commercial,census-tenure-private,15,ns,23,45,33
homes,census-home-converted,census-home-commercial,census-tenure-private,135,ns,23,55,31
homes,census-home-converted,census-home-commercial,census-tenure-private,150,ns,23,45,37
homes,census-home-converted,census-home-commercial,census-tenure-private,165,ns,23,45,40
homes,census-home-converted,census-home-commercial,census-tenure-outright,ns,ns,23,35,79
homes,census-home-converted,census-home-commercial,census-tenure-outright,we,we,27,55,28
homes,census-home-converted,census-home-commercial,census-tenure-outright,15,ns,23,45,41
homes,census-home-converted,census-home-commercial,census-tenure-outright,30,ns,23,45,25
homes,census-home-converted,census-home-commercial,census-tenure-outright,75,we,27,55,24
homes,census-home-converted,census-home-commercial,census-tenure-outright,105,we,27,55,57
homes,census-home-converted,census-home-commercial,census-tenure-outright,120,we,27,55,58
homes,census-home-converted,census-home-commercial,census-tenure-outright,135,ns,23,50,59
homes,census-home-converted,census-home-commercial,census-tenure-outright,150,ns,23,45,67
homes,census-home-converted,census-home-commercial,census-tenure-outright,165,ns,23,45,69
homes,census-home-converted,census-home-commercial,census-tenure-social,ns,ns,23,35,87
homes,census-home-converted,census-home-commercial,census-tenure-social,we,we,22,60,26
homes,census-home-converted,census-home-commercial,census-tenure-social,15,ns,23,45,41
homes,census-home-converted,census-home-commercial,census-tenure-social,30,ns,23,45,25
homes,census-home-converted,census-home-commercial,census-tenure-social,75,we,22,55,21
homes,census-home-converted,census-home-commercial,census-tenure-social,105,we,22,55,53
homes,census-home-converted,census-home-commercial,census-tenure-social,120,we,22,55,58
homes,census-home-converted,census-home-commercial,census-tenure-social,135,ns,23,50,60
homes,census-home-converted,census-home-commercial,census-tenure-social,150,ns,23,45,73
homes,census-home-converted,census-home-commercial,census-tenure-social,165,ns,23,45,73
homes,census-home-converted,census-home-commercial,census-cars-3plus,ns,ns,23,45,45
homes,census-home-converted,census-home-commercial,census-cars-3plus,we,we,22,60,26
homes,census-home-converted,census-home-commercial,census-cars-3plus,15,ns,23,45,37
homes,census-home-converted,census-home-commercial,census-cars-3plus,30,ns,23,45,24
homes,census-home-converted,census-home-commercial,census-cars-3plus,75,we,22,55,24
homes,census-home-converted,census-home-commercial,census-cars-3plus,105,we,22,55,43
homes,census-home-converted,census-home-commercial,census-cars-3plus,120,we,22,55,58
homes,census-home-converted,census-home-commercial,census-cars-3plus,135,ns,23,55,55
homes,census-home-converted,census-home-commercial,census-cars-3plus,150,ns,23,50,51
homes,census-home-converted,census-home-commercial,census-cars-3plus,165,ns,23,45,49
homes,census-home-converted,census-home-commercial,census-cars-none,ns,ns,23,35,85
homes,census-home-converted,census-home-commercial,census-cars-none,15,ns,23,45,41
homes,census-home-converted,census-home-commercial,census-cars-none,30,ns,23,45,25
homes,census-home-converted,census-home-commercial,census-cars-none,135,ns,23,55,59
homes,census-home-converted,census-home-commercial,census-cars-none,150,ns,23,50,63
homes,census-home-converted,census-home-commercial,census-cars-none,165,ns,23,45,67
homes,census-home-converted,census-home-caravan,census-home-detached,ns,ns,31,35,79
homes,census-home-converted,census-home-caravan,census-home-detached,we,we,19,60,25
homes,census-home-converted,census-home-caravan,census-home-detached,15,ns,31,45,35
homes,census-home-converted,census-home-caravan,census-home-detached,30,ns,31,45,22
homes,census-home-converted,census-home-caravan,census-home-detached,105,we,19,55,39
homes,census-home-converted,census-home-caravan,census-home-detached,120,we,19,55,62
homes,census-home-converted,census-home-caravan,census-home-detached,135,ns,31,55,54
homes,census-home-converted,census-home-caravan,census-home-detached,150,ns,31,45,70
homes,census-home-converted,census-home-caravan,census-home-detached,165,ns,31,45,68
homes,census-home-converted,census-home-caravan,census-home-semi,ns,ns,31,35,89
homes,census-home-converted,census-home-caravan,census-home-semi,15,ns,31,45,35
homes,census-home-converted,census-home-caravan,census-home-semi,30,ns,31,45,22
homes,census-home-converted,census-home-caravan,census-home-semi,135,ns,31,55,69
homes,census-home-converted,census-home-caravan,census-home-semi,150,ns,31,45,70
homes,census-home-converted,census-home-caravan,census-home-semi,165,ns,31,45,68
homes,census-home-converted,census-home-caravan,census-home-terraced,ns,ns,31,35,89
homes,census-home-converted,census-home-caravan,census-home-terraced,15,ns,31,45,35
homes,census-home-converted,census-home-caravan,census-home-terraced,30,ns,31,45,22
homes,census-home-converted,census-home-caravan,census-home-terraced,135,ns,31,50,58
homes,census-home-converted,census-home-caravan,census-home-terraced,150,ns,31,45,70
homes,census-home-converted,census-home-caravan,census-home-terraced,165,ns,31,45,68
homes,census-home-converted,census-home-caravan,census-tenure-private,ns,ns,31,35,57
homes,census-home-converted,census-home-caravan,census-tenure-private,15,ns,31,45,35
homes,census-home-converted,census-home-caravan,census-tenure-private,135,ns,31,45,26
homes,census-home-converted,census-home-caravan,census-tenure-private,150,ns,31,45,52
homes,census-home-converted,census-home-caravan,census-tenure-private,165,ns,31,45,45
homes,census-home-converted,census-home-caravan,census-tenure-outright,ns,ns,31,35,89
homes,census-home-converted,census-home-caravan,census-tenure-outright,we,we,19,60,26
homes,census-home-converted,census-home-caravan,census-tenure-outright,15,ns,31,45,35
homes,census-home-converted,census-home-caravan,census-tenure-outright,30,ns,31,45,22
homes,census-home-converted,census-home-caravan,census-tenure-outright,105,we,19,55,51
homes,census-home-converted,census-home-caravan,census-tenure-outright,120,we,19,55,65
homes,census-home-converted,census-home-caravan,census-tenure-outright,135,ns,31,50,58
homes,census-home-converted,census-home-caravan,census-tenure-outright,150,ns,31,45,70
homes,census-home-converted,census-home-caravan,census-tenure-outright,165,ns,31,45,68
homes,census-home-converted,census-home-caravan,census-tenure-social,ns,ns,31,35,89
homes,census-home-converted,census-home-caravan,census-tenure-social,15,ns,31,45,35
homes,census-home-converted,census-home-caravan,census-tenure-social,30,ns,31,45,22
homes,census-home-converted,census-home-caravan,census-tenure-social,135,ns,31,50,59
homes,census-home-converted,census-home-caravan,census-tenure-social,150,ns,31,45,70
homes,census-home-converted,census-home-caravan,census-tenure-social,165,ns,31,45,68
homes,census-home-converted,census-home-caravan,census-cars-3plus,ns,ns,31,35,57
homes,census-home-converted,census-home-caravan,census-cars-3plus,15,ns,31,45,35
homes,census-home-converted,census-home-caravan,census-cars-3plus,30,ns,31,45,22
homes,census-home-converted,census-home-caravan,census-cars-3plus,135,ns,31,50,41
homes,census-home-converted,census-home-caravan,census-cars-3plus,150,ns,31,45,57
homes,census-home-converted,census-home-caravan,census-cars-3plus,165,ns,31,45,54
homes,census-home-converted,census-home-caravan,census-cars-none,ns,ns,31,35,89
homes,census-home-converted,census-home-caravan,census-cars-none,15,ns,31,45,35
homes,census-home-converted,census-home-caravan,census-cars-none,30,ns,31,45,22
homes,census-home-converted,census-home-caravan,census-cars-none,135,ns,31,50,54
homes,census-home-converted,census-home-caravan,census-cars-none,150,ns,31,45,70
homes,census-home-converted,census-home-caravan,census-cars-none,165,ns,31,45,68
homes,census-home-converted,census-home-detached,census-tenure-private,ns,ns,38,40,36
homes,census-home-converted,census-home-detached,census-tenure-private,15,ns,38,45,34
homes,census-home-converted,census-home-detached,census-tenure-private,30,ns,38,45,32
homes,census-home-converted,census-home-detached,census-tenure-private,135,ns,38,55,43
homes,census-home-converted,census-home-detached,census-tenure-private,150,ns,38,55,47
homes,census-home-converted,census-home-detached,census-tenure-private,165,ns,38,55,50
homes,census-home-converted,census-home-detached,census-cars-3plus,ns,ns,25,40,30
homes,census-home-converted,census-home-detached,census-cars-3plus,15,ns,25,45,29
homes,census-home-converted,census-home-detached,census-cars-3plus,30,ns,25,50,23
homes,census-home-converted,census-home-detached,census-cars-3plus,135,ns,25,55,19
homes,census-home-converted,census-home-detached,census-cars-3plus,150,ns,25,45,23
homes,census-home-converted,census-home-detached,census-cars-3plus,165,ns,25,55,28
homes,census-home-converted,census-home-semi,census-tenure-private,ns,ns,47,40,63
homes,census-home-converted,census-home-semi,census-tenure-private,15,ns,47,45,50
homes,census-home-converted,census-home-semi,census-tenure-private,30,ns,47,45,38
homes,census-home-converted,census-home-semi,census-tenure-private,135,ns,47,55,59
homes,census-home-converted,census-home-semi,census-tenure-private,150,ns,47,55,67
homes,census-home-converted,census-home-semi,census-tenure-private,165,ns,47,50,60
homes,census-home-converted,census-home-semi,census-cars-3plus,ns,ns,34,40,57
homes,census-home-converted,census-home-semi,census-cars-3plus,15,ns,34,45,45
homes,census-home-converted,census-home-semi,census-cars-3plus,30,ns,34,50,32
homes,census-home-converted,census-home-semi,census-cars-3plus,135,ns,34,55,34
homes,census-home-converted,census-home-semi,census-cars-3plus,150,ns,34,55,47
homes,census-home-converted,census-home-semi,census-cars-3plus,165,ns,34,55,54
homes,census-home-converted,census-home-terraced,census-tenure-private,ns,ns,31,40,61
homes,census-home-converted,census-home-terraced,census-tenure-private,15,ns,31,45,34
homes,census-home-converted,census-home-terraced,census-tenure-private,30,ns,31,45,33
homes,census-home-converted,census-home-terraced,census-tenure-private,135,ns,31,55,45
homes,census-home-converted,census-home-terraced,census-tenure-private,150,ns,31,55,50
homes,census-home-converted,census-home-terraced,census-tenure-private,165,ns,31,50,48
homes,census-home-converted,census-tenure-private,census-tenure-outright,ns,ns,35,40,45
homes,census-home-converted,census-tenure-private,census-tenure-outright,15,ns,35,45,34
homes,census-home-converted,census-tenure-private,census-tenure-outright,30,ns,35,45,33
homes,census-home-converted,census-tenure-private,census-tenure-outright,135,ns,35,55,45
homes,census-home-converted,census-tenure-private,census-tenure-outright,150,ns,35,55,50
homes,census-home-converted,census-tenure-private,census-tenure-outright,165,ns,35,50,50
homes,census-home-converted,census-tenure-private,census-tenure-social,ns,ns,36,40,63
homes,census-home-converted,census-tenure-private,census-tenure-social,15,ns,36,45,45
homes,census-home-converted,census-tenure-private,census-tenure-social,30,ns,36,45,33
homes,census-home-converted,census-tenure-private,census-tenure-social,135,ns,36,55,46
homes,census-home-converted,census-tenure-private,census-tenure-social,150,ns,36,55,53
homes,census-home-converted,census-tenure-private,census-tenure-social,165,ns,36,50,51
homes,census-home-converted,census-tenure-private,census-cars-none,ns,ns,31,40,45
homes,census-home-converted,census-tenure-private,census-cars-none,15,ns,31,45,31
homes,census-home-converted,census-tenure-private,census-cars-none,30,ns,31,45,31
homes,census-home-converted,census-tenure-private,census-cars-none,135,ns,31,50,30
homes,census-home-converted,census-tenure-private,census-cars-none,150,ns,31,50,39
homes,census-home-converted,census-tenure-private,census-cars-none,165,ns,31,50,43
homes,census-home-converted,census-tenure-outright,census-cars-3plus,ns,ns,21,40,39
homes,census-home-converted,census-tenure-outright,census-cars-3plus,15,ns,21,45,30
homes,census-home-converted,census-tenure-outright,census-cars-3plus,30,ns,21,45,22
homes,census-home-converted,census-tenure-outright,census-cars-3plus,135,ns,21,55,21
homes,census-home-converted,census-tenure-outright,census-cars-3plus,150,ns,21,55,26
homes,census-home-converted,census-tenure-outright,census-cars-3plus,165,ns,21,50,31
homes,census-home-converted,census-tenure-social,census-cars-3plus,ns,ns,22,40,57
homes,census-home-converted,census-tenure-social,census-cars-3plus,15,ns,22,45,40
homes,census-home-converted,census-tenure-social,census-cars-3plus,30,ns,22,45,22
homes,census-home-converted,census-tenure-social,census-cars-3plus,135,ns,22,55,22
homes,census-home-converted,census-tenure-social,census-cars-3plus,150,ns,22,45,32
homes,census-home-converted,census-tenure-social,census-cars-3plus,165,ns,22,50,32
homes,census-home-flat,census-home-detached,census-tenure-private,ns,ns,38,45,27
homes,census-home-flat,census-home-detached,census-tenure-private,15,ns,38,50,30
homes,census-home-flat,census-home-detached,census-tenure-private,135,ns,38,55,43
homes,census-home-flat,census-home-detached,census-tenure-private,150,ns,38,50,39
homes,census-home-flat,census-home-detached,census-tenure-private,165,ns,38,50,39
homes,census-home-flat,census-home-detached,census-cars-3plus,ns,ns,25,45,21
homes,census-home-flat,census-home-detached,census-cars-3plus,15,ns,25,55,28
homes,census-home-flat,census-home-detached,census-cars-3plus,30,ns,25,45,21
homes,census-home-flat,census-home-detached,census-cars-3plus,135,ns,25,55,19
homes,census-home-flat,census-home-detached,census-cars-3plus,150,ns,25,45,23
homes,census-home-flat,census-home-detached,census-cars-3plus,165,ns,25,55,28
homes,census-home-flat,census-home-semi,census-tenure-private,ns,ns,47,45,28
homes,census-home-flat,census-home-semi,census-tenure-private,15,ns,47,50,37
homes,census-home-flat,census-home-semi,census-tenure-private,135,ns,47,55,58
homes,census-home-flat,census-home-semi,census-tenure-private,150,ns,47,50,43
homes,census-home-flat,census-home-semi,census-tenure-private,165,ns,47,50,39
homes,census-home-flat,census-home-semi,census-cars-3plus,ns,ns,34,45,34
homes,census-home-flat,census-home-semi,census-cars-3plus,15,ns,34,55,35
homes,census-home-flat,census-home-semi,census-cars-3plus,30,ns,34,45,21
homes,census-home-flat,census-home-semi,census-cars-3plus,135,ns,34,55,34
homes,census-home-flat,census-home-semi,census-cars-3plus,150,ns,34,55,47
homes,census-home-flat,census-home-semi,census-cars-3plus,165,ns,34,55,54
homes,census-home-flat,census-home-terraced,census-tenure-private,ns,ns,31,45,26
homes,census-home-flat,census-home-terraced,census-tenure-private,15,ns,31,50,22
homes,census-home-flat,census-home-terraced,census-tenure-private,135,ns,31,55,45
homes,census-home-flat,census-home-terraced,census-tenure-private,150,ns,31,50,40
homes,census-home-flat,census-home-terraced,census-tenure-private,165,ns,31,50,39
homes,census-home-flat,census-tenure-private,census-tenure-outright,ns,ns,35,45,28
homes,census-home-flat,census-tenure-private,census-tenure-outright,15,ns,35,50,24
homes,census-home-flat,census-tenure-private,census-tenure-outright,135,ns,35,55,45
homes,census-home-flat,census-tenure-private,census-tenure-outright,150,ns,35,50,42
homes,census-home-flat,census-tenure-private,census-tenure-outright,165,ns,35,50,39
homes,census-home-flat,census-tenure-private,census-tenure-social,ns,ns,36,45,28
homes,census-home-flat,census-tenure-private,census-tenure-social,15,ns,36,50,24
homes,census-home-flat,census-tenure-private,census-tenure-social,135,ns,36,55,46
homes,census-home-flat,census-tenure-private,census-tenure-social,150,ns,36,50,43
homes,census-home-flat,census-tenure-private,census-tenure-social,165,ns,36,50,39
homes,census-home-flat,census-tenure-private,census-cars-none,ns,ns,31,45,20
homes,census-home-flat,census-tenure-private,census-cars-none,135,ns,31,50,30
homes,census-home-flat,census-tenure-private,census-cars-none,150,ns,31,50,39
homes,census-home-flat,census-tenure-private,census-cars-none,165,ns,31,50,39
homes,census-home-flat,census-tenure-outright,census-cars-3plus,ns,ns,21,45,22
homes,census-home-flat,census-tenure-outright,census-cars-3plus,15,ns,21,55,26
homes,census-home-flat,census-tenure-outright,census-cars-3plus,30,ns,21,45,21
homes,census-home-flat,census-tenure-outright,census-cars-3plus,135,ns,21,55,21
homes,census-home-flat,census-tenure-outright,census-cars-3plus,150,ns,21,55,26
homes,census-home-flat,census-tenure-outright,census-cars-3plus,165,ns,21,50,31
homes,census-home-flat,census-tenure-social,census-cars-3plus,ns,ns,22,45,26
homes,census-home-flat,census-tenure-social,census-cars-3plus,15,ns,22,55,25
homes,census-home-flat,census-tenure-social,census-cars-3plus,30,ns,22,45,21
homes,census-home-flat,census-tenure-social,census-cars-3plus,135,ns,22,55,22
homes,census-home-flat,census-tenure-social,census-cars-3plus,150,ns,22,45,32
homes,census-home-flat,census-tenure-social,census-cars-3plus,165,ns,22,50,32
homes,census-home-commercial,census-home-detached,census-tenure-private,ns,ns,38,45,27
homes,census-home-commercial,census-home-detached,census-tenure-private,15,ns,38,45,33
homes,census-home-commercial,census-home-detached,census-tenure-private,135,ns,38,55,31
homes,census-home-commercial,census-home-detached,census-tenure-private,150,ns,38,50,32
homes,census-home-commercial,census-home-detached,census-tenure-private,165,ns,38,50,36
homes,census-home-commercial,census-home-detached,census-cars-3plus,ns,ns,25,40,26
homes,census-home-commercial,census-home-detached,census-cars-3plus,15,ns,25,45,29
homes,census-home-commercial,census-home-detached,census-cars-3plus,30,ns,25,50,23
homes,census-home-commercial,census-home-detached,census-cars-3plus,135,ns,25,55,19
homes,census-home-commercial,census-home-detached,census-cars-3plus,150,ns,25,45,23
homes,census-home-commercial,census-home-detached,census-cars-3plus,165,ns,25,55,28
homes,census-home-commercial,census-home-semi,census-tenure-private,ns,ns,47,35,41
homes,census-home-commercial,census-home-semi,census-tenure-private,15,ns,47,50,37
homes,census-home-commercial,census-home-semi,census-tenure-private,135,ns,47,55,31
homes,census-home-commercial,census-home-semi,census-tenure-private,150,ns,47,45,37
homes,census-home-commercial,census-home-semi,census-tenure-private,165,ns,47,45,40
homes,census-home-commercial,census-home-semi,census-cars-3plus,ns,ns,34,45,45
homes,census-home-commercial,census-home-semi,census-cars-3plus,15,ns,34,45,37
homes,census-home-commercial,census-home-semi,census-cars-3plus,30,ns,34,45,24
homes,census-home-commercial,census-home-semi,census-cars-3plus,135,ns,34,55,34
homes,census-home-commercial,census-home-semi,census-cars-3plus,150,ns,34,55,47
homes,census-home-commercial,census-home-semi,census-cars-3plus,165,ns,34,55,47
homes,census-home-commercial,census-home-terraced,census-tenure-private,ns,ns,31,35,41
homes,census-home-commercial,census-home-terraced,census-tenure-private,15,ns,31,45,33
homes,census-home-commercial,census-home-terraced,census-tenure-private,135,ns,31,55,31
homes,census-home-commercial,census-home-terraced,census-tenure-private,150,ns,31,50,32
homes,census-home-commercial,census-home-terraced,census-tenure-private,165,ns,31,50,36
homes,census-home-commercial,census-tenure-private,census-tenure-outright,ns,ns,35,35,38
homes,census-home-commercial,census-tenure-private,census-tenure-outright,15,ns,35,45,33
homes,census-home-commercial,census-tenure-private,census-tenure-outright,135,ns,35,55,31
homes,census-home-commercial,census-tenure-private,census-tenure-outright,150,ns,35,50,32
homes,census-home-commercial,census-tenure-private,census-tenure-outright,165,ns,35,50,36
homes,census-home-commercial,census-tenure-private,census-tenure-social,ns,ns,36,35,41
homes,census-home-commercial,census-tenure-private,census-tenure-social,15,ns,36,45,33
homes,census-home-commercial,census-tenure-private,census-tenure-social,135,ns,36,55,31
homes,census-home-commercial,census-tenure-private,census-tenure-social,150,ns,36,45,36
homes,census-home-commercial,census-tenure-private,census-tenure-social,165,ns,36,45,38
homes,census-home-commercial,census-tenure-private,census-cars-none,ns,ns,31,35,41
homes,census-home-commercial,census-tenure-private,census-cars-none,15,ns,31,45,31
homes,census-home-commercial,census-tenure-private,census-cars-none,135,ns,31,55,30
homes,census-home-commercial,census-tenure-private,census-cars-none,150,ns,31,50,32
homes,census-home-commercial,census-tenure-private,census-cars-none,165,ns,31,50,36
homes,census-home-commercial,census-tenure-outright,census-cars-3plus,ns,ns,21,35,38
homes,census-home-commercial,census-tenure-outright,census-cars-3plus,15,ns,21,45,30
homes,census-home-commercial,census-tenure-outright,census-cars-3plus,30,ns,21,45,22
homes,census-home-commercial,census-tenure-outright,census-cars-3plus,135,ns,21,55,21
homes,census-home-commercial,census-tenure-outright,census-cars-3plus,150,ns,21,55,26
homes,census-home-commercial,census-tenure-outright,census-cars-3plus,165,ns,21,50,31
homes,census-home-commercial,census-tenure-social,census-cars-3plus,ns,ns,22,35,41
homes,census-home-commercial,census-tenure-social,census-cars-3plus,15,ns,22,45,37
homes,census-home-commercial,census-tenure-social,census-cars-3plus,30,ns,22,45,22
homes,census-home-commercial,census-tenure-social,census-cars-3plus,135,ns,22,55,22
homes,census-home-commercial,census-tenure-social,census-cars-3plus,150,ns,22,45,32
homes,census-home-commercial,census-tenure-social,census-cars-3plus,165,ns,22,50,32
homes,census-home-caravan,census-home-detached,census-tenure-private,ns,ns,38,40,36
homes,census-home-caravan,census-home-detached,census-tenure-private,15,ns,38,45,34
homes,census-home-caravan,census-home-detached,census-tenure-private,135,ns,38,50,25
homes,census-home-caravan,census-home-detached,census-tenure-private,150,ns,38,50,36
homes,census-home-caravan,census-home-detached,census-tenure-private,165,ns,38,50,33
homes,census-home-caravan,census-home-detached,census-cars-3plus,ns,ns,25,40,30
homes,census-home-caravan,census-home-detached,census-cars-3plus,15,ns,25,45,29
homes,census-home-caravan,census-home-detached,census-cars-3plus,30,ns,25,50,23
homes,census-home-caravan,census-home-detached,census-cars-3plus,135,ns,25,55,19
homes,census-home-caravan,census-home-detached,census-cars-3plus,150,ns,25,45,23
homes,census-home-caravan,census-home-detached,census-cars-3plus,165,ns,25,55,28
homes,census-home-caravan,census-home-semi,census-tenure-private,ns,ns,42,35,44
homes,census-home-caravan,census-home-semi,census-tenure-private,15,ns,42,45,38
homes,census-home-caravan,census-home-semi,census-tenure-private,135,ns,42,45,26
homes,census-home-caravan,census-home-semi,census-tenure-private,150,ns,42,45,41
homes,census-home-caravan,census-home-semi,census-tenure-private,165,ns,42,45,45
homes,census-home-caravan,census-home-semi,census-cars-3plus,ns,ns,34,40,47
homes,census-home-caravan,census-home-semi,census-cars-3plus,15,ns,34,45,43
homes,census-home-caravan,census-home-semi,census-cars-3plus,30,ns,34,45,27
homes,census-home-caravan,census-home-semi,census-cars-3plus,135,ns,34,55,34
homes,census-home-caravan,census-home-semi,census-cars-3plus,150,ns,34,55,43
homes,census-home-caravan,census-home-semi,census-cars-3plus,165,ns,34,45,43
homes,census-home-caravan,census-home-terraced,census-tenure-private,ns,ns,31,35,46
homes,census-home-caravan,census-home-terraced,census-tenure-private,15,ns,31,45,34
homes,census-home-caravan,census-home-terraced,census-tenure-private,135,ns,31,50,25
homes,census-home-caravan,census-home-terraced,census-tenure-private,150,ns,31,50,36
homes,census-home-caravan,census-home-terraced,census-tenure-private,165,ns,31,50,33
homes,census-home-caravan,census-tenure-private,census-tenure-outright,ns,ns,35,40,41
homes,census-home-caravan,census-tenure-private,census-tenure-outright,15,ns,35,45,34
homes,census-home-caravan,census-tenure-private,census-tenure-outright,135,ns,35,50,25
homes,census-home-caravan,census-tenure-private,census-tenure-outright,150,ns,35,50,36
homes,census-home-caravan,census-tenure-private,census-tenure-outright,165,ns,35,50,33
homes,census-home-caravan,census-tenure-private,census-tenure-social,ns,ns,36,35,46
homes,census-home-caravan,census-tenure-private,census-tenure-social,15,ns,36,45,38
homes,census-home-caravan,census-tenure-private,census-tenure-social,135,ns,36,45,26
homes,census-home-caravan,census-tenure-private,census-tenure-social,150,ns,36,45,36
homes,census-home-caravan,census-tenure-private,census-tenure-social,165,ns,36,45,38
homes,census-home-caravan,census-tenure-private,census-cars-none,ns,ns,31,35,44
homes,census-home-caravan,census-tenure-private,census-cars-none,15,ns,31,45,31
homes,census-home-caravan,census-tenure-private,census-cars-none,135,ns,31,50,25
homes,census-home-caravan,census-tenure-private,census-cars-none,150,ns,31,50,36
homes,census-home-caravan,census-tenure-private,census-cars-none,165,ns,31,50,33
homes,census-home-caravan,census-tenure-outright,census-cars-3plus,ns,ns,21,40,39
homes,census-home-caravan,census-tenure-outright,census-cars-3plus,15,ns,21,45,30
homes,census-home-caravan,census-tenure-outright,census-cars-3plus,30,ns,21,45,22
homes,census-home-caravan,census-tenure-outright,census-cars-3plus,135,ns,21,55,21
homes,census-home-caravan,census-tenure-outright,census-cars-3plus,150,ns,21,55,26
homes,census-home-caravan,census-tenure-outright,census-cars-3plus,165,ns,21,50,31
homes,census-home-caravan,census-tenure-social,census-cars-3plus,ns,ns,22,40,47
homes,census-home-caravan,census-tenure-social,census-cars-3plus,15,ns,22,45,40
homes,census-home-caravan,census-tenure-social,census-cars-3plus,30,ns,22,45,22
homes,census-home-caravan,census-tenure-social,census-cars-3plus,135,ns,22,55,22
homes,census-home-caravan,census-tenure-social,census-cars-3plus,150,ns,22,45,32
homes,census-home-caravan,census-tenure-social,census-cars-3plus,165,ns,22,50,32
work,census-job-managers,census-qual-degree,census-job-trades,ns,ns,30,40,25
work,census-job-managers,census-qual-degree,census-job-trades,15,ns,30,45,20
work,census-job-managers,census-qual-degree,census-job-trades,135,ns,30,55,26
work,census-job-managers,census-qual-degree,census-job-trades,150,ns,30,50,26
work,census-job-managers,census-qual-degree,census-job-trades,165,ns,30,50,25
work,census-job-managers,census-qual-degree,census-job-operatives,ns,ns,35,45,29
work,census-job-managers,census-qual-degree,census-job-operatives,15,ns,35,50,26
work,census-job-managers,census-qual-degree,census-job-operatives,135,ns,35,50,28
work,census-job-managers,census-qual-degree,census-job-operatives,150,ns,35,45,33
work,census-job-managers,census-qual-degree,census-job-operatives,165,ns,35,45,35
work,census-job-managers,census-qual-degree,census-qual-apprentice,ns,ns,35,45,29
work,census-job-managers,census-qual-degree,census-qual-apprentice,15,ns,35,50,26
work,census-job-managers,census-qual-degree,census-qual-apprentice,135,ns,35,50,35
work,census-job-managers,census-qual-degree,census-qual-apprentice,150,ns,35,45,38
work,census-job-managers,census-qual-degree,census-qual-apprentice,165,ns,35,45,35
work,census-job-managers,census-qual-degree,census-qual-none,ns,ns,35,45,25
work,census-job-managers,census-qual-degree,census-qual-none,15,ns,35,50,23
work,census-job-managers,census-qual-degree,census-qual-none,135,ns,35,50,27
work,census-job-managers,census-qual-degree,census-qual-none,150,ns,35,45,27
work,census-job-managers,census-qual-degree,census-qual-none,165,ns,35,45,27
work,census-job-managers,census-qual-degree,census-sick,ns,ns,35,35,30
work,census-job-managers,census-qual-degree,census-sick,15,ns,35,50,26
work,census-job-managers,census-qual-degree,census-sick,135,ns,35,50,35
work,census-job-managers,census-qual-degree,census-sick,150,ns,35,45,38
work,census-job-managers,census-qual-degree,census-sick,165,ns,35,45,35
work,census-job-managers,census-qual-degree,census-health-verybad,ns,ns,35,45,29
work,census-job-managers,census-qual-degree,census-health-verybad,15,ns,35,50,26
work,census-job-managers,census-qual-degree,census-health-verybad,135,ns,35,50,35
work,census-job-managers,census-qual-degree,census-health-verybad,150,ns,35,45,38
work,census-job-managers,census-qual-degree,census-health-verybad,165,ns,35,45,35
work,census-job-managers,census-qual-degree,census-carers-50h,ns,ns,35,45,29
work,census-job-managers,census-qual-degree,census-carers-50h,15,ns,35,50,26
work,census-job-managers,census-qual-degree,census-carers-50h,135,ns,35,50,34
work,census-job-managers,census-qual-degree,census-carers-50h,150,ns,35,45,37
work,census-job-managers,census-qual-degree,census-carers-50h,165,ns,35,45,35
work,census-job-managers,census-job-trades,census-qual-apprentice,ns,ns,21,45,39
work,census-job-managers,census-job-trades,census-qual-apprentice,15,ns,21,45,30
work,census-job-managers,census-job-trades,census-qual-apprentice,30,ns,21,45,19
work,census-job-managers,census-job-trades,census-qual-apprentice,135,ns,21,45,19
work,census-job-managers,census-job-trades,census-qual-apprentice,150,ns,21,55,35
work,census-job-managers,census-job-trades,census-qual-apprentice,165,ns,21,45,31
work,census-job-managers,census-job-trades,census-sick,ns,ns,26,45,46
work,census-job-managers,census-job-trades,census-sick,15,ns,26,45,36
work,census-job-managers,census-job-trades,census-sick,30,ns,26,45,19
work,census-job-managers,census-job-trades,census-sick,135,ns,26,45,31
work,census-job-managers,census-job-trades,census-sick,150,ns,26,55,47
work,census-job-managers,census-job-trades,census-sick,165,ns,26,45,52
work,census-job-managers,census-job-trades,census-health-verybad,ns,ns,23,40,45
work,census-job-managers,census-job-trades,census-health-verybad,15,ns,23,45,33
work,census-job-managers,census-job-trades,census-health-verybad,30,ns,23,45,18
work,census-job-managers,census-job-trades,census-health-verybad,135,ns,23,45,27
work,census-job-managers,census-job-trades,census-health-verybad,150,ns,23,55,43
work,census-job-managers,census-job-trades,census-health-verybad,165,ns,23,55,43
work,census-hours-49plus,census-qual-degree,census-job-trades,135,ns,18,50,19
work,census-hours-49plus,census-qual-degree,census-job-trades,150,ns,18,55,20
work,census-hours-49plus,census-qual-degree,census-job-trades,165,ns,18,45,21
work,census-hours-49plus,census-qual-degree,census-job-operatives,ns,ns,18,35,22
work,census-hours-49plus,census-qual-degree,census-job-operatives,135,ns,18,50,19
work,census-hours-49plus,census-qual-degree,census-job-operatives,150,ns,18,45,21
work,census-hours-49plus,census-qual-degree,census-job-operatives,165,ns,18,45,21
work,census-hours-49plus,census-qual-degree,census-qual-apprentice,ns,ns,18,35,27
work,census-hours-49plus,census-qual-degree,census-qual-apprentice,135,ns,18,50,19
work,census-hours-49plus,census-qual-degree,census-qual-apprentice,150,ns,18,45,21
work,census-hours-49plus,census-qual-degree,census-qual-apprentice,165,ns,18,45,21
work,census-hours-49plus,census-qual-degree,census-qual-none,ns,ns,18,35,21
work,census-hours-49plus,census-qual-degree,census-qual-none,135,ns,18,50,19
work,census-hours-49plus,census-qual-degree,census-qual-none,150,ns,18,45,21
work,census-hours-49plus,census-qual-degree,census-qual-none,165,ns,18,45,21
work,census-hours-49plus,census-qual-degree,census-sick,ns,ns,18,35,30
work,census-hours-49plus,census-qual-degree,census-sick,135,ns,18,50,19
work,census-hours-49plus,census-qual-degree,census-sick,150,ns,18,45,21
work,census-hours-49plus,census-qual-degree,census-sick,165,ns,18,45,21
work,census-hours-49plus,census-qual-degree,census-health-verybad,ns,ns,18,35,28
work,census-hours-49plus,census-qual-degree,census-health-verybad,135,ns,18,50,19
work,census-hours-49plus,census-qual-degree,census-health-verybad,150,ns,18,45,21
work,census-hours-49plus,census-qual-degree,census-health-verybad,165,ns,18,45,21
work,census-hours-49plus,census-qual-degree,census-carers-50h,ns,ns,18,35,22
work,census-hours-49plus,census-qual-degree,census-carers-50h,135,ns,18,50,19
work,census-hours-49plus,census-qual-degree,census-carers-50h,150,ns,18,45,21
work,census-hours-49plus,census-qual-degree,census-carers-50h,165,ns,18,45,21
work,census-hours-49plus,census-job-trades,census-qual-apprentice,ns,ns,21,45,32
work,census-hours-49plus,census-job-trades,census-qual-apprentice,15,ns,21,45,30
work,census-hours-49plus,census-job-trades,census-qual-apprentice,30,ns,21,45,19
work,census-hours-49plus,census-job-trades,census-qual-apprentice,135,ns,21,45,19
work,census-hours-49plus,census-job-trades,census-qual-apprentice,150,ns,21,55,35
work,census-hours-49plus,census-job-trades,census-qual-apprentice,165,ns,21,45,31
work,census-hours-49plus,census-job-trades,census-sick,ns,ns,26,40,43
work,census-hours-49plus,census-job-trades,census-sick,15,ns,26,50,35
work,census-hours-49plus,census-job-trades,census-sick,30,ns,26,45,19
work,census-hours-49plus,census-job-trades,census-sick,135,ns,26,45,29
work,census-hours-49plus,census-job-trades,census-sick,150,ns,26,55,47
work,census-hours-49plus,census-job-trades,census-sick,165,ns,26,55,44
work,census-hours-49plus,census-job-trades,census-health-verybad,ns,ns,23,40,43
work,census-hours-49plus,census-job-trades,census-health-verybad,15,ns,23,50,31
work,census-hours-49plus,census-job-trades,census-health-verybad,30,ns,23,45,18
work,census-hours-49plus,census-job-trades,census-health-verybad,135,ns,23,45,27
work,census-hours-49plus,census-job-trades,census-health-verybad,150,ns,23,55,43
work,census-hours-49plus,census-job-trades,census-health-verybad,165,ns,23,55,43
work,census-qual-degree,census-job-trades,census-qual-apprentice,ns,ns,21,40,30
work,census-qual-degree,census-job-trades,census-qual-apprentice,15,ns,21,45,24
work,census-qual-degree,census-job-trades,census-qual-apprentice,30,ns,21,45,19
work,census-qual-degree,census-job-trades,census-qual-apprentice,150,ns,21,55,27
work,census-qual-degree,census-job-trades,census-qual-apprentice,165,ns,21,55,31
work,census-qual-degree,census-job-trades,census-sick,ns,ns,26,40,30
work,census-qual-degree,census-job-trades,census-sick,15,ns,26,55,24
work,census-qual-degree,census-job-trades,census-sick,30,ns,26,45,19
work,census-qual-degree,census-job-trades,census-sick,135,ns,26,55,25
work,census-qual-degree,census-job-trades,census-sick,150,ns,26,50,31
work,census-qual-degree,census-job-trades,census-sick,165,ns,26,50,31
work,census-qual-degree,census-job-trades,census-health-verybad,ns,ns,23,40,30
work,census-qual-degree,census-job-trades,census-health-verybad,15,ns,23,45,24
work,census-qual-degree,census-job-trades,census-health-verybad,30,ns,23,45,18
work,census-qual-degree,census-job-trades,census-health-verybad,135,ns,23,55,24
work,census-qual-degree,census-job-trades,census-health-verybad,150,ns,23,55,27
work,census-qual-degree,census-job-trades,census-health-verybad,165,ns,23,55,31
heritage,osm-castles,osm-standing-stones,osm-lighthouses,we,we,18,50,18
heritage,osm-castles,osm-standing-stones,osm-lighthouses,45,we,18,45,46
heritage,osm-castles,osm-standing-stones,osm-lighthouses,75,we,18,55,28
heritage,osm-castles,osm-standing-stones,osm-lighthouses,105,we,18,55,23
heritage,osm-castles,osm-standing-stones,osm-lighthouses,120,we,18,45,32
heritage,osm-castles,osm-standing-stones,osm-windmills,we,we,45,50,45
heritage,osm-castles,osm-standing-stones,osm-windmills,45,we,45,50,45
heritage,osm-castles,osm-standing-stones,osm-windmills,60,we,45,55,43
heritage,osm-castles,osm-standing-stones,osm-windmills,75,we,45,55,59
heritage,osm-castles,osm-standing-stones,osm-windmills,105,we,45,55,28
heritage,osm-castles,osm-standing-stones,osm-windmills,120,we,45,45,32
heritage,osm-castles,osm-standing-stones,osm-golf,we,we,45,50,45
heritage,osm-castles,osm-standing-stones,osm-golf,45,we,45,55,58
heritage,osm-castles,osm-standing-stones,osm-golf,75,we,45,55,32
heritage,osm-castles,osm-standing-stones,osm-golf,105,we,45,55,28
heritage,osm-castles,osm-standing-stones,osm-golf,120,we,45,45,32
heritage,osm-castles,osm-standing-stones,osm-distilleries,we,we,20,50,20
heritage,osm-castles,osm-standing-stones,osm-distilleries,45,we,20,50,86
heritage,osm-castles,osm-standing-stones,osm-distilleries,60,we,20,50,64
heritage,osm-castles,osm-standing-stones,osm-distilleries,75,we,20,55,36
heritage,osm-castles,osm-standing-stones,osm-distilleries,105,we,20,55,28
heritage,osm-castles,osm-standing-stones,osm-distilleries,120,we,20,45,32
heritage,osm-castles,osm-lighthouses,osm-windmills,ns,ns,84,30,139
heritage,osm-castles,osm-lighthouses,osm-windmills,we,we,18,45,21
heritage,osm-castles,osm-lighthouses,osm-windmills,15,ns,84,45,100
heritage,osm-castles,osm-lighthouses,osm-windmills,30,ns,84,50,87
heritage,osm-castles,osm-lighthouses,osm-windmills,45,we,18,45,49
heritage,osm-castles,osm-lighthouses,osm-windmills,75,we,18,55,30
heritage,osm-castles,osm-lighthouses,osm-windmills,105,we,18,55,51
heritage,osm-castles,osm-lighthouses,osm-windmills,120,we,18,50,99
heritage,osm-castles,osm-lighthouses,osm-windmills,135,ns,84,50,112
heritage,osm-castles,osm-lighthouses,osm-windmills,150,ns,84,55,120
heritage,osm-castles,osm-lighthouses,osm-windmills,165,ns,84,45,94
heritage,osm-castles,osm-lighthouses,osm-golf,ns,ns,84,30,139
heritage,osm-castles,osm-lighthouses,osm-golf,we,we,18,45,21
heritage,osm-castles,osm-lighthouses,osm-golf,15,ns,84,45,100
heritage,osm-castles,osm-lighthouses,osm-golf,30,ns,84,50,87
heritage,osm-castles,osm-lighthouses,osm-golf,45,we,18,45,49
heritage,osm-castles,osm-lighthouses,osm-golf,75,we,18,55,30
heritage,osm-castles,osm-lighthouses,osm-golf,105,we,18,55,51
heritage,osm-castles,osm-lighthouses,osm-golf,120,we,18,50,99
heritage,osm-castles,osm-lighthouses,osm-golf,135,ns,84,50,112
heritage,osm-castles,osm-lighthouses,osm-golf,150,ns,84,55,120
heritage,osm-castles,osm-lighthouses,osm-golf,165,ns,84,45,94
heritage,osm-castles,osm-lighthouses,osm-distilleries,ns,ns,84,45,65
heritage,osm-castles,osm-lighthouses,osm-distilleries,15,ns,84,55,92
heritage,osm-castles,osm-lighthouses,osm-distilleries,30,ns,84,55,60
heritage,osm-castles,osm-lighthouses,osm-distilleries,135,ns,84,55,93
heritage,osm-castles,osm-lighthouses,osm-distilleries,150,ns,84,55,120
heritage,osm-castles,osm-lighthouses,osm-distilleries,165,ns,84,50,87
heritage,osm-castles,osm-windmills,osm-golf,ns,ns,49,30,88
heritage,osm-castles,osm-windmills,osm-golf,we,we,60,60,81
heritage,osm-castles,osm-windmills,osm-golf,15,ns,49,45,46
heritage,osm-castles,osm-windmills,osm-golf,45,we,60,55,20
heritage,osm-castles,osm-windmills,osm-golf,75,we,60,45,32
heritage,osm-castles,osm-windmills,osm-golf,105,we,60,45,119
heritage,osm-castles,osm-windmills,osm-golf,120,we,60,50,126
heritage,osm-castles,osm-windmills,osm-golf,135,ns,49,55,114
heritage,osm-castles,osm-windmills,osm-golf,150,ns,49,45,114
heritage,osm-castles,osm-windmills,osm-golf,165,ns,49,45,111
heritage,osm-castles,osm-windmills,osm-distilleries,ns,ns,180,30,179
heritage,osm-castles,osm-windmills,osm-distilleries,we,we,20,60,24
heritage,osm-castles,osm-windmills,osm-distilleries,15,ns,180,45,169
heritage,osm-castles,osm-windmills,osm-distilleries,30,ns,180,45,114
heritage,osm-castles,osm-windmills,osm-distilleries,45,we,20,45,63
heritage,osm-castles,osm-windmills,osm-distilleries,60,we,20,50,28
heritage,osm-castles,osm-windmills,osm-distilleries,75,we,20,55,36
heritage,osm-castles,osm-windmills,osm-distilleries,105,we,20,55,89
heritage,osm-castles,osm-windmills,osm-distilleries,120,we,20,55,177
heritage,osm-castles,osm-windmills,osm-distilleries,135,ns,180,55,230
heritage,osm-castles,osm-windmills,osm-distilleries,150,ns,180,55,244
heritage,osm-castles,osm-windmills,osm-distilleries,165,ns,180,55,228
heritage,osm-castles,osm-golf,osm-distilleries,ns,ns,175,30,179
heritage,osm-castles,osm-golf,osm-distilleries,we,we,20,60,24
heritage,osm-castles,osm-golf,osm-distilleries,15,ns,175,50,148
heritage,osm-castles,osm-golf,osm-distilleries,30,ns,175,45,114
heritage,osm-castles,osm-golf,osm-distilleries,45,we,20,45,73
heritage,osm-castles,osm-golf,osm-distilleries,105,we,20,55,89
heritage,osm-castles,osm-golf,osm-distilleries,120,we,20,50,136
heritage,osm-castles,osm-golf,osm-distilleries,135,ns,175,50,172
heritage,osm-castles,osm-golf,osm-distilleries,150,ns,175,50,190
heritage,osm-castles,osm-golf,osm-distilleries,165,ns,175,55,177
heritage,osm-standing-stones,osm-lighthouses,osm-windmills,ns,ns,100,40,129
heritage,osm-standing-stones,osm-lighthouses,osm-windmills,we,we,26,50,26
heritage,osm-standing-stones,osm-lighthouses,osm-windmills,15,ns,100,45,131
heritage,osm-standing-stones,osm-lighthouses,osm-windmills,30,ns,100,45,83
heritage,osm-standing-stones,osm-lighthouses,osm-windmills,45,we,26,55,76
heritage,osm-standing-stones,osm-lighthouses,osm-windmills,60,we,26,50,53
heritage,osm-standing-stones,osm-lighthouses,osm-windmills,75,we,26,55,28
heritage,osm-standing-stones,osm-lighthouses,osm-windmills,105,we,26,50,29
heritage,osm-standing-stones,osm-lighthouses,osm-windmills,120,we,26,50,97
heritage,osm-standing-stones,osm-lighthouses,osm-windmills,135,ns,100,50,138
heritage,osm-standing-stones,osm-lighthouses,osm-windmills,150,ns,100,55,159
heritage,osm-standing-stones,osm-lighthouses,osm-windmills,165,ns,100,55,149
heritage,osm-standing-stones,osm-lighthouses,osm-golf,ns,ns,100,40,129
heritage,osm-standing-stones,osm-lighthouses,osm-golf,we,we,26,50,26
heritage,osm-standing-stones,osm-lighthouses,osm-golf,15,ns,100,45,100
heritage,osm-standing-stones,osm-lighthouses,osm-golf,30,ns,100,45,66
heritage,osm-standing-stones,osm-lighthouses,osm-golf,45,we,26,55,70
heritage,osm-standing-stones,osm-lighthouses,osm-golf,60,we,26,45,27
heritage,osm-standing-stones,osm-lighthouses,osm-golf,75,we,26,55,28
heritage,osm-standing-stones,osm-lighthouses,osm-golf,105,we,26,50,29
heritage,osm-standing-stones,osm-lighthouses,osm-golf,120,we,26,50,97
heritage,osm-standing-stones,osm-lighthouses,osm-golf,135,ns,100,50,138
heritage,osm-standing-stones,osm-lighthouses,osm-golf,150,ns,100,50,137
heritage,osm-standing-stones,osm-lighthouses,osm-golf,165,ns,100,45,127
heritage,osm-standing-stones,osm-lighthouses,osm-distilleries,ns,ns,95,45,65
heritage,osm-standing-stones,osm-lighthouses,osm-distilleries,15,ns,95,55,103
heritage,osm-standing-stones,osm-lighthouses,osm-distilleries,30,ns,95,55,88
heritage,osm-standing-stones,osm-lighthouses,osm-distilleries,135,ns,95,55,111
heritage,osm-standing-stones,osm-lighthouses,osm-distilleries,150,ns,95,55,133
heritage,osm-standing-stones,osm-lighthouses,osm-distilleries,165,ns,95,55,146
heritage,osm-standing-stones,osm-windmills,osm-golf,ns,ns,49,30,88
heritage,osm-standing-stones,osm-windmills,osm-golf,we,we,100,45,101
heritage,osm-standing-stones,osm-windmills,osm-golf,15,ns,49,45,46
heritage,osm-standing-stones,osm-windmills,osm-golf,45,we,100,55,20
heritage,osm-standing-stones,osm-windmills,osm-golf,60,we,100,45,47
heritage,osm-standing-stones,osm-windmills,osm-golf,75,we,100,55,75
heritage,osm-standing-stones,osm-windmills,osm-golf,105,we,100,50,122
heritage,osm-standing-stones,osm-windmills,osm-golf,120,we,100,55,131
heritage,osm-standing-stones,osm-windmills,osm-golf,135,ns,49,55,114
heritage,osm-standing-stones,osm-windmills,osm-golf,150,ns,49,45,114
heritage,osm-standing-stones,osm-windmills,osm-golf,165,ns,49,45,111
heritage,osm-standing-stones,osm-windmills,osm-distilleries,ns,ns,195,45,192
heritage,osm-standing-stones,osm-windmills,osm-distilleries,we,we,24,45,28
heritage,osm-standing-stones,osm-windmills,osm-distilleries,15,ns,195,45,146
heritage,osm-standing-stones,osm-windmills,osm-distilleries,30,ns,195,45,83
heritage,osm-standing-stones,osm-windmills,osm-distilleries,45,we,24,55,89
heritage,osm-standing-stones,osm-windmills,osm-distilleries,60,we,24,50,28
heritage,osm-standing-stones,osm-windmills,osm-distilleries,75,we,24,55,65
heritage,osm-standing-stones,osm-windmills,osm-distilleries,105,we,24,50,65
heritage,osm-standing-stones,osm-windmills,osm-distilleries,120,we,24,55,170
heritage,osm-standing-stones,osm-windmills,osm-distilleries,135,ns,195,55,237
heritage,osm-standing-stones,osm-windmills,osm-distilleries,150,ns,195,50,208
heritage,osm-standing-stones,osm-windmills,osm-distilleries,165,ns,195,50,210
heritage,osm-standing-stones,osm-golf,osm-distilleries,ns,ns,160,40,177
heritage,osm-standing-stones,osm-golf,osm-distilleries,we,we,24,45,28
heritage,osm-standing-stones,osm-golf,osm-distilleries,15,ns,160,45,100
heritage,osm-standing-stones,osm-golf,osm-distilleries,30,ns,160,45,66
heritage,osm-standing-stones,osm-golf,osm-distilleries,45,we,24,55,70
heritage,osm-standing-stones,osm-golf,osm-distilleries,60,we,24,50,69
heritage,osm-standing-stones,osm-golf,osm-distilleries,105,we,24,50,65
heritage,osm-standing-stones,osm-golf,osm-distilleries,120,we,24,50,139
heritage,osm-standing-stones,osm-golf,osm-distilleries,135,ns,160,50,168
heritage,osm-standing-stones,osm-golf,osm-distilleries,150,ns,160,50,183
heritage,osm-standing-stones,osm-golf,osm-distilleries,165,ns,160,50,177
heritage,osm-lighthouses,osm-windmills,osm-golf,ns,ns,49,30,88
heritage,osm-lighthouses,osm-windmills,osm-golf,we,we,77,60,92
heritage,osm-lighthouses,osm-windmills,osm-golf,15,ns,49,45,46
heritage,osm-lighthouses,osm-windmills,osm-golf,45,we,77,55,20
heritage,osm-lighthouses,osm-windmills,osm-golf,60,we,77,45,21
heritage,osm-lighthouses,osm-windmills,osm-golf,75,we,77,55,60
heritage,osm-lighthouses,osm-windmills,osm-golf,105,we,77,50,122
heritage,osm-lighthouses,osm-windmills,osm-golf,120,we,77,55,131
heritage,osm-lighthouses,osm-windmills,osm-golf,135,ns,49,55,114
heritage,osm-lighthouses,osm-windmills,osm-golf,150,ns,49,45,114
heritage,osm-lighthouses,osm-windmills,osm-golf,165,ns,49,45,111
heritage,osm-lighthouses,osm-windmills,osm-distilleries,ns,ns,95,45,65
heritage,osm-lighthouses,osm-windmills,osm-distilleries,15,ns,95,55,103
heritage,osm-lighthouses,osm-windmills,osm-distilleries,30,ns,95,55,88
heritage,osm-lighthouses,osm-windmills,osm-distilleries,135,ns,95,55,138
heritage,osm-lighthouses,osm-windmills,osm-distilleries,150,ns,95,55,133
heritage,osm-lighthouses,osm-windmills,osm-distilleries,165,ns,95,55,146
heritage,osm-lighthouses,osm-golf,osm-distilleries,ns,ns,95,45,65
heritage,osm-lighthouses,osm-golf,osm-distilleries,15,ns,95,55,103
heritage,osm-lighthouses,osm-golf,osm-distilleries,30,ns,95,55,88
heritage,osm-lighthouses,osm-golf,osm-distilleries,135,ns,95,55,138
heritage,osm-lighthouses,osm-golf,osm-distilleries,150,ns,95,55,133
heritage,osm-lighthouses,osm-golf,osm-distilleries,165,ns,95,55,146
heritage,osm-windmills,osm-golf,osm-distilleries,ns,ns,49,30,88
heritage,osm-windmills,osm-golf,osm-distilleries,we,we,78,60,92
heritage,osm-windmills,osm-golf,osm-distilleries,15,ns,49,45,46
heritage,osm-windmills,osm-golf,osm-distilleries,45,we,78,55,20
heritage,osm-windmills,osm-golf,osm-distilleries,60,we,78,50,28
heritage,osm-windmills,osm-golf,osm-distilleries,105,we,78,50,122
heritage,osm-windmills,osm-golf,osm-distilleries,120,we,78,55,131
heritage,osm-windmills,osm-golf,osm-distilleries,135,ns,49,55,114
heritage,osm-windmills,osm-golf,osm-distilleries,150,ns,49,45,114
heritage,osm-windmills,osm-golf,osm-distilleries,165,ns,49,45,111
contrasts,repd-hydro,osm-pret,osm-waitrose,we,we,40,45,47
contrasts,repd-hydro,osm-pret,osm-waitrose,60,we,40,55,24
contrasts,repd-hydro,osm-pret,osm-waitrose,75,we,40,55,34
contrasts,repd-hydro,osm-pret,osm-waitrose,105,we,40,45,48
contrasts,repd-hydro,osm-pret,osm-waitrose,120,we,40,45,47
contrasts,repd-hydro,osm-pret,osm-distilleries,ns,ns,87,45,62
contrasts,repd-hydro,osm-pret,osm-distilleries,we,we,91,45,93
contrasts,repd-hydro,osm-pret,osm-distilleries,15,ns,87,55,84
contrasts,repd-hydro,osm-pret,osm-distilleries,30,ns,87,55,71
contrasts,repd-hydro,osm-pret,osm-distilleries,45,we,91,55,52
contrasts,repd-hydro,osm-pret,osm-distilleries,60,we,91,45,26
contrasts,repd-hydro,osm-pret,osm-distilleries,75,we,91,55,67
contrasts,repd-hydro,osm-pret,osm-distilleries,105,we,91,55,96
contrasts,repd-hydro,osm-pret,osm-distilleries,120,we,91,55,83
contrasts,repd-hydro,osm-pret,osm-distilleries,135,ns,87,55,83
contrasts,repd-hydro,osm-pret,osm-distilleries,150,ns,87,50,87
contrasts,repd-hydro,osm-pret,osm-distilleries,165,ns,87,55,98
contrasts,repd-hydro,osm-pret,repd-wind-onshore,ns,ns,140,30,140
contrasts,repd-hydro,osm-pret,repd-wind-onshore,we,we,60,55,62
contrasts,repd-hydro,osm-pret,repd-wind-onshore,15,ns,140,55,137
contrasts,repd-hydro,osm-pret,repd-wind-onshore,30,ns,140,55,108
contrasts,repd-hydro,osm-pret,repd-wind-onshore,45,we,60,45,67
contrasts,repd-hydro,osm-pret,repd-wind-onshore,75,we,60,50,27
contrasts,repd-hydro,osm-pret,repd-wind-onshore,105,we,60,55,99
contrasts,repd-hydro,osm-pret,repd-wind-onshore,120,we,60,50,112
contrasts,repd-hydro,osm-pret,repd-wind-onshore,135,ns,140,50,129
contrasts,repd-hydro,osm-pret,repd-wind-onshore,150,ns,140,50,148
contrasts,repd-hydro,osm-pret,repd-wind-onshore,165,ns,140,55,155
contrasts,repd-hydro,osm-pret,osm-lighthouses,ns,ns,182,45,127
contrasts,repd-hydro,osm-pret,osm-lighthouses,we,we,93,50,93
contrasts,repd-hydro,osm-pret,osm-lighthouses,15,ns,182,55,187
contrasts,repd-hydro,osm-pret,osm-lighthouses,30,ns,182,55,157
contrasts,repd-hydro,osm-pret,osm-lighthouses,45,we,93,55,88
contrasts,repd-hydro,osm-pret,osm-lighthouses,60,we,93,55,23
contrasts,repd-hydro,osm-pret,osm-lighthouses,75,we,93,50,24
contrasts,repd-hydro,osm-pret,osm-lighthouses,105,we,93,55,133
contrasts,repd-hydro,osm-pret,osm-lighthouses,120,we,93,55,196
contrasts,repd-hydro,osm-pret,osm-lighthouses,135,ns,182,55,220
contrasts,repd-hydro,osm-pret,osm-lighthouses,150,ns,182,55,217
contrasts,repd-hydro,osm-pret,osm-lighthouses,165,ns,182,55,244
contrasts,repd-hydro,osm-pret,census-heat-solid,ns,ns,193,30,292
contrasts,repd-hydro,osm-pret,census-heat-solid,we,we,130,45,145
contrasts,repd-hydro,osm-pret,census-heat-solid,15,ns,193,45,185
contrasts,repd-hydro,osm-pret,census-heat-solid,30,ns,193,45,125
contrasts,repd-hydro,osm-pret,census-heat-solid,45,we,130,45,83
contrasts,repd-hydro,osm-pret,census-heat-solid,60,we,130,45,20
contrasts,repd-hydro,osm-pret,census-heat-solid,75,we,130,50,58
contrasts,repd-hydro,osm-pret,census-heat-solid,105,we,130,45,194
contrasts,repd-hydro,osm-pret,census-heat-solid,120,we,130,45,212
contrasts,repd-hydro,osm-pret,census-heat-solid,135,ns,193,45,227
contrasts,repd-hydro,osm-pret,census-heat-solid,150,ns,193,45,239
contrasts,repd-hydro,osm-pret,census-heat-solid,165,ns,193,45,233
contrasts,repd-hydro,osm-pret,osm-windmills,ns,ns,91,30,168
contrasts,repd-hydro,osm-pret,osm-windmills,we,we,24,45,28
contrasts,repd-hydro,osm-pret,osm-windmills,15,ns,91,45,100
contrasts,repd-hydro,osm-pret,osm-windmills,30,ns,91,45,78
contrasts,repd-hydro,osm-pret,osm-windmills,45,we,24,45,52
contrasts,repd-hydro,osm-pret,osm-windmills,75,we,24,45,20
contrasts,repd-hydro,osm-pret,osm-windmills,105,we,24,45,60
contrasts,repd-hydro,osm-pret,osm-windmills,120,we,24,45,85
contrasts,repd-hydro,osm-pret,osm-windmills,135,ns,91,45,98
contrasts,repd-hydro,osm-pret,osm-windmills,150,ns,91,45,99
contrasts,repd-hydro,osm-pret,osm-windmills,165,ns,91,45,102
contrasts,repd-hydro,osm-pret,census-heat-oil,ns,ns,167,35,306
contrasts,repd-hydro,osm-pret,census-heat-oil,we,we,118,60,135
contrasts,repd-hydro,osm-pret,census-heat-oil,15,ns,167,45,185
contrasts,repd-hydro,osm-pret,census-heat-oil,30,ns,167,45,87
contrasts,repd-hydro,osm-pret,census-heat-oil,45,we,118,55,32
contrasts,repd-hydro,osm-pret,census-heat-oil,60,we,118,45,43
contrasts,repd-hydro,osm-pret,census-heat-oil,75,we,118,45,26
contrasts,repd-hydro,osm-pret,census-heat-oil,105,we,118,50,218
contrasts,repd-hydro,osm-pret,census-heat-oil,120,we,118,45,253
contrasts,repd-hydro,osm-pret,census-heat-oil,135,ns,167,45,261
contrasts,repd-hydro,osm-pret,census-heat-oil,150,ns,167,45,263
contrasts,repd-hydro,osm-pret,census-heat-oil,165,ns,167,45,233
contrasts,repd-hydro,osm-pret,osm-greggs,ns,ns,127,30,238
contrasts,repd-hydro,osm-pret,osm-greggs,we,we,100,45,113
contrasts,repd-hydro,osm-pret,osm-greggs,15,ns,127,45,135
contrasts,repd-hydro,osm-pret,osm-greggs,30,ns,127,45,92
contrasts,repd-hydro,osm-pret,osm-greggs,45,we,100,45,44
contrasts,repd-hydro,osm-pret,osm-greggs,75,we,100,55,67
contrasts,repd-hydro,osm-pret,osm-greggs,105,we,100,45,160
contrasts,repd-hydro,osm-pret,osm-greggs,120,we,100,45,181
contrasts,repd-hydro,osm-pret,osm-greggs,135,ns,127,45,190
contrasts,repd-hydro,osm-pret,osm-greggs,150,ns,127,45,191
contrasts,repd-hydro,osm-pret,osm-greggs,165,ns,127,45,175
contrasts,repd-hydro,osm-waitrose,osm-distilleries,ns,ns,87,45,62
contrasts,repd-hydro,osm-waitrose,osm-distilleries,we,we,91,45,93
contrasts,repd-hydro,osm-waitrose,osm-distilleries,15,ns,87,55,84
contrasts,repd-hydro,osm-waitrose,osm-distilleries,30,ns,87,55,71
contrasts,repd-hydro,osm-waitrose,osm-distilleries,45,we,91,55,52
contrasts,repd-hydro,osm-waitrose,osm-distilleries,60,we,91,45,26
contrasts,repd-hydro,osm-waitrose,osm-distilleries,75,we,91,55,35
contrasts,repd-hydro,osm-waitrose,osm-distilleries,105,we,91,55,96
contrasts,repd-hydro,osm-waitrose,osm-distilleries,120,we,91,55,83
contrasts,repd-hydro,osm-waitrose,osm-distilleries,135,ns,87,55,83
contrasts,repd-hydro,osm-waitrose,osm-distilleries,150,ns,87,50,87
contrasts,repd-hydro,osm-waitrose,osm-distilleries,165,ns,87,55,98
contrasts,repd-hydro,osm-waitrose,census-commute-metro,we,we,42,45,48
contrasts,repd-hydro,osm-waitrose,census-commute-metro,60,we,42,55,25
contrasts,repd-hydro,osm-waitrose,census-commute-metro,75,we,42,55,36
contrasts,repd-hydro,osm-waitrose,census-commute-metro,105,we,42,45,49
contrasts,repd-hydro,osm-waitrose,census-commute-metro,120,we,42,45,46
contrasts,repd-hydro,osm-waitrose,repd-wind-onshore,ns,ns,140,30,140
contrasts,repd-hydro,osm-waitrose,repd-wind-onshore,we,we,60,55,62
contrasts,repd-hydro,osm-waitrose,repd-wind-onshore,15,ns,140,55,137
contrasts,repd-hydro,osm-waitrose,repd-wind-onshore,30,ns,140,55,108
contrasts,repd-hydro,osm-waitrose,repd-wind-onshore,45,we,60,45,67
contrasts,repd-hydro,osm-waitrose,repd-wind-onshore,60,we,60,55,22
contrasts,repd-hydro,osm-waitrose,repd-wind-onshore,75,we,60,50,27
contrasts,repd-hydro,osm-waitrose,repd-wind-onshore,105,we,60,55,99
contrasts,repd-hydro,osm-waitrose,repd-wind-onshore,120,we,60,50,112
contrasts,repd-hydro,osm-waitrose,repd-wind-onshore,135,ns,140,50,129
contrasts,repd-hydro,osm-waitrose,repd-wind-onshore,150,ns,140,50,148
contrasts,repd-hydro,osm-waitrose,repd-wind-onshore,165,ns,140,55,155
contrasts,repd-hydro,osm-waitrose,hmrc-additional-rate,we,we,23,50,23
contrasts,repd-hydro,osm-waitrose,hmrc-additional-rate,75,we,23,50,20
contrasts,repd-hydro,osm-waitrose,hmrc-additional-rate,105,we,23,45,23
contrasts,repd-hydro,osm-waitrose,hmrc-additional-rate,120,we,23,45,21
contrasts,repd-hydro,osm-waitrose,osm-lighthouses,ns,ns,182,45,127
contrasts,repd-hydro,osm-waitrose,osm-lighthouses,we,we,93,50,93
contrasts,repd-hydro,osm-waitrose,osm-lighthouses,15,ns,182,55,187
contrasts,repd-hydro,osm-waitrose,osm-lighthouses,30,ns,182,55,157
contrasts,repd-hydro,osm-waitrose,osm-lighthouses,45,we,93,55,88
contrasts,repd-hydro,osm-waitrose,osm-lighthouses,60,we,93,45,21
contrasts,repd-hydro,osm-waitrose,osm-lighthouses,75,we,93,50,24
contrasts,repd-hydro,osm-waitrose,osm-lighthouses,105,we,93,55,133
contrasts,repd-hydro,osm-waitrose,osm-lighthouses,120,we,93,55,196
contrasts,repd-hydro,osm-waitrose,osm-lighthouses,135,ns,182,55,220
contrasts,repd-hydro,osm-waitrose,osm-lighthouses,150,ns,182,55,217
contrasts,repd-hydro,osm-waitrose,osm-lighthouses,165,ns,182,55,244
contrasts,repd-hydro,osm-waitrose,census-heat-solid,ns,ns,190,30,250
contrasts,repd-hydro,osm-waitrose,census-heat-solid,we,we,92,45,106
contrasts,repd-hydro,osm-waitrose,census-heat-solid,15,ns,190,45,183
contrasts,repd-hydro,osm-waitrose,census-heat-solid,30,ns,190,45,127
contrasts,repd-hydro,osm-waitrose,census-heat-solid,45,we,92,45,90
contrasts,repd-hydro,osm-waitrose,census-heat-solid,60,we,92,45,24
contrasts,repd-hydro,osm-waitrose,census-heat-solid,75,we,92,55,52
contrasts,repd-hydro,osm-waitrose,census-heat-solid,105,we,92,45,147
contrasts,repd-hydro,osm-waitrose,census-heat-solid,120,we,92,50,172
contrasts,repd-hydro,osm-waitrose,census-heat-solid,135,ns,190,50,186
contrasts,repd-hydro,osm-waitrose,census-heat-solid,150,ns,190,45,203
contrasts,repd-hydro,osm-waitrose,census-heat-solid,165,ns,190,45,219
contrasts,repd-hydro,osm-waitrose,osm-windmills,ns,ns,89,30,126
contrasts,repd-hydro,osm-waitrose,osm-windmills,15,ns,89,45,98
contrasts,repd-hydro,osm-waitrose,osm-windmills,30,ns,89,45,81
contrasts,repd-hydro,osm-waitrose,osm-windmills,135,ns,89,45,55
contrasts,repd-hydro,osm-waitrose,osm-windmills,150,ns,89,45,62
contrasts,repd-hydro,osm-waitrose,osm-windmills,165,ns,89,45,88
contrasts,repd-hydro,osm-waitrose,census-heat-oil,ns,ns,165,35,287
contrasts,repd-hydro,osm-waitrose,census-heat-oil,we,we,118,60,129
contrasts,repd-hydro,osm-waitrose,census-heat-oil,15,ns,165,45,184
contrasts,repd-hydro,osm-waitrose,census-heat-oil,30,ns,165,45,90
contrasts,repd-hydro,osm-waitrose,census-heat-oil,60,we,118,50,55
contrasts,repd-hydro,osm-waitrose,census-heat-oil,75,we,118,45,26
contrasts,repd-hydro,osm-waitrose,census-heat-oil,105,we,118,45,192
contrasts,repd-hydro,osm-waitrose,census-heat-oil,120,we,118,45,207
contrasts,repd-hydro,osm-waitrose,census-heat-oil,135,ns,165,45,219
contrasts,repd-hydro,osm-waitrose,census-heat-oil,150,ns,165,45,226
contrasts,repd-hydro,osm-waitrose,census-heat-oil,165,ns,165,45,219
contrasts,repd-hydro,osm-waitrose,osm-greggs,ns,ns,124,30,196
contrasts,repd-hydro,osm-waitrose,osm-greggs,we,we,61,60,72
contrasts,repd-hydro,osm-waitrose,osm-greggs,15,ns,124,45,133
contrasts,repd-hydro,osm-waitrose,osm-greggs,30,ns,124,45,94
contrasts,repd-hydro,osm-waitrose,osm-greggs,45,we,61,45,51
contrasts,repd-hydro,osm-waitrose,osm-greggs,75,we,61,55,34
contrasts,repd-hydro,osm-waitrose,osm-greggs,105,we,61,50,115
contrasts,repd-hydro,osm-waitrose,osm-greggs,120,we,61,45,135
contrasts,repd-hydro,osm-waitrose,osm-greggs,135,ns,124,45,148
contrasts,repd-hydro,osm-waitrose,osm-greggs,150,ns,124,45,154
contrasts,repd-hydro,osm-waitrose,osm-greggs,165,ns,124,45,161
contrasts,repd-hydro,osm-distilleries,census-commute-metro,ns,ns,87,45,62
contrasts,repd-hydro,osm-distilleries,census-commute-metro,we,we,91,45,93
contrasts,repd-hydro,osm-distilleries,census-commute-metro,15,ns,87,55,84
contrasts,repd-hydro,osm-distilleries,census-commute-metro,30,ns,87,55,71
contrasts,repd-hydro,osm-distilleries,census-commute-metro,45,we,91,55,52
contrasts,repd-hydro,osm-distilleries,census-commute-metro,60,we,91,45,26
contrasts,repd-hydro,osm-distilleries,census-commute-metro,75,we,91,55,67
contrasts,repd-hydro,osm-distilleries,census-commute-metro,105,we,91,55,96
contrasts,repd-hydro,osm-distilleries,census-commute-metro,120,we,91,55,83
contrasts,repd-hydro,osm-distilleries,census-commute-metro,135,ns,87,55,83
contrasts,repd-hydro,osm-distilleries,census-commute-metro,150,ns,87,50,87
contrasts,repd-hydro,osm-distilleries,census-commute-metro,165,ns,87,55,98
contrasts,repd-hydro,osm-distilleries,repd-wind-onshore,ns,ns,53,45,62
contrasts,repd-hydro,osm-distilleries,repd-wind-onshore,we,we,31,45,35
contrasts,repd-hydro,osm-distilleries,repd-wind-onshore,15,ns,53,50,59
contrasts,repd-hydro,osm-distilleries,repd-wind-onshore,30,ns,53,45,41
contrasts,repd-hydro,osm-distilleries,repd-wind-onshore,45,we,31,50,25
contrasts,repd-hydro,osm-distilleries,repd-wind-onshore,75,we,31,50,27
contrasts,repd-hydro,osm-distilleries,repd-wind-onshore,120,we,31,45,34
contrasts,repd-hydro,osm-distilleries,repd-wind-onshore,135,ns,53,45,52
contrasts,repd-hydro,osm-distilleries,repd-wind-onshore,150,ns,53,45,67
contrasts,repd-hydro,osm-distilleries,repd-wind-onshore,165,ns,53,50,68
contrasts,repd-hydro,osm-distilleries,hmrc-additional-rate,ns,ns,87,45,62
contrasts,repd-hydro,osm-distilleries,hmrc-additional-rate,we,we,91,45,93
contrasts,repd-hydro,osm-distilleries,hmrc-additional-rate,15,ns,87,55,84
contrasts,repd-hydro,osm-distilleries,hmrc-additional-rate,30,ns,87,55,71
contrasts,repd-hydro,osm-distilleries,hmrc-additional-rate,45,we,91,55,52
contrasts,repd-hydro,osm-distilleries,hmrc-additional-rate,60,we,91,45,26
contrasts,repd-hydro,osm-distilleries,hmrc-additional-rate,75,we,91,55,51
contrasts,repd-hydro,osm-distilleries,hmrc-additional-rate,105,we,91,55,96
contrasts,repd-hydro,osm-distilleries,hmrc-additional-rate,120,we,91,55,83
contrasts,repd-hydro,osm-distilleries,hmrc-additional-rate,135,ns,87,55,83
contrasts,repd-hydro,osm-distilleries,hmrc-additional-rate,150,ns,87,50,87
contrasts,repd-hydro,osm-distilleries,hmrc-additional-rate,165,ns,87,55,98
contrasts,repd-hydro,osm-distilleries,osm-lighthouses,ns,ns,87,45,62
contrasts,repd-hydro,osm-distilleries,osm-lighthouses,15,ns,87,55,84
contrasts,repd-hydro,osm-distilleries,osm-lighthouses,30,ns,87,55,71
contrasts,repd-hydro,osm-distilleries,osm-lighthouses,135,ns,87,55,83
contrasts,repd-hydro,osm-distilleries,osm-lighthouses,150,ns,87,55,84
contrasts,repd-hydro,osm-distilleries,osm-lighthouses,165,ns,87,55,98
contrasts,repd-hydro,osm-distilleries,census-heat-solid,ns,ns,87,45,62
contrasts,repd-hydro,osm-distilleries,census-heat-solid,we,we,71,60,86
contrasts,repd-hydro,osm-distilleries,census-heat-solid,15,ns,87,55,84
contrasts,repd-hydro,osm-distilleries,census-heat-solid,30,ns,87,55,71
contrasts,repd-hydro,osm-distilleries,census-heat-solid,45,we,71,55,52
contrasts,repd-hydro,osm-distilleries,census-heat-solid,60,we,71,45,24
contrasts,repd-hydro,osm-distilleries,census-heat-solid,105,we,71,55,96
contrasts,repd-hydro,osm-distilleries,census-heat-solid,120,we,71,55,83
contrasts,repd-hydro,osm-distilleries,census-heat-solid,135,ns,87,55,83
contrasts,repd-hydro,osm-distilleries,census-heat-solid,150,ns,87,50,87
contrasts,repd-hydro,osm-distilleries,census-heat-solid,165,ns,87,55,98
contrasts,repd-hydro,osm-distilleries,osm-windmills,ns,ns,87,45,62
contrasts,repd-hydro,osm-distilleries,osm-windmills,we,we,91,45,93
contrasts,repd-hydro,osm-distilleries,osm-windmills,15,ns,87,55,84
contrasts,repd-hydro,osm-distilleries,osm-windmills,30,ns,87,55,71
contrasts,repd-hydro,osm-distilleries,osm-windmills,45,we,91,55,52
contrasts,repd-hydro,osm-distilleries,osm-windmills,75,we,91,50,69
contrasts,repd-hydro,osm-distilleries,osm-windmills,105,we,91,55,96
contrasts,repd-hydro,osm-distilleries,osm-windmills,120,we,91,55,83
contrasts,repd-hydro,osm-distilleries,osm-windmills,135,ns,87,55,83
contrasts,repd-hydro,osm-distilleries,osm-windmills,150,ns,87,50,87
contrasts,repd-hydro,osm-distilleries,osm-windmills,165,ns,87,55,98
contrasts,repd-hydro,osm-distilleries,census-heat-oil,ns,ns,87,45,62
contrasts,repd-hydro,osm-distilleries,census-heat-oil,we,we,29,60,50
contrasts,repd-hydro,osm-distilleries,census-heat-oil,15,ns,87,55,84
contrasts,repd-hydro,osm-distilleries,census-heat-oil,30,ns,87,55,71
contrasts,repd-hydro,osm-distilleries,census-heat-oil,45,we,29,55,52
contrasts,repd-hydro,osm-distilleries,census-heat-oil,60,we,29,45,26
contrasts,repd-hydro,osm-distilleries,census-heat-oil,75,we,29,45,26
contrasts,repd-hydro,osm-distilleries,census-heat-oil,105,we,29,55,96
contrasts,repd-hydro,osm-distilleries,census-heat-oil,120,we,29,55,83
contrasts,repd-hydro,osm-distilleries,census-heat-oil,135,ns,87,55,83
contrasts,repd-hydro,osm-distilleries,census-heat-oil,150,ns,87,50,87
contrasts,repd-hydro,osm-distilleries,census-heat-oil,165,ns,87,55,98
contrasts,repd-hydro,osm-distilleries,osm-greggs,ns,ns,87,45,62
contrasts,repd-hydro,osm-distilleries,osm-greggs,we,we,91,45,92
contrasts,repd-hydro,osm-distilleries,osm-greggs,15,ns,87,55,84
contrasts,repd-hydro,osm-distilleries,osm-greggs,30,ns,87,55,71
contrasts,repd-hydro,osm-distilleries,osm-greggs,45,we,91,55,52
contrasts,repd-hydro,osm-distilleries,osm-greggs,60,we,91,45,26
contrasts,repd-hydro,osm-distilleries,osm-greggs,105,we,91,55,96
contrasts,repd-hydro,osm-distilleries,osm-greggs,120,we,91,55,83
contrasts,repd-hydro,osm-distilleries,osm-greggs,135,ns,87,55,83
contrasts,repd-hydro,osm-distilleries,osm-greggs,150,ns,87,50,87
contrasts,repd-hydro,osm-distilleries,osm-greggs,165,ns,87,55,98
contrasts,repd-hydro,census-commute-metro,repd-wind-onshore,ns,ns,140,30,140
contrasts,repd-hydro,census-commute-metro,repd-wind-onshore,we,we,60,55,62
contrasts,repd-hydro,census-commute-metro,repd-wind-onshore,15,ns,140,55,137
contrasts,repd-hydro,census-commute-metro,repd-wind-onshore,30,ns,140,55,108
contrasts,repd-hydro,census-commute-metro,repd-wind-onshore,45,we,60,45,67
contrasts,repd-hydro,census-commute-metro,repd-wind-onshore,75,we,60,50,27
contrasts,repd-hydro,census-commute-metro,repd-wind-onshore,105,we,60,55,99
contrasts,repd-hydro,census-commute-metro,repd-wind-onshore,120,we,60,50,112
contrasts,repd-hydro,census-commute-metro,repd-wind-onshore,135,ns,140,50,129
contrasts,repd-hydro,census-commute-metro,repd-wind-onshore,150,ns,140,50,148
contrasts,repd-hydro,census-commute-metro,repd-wind-onshore,165,ns,140,55,155
contrasts,repd-hydro,census-commute-metro,hmrc-additional-rate,we,we,19,45,27
contrasts,repd-hydro,census-commute-metro,hmrc-additional-rate,105,we,19,45,26
contrasts,repd-hydro,census-commute-metro,hmrc-additional-rate,120,we,19,45,25
contrasts,repd-hydro,census-commute-metro,osm-lighthouses,ns,ns,182,45,127
contrasts,repd-hydro,census-commute-metro,osm-lighthouses,we,we,93,50,93
contrasts,repd-hydro,census-commute-metro,osm-lighthouses,15,ns,182,55,187
contrasts,repd-hydro,census-commute-metro,osm-lighthouses,30,ns,182,55,157
contrasts,repd-hydro,census-commute-metro,osm-lighthouses,45,we,93,55,88
contrasts,repd-hydro,census-commute-metro,osm-lighthouses,60,we,93,50,24
contrasts,repd-hydro,census-commute-metro,osm-lighthouses,75,we,93,50,24
contrasts,repd-hydro,census-commute-metro,osm-lighthouses,105,we,93,55,133
contrasts,repd-hydro,census-commute-metro,osm-lighthouses,120,we,93,55,196
contrasts,repd-hydro,census-commute-metro,osm-lighthouses,135,ns,182,55,220
contrasts,repd-hydro,census-commute-metro,osm-lighthouses,150,ns,182,55,217
contrasts,repd-hydro,census-commute-metro,osm-lighthouses,165,ns,182,55,244
contrasts,repd-hydro,census-commute-metro,census-heat-solid,ns,ns,190,30,289
contrasts,repd-hydro,census-commute-metro,census-heat-solid,we,we,132,45,145
contrasts,repd-hydro,census-commute-metro,census-heat-solid,15,ns,190,45,182
contrasts,repd-hydro,census-commute-metro,census-heat-solid,30,ns,190,45,121
contrasts,repd-hydro,census-commute-metro,census-heat-solid,45,we,132,45,79
contrasts,repd-hydro,census-commute-metro,census-heat-solid,75,we,132,50,58
contrasts,repd-hydro,census-commute-metro,census-heat-solid,105,we,132,45,195
contrasts,repd-hydro,census-commute-metro,census-heat-solid,120,we,132,45,212
contrasts,repd-hydro,census-commute-metro,census-heat-solid,135,ns,190,45,227
contrasts,repd-hydro,census-commute-metro,census-heat-solid,150,ns,190,45,238
contrasts,repd-hydro,census-commute-metro,census-heat-solid,165,ns,190,45,230
contrasts,repd-hydro,census-commute-metro,osm-windmills,ns,ns,88,30,164
contrasts,repd-hydro,census-commute-metro,osm-windmills,we,we,26,45,28
contrasts,repd-hydro,census-commute-metro,osm-windmills,15,ns,88,45,97
contrasts,repd-hydro,census-commute-metro,osm-windmills,30,ns,88,45,74
contrasts,repd-hydro,census-commute-metro,osm-windmills,45,we,26,45,48
contrasts,repd-hydro,census-commute-metro,osm-windmills,105,we,26,45,61
contrasts,repd-hydro,census-commute-metro,osm-windmills,120,we,26,45,85
contrasts,repd-hydro,census-commute-metro,osm-windmills,135,ns,88,45,97
contrasts,repd-hydro,census-commute-metro,osm-windmills,150,ns,88,45,98
contrasts,repd-hydro,census-commute-metro,osm-windmills,165,ns,88,45,99
contrasts,repd-hydro,census-commute-metro,census-heat-oil,ns,ns,164,35,304
contrasts,repd-hydro,census-commute-metro,census-heat-oil,we,we,118,60,135
contrasts,repd-hydro,census-commute-metro,census-heat-oil,15,ns,164,45,182
contrasts,repd-hydro,census-commute-metro,census-heat-oil,30,ns,164,45,83
contrasts,repd-hydro,census-commute-metro,census-heat-oil,45,we,118,55,35
contrasts,repd-hydro,census-commute-metro,census-heat-oil,60,we,118,45,41
contrasts,repd-hydro,census-commute-metro,census-heat-oil,75,we,118,45,26
contrasts,repd-hydro,census-commute-metro,census-heat-oil,105,we,118,50,218
contrasts,repd-hydro,census-commute-metro,census-heat-oil,120,we,118,45,252
contrasts,repd-hydro,census-commute-metro,census-heat-oil,135,ns,164,45,260
contrasts,repd-hydro,census-commute-metro,census-heat-oil,150,ns,164,45,261
contrasts,repd-hydro,census-commute-metro,census-heat-oil,165,ns,164,45,229
contrasts,repd-hydro,census-commute-metro,osm-greggs,ns,ns,123,30,234
contrasts,repd-hydro,census-commute-metro,osm-greggs,we,we,102,45,113
contrasts,repd-hydro,census-commute-metro,osm-greggs,15,ns,123,45,131
contrasts,repd-hydro,census-commute-metro,osm-greggs,30,ns,123,45,87
contrasts,repd-hydro,census-commute-metro,osm-greggs,45,we,102,45,40
contrasts,repd-hydro,census-commute-metro,osm-greggs,75,we,102,55,68
contrasts,repd-hydro,census-commute-metro,osm-greggs,105,we,102,45,161
contrasts,repd-hydro,census-commute-metro,osm-greggs,120,we,102,45,181
contrasts,repd-hydro,census-commute-metro,osm-greggs,135,ns,123,45,190
contrasts,repd-hydro,census-commute-metro,osm-greggs,150,ns,123,45,190
contrasts,repd-hydro,census-commute-metro,osm-greggs,165,ns,123,45,171
contrasts,repd-hydro,repd-wind-onshore,hmrc-additional-rate,ns,ns,140,30,140
contrasts,repd-hydro,repd-wind-onshore,hmrc-additional-rate,we,we,60,55,62
contrasts,repd-hydro,repd-wind-onshore,hmrc-additional-rate,15,ns,140,55,137
contrasts,repd-hydro,repd-wind-onshore,hmrc-additional-rate,30,ns,140,55,108
contrasts,repd-hydro,repd-wind-onshore,hmrc-additional-rate,45,we,60,45,67
contrasts,repd-hydro,repd-wind-onshore,hmrc-additional-rate,75,we,60,50,27
contrasts,repd-hydro,repd-wind-onshore,hmrc-additional-rate,105,we,60,55,99
contrasts,repd-hydro,repd-wind-onshore,hmrc-additional-rate,120,we,60,50,112
contrasts,repd-hydro,repd-wind-onshore,hmrc-additional-rate,135,ns,140,50,129
contrasts,repd-hydro,repd-wind-onshore,hmrc-additional-rate,150,ns,140,50,148
contrasts,repd-hydro,repd-wind-onshore,hmrc-additional-rate,165,ns,140,55,155
contrasts,repd-hydro,repd-wind-onshore,osm-lighthouses,ns,ns,43,35,69
contrasts,repd-hydro,repd-wind-onshore,osm-lighthouses,we,we,34,50,34
contrasts,repd-hydro,repd-wind-onshore,osm-lighthouses,15,ns,43,55,50
contrasts,repd-hydro,repd-wind-onshore,osm-lighthouses,30,ns,43,55,50
contrasts,repd-hydro,repd-wind-onshore,osm-lighthouses,45,we,34,55,22
contrasts,repd-hydro,repd-wind-onshore,osm-lighthouses,60,we,34,55,22
contrasts,repd-hydro,repd-wind-onshore,osm-lighthouses,105,we,34,55,35
contrasts,repd-hydro,repd-wind-onshore,osm-lighthouses,120,we,34,55,90
contrasts,repd-hydro,repd-wind-onshore,osm-lighthouses,135,ns,43,55,97
contrasts,repd-hydro,repd-wind-onshore,osm-lighthouses,150,ns,43,55,82
contrasts,repd-hydro,repd-wind-onshore,osm-lighthouses,165,ns,43,55,89
contrasts,repd-hydro,repd-wind-onshore,census-heat-solid,ns,ns,140,30,140
contrasts,repd-hydro,repd-wind-onshore,census-heat-solid,we,we,60,55,62
contrasts,repd-hydro,repd-wind-onshore,census-heat-solid,15,ns,140,55,137
contrasts,repd-hydro,repd-wind-onshore,census-heat-solid,30,ns,140,55,108
contrasts,repd-hydro,repd-wind-onshore,census-heat-solid,45,we,60,50,67
contrasts,repd-hydro,repd-wind-onshore,census-heat-solid,60,we,60,55,22
contrasts,repd-hydro,repd-wind-onshore,census-heat-solid,75,we,60,50,27
contrasts,repd-hydro,repd-wind-onshore,census-heat-solid,105,we,60,55,99
contrasts,repd-hydro,repd-wind-onshore,census-heat-solid,120,we,60,50,112
contrasts,repd-hydro,repd-wind-onshore,census-heat-solid,135,ns,140,50,129
contrasts,repd-hydro,repd-wind-onshore,census-heat-solid,150,ns,140,50,148
contrasts,repd-hydro,repd-wind-onshore,census-heat-solid,165,ns,140,55,155
contrasts,repd-hydro,repd-wind-onshore,osm-windmills,ns,ns,140,30,140
contrasts,repd-hydro,repd-wind-onshore,osm-windmills,we,we,60,55,62
contrasts,repd-hydro,repd-wind-onshore,osm-windmills,15,ns,140,55,137
contrasts,repd-hydro,repd-wind-onshore,osm-windmills,30,ns,140,55,108
contrasts,repd-hydro,repd-wind-onshore,osm-windmills,45,we,60,45,67
contrasts,repd-hydro,repd-wind-onshore,osm-windmills,75,we,60,50,27
contrasts,repd-hydro,repd-wind-onshore,osm-windmills,105,we,60,55,99
contrasts,repd-hydro,repd-wind-onshore,osm-windmills,120,we,60,50,112
contrasts,repd-hydro,repd-wind-onshore,osm-windmills,135,ns,140,50,129
contrasts,repd-hydro,repd-wind-onshore,osm-windmills,150,ns,140,50,148
contrasts,repd-hydro,repd-wind-onshore,osm-windmills,165,ns,140,55,155
contrasts,repd-hydro,repd-wind-onshore,census-heat-oil,ns,ns,140,30,140
contrasts,repd-hydro,repd-wind-onshore,census-heat-oil,we,we,60,55,62
contrasts,repd-hydro,repd-wind-onshore,census-heat-oil,15,ns,140,55,137
contrasts,repd-hydro,repd-wind-onshore,census-heat-oil,30,ns,140,55,108
contrasts,repd-hydro,repd-wind-onshore,census-heat-oil,45,we,60,45,67
contrasts,repd-hydro,repd-wind-onshore,census-heat-oil,60,we,60,55,22
contrasts,repd-hydro,repd-wind-onshore,census-heat-oil,105,we,60,55,99
contrasts,repd-hydro,repd-wind-onshore,census-heat-oil,120,we,60,50,112
contrasts,repd-hydro,repd-wind-onshore,census-heat-oil,135,ns,140,50,129
contrasts,repd-hydro,repd-wind-onshore,census-heat-oil,150,ns,140,50,148
contrasts,repd-hydro,repd-wind-onshore,census-heat-oil,165,ns,140,55,155
contrasts,repd-hydro,repd-wind-onshore,osm-greggs,ns,ns,140,30,140
contrasts,repd-hydro,repd-wind-onshore,osm-greggs,we,we,60,55,62
contrasts,repd-hydro,repd-wind-onshore,osm-greggs,15,ns,140,55,137
contrasts,repd-hydro,repd-wind-onshore,osm-greggs,30,ns,140,55,108
contrasts,repd-hydro,repd-wind-onshore,osm-greggs,45,we,60,45,67
contrasts,repd-hydro,repd-wind-onshore,osm-greggs,60,we,60,55,19
contrasts,repd-hydro,repd-wind-onshore,osm-greggs,75,we,60,50,27
contrasts,repd-hydro,repd-wind-onshore,osm-greggs,105,we,60,55,99
contrasts,repd-hydro,repd-wind-onshore,osm-greggs,120,we,60,50,112
contrasts,repd-hydro,repd-wind-onshore,osm-greggs,135,ns,140,50,129
contrasts,repd-hydro,repd-wind-onshore,osm-greggs,150,ns,140,50,148
contrasts,repd-hydro,repd-wind-onshore,osm-greggs,165,ns,140,55,155
contrasts,repd-hydro,hmrc-additional-rate,osm-lighthouses,ns,ns,182,45,127
contrasts,repd-hydro,hmrc-additional-rate,osm-lighthouses,we,we,93,50,93
contrasts,repd-hydro,hmrc-additional-rate,osm-lighthouses,15,ns,182,55,187
contrasts,repd-hydro,hmrc-additional-rate,osm-lighthouses,30,ns,182,55,157
contrasts,repd-hydro,hmrc-additional-rate,osm-lighthouses,45,we,93,55,88
contrasts,repd-hydro,hmrc-additional-rate,osm-lighthouses,60,we,93,45,21
contrasts,repd-hydro,hmrc-additional-rate,osm-lighthouses,75,we,93,50,24
contrasts,repd-hydro,hmrc-additional-rate,osm-lighthouses,105,we,93,55,133
contrasts,repd-hydro,hmrc-additional-rate,osm-lighthouses,120,we,93,55,196
contrasts,repd-hydro,hmrc-additional-rate,osm-lighthouses,135,ns,182,55,220
contrasts,repd-hydro,hmrc-additional-rate,osm-lighthouses,150,ns,182,55,217
contrasts,repd-hydro,hmrc-additional-rate,osm-lighthouses,165,ns,182,55,244
contrasts,repd-hydro,hmrc-additional-rate,census-heat-solid,ns,ns,189,30,244
contrasts,repd-hydro,hmrc-additional-rate,census-heat-solid,we,we,114,45,126
contrasts,repd-hydro,hmrc-additional-rate,census-heat-solid,15,ns,189,45,179
contrasts,repd-hydro,hmrc-additional-rate,census-heat-solid,30,ns,189,45,123
contrasts,repd-hydro,hmrc-additional-rate,census-heat-solid,45,we,114,45,83
contrasts,repd-hydro,hmrc-additional-rate,census-heat-solid,60,we,114,45,22
contrasts,repd-hydro,hmrc-additional-rate,census-heat-solid,75,we,114,50,58
contrasts,repd-hydro,hmrc-additional-rate,census-heat-solid,105,we,114,45,169
contrasts,repd-hydro,hmrc-additional-rate,census-heat-solid,120,we,114,50,191
contrasts,repd-hydro,hmrc-additional-rate,census-heat-solid,135,ns,189,45,205
contrasts,repd-hydro,hmrc-additional-rate,census-heat-solid,150,ns,189,45,222
contrasts,repd-hydro,hmrc-additional-rate,census-heat-solid,165,ns,189,45,221
contrasts,repd-hydro,hmrc-additional-rate,osm-windmills,ns,ns,88,30,120
contrasts,repd-hydro,hmrc-additional-rate,osm-windmills,15,ns,88,45,94
contrasts,repd-hydro,hmrc-additional-rate,osm-windmills,30,ns,88,45,76
contrasts,repd-hydro,hmrc-additional-rate,osm-windmills,135,ns,88,45,75
contrasts,repd-hydro,hmrc-additional-rate,osm-windmills,150,ns,88,45,82
contrasts,repd-hydro,hmrc-additional-rate,osm-windmills,165,ns,88,45,90
contrasts,repd-hydro,hmrc-additional-rate,census-heat-oil,ns,ns,164,35,282
contrasts,repd-hydro,hmrc-additional-rate,census-heat-oil,we,we,118,60,135
contrasts,repd-hydro,hmrc-additional-rate,census-heat-oil,15,ns,164,45,179
contrasts,repd-hydro,hmrc-additional-rate,census-heat-oil,30,ns,164,45,85
contrasts,repd-hydro,hmrc-additional-rate,census-heat-oil,45,we,118,55,29
contrasts,repd-hydro,hmrc-additional-rate,census-heat-oil,60,we,118,45,45
contrasts,repd-hydro,hmrc-additional-rate,census-heat-oil,75,we,118,45,26
contrasts,repd-hydro,hmrc-additional-rate,census-heat-oil,105,we,118,50,205
contrasts,repd-hydro,hmrc-additional-rate,census-heat-oil,120,we,118,45,228
contrasts,repd-hydro,hmrc-additional-rate,census-heat-oil,135,ns,164,45,238
contrasts,repd-hydro,hmrc-additional-rate,census-heat-oil,150,ns,164,45,246
contrasts,repd-hydro,hmrc-additional-rate,census-heat-oil,165,ns,164,45,221
contrasts,repd-hydro,hmrc-additional-rate,osm-greggs,ns,ns,123,30,190
contrasts,repd-hydro,hmrc-additional-rate,osm-greggs,we,we,83,45,87
contrasts,repd-hydro,hmrc-additional-rate,osm-greggs,15,ns,123,45,128
contrasts,repd-hydro,hmrc-additional-rate,osm-greggs,30,ns,123,45,90
contrasts,repd-hydro,hmrc-additional-rate,osm-greggs,45,we,83,45,44
contrasts,repd-hydro,hmrc-additional-rate,osm-greggs,75,we,83,55,51
contrasts,repd-hydro,hmrc-additional-rate,osm-greggs,105,we,83,50,137
contrasts,repd-hydro,hmrc-additional-rate,osm-greggs,120,we,83,45,156
contrasts,repd-hydro,hmrc-additional-rate,osm-greggs,135,ns,123,45,168
contrasts,repd-hydro,hmrc-additional-rate,osm-greggs,150,ns,123,45,174
contrasts,repd-hydro,hmrc-additional-rate,osm-greggs,165,ns,123,45,163
contrasts,repd-hydro,osm-lighthouses,census-heat-solid,ns,ns,182,45,127
contrasts,repd-hydro,osm-lighthouses,census-heat-solid,we,we,70,60,89
contrasts,repd-hydro,osm-lighthouses,census-heat-solid,15,ns,182,50,143
contrasts,repd-hydro,osm-lighthouses,census-heat-solid,30,ns,182,50,108
contrasts,repd-hydro,osm-lighthouses,census-heat-solid,45,we,70,55,65
contrasts,repd-hydro,osm-lighthouses,census-heat-solid,60,we,70,50,24
contrasts,repd-hydro,osm-lighthouses,census-heat-solid,75,we,70,50,24
contrasts,repd-hydro,osm-lighthouses,census-heat-solid,105,we,70,55,133
contrasts,repd-hydro,osm-lighthouses,census-heat-solid,120,we,70,55,154
contrasts,repd-hydro,osm-lighthouses,census-heat-solid,135,ns,182,55,187
contrasts,repd-hydro,osm-lighthouses,census-heat-solid,150,ns,182,55,216
contrasts,repd-hydro,osm-lighthouses,census-heat-solid,165,ns,182,55,190
contrasts,repd-hydro,osm-lighthouses,osm-windmills,ns,ns,182,45,127
contrasts,repd-hydro,osm-lighthouses,osm-windmills,we,we,93,50,93
contrasts,repd-hydro,osm-lighthouses,osm-windmills,15,ns,182,55,187
contrasts,repd-hydro,osm-lighthouses,osm-windmills,30,ns,182,55,139
contrasts,repd-hydro,osm-lighthouses,osm-windmills,45,we,93,50,79
contrasts,repd-hydro,osm-lighthouses,osm-windmills,75,we,93,50,24
contrasts,repd-hydro,osm-lighthouses,osm-windmills,105,we,93,55,133
contrasts,repd-hydro,osm-lighthouses,osm-windmills,120,we,93,55,196
contrasts,repd-hydro,osm-lighthouses,osm-windmills,135,ns,182,55,220
contrasts,repd-hydro,osm-lighthouses,osm-windmills,150,ns,182,55,217
contrasts,repd-hydro,osm-lighthouses,osm-windmills,165,ns,182,55,244
contrasts,repd-hydro,osm-lighthouses,census-heat-oil,ns,ns,182,45,127
contrasts,repd-hydro,osm-lighthouses,census-heat-oil,we,we,27,60,48
contrasts,repd-hydro,osm-lighthouses,census-heat-oil,15,ns,182,55,162
contrasts,repd-hydro,osm-lighthouses,census-heat-oil,30,ns,182,55,124
contrasts,repd-hydro,osm-lighthouses,census-heat-oil,45,we,27,55,88
contrasts,repd-hydro,osm-lighthouses,census-heat-oil,60,we,27,50,61
contrasts,repd-hydro,osm-lighthouses,census-heat-oil,105,we,27,55,121
contrasts,repd-hydro,osm-lighthouses,census-heat-oil,120,we,27,50,140
contrasts,repd-hydro,osm-lighthouses,census-heat-oil,135,ns,182,55,205
contrasts,repd-hydro,osm-lighthouses,census-heat-oil,150,ns,182,55,217
contrasts,repd-hydro,osm-lighthouses,census-heat-oil,165,ns,182,55,243
contrasts,repd-hydro,osm-lighthouses,osm-greggs,ns,ns,182,45,127
contrasts,repd-hydro,osm-lighthouses,osm-greggs,we,we,93,50,93
contrasts,repd-hydro,osm-lighthouses,osm-greggs,15,ns,182,55,187
contrasts,repd-hydro,osm-lighthouses,osm-greggs,30,ns,182,55,144
contrasts,repd-hydro,osm-lighthouses,osm-greggs,45,we,93,55,88
contrasts,repd-hydro,osm-lighthouses,osm-greggs,60,we,93,45,21
contrasts,repd-hydro,osm-lighthouses,osm-greggs,75,we,93,50,24
contrasts,repd-hydro,osm-lighthouses,osm-greggs,105,we,93,55,133
contrasts,repd-hydro,osm-lighthouses,osm-greggs,120,we,93,55,192
contrasts,repd-hydro,osm-lighthouses,osm-greggs,135,ns,182,55,220
contrasts,repd-hydro,osm-lighthouses,osm-greggs,150,ns,182,55,217
contrasts,repd-hydro,osm-lighthouses,osm-greggs,165,ns,182,55,244
contrasts,repd-hydro,census-heat-solid,osm-windmills,ns,ns,101,30,124
contrasts,repd-hydro,census-heat-solid,osm-windmills,we,we,107,45,125
contrasts,repd-hydro,census-heat-solid,osm-windmills,15,ns,101,45,86
contrasts,repd-hydro,census-heat-solid,osm-windmills,30,ns,101,50,59
contrasts,repd-hydro,census-heat-solid,osm-windmills,45,we,107,45,32
contrasts,repd-hydro,census-heat-solid,osm-windmills,75,we,107,45,68
contrasts,repd-hydro,census-heat-solid,osm-windmills,105,we,107,50,143
contrasts,repd-hydro,census-heat-solid,osm-windmills,120,we,107,55,161
contrasts,repd-hydro,census-heat-solid,osm-windmills,135,ns,101,55,159
contrasts,repd-hydro,census-heat-solid,osm-windmills,150,ns,101,50,149
contrasts,repd-hydro,census-heat-solid,osm-windmills,165,ns,101,50,135
contrasts,repd-hydro,census-heat-solid,census-heat-oil,ns,ns,26,40,66
contrasts,repd-hydro,census-heat-solid,census-heat-oil,we,we,45,45,49
contrasts,repd-hydro,census-heat-solid,census-heat-oil,15,ns,26,50,26
contrasts,repd-hydro,census-heat-solid,census-heat-oil,30,ns,26,50,46
contrasts,repd-hydro,census-heat-solid,census-heat-oil,45,we,45,45,103
contrasts,repd-hydro,census-heat-solid,census-heat-oil,60,we,45,55,43
contrasts,repd-hydro,census-heat-solid,census-heat-oil,75,we,45,45,26
contrasts,repd-hydro,census-heat-solid,census-heat-oil,105,we,45,45,57
contrasts,repd-hydro,census-heat-solid,census-heat-oil,120,we,45,45,39
contrasts,repd-hydro,census-heat-solid,census-heat-oil,135,ns,26,45,32
contrasts,repd-hydro,census-heat-solid,census-heat-oil,150,ns,26,55,34
contrasts,repd-hydro,census-heat-solid,census-heat-oil,165,ns,26,55,53
contrasts,repd-hydro,census-heat-solid,osm-greggs,ns,ns,66,30,55
contrasts,repd-hydro,census-heat-solid,osm-greggs,we,we,31,45,40
contrasts,repd-hydro,census-heat-solid,osm-greggs,15,ns,66,55,75
contrasts,repd-hydro,census-heat-solid,osm-greggs,30,ns,66,55,56
contrasts,repd-hydro,census-heat-solid,osm-greggs,45,we,31,50,40
contrasts,repd-hydro,census-heat-solid,osm-greggs,75,we,31,55,19
contrasts,repd-hydro,census-heat-solid,osm-greggs,105,we,31,45,35
contrasts,repd-hydro,census-heat-solid,osm-greggs,120,we,31,55,39
contrasts,repd-hydro,census-heat-solid,osm-greggs,135,ns,66,55,46
contrasts,repd-hydro,census-heat-solid,osm-greggs,150,ns,66,50,56
contrasts,repd-hydro,census-heat-solid,osm-greggs,165,ns,66,50,73
contrasts,repd-hydro,osm-windmills,census-heat-oil,ns,ns,76,40,172
contrasts,repd-hydro,osm-windmills,census-heat-oil,we,we,118,60,135
contrasts,repd-hydro,osm-windmills,census-heat-oil,15,ns,76,45,86
contrasts,repd-hydro,osm-windmills,census-heat-oil,45,we,118,45,71
contrasts,repd-hydro,osm-windmills,census-heat-oil,75,we,118,45,26
contrasts,repd-hydro,osm-windmills,census-heat-oil,105,we,118,45,192
contrasts,repd-hydro,osm-windmills,census-heat-oil,120,we,118,55,182
contrasts,repd-hydro,osm-windmills,census-heat-oil,135,ns,76,45,162
contrasts,repd-hydro,osm-windmills,census-heat-oil,150,ns,76,45,163
contrasts,repd-hydro,osm-windmills,census-heat-oil,165,ns,76,45,130
contrasts,repd-hydro,osm-windmills,osm-greggs,ns,ns,35,40,77
contrasts,repd-hydro,osm-windmills,osm-greggs,we,we,76,60,89
contrasts,repd-hydro,osm-windmills,osm-greggs,15,ns,35,45,35
contrasts,repd-hydro,osm-windmills,osm-greggs,45,we,76,55,19
contrasts,repd-hydro,osm-windmills,osm-greggs,75,we,76,50,69
contrasts,repd-hydro,osm-windmills,osm-greggs,105,we,76,55,117
contrasts,repd-hydro,osm-windmills,osm-greggs,120,we,76,55,123
contrasts,repd-hydro,osm-windmills,osm-greggs,135,ns,35,55,113
contrasts,repd-hydro,osm-windmills,osm-greggs,150,ns,35,50,94
contrasts,repd-hydro,osm-windmills,osm-greggs,165,ns,35,45,72
contrasts,repd-hydro,census-heat-oil,osm-greggs,ns,ns,41,40,95
contrasts,repd-hydro,census-heat-oil,osm-greggs,we,we,77,45,90
contrasts,repd-hydro,census-heat-oil,osm-greggs,15,ns,41,45,52
contrasts,repd-hydro,census-heat-oil,osm-greggs,30,ns,41,55,20
contrasts,repd-hydro,census-heat-oil,osm-greggs,45,we,77,45,64
contrasts,repd-hydro,census-heat-oil,osm-greggs,60,we,77,50,43
contrasts,repd-hydro,census-heat-oil,osm-greggs,75,we,77,45,26
contrasts,repd-hydro,census-heat-oil,osm-greggs,105,we,77,45,93
contrasts,repd-hydro,census-heat-oil,osm-greggs,120,we,77,45,71
contrasts,repd-hydro,census-heat-oil,osm-greggs,135,ns,41,45,70
contrasts,repd-hydro,census-heat-oil,osm-greggs,150,ns,41,45,72
contrasts,repd-hydro,census-heat-oil,osm-greggs,165,ns,41,45,58
contrasts,osm-pret,osm-waitrose,osm-distilleries,we,we,40,45,47
contrasts,osm-pret,osm-waitrose,osm-distilleries,60,we,40,55,19
contrasts,osm-pret,osm-waitrose,osm-distilleries,75,we,40,55,34
contrasts,osm-pret,osm-waitrose,osm-distilleries,105,we,40,45,48
contrasts,osm-pret,osm-waitrose,osm-distilleries,120,we,40,45,47
contrasts,osm-pret,osm-waitrose,repd-wind-onshore,we,we,40,45,47
contrasts,osm-pret,osm-waitrose,repd-wind-onshore,75,we,40,55,34
contrasts,osm-pret,osm-waitrose,repd-wind-onshore,105,we,40,45,48
contrasts,osm-pret,osm-waitrose,repd-wind-onshore,120,we,40,45,47
contrasts,osm-pret,osm-waitrose,osm-lighthouses,we,we,40,45,47
contrasts,osm-pret,osm-waitrose,osm-lighthouses,75,we,40,55,34
contrasts,osm-pret,osm-waitrose,osm-lighthouses,105,we,40,45,48
contrasts,osm-pret,osm-waitrose,osm-lighthouses,120,we,40,45,47
contrasts,osm-pret,osm-waitrose,census-heat-solid,we,we,40,45,47
contrasts,osm-pret,osm-waitrose,census-heat-solid,75,we,40,55,34
contrasts,osm-pret,osm-waitrose,census-heat-solid,105,we,40,45,48
contrasts,osm-pret,osm-waitrose,census-heat-solid,120,we,40,45,47
contrasts,osm-pret,osm-waitrose,census-heat-oil,we,we,40,45,47
contrasts,osm-pret,osm-waitrose,census-heat-oil,60,we,40,55,24
contrasts,osm-pret,osm-waitrose,census-heat-oil,75,we,40,55,34
contrasts,osm-pret,osm-waitrose,census-heat-oil,105,we,40,45,48
contrasts,osm-pret,osm-waitrose,census-heat-oil,120,we,40,45,47
contrasts,osm-pret,osm-waitrose,osm-greggs,we,we,40,45,47
contrasts,osm-pret,osm-waitrose,osm-greggs,75,we,40,55,34
contrasts,osm-pret,osm-waitrose,osm-greggs,105,we,40,45,48
contrasts,osm-pret,osm-waitrose,osm-greggs,120,we,40,45,47
contrasts,osm-pret,osm-distilleries,repd-wind-onshore,ns,ns,53,30,156
contrasts,osm-pret,osm-distilleries,repd-wind-onshore,we,we,31,45,35
contrasts,osm-pret,osm-distilleries,repd-wind-onshore,15,ns,53,45,75
contrasts,osm-pret,osm-distilleries,repd-wind-onshore,30,ns,53,45,62
contrasts,osm-pret,osm-distilleries,repd-wind-onshore,45,we,31,45,55
contrasts,osm-pret,osm-distilleries,repd-wind-onshore,60,we,31,45,31
contrasts,osm-pret,osm-distilleries,repd-wind-onshore,75,we,31,50,44
contrasts,osm-pret,osm-distilleries,repd-wind-onshore,120,we,31,45,34
contrasts,osm-pret,osm-distilleries,repd-wind-onshore,135,ns,53,45,52
contrasts,osm-pret,osm-distilleries,repd-wind-onshore,150,ns,53,45,67
contrasts,osm-pret,osm-distilleries,repd-wind-onshore,165,ns,53,50,68
contrasts,osm-pret,osm-distilleries,osm-lighthouses,ns,ns,95,45,65
contrasts,osm-pret,osm-distilleries,osm-lighthouses,15,ns,95,55,103
contrasts,osm-pret,osm-distilleries,osm-lighthouses,30,ns,95,55,88
contrasts,osm-pret,osm-distilleries,osm-lighthouses,135,ns,95,55,138
contrasts,osm-pret,osm-distilleries,osm-lighthouses,150,ns,95,55,133
contrasts,osm-pret,osm-distilleries,osm-lighthouses,165,ns,95,55,146
contrasts,osm-pret,osm-distilleries,census-heat-solid,ns,ns,193,30,292
contrasts,osm-pret,osm-distilleries,census-heat-solid,we,we,71,60,93
contrasts,osm-pret,osm-distilleries,census-heat-solid,15,ns,193,45,185
contrasts,osm-pret,osm-distilleries,census-heat-solid,30,ns,193,45,125
contrasts,osm-pret,osm-distilleries,census-heat-solid,45,we,71,45,83
contrasts,osm-pret,osm-distilleries,census-heat-solid,60,we,71,45,20
contrasts,osm-pret,osm-distilleries,census-heat-solid,105,we,71,50,173
contrasts,osm-pret,osm-distilleries,census-heat-solid,120,we,71,45,212
contrasts,osm-pret,osm-distilleries,census-heat-solid,135,ns,193,45,227
contrasts,osm-pret,osm-distilleries,census-heat-solid,150,ns,193,45,239
contrasts,osm-pret,osm-distilleries,census-heat-solid,165,ns,193,45,233
contrasts,osm-pret,osm-distilleries,osm-windmills,ns,ns,91,30,168
contrasts,osm-pret,osm-distilleries,osm-windmills,we,we,24,45,28
contrasts,osm-pret,osm-distilleries,osm-windmills,15,ns,91,45,100
contrasts,osm-pret,osm-distilleries,osm-windmills,30,ns,91,45,78
contrasts,osm-pret,osm-distilleries,osm-windmills,45,we,24,45,52
contrasts,osm-pret,osm-distilleries,osm-windmills,60,we,24,50,28
contrasts,osm-pret,osm-distilleries,osm-windmills,75,we,24,45,20
contrasts,osm-pret,osm-distilleries,osm-windmills,105,we,24,45,60
contrasts,osm-pret,osm-distilleries,osm-windmills,120,we,24,45,85
contrasts,osm-pret,osm-distilleries,osm-windmills,135,ns,91,45,98
contrasts,osm-pret,osm-distilleries,osm-windmills,150,ns,91,45,99
contrasts,osm-pret,osm-distilleries,osm-windmills,165,ns,91,45,102
contrasts,osm-pret,osm-distilleries,census-heat-oil,ns,ns,167,30,316
contrasts,osm-pret,osm-distilleries,census-heat-oil,we,we,29,60,50
contrasts,osm-pret,osm-distilleries,census-heat-oil,15,ns,167,45,185
contrasts,osm-pret,osm-distilleries,census-heat-oil,30,ns,167,45,87
contrasts,osm-pret,osm-distilleries,census-heat-oil,45,we,29,55,32
contrasts,osm-pret,osm-distilleries,census-heat-oil,60,we,29,45,59
contrasts,osm-pret,osm-distilleries,census-heat-oil,75,we,29,55,67
contrasts,osm-pret,osm-distilleries,census-heat-oil,105,we,29,55,158
contrasts,osm-pret,osm-distilleries,census-heat-oil,120,we,29,45,236
contrasts,osm-pret,osm-distilleries,census-heat-oil,135,ns,167,45,261
contrasts,osm-pret,osm-distilleries,census-heat-oil,150,ns,167,45,263
contrasts,osm-pret,osm-distilleries,census-heat-oil,165,ns,167,45,233
contrasts,osm-pret,osm-distilleries,osm-greggs,ns,ns,127,30,238
contrasts,osm-pret,osm-distilleries,osm-greggs,we,we,100,50,100
contrasts,osm-pret,osm-distilleries,osm-greggs,15,ns,127,45,135
contrasts,osm-pret,osm-distilleries,osm-greggs,30,ns,127,45,92
contrasts,osm-pret,osm-distilleries,osm-greggs,45,we,100,45,44
contrasts,osm-pret,osm-distilleries,osm-greggs,105,we,100,45,160
contrasts,osm-pret,osm-distilleries,osm-greggs,120,we,100,45,181
contrasts,osm-pret,osm-distilleries,osm-greggs,135,ns,127,45,190
contrasts,osm-pret,osm-distilleries,osm-greggs,150,ns,127,45,191
contrasts,osm-pret,osm-distilleries,osm-greggs,165,ns,127,45,175
contrasts,osm-pret,repd-wind-onshore,osm-lighthouses,ns,ns,43,30,116
contrasts,osm-pret,repd-wind-onshore,osm-lighthouses,we,we,34,50,34
contrasts,osm-pret,repd-wind-onshore,osm-lighthouses,15,ns,43,55,50
contrasts,osm-pret,repd-wind-onshore,osm-lighthouses,30,ns,43,55,50
contrasts,osm-pret,repd-wind-onshore,osm-lighthouses,45,we,34,55,22
contrasts,osm-pret,repd-wind-onshore,osm-lighthouses,60,we,34,50,22
contrasts,osm-pret,repd-wind-onshore,osm-lighthouses,75,we,34,55,23
contrasts,osm-pret,repd-wind-onshore,osm-lighthouses,105,we,34,55,35
contrasts,osm-pret,repd-wind-onshore,osm-lighthouses,120,we,34,55,90
contrasts,osm-pret,repd-wind-onshore,osm-lighthouses,135,ns,43,55,97
contrasts,osm-pret,repd-wind-onshore,osm-lighthouses,150,ns,43,55,82
contrasts,osm-pret,repd-wind-onshore,osm-lighthouses,165,ns,43,55,89
contrasts,osm-pret,repd-wind-onshore,census-heat-solid,ns,ns,193,40,231
contrasts,osm-pret,repd-wind-onshore,census-heat-solid,we,we,103,55,104
contrasts,osm-pret,repd-wind-onshore,census-heat-solid,15,ns,193,45,185
contrasts,osm-pret,repd-wind-onshore,census-heat-solid,30,ns,193,45,125
contrasts,osm-pret,repd-wind-onshore,census-heat-solid,45,we,103,50,68
contrasts,osm-pret,repd-wind-onshore,census-heat-solid,75,we,103,45,49
contrasts,osm-pret,repd-wind-onshore,census-heat-solid,105,we,103,50,166
contrasts,osm-pret,repd-wind-onshore,census-heat-solid,120,we,103,45,212
contrasts,osm-pret,repd-wind-onshore,census-heat-solid,135,ns,193,45,227
contrasts,osm-pret,repd-wind-onshore,census-heat-solid,150,ns,193,45,239
contrasts,osm-pret,repd-wind-onshore,census-heat-solid,165,ns,193,45,233
contrasts,osm-pret,repd-wind-onshore,osm-windmills,ns,ns,91,30,168
contrasts,osm-pret,repd-wind-onshore,osm-windmills,we,we,24,45,28
contrasts,osm-pret,repd-wind-onshore,osm-windmills,15,ns,91,45,100
contrasts,osm-pret,repd-wind-onshore,osm-windmills,30,ns,91,45,78
contrasts,osm-pret,repd-wind-onshore,osm-windmills,45,we,24,45,52
contrasts,osm-pret,repd-wind-onshore,osm-windmills,75,we,24,45,20
contrasts,osm-pret,repd-wind-onshore,osm-windmills,105,we,24,45,60
contrasts,osm-pret,repd-wind-onshore,osm-windmills,120,we,24,45,85
contrasts,osm-pret,repd-wind-onshore,osm-windmills,135,ns,91,45,98
contrasts,osm-pret,repd-wind-onshore,osm-windmills,150,ns,91,45,99
contrasts,osm-pret,repd-wind-onshore,osm-windmills,165,ns,91,45,102
contrasts,osm-pret,repd-wind-onshore,census-heat-oil,ns,ns,167,45,201
contrasts,osm-pret,repd-wind-onshore,census-heat-oil,we,we,60,60,76
contrasts,osm-pret,repd-wind-onshore,census-heat-oil,15,ns,167,45,184
contrasts,osm-pret,repd-wind-onshore,census-heat-oil,30,ns,167,45,87
contrasts,osm-pret,repd-wind-onshore,census-heat-oil,45,we,60,55,32
contrasts,osm-pret,repd-wind-onshore,census-heat-oil,60,we,60,45,31
contrasts,osm-pret,repd-wind-onshore,census-heat-oil,75,we,60,55,32
contrasts,osm-pret,repd-wind-onshore,census-heat-oil,105,we,60,55,155
contrasts,osm-pret,repd-wind-onshore,census-heat-oil,120,we,60,50,217
contrasts,osm-pret,repd-wind-onshore,census-heat-oil,135,ns,167,45,244
contrasts,osm-pret,repd-wind-onshore,census-heat-oil,150,ns,167,45,260
contrasts,osm-pret,repd-wind-onshore,census-heat-oil,165,ns,167,45,233
contrasts,osm-pret,repd-wind-onshore,osm-greggs,ns,ns,127,30,238
contrasts,osm-pret,repd-wind-onshore,osm-greggs,we,we,100,45,113
contrasts,osm-pret,repd-wind-onshore,osm-greggs,15,ns,127,45,135
contrasts,osm-pret,repd-wind-onshore,osm-greggs,30,ns,127,45,92
contrasts,osm-pret,repd-wind-onshore,osm-greggs,45,we,100,45,44
contrasts,osm-pret,repd-wind-onshore,osm-greggs,75,we,100,50,48
contrasts,osm-pret,repd-wind-onshore,osm-greggs,105,we,100,45,160
contrasts,osm-pret,repd-wind-onshore,osm-greggs,120,we,100,45,181
contrasts,osm-pret,repd-wind-onshore,osm-greggs,135,ns,127,45,190
contrasts,osm-pret,repd-wind-onshore,osm-greggs,150,ns,127,45,191
contrasts,osm-pret,repd-wind-onshore,osm-greggs,165,ns,127,45,175
contrasts,osm-pret,osm-lighthouses,census-heat-solid,ns,ns,193,30,292
contrasts,osm-pret,osm-lighthouses,census-heat-solid,we,we,70,60,90
contrasts,osm-pret,osm-lighthouses,census-heat-solid,15,ns,193,45,185
contrasts,osm-pret,osm-lighthouses,census-heat-solid,30,ns,193,45,125
contrasts,osm-pret,osm-lighthouses,census-heat-solid,45,we,70,45,80
contrasts,osm-pret,osm-lighthouses,census-heat-solid,75,we,70,55,51
contrasts,osm-pret,osm-lighthouses,census-heat-solid,105,we,70,55,141
contrasts,osm-pret,osm-lighthouses,census-heat-solid,120,we,70,45,212
contrasts,osm-pret,osm-lighthouses,census-heat-solid,135,ns,193,45,227
contrasts,osm-pret,osm-lighthouses,census-heat-solid,150,ns,193,45,239
contrasts,osm-pret,osm-lighthouses,census-heat-solid,165,ns,193,45,233
contrasts,osm-pret,osm-lighthouses,osm-windmills,ns,ns,91,30,168
contrasts,osm-pret,osm-lighthouses,osm-windmills,we,we,24,45,28
contrasts,osm-pret,osm-lighthouses,osm-windmills,15,ns,91,45,100
contrasts,osm-pret,osm-lighthouses,osm-windmills,30,ns,91,45,78
contrasts,osm-pret,osm-lighthouses,osm-windmills,45,we,24,45,52
contrasts,osm-pret,osm-lighthouses,osm-windmills,60,we,24,50,23
contrasts,osm-pret,osm-lighthouses,osm-windmills,75,we,24,45,20
contrasts,osm-pret,osm-lighthouses,osm-windmills,105,we,24,45,60
contrasts,osm-pret,osm-lighthouses,osm-windmills,120,we,24,45,85
contrasts,osm-pret,osm-lighthouses,osm-windmills,135,ns,91,45,98
contrasts,osm-pret,osm-lighthouses,osm-windmills,150,ns,91,45,99
contrasts,osm-pret,osm-lighthouses,osm-windmills,165,ns,91,45,102
contrasts,osm-pret,osm-lighthouses,census-heat-oil,ns,ns,167,30,276
contrasts,osm-pret,osm-lighthouses,census-heat-oil,we,we,27,60,48
contrasts,osm-pret,osm-lighthouses,census-heat-oil,15,ns,167,45,185
contrasts,osm-pret,osm-lighthouses,census-heat-oil,30,ns,167,45,87
contrasts,osm-pret,osm-lighthouses,census-heat-oil,45,we,27,55,32
contrasts,osm-pret,osm-lighthouses,census-heat-oil,60,we,27,45,23
contrasts,osm-pret,osm-lighthouses,census-heat-oil,105,we,27,55,121
contrasts,osm-pret,osm-lighthouses,census-heat-oil,120,we,27,50,200
contrasts,osm-pret,osm-lighthouses,census-heat-oil,135,ns,167,45,249
contrasts,osm-pret,osm-lighthouses,census-heat-oil,150,ns,167,45,263
contrasts,osm-pret,osm-lighthouses,census-heat-oil,165,ns,167,45,233
contrasts,osm-pret,osm-lighthouses,osm-greggs,ns,ns,127,30,238
contrasts,osm-pret,osm-lighthouses,osm-greggs,we,we,100,45,103
contrasts,osm-pret,osm-lighthouses,osm-greggs,15,ns,127,45,135
contrasts,osm-pret,osm-lighthouses,osm-greggs,30,ns,127,45,92
contrasts,osm-pret,osm-lighthouses,osm-greggs,45,we,100,45,44
contrasts,osm-pret,osm-lighthouses,osm-greggs,75,we,100,55,67
contrasts,osm-pret,osm-lighthouses,osm-greggs,105,we,100,45,160
contrasts,osm-pret,osm-lighthouses,osm-greggs,120,we,100,45,181
contrasts,osm-pret,osm-lighthouses,osm-greggs,135,ns,127,45,190
contrasts,osm-pret,osm-lighthouses,osm-greggs,150,ns,127,45,191
contrasts,osm-pret,osm-lighthouses,osm-greggs,165,ns,127,45,175
contrasts,osm-pret,census-heat-solid,osm-windmills,ns,ns,91,30,124
contrasts,osm-pret,census-heat-solid,osm-windmills,we,we,24,45,28
contrasts,osm-pret,census-heat-solid,osm-windmills,15,ns,91,45,86
contrasts,osm-pret,census-heat-solid,osm-windmills,30,ns,91,50,59
contrasts,osm-pret,census-heat-solid,osm-windmills,45,we,24,45,32
contrasts,osm-pret,census-heat-solid,osm-windmills,60,we,24,45,20
contrasts,osm-pret,census-heat-solid,osm-windmills,75,we,24,45,20
contrasts,osm-pret,census-heat-solid,osm-windmills,105,we,24,45,60
contrasts,osm-pret,census-heat-solid,osm-windmills,120,we,24,45,85
contrasts,osm-pret,census-heat-solid,osm-windmills,135,ns,91,45,98
contrasts,osm-pret,census-heat-solid,osm-windmills,150,ns,91,45,99
contrasts,osm-pret,census-heat-solid,osm-windmills,165,ns,91,45,102
contrasts,osm-pret,census-heat-solid,census-heat-oil,ns,ns,26,40,66
contrasts,osm-pret,census-heat-solid,census-heat-oil,we,we,45,45,49
contrasts,osm-pret,census-heat-solid,census-heat-oil,15,ns,26,50,26
contrasts,osm-pret,census-heat-solid,census-heat-oil,30,ns,26,50,46
contrasts,osm-pret,census-heat-solid,census-heat-oil,45,we,45,55,32
contrasts,osm-pret,census-heat-solid,census-heat-oil,60,we,45,45,20
contrasts,osm-pret,census-heat-solid,census-heat-oil,75,we,45,55,62
contrasts,osm-pret,census-heat-solid,census-heat-oil,105,we,45,45,57
contrasts,osm-pret,census-heat-solid,census-heat-oil,120,we,45,45,39
contrasts,osm-pret,census-heat-solid,census-heat-oil,135,ns,26,45,32
contrasts,osm-pret,census-heat-solid,census-heat-oil,150,ns,26,55,34
contrasts,osm-pret,census-heat-solid,census-heat-oil,165,ns,26,55,53
contrasts,osm-pret,census-heat-solid,osm-greggs,ns,ns,66,30,55
contrasts,osm-pret,census-heat-solid,osm-greggs,we,we,31,45,40
contrasts,osm-pret,census-heat-solid,osm-greggs,15,ns,66,55,75
contrasts,osm-pret,census-heat-solid,osm-greggs,30,ns,66,55,46
contrasts,osm-pret,census-heat-solid,osm-greggs,45,we,31,45,40
contrasts,osm-pret,census-heat-solid,osm-greggs,75,we,31,55,19
contrasts,osm-pret,census-heat-solid,osm-greggs,105,we,31,45,35
contrasts,osm-pret,census-heat-solid,osm-greggs,120,we,31,55,39
contrasts,osm-pret,census-heat-solid,osm-greggs,135,ns,66,55,46
contrasts,osm-pret,census-heat-solid,osm-greggs,150,ns,66,50,56
contrasts,osm-pret,census-heat-solid,osm-greggs,165,ns,66,50,73
contrasts,osm-pret,osm-windmills,census-heat-oil,ns,ns,76,30,158
contrasts,osm-pret,osm-windmills,census-heat-oil,we,we,24,45,28
contrasts,osm-pret,osm-windmills,census-heat-oil,15,ns,76,45,86
contrasts,osm-pret,osm-windmills,census-heat-oil,45,we,24,55,32
contrasts,osm-pret,osm-windmills,census-heat-oil,60,we,24,45,47
contrasts,osm-pret,osm-windmills,census-heat-oil,75,we,24,45,20
contrasts,osm-pret,osm-windmills,census-heat-oil,105,we,24,45,60
contrasts,osm-pret,osm-windmills,census-heat-oil,120,we,24,45,85
contrasts,osm-pret,osm-windmills,census-heat-oil,135,ns,76,45,98
contrasts,osm-pret,osm-windmills,census-heat-oil,150,ns,76,45,99
contrasts,osm-pret,osm-windmills,census-heat-oil,165,ns,76,45,102
contrasts,osm-pret,osm-windmills,osm-greggs,ns,ns,35,40,77
contrasts,osm-pret,osm-windmills,osm-greggs,we,we,24,45,28
contrasts,osm-pret,osm-windmills,osm-greggs,15,ns,35,45,35
contrasts,osm-pret,osm-windmills,osm-greggs,75,we,24,45,20
contrasts,osm-pret,osm-windmills,osm-greggs,105,we,24,45,60
contrasts,osm-pret,osm-windmills,osm-greggs,120,we,24,45,85
contrasts,osm-pret,osm-windmills,osm-greggs,135,ns,35,45,93
contrasts,osm-pret,osm-windmills,osm-greggs,150,ns,35,45,92
contrasts,osm-pret,osm-windmills,osm-greggs,165,ns,35,45,72
contrasts,osm-pret,census-heat-oil,osm-greggs,ns,ns,41,40,95
contrasts,osm-pret,census-heat-oil,osm-greggs,we,we,77,45,90
contrasts,osm-pret,census-heat-oil,osm-greggs,15,ns,41,45,52
contrasts,osm-pret,census-heat-oil,osm-greggs,30,ns,41,55,20
contrasts,osm-pret,census-heat-oil,osm-greggs,45,we,77,50,26
contrasts,osm-pret,census-heat-oil,osm-greggs,75,we,77,55,67
contrasts,osm-pret,census-heat-oil,osm-greggs,105,we,77,45,93
contrasts,osm-pret,census-heat-oil,osm-greggs,120,we,77,45,71
contrasts,osm-pret,census-heat-oil,osm-greggs,135,ns,41,45,70
contrasts,osm-pret,census-heat-oil,osm-greggs,150,ns,41,45,72
contrasts,osm-pret,census-heat-oil,osm-greggs,165,ns,41,45,58
contrasts,osm-waitrose,osm-distilleries,census-commute-metro,we,we,42,45,48
contrasts,osm-waitrose,osm-distilleries,census-commute-metro,60,we,42,50,19
contrasts,osm-waitrose,osm-distilleries,census-commute-metro,75,we,42,55,35
contrasts,osm-waitrose,osm-distilleries,census-commute-metro,105,we,42,45,49
contrasts,osm-waitrose,osm-distilleries,census-commute-metro,120,we,42,45,46
contrasts,osm-waitrose,osm-distilleries,repd-wind-onshore,ns,ns,53,30,156
contrasts,osm-waitrose,osm-distilleries,repd-wind-onshore,we,we,31,45,35
contrasts,osm-waitrose,osm-distilleries,repd-wind-onshore,15,ns,53,45,75
contrasts,osm-waitrose,osm-distilleries,repd-wind-onshore,30,ns,53,45,62
contrasts,osm-waitrose,osm-distilleries,repd-wind-onshore,45,we,31,45,55
contrasts,osm-waitrose,osm-distilleries,repd-wind-onshore,60,we,31,45,40
contrasts,osm-waitrose,osm-distilleries,repd-wind-onshore,75,we,31,55,35
contrasts,osm-waitrose,osm-distilleries,repd-wind-onshore,120,we,31,45,34
contrasts,osm-waitrose,osm-distilleries,repd-wind-onshore,135,ns,53,45,52
contrasts,osm-waitrose,osm-distilleries,repd-wind-onshore,150,ns,53,45,67
contrasts,osm-waitrose,osm-distilleries,repd-wind-onshore,165,ns,53,50,68
contrasts,osm-waitrose,osm-distilleries,hmrc-additional-rate,we,we,23,50,23
contrasts,osm-waitrose,osm-distilleries,hmrc-additional-rate,75,we,23,50,20
contrasts,osm-waitrose,osm-distilleries,hmrc-additional-rate,105,we,23,45,23
contrasts,osm-waitrose,osm-distilleries,hmrc-additional-rate,120,we,23,45,21
contrasts,osm-waitrose,osm-distilleries,osm-lighthouses,ns,ns,95,45,65
contrasts,osm-waitrose,osm-distilleries,osm-lighthouses,15,ns,95,55,103
contrasts,osm-waitrose,osm-distilleries,osm-lighthouses,30,ns,95,55,88
contrasts,osm-waitrose,osm-distilleries,osm-lighthouses,135,ns,95,55,138
contrasts,osm-waitrose,osm-distilleries,osm-lighthouses,150,ns,95,55,133
contrasts,osm-waitrose,osm-distilleries,osm-lighthouses,165,ns,95,55,146
contrasts,osm-waitrose,osm-distilleries,census-heat-solid,ns,ns,190,30,250
contrasts,osm-waitrose,osm-distilleries,census-heat-solid,we,we,71,60,84
contrasts,osm-waitrose,osm-distilleries,census-heat-solid,15,ns,190,45,183
contrasts,osm-waitrose,osm-distilleries,census-heat-solid,30,ns,190,45,127
contrasts,osm-waitrose,osm-distilleries,census-heat-solid,45,we,71,45,90
contrasts,osm-waitrose,osm-distilleries,census-heat-solid,60,we,71,45,33
contrasts,osm-waitrose,osm-distilleries,census-heat-solid,105,we,71,45,147
contrasts,osm-waitrose,osm-distilleries,census-heat-solid,120,we,71,50,172
contrasts,osm-waitrose,osm-distilleries,census-heat-solid,135,ns,190,50,186
contrasts,osm-waitrose,osm-distilleries,census-heat-solid,150,ns,190,45,203
contrasts,osm-waitrose,osm-distilleries,census-heat-solid,165,ns,190,45,219
contrasts,osm-waitrose,osm-distilleries,osm-windmills,ns,ns,89,30,126
contrasts,osm-waitrose,osm-distilleries,osm-windmills,15,ns,89,45,98
contrasts,osm-waitrose,osm-distilleries,osm-windmills,30,ns,89,45,81
contrasts,osm-waitrose,osm-distilleries,osm-windmills,135,ns,89,45,55
contrasts,osm-waitrose,osm-distilleries,osm-windmills,150,ns,89,45,62
contrasts,osm-waitrose,osm-distilleries,osm-windmills,165,ns,89,45,88
contrasts,osm-waitrose,osm-distilleries,census-heat-oil,ns,ns,165,35,287
contrasts,osm-waitrose,osm-distilleries,census-heat-oil,we,we,29,60,50
contrasts,osm-waitrose,osm-distilleries,census-heat-oil,15,ns,165,45,184
contrasts,osm-waitrose,osm-distilleries,census-heat-oil,30,ns,165,45,90
contrasts,osm-waitrose,osm-distilleries,census-heat-oil,60,we,29,50,70
contrasts,osm-waitrose,osm-distilleries,census-heat-oil,75,we,29,55,35
contrasts,osm-waitrose,osm-distilleries,census-heat-oil,105,we,29,55,154
contrasts,osm-waitrose,osm-distilleries,census-heat-oil,120,we,29,45,207
contrasts,osm-waitrose,osm-distilleries,census-heat-oil,135,ns,165,45,219
contrasts,osm-waitrose,osm-distilleries,census-heat-oil,150,ns,165,45,226
contrasts,osm-waitrose,osm-distilleries,census-heat-oil,165,ns,165,45,219
contrasts,osm-waitrose,osm-distilleries,osm-greggs,ns,ns,124,30,196
contrasts,osm-waitrose,osm-distilleries,osm-greggs,we,we,61,60,72
contrasts,osm-waitrose,osm-distilleries,osm-greggs,15,ns,124,45,133
contrasts,osm-waitrose,osm-distilleries,osm-greggs,30,ns,124,45,94
contrasts,osm-waitrose,osm-distilleries,osm-greggs,45,we,61,45,51
contrasts,osm-waitrose,osm-distilleries,osm-greggs,105,we,61,50,115
contrasts,osm-waitrose,osm-distilleries,osm-greggs,120,we,61,45,135
contrasts,osm-waitrose,osm-distilleries,osm-greggs,135,ns,124,45,148
contrasts,osm-waitrose,osm-distilleries,osm-greggs,150,ns,124,45,154
contrasts,osm-waitrose,osm-distilleries,osm-greggs,165,ns,124,45,161
contrasts,osm-waitrose,census-commute-metro,repd-wind-onshore,we,we,42,45,48
contrasts,osm-waitrose,census-commute-metro,repd-wind-onshore,60,we,42,50,19
contrasts,osm-waitrose,census-commute-metro,repd-wind-onshore,75,we,42,55,36
contrasts,osm-waitrose,census-commute-metro,repd-wind-onshore,105,we,42,45,49
contrasts,osm-waitrose,census-commute-metro,repd-wind-onshore,120,we,42,45,46
contrasts,osm-waitrose,census-commute-metro,hmrc-additional-rate,we,we,19,45,21
contrasts,osm-waitrose,census-commute-metro,hmrc-additional-rate,105,we,19,45,23
contrasts,osm-waitrose,census-commute-metro,hmrc-additional-rate,120,we,19,45,21
contrasts,osm-waitrose,census-commute-metro,osm-lighthouses,we,we,42,45,48
contrasts,osm-waitrose,census-commute-metro,osm-lighthouses,75,we,42,55,36
contrasts,osm-waitrose,census-commute-metro,osm-lighthouses,105,we,42,45,49
contrasts,osm-waitrose,census-commute-metro,osm-lighthouses,120,we,42,45,46
contrasts,osm-waitrose,census-commute-metro,census-heat-solid,we,we,42,45,48
contrasts,osm-waitrose,census-commute-metro,census-heat-solid,75,we,42,55,36
contrasts,osm-waitrose,census-commute-metro,census-heat-solid,105,we,42,45,49
contrasts,osm-waitrose,census-commute-metro,census-heat-solid,120,we,42,45,46
contrasts,osm-waitrose,census-commute-metro,census-heat-oil,we,we,42,45,48
contrasts,osm-waitrose,census-commute-metro,census-heat-oil,60,we,42,55,25
contrasts,osm-waitrose,census-commute-metro,census-heat-oil,75,we,42,55,36
contrasts,osm-waitrose,census-commute-metro,census-heat-oil,105,we,42,45,49
contrasts,osm-waitrose,census-commute-metro,census-heat-oil,120,we,42,45,46
contrasts,osm-waitrose,census-commute-metro,osm-greggs,we,we,42,45,48
contrasts,osm-waitrose,census-commute-metro,osm-greggs,75,we,42,55,34
contrasts,osm-waitrose,census-commute-metro,osm-greggs,105,we,42,45,49
contrasts,osm-waitrose,census-commute-metro,osm-greggs,120,we,42,45,46
contrasts,osm-waitrose,repd-wind-onshore,hmrc-additional-rate,we,we,23,50,23
contrasts,osm-waitrose,repd-wind-onshore,hmrc-additional-rate,75,we,23,50,20
contrasts,osm-waitrose,repd-wind-onshore,hmrc-additional-rate,105,we,23,45,23
contrasts,osm-waitrose,repd-wind-onshore,hmrc-additional-rate,120,we,23,45,21
contrasts,osm-waitrose,repd-wind-onshore,osm-lighthouses,ns,ns,43,30,116
contrasts,osm-waitrose,repd-wind-onshore,osm-lighthouses,we,we,34,50,34
contrasts,osm-waitrose,repd-wind-onshore,osm-lighthouses,15,ns,43,55,50
contrasts,osm-waitrose,repd-wind-onshore,osm-lighthouses,30,ns,43,55,50
contrasts,osm-waitrose,repd-wind-onshore,osm-lighthouses,45,we,34,55,22
contrasts,osm-waitrose,repd-wind-onshore,osm-lighthouses,75,we,34,55,23
contrasts,osm-waitrose,repd-wind-onshore,osm-lighthouses,105,we,34,55,35
contrasts,osm-waitrose,repd-wind-onshore,osm-lighthouses,120,we,34,55,90
contrasts,osm-waitrose,repd-wind-onshore,osm-lighthouses,135,ns,43,55,97
contrasts,osm-waitrose,repd-wind-onshore,osm-lighthouses,150,ns,43,55,82
contrasts,osm-waitrose,repd-wind-onshore,osm-lighthouses,165,ns,43,55,89
contrasts,osm-waitrose,repd-wind-onshore,census-heat-solid,ns,ns,190,40,218
contrasts,osm-waitrose,repd-wind-onshore,census-heat-solid,we,we,92,55,92
contrasts,osm-waitrose,repd-wind-onshore,census-heat-solid,15,ns,190,45,183
contrasts,osm-waitrose,repd-wind-onshore,census-heat-solid,30,ns,190,45,127
contrasts,osm-waitrose,repd-wind-onshore,census-heat-solid,45,we,92,50,70
contrasts,osm-waitrose,repd-wind-onshore,census-heat-solid,60,we,92,50,18
contrasts,osm-waitrose,repd-wind-onshore,census-heat-solid,75,we,92,50,32
contrasts,osm-waitrose,repd-wind-onshore,census-heat-solid,105,we,92,45,147
contrasts,osm-waitrose,repd-wind-onshore,census-heat-solid,120,we,92,50,172
contrasts,osm-waitrose,repd-wind-onshore,census-heat-solid,135,ns,190,50,186
contrasts,osm-waitrose,repd-wind-onshore,census-heat-solid,150,ns,190,45,203
contrasts,osm-waitrose,repd-wind-onshore,census-heat-solid,165,ns,190,45,219
contrasts,osm-waitrose,repd-wind-onshore,osm-windmills,ns,ns,89,30,126
contrasts,osm-waitrose,repd-wind-onshore,osm-windmills,15,ns,89,45,98
contrasts,osm-waitrose,repd-wind-onshore,osm-windmills,30,ns,89,45,81
contrasts,osm-waitrose,repd-wind-onshore,osm-windmills,135,ns,89,45,55
contrasts,osm-waitrose,repd-wind-onshore,osm-windmills,150,ns,89,45,62
contrasts,osm-waitrose,repd-wind-onshore,osm-windmills,165,ns,89,45,88
contrasts,osm-waitrose,repd-wind-onshore,census-heat-oil,ns,ns,165,45,192
contrasts,osm-waitrose,repd-wind-onshore,census-heat-oil,we,we,60,60,76
contrasts,osm-waitrose,repd-wind-onshore,census-heat-oil,15,ns,165,45,184
contrasts,osm-waitrose,repd-wind-onshore,census-heat-oil,30,ns,165,45,90
contrasts,osm-waitrose,repd-wind-onshore,census-heat-oil,60,we,60,45,43
contrasts,osm-waitrose,repd-wind-onshore,census-heat-oil,75,we,60,55,32
contrasts,osm-waitrose,repd-wind-onshore,census-heat-oil,105,we,60,55,154
contrasts,osm-waitrose,repd-wind-onshore,census-heat-oil,120,we,60,45,202
contrasts,osm-waitrose,repd-wind-onshore,census-heat-oil,135,ns,165,45,219
contrasts,osm-waitrose,repd-wind-onshore,census-heat-oil,150,ns,165,45,226
contrasts,osm-waitrose,repd-wind-onshore,census-heat-oil,165,ns,165,45,219
contrasts,osm-waitrose,repd-wind-onshore,osm-greggs,ns,ns,124,30,196
contrasts,osm-waitrose,repd-wind-onshore,osm-greggs,we,we,61,60,72
contrasts,osm-waitrose,repd-wind-onshore,osm-greggs,15,ns,124,45,133
contrasts,osm-waitrose,repd-wind-onshore,osm-greggs,30,ns,124,45,94
contrasts,osm-waitrose,repd-wind-onshore,osm-greggs,45,we,61,45,51
contrasts,osm-waitrose,repd-wind-onshore,osm-greggs,75,we,61,55,34
contrasts,osm-waitrose,repd-wind-onshore,osm-greggs,105,we,61,50,115
contrasts,osm-waitrose,repd-wind-onshore,osm-greggs,120,we,61,45,135
contrasts,osm-waitrose,repd-wind-onshore,osm-greggs,135,ns,124,45,148
contrasts,osm-waitrose,repd-wind-onshore,osm-greggs,150,ns,124,45,154
contrasts,osm-waitrose,repd-wind-onshore,osm-greggs,165,ns,124,45,161
contrasts,osm-waitrose,hmrc-additional-rate,osm-lighthouses,we,we,23,50,23
contrasts,osm-waitrose,hmrc-additional-rate,osm-lighthouses,75,we,23,50,20
contrasts,osm-waitrose,hmrc-additional-rate,osm-lighthouses,105,we,23,45,23
contrasts,osm-waitrose,hmrc-additional-rate,osm-lighthouses,120,we,23,45,21
contrasts,osm-waitrose,hmrc-additional-rate,census-heat-solid,we,we,23,50,23
contrasts,osm-waitrose,hmrc-additional-rate,census-heat-solid,75,we,23,50,20
contrasts,osm-waitrose,hmrc-additional-rate,census-heat-solid,105,we,23,45,23
contrasts,osm-waitrose,hmrc-additional-rate,census-heat-solid,120,we,23,45,21
contrasts,osm-waitrose,hmrc-additional-rate,census-heat-oil,we,we,23,50,23
contrasts,osm-waitrose,hmrc-additional-rate,census-heat-oil,75,we,23,50,20
contrasts,osm-waitrose,hmrc-additional-rate,census-heat-oil,105,we,23,45,23
contrasts,osm-waitrose,hmrc-additional-rate,census-heat-oil,120,we,23,45,21
contrasts,osm-waitrose,hmrc-additional-rate,osm-greggs,we,we,23,50,23
contrasts,osm-waitrose,hmrc-additional-rate,osm-greggs,75,we,23,50,20
contrasts,osm-waitrose,hmrc-additional-rate,osm-greggs,105,we,23,45,23
contrasts,osm-waitrose,hmrc-additional-rate,osm-greggs,120,we,23,45,21
contrasts,osm-waitrose,osm-lighthouses,census-heat-solid,ns,ns,190,30,250
contrasts,osm-waitrose,osm-lighthouses,census-heat-solid,we,we,70,60,84
contrasts,osm-waitrose,osm-lighthouses,census-heat-solid,15,ns,190,45,183
contrasts,osm-waitrose,osm-lighthouses,census-heat-solid,30,ns,190,45,127
contrasts,osm-waitrose,osm-lighthouses,census-heat-solid,45,we,70,45,80
contrasts,osm-waitrose,osm-lighthouses,census-heat-solid,75,we,70,55,51
contrasts,osm-waitrose,osm-lighthouses,census-heat-solid,105,we,70,50,138
contrasts,osm-waitrose,osm-lighthouses,census-heat-solid,120,we,70,50,172
contrasts,osm-waitrose,osm-lighthouses,census-heat-solid,135,ns,190,50,186
contrasts,osm-waitrose,osm-lighthouses,census-heat-solid,150,ns,190,45,203
contrasts,osm-waitrose,osm-lighthouses,census-heat-solid,165,ns,190,45,219
contrasts,osm-waitrose,osm-lighthouses,osm-windmills,ns,ns,89,30,126
contrasts,osm-waitrose,osm-lighthouses,osm-windmills,15,ns,89,45,98
contrasts,osm-waitrose,osm-lighthouses,osm-windmills,30,ns,89,45,81
contrasts,osm-waitrose,osm-lighthouses,osm-windmills,135,ns,89,45,55
contrasts,osm-waitrose,osm-lighthouses,osm-windmills,150,ns,89,45,62
contrasts,osm-waitrose,osm-lighthouses,osm-windmills,165,ns,89,45,88
contrasts,osm-waitrose,osm-lighthouses,census-heat-oil,ns,ns,165,30,276
contrasts,osm-waitrose,osm-lighthouses,census-heat-oil,we,we,27,60,48
contrasts,osm-waitrose,osm-lighthouses,census-heat-oil,15,ns,165,45,184
contrasts,osm-waitrose,osm-lighthouses,census-heat-oil,30,ns,165,45,90
contrasts,osm-waitrose,osm-lighthouses,census-heat-oil,60,we,27,45,36
contrasts,osm-waitrose,osm-lighthouses,census-heat-oil,105,we,27,55,121
contrasts,osm-waitrose,osm-lighthouses,census-heat-oil,120,we,27,45,192
contrasts,osm-waitrose,osm-lighthouses,census-heat-oil,135,ns,165,45,219
contrasts,osm-waitrose,osm-lighthouses,census-heat-oil,150,ns,165,45,226
contrasts,osm-waitrose,osm-lighthouses,census-heat-oil,165,ns,165,45,219
contrasts,osm-waitrose,osm-lighthouses,osm-greggs,ns,ns,124,30,196
contrasts,osm-waitrose,osm-lighthouses,osm-greggs,we,we,61,60,72
contrasts,osm-waitrose,osm-lighthouses,osm-greggs,15,ns,124,45,133
contrasts,osm-waitrose,osm-lighthouses,osm-greggs,30,ns,124,45,94
contrasts,osm-waitrose,osm-lighthouses,osm-greggs,45,we,61,45,51
contrasts,osm-waitrose,osm-lighthouses,osm-greggs,75,we,61,55,34
contrasts,osm-waitrose,osm-lighthouses,osm-greggs,105,we,61,50,115
contrasts,osm-waitrose,osm-lighthouses,osm-greggs,120,we,61,45,135
contrasts,osm-waitrose,osm-lighthouses,osm-greggs,135,ns,124,45,148
contrasts,osm-waitrose,osm-lighthouses,osm-greggs,150,ns,124,45,154
contrasts,osm-waitrose,osm-lighthouses,osm-greggs,165,ns,124,45,161
contrasts,osm-waitrose,census-heat-solid,osm-windmills,ns,ns,89,30,124
contrasts,osm-waitrose,census-heat-solid,osm-windmills,15,ns,89,45,86
contrasts,osm-waitrose,census-heat-solid,osm-windmills,30,ns,89,50,59
contrasts,osm-waitrose,census-heat-solid,osm-windmills,135,ns,89,45,55
contrasts,osm-waitrose,census-heat-solid,osm-windmills,150,ns,89,45,62
contrasts,osm-waitrose,census-heat-solid,osm-windmills,165,ns,89,45,88
contrasts,osm-waitrose,census-heat-solid,census-heat-oil,ns,ns,26,40,66
contrasts,osm-waitrose,census-heat-solid,census-heat-oil,we,we,45,45,49
contrasts,osm-waitrose,census-heat-solid,census-heat-oil,15,ns,26,50,26
contrasts,osm-waitrose,census-heat-solid,census-heat-oil,30,ns,26,50,46
contrasts,osm-waitrose,census-heat-solid,census-heat-oil,60,we,45,45,33
contrasts,osm-waitrose,census-heat-solid,census-heat-oil,75,we,45,55,52
contrasts,osm-waitrose,census-heat-solid,census-heat-oil,105,we,45,45,57
contrasts,osm-waitrose,census-heat-solid,census-heat-oil,120,we,45,45,39
contrasts,osm-waitrose,census-heat-solid,census-heat-oil,135,ns,26,45,32
contrasts,osm-waitrose,census-heat-solid,census-heat-oil,150,ns,26,55,34
contrasts,osm-waitrose,census-heat-solid,census-heat-oil,165,ns,26,55,53
contrasts,osm-waitrose,census-heat-solid,osm-greggs,ns,ns,66,30,55
contrasts,osm-waitrose,census-heat-solid,osm-greggs,we,we,31,45,40
contrasts,osm-waitrose,census-heat-solid,osm-greggs,15,ns,66,55,75
contrasts,osm-waitrose,census-heat-solid,osm-greggs,30,ns,66,55,56
contrasts,osm-waitrose,census-heat-solid,osm-greggs,45,we,31,45,40
contrasts,osm-waitrose,census-heat-solid,osm-greggs,75,we,31,55,19
contrasts,osm-waitrose,census-heat-solid,osm-greggs,105,we,31,45,35
contrasts,osm-waitrose,census-heat-solid,osm-greggs,120,we,31,55,39
contrasts,osm-waitrose,census-heat-solid,osm-greggs,135,ns,66,55,46
contrasts,osm-waitrose,census-heat-solid,osm-greggs,150,ns,66,50,56
contrasts,osm-waitrose,census-heat-solid,osm-greggs,165,ns,66,50,73
contrasts,osm-waitrose,osm-windmills,census-heat-oil,ns,ns,76,30,126
contrasts,osm-waitrose,osm-windmills,census-heat-oil,15,ns,76,45,86
contrasts,osm-waitrose,osm-windmills,census-heat-oil,135,ns,76,45,55
contrasts,osm-waitrose,osm-windmills,census-heat-oil,150,ns,76,45,62
contrasts,osm-waitrose,osm-windmills,census-heat-oil,165,ns,76,45,88
contrasts,osm-waitrose,osm-windmills,osm-greggs,ns,ns,35,40,77
contrasts,osm-waitrose,osm-windmills,osm-greggs,15,ns,35,45,35
contrasts,osm-waitrose,osm-windmills,osm-greggs,135,ns,35,45,55
contrasts,osm-waitrose,osm-windmills,osm-greggs,150,ns,35,45,62
contrasts,osm-waitrose,osm-windmills,osm-greggs,165,ns,35,45,72
contrasts,osm-waitrose,census-heat-oil,osm-greggs,ns,ns,41,40,95
contrasts,osm-waitrose,census-heat-oil,osm-greggs,we,we,61,45,67
contrasts,osm-waitrose,census-heat-oil,osm-greggs,15,ns,41,45,52
contrasts,osm-waitrose,census-heat-oil,osm-greggs,30,ns,41,55,20
contrasts,osm-waitrose,census-heat-oil,osm-greggs,75,we,61,55,34
contrasts,osm-waitrose,census-heat-oil,osm-greggs,105,we,61,45,93
contrasts,osm-waitrose,census-heat-oil,osm-greggs,120,we,61,45,71
contrasts,osm-waitrose,census-heat-oil,osm-greggs,135,ns,41,45,70
contrasts,osm-waitrose,census-heat-oil,osm-greggs,150,ns,41,45,72
contrasts,osm-waitrose,census-heat-oil,osm-greggs,165,ns,41,45,58
contrasts,osm-distilleries,census-commute-metro,repd-wind-onshore,ns,ns,53,30,156
contrasts,osm-distilleries,census-commute-metro,repd-wind-onshore,we,we,31,45,35
contrasts,osm-distilleries,census-commute-metro,repd-wind-onshore,15,ns,53,45,75
contrasts,osm-distilleries,census-commute-metro,repd-wind-onshore,30,ns,53,45,62
contrasts,osm-distilleries,census-commute-metro,repd-wind-onshore,45,we,31,45,55
contrasts,osm-distilleries,census-commute-metro,repd-wind-onshore,60,we,31,45,28
contrasts,osm-distilleries,census-commute-metro,repd-wind-onshore,75,we,31,45,47
contrasts,osm-distilleries,census-commute-metro,repd-wind-onshore,120,we,31,45,34
contrasts,osm-distilleries,census-commute-metro,repd-wind-onshore,135,ns,53,45,52
contrasts,osm-distilleries,census-commute-metro,repd-wind-onshore,150,ns,53,45,67
contrasts,osm-distilleries,census-commute-metro,repd-wind-onshore,165,ns,53,50,68
contrasts,osm-distilleries,census-commute-metro,hmrc-additional-rate,we,we,19,45,27
contrasts,osm-distilleries,census-commute-metro,hmrc-additional-rate,105,we,19,45,26
contrasts,osm-distilleries,census-commute-metro,hmrc-additional-rate,120,we,19,45,25
contrasts,osm-distilleries,census-commute-metro,osm-lighthouses,ns,ns,95,45,65
contrasts,osm-distilleries,census-commute-metro,osm-lighthouses,15,ns,95,55,103
contrasts,osm-distilleries,census-commute-metro,osm-lighthouses,30,ns,95,55,88
contrasts,osm-distilleries,census-commute-metro,osm-lighthouses,135,ns,95,55,138
contrasts,osm-distilleries,census-commute-metro,osm-lighthouses,150,ns,95,55,133
contrasts,osm-distilleries,census-commute-metro,osm-lighthouses,165,ns,95,55,146
contrasts,osm-distilleries,census-commute-metro,census-heat-solid,ns,ns,190,30,289
contrasts,osm-distilleries,census-commute-metro,census-heat-solid,we,we,71,60,93
contrasts,osm-distilleries,census-commute-metro,census-heat-solid,15,ns,190,45,182
contrasts,osm-distilleries,census-commute-metro,census-heat-solid,30,ns,190,45,121
contrasts,osm-distilleries,census-commute-metro,census-heat-solid,45,we,71,45,79
contrasts,osm-distilleries,census-commute-metro,census-heat-solid,105,we,71,50,173
contrasts,osm-distilleries,census-commute-metro,census-heat-solid,120,we,71,45,212
contrasts,osm-distilleries,census-commute-metro,census-heat-solid,135,ns,190,45,227
contrasts,osm-distilleries,census-commute-metro,census-heat-solid,150,ns,190,45,238
contrasts,osm-distilleries,census-commute-metro,census-heat-solid,165,ns,190,45,230
contrasts,osm-distilleries,census-commute-metro,osm-windmills,ns,ns,88,30,164
contrasts,osm-distilleries,census-commute-metro,osm-windmills,we,we,26,45,28
contrasts,osm-distilleries,census-commute-metro,osm-windmills,15,ns,88,45,97
contrasts,osm-distilleries,census-commute-metro,osm-windmills,30,ns,88,45,74
contrasts,osm-distilleries,census-commute-metro,osm-windmills,45,we,26,45,48
contrasts,osm-distilleries,census-commute-metro,osm-windmills,60,we,26,50,28
contrasts,osm-distilleries,census-commute-metro,osm-windmills,105,we,26,45,61
contrasts,osm-distilleries,census-commute-metro,osm-windmills,120,we,26,45,85
contrasts,osm-distilleries,census-commute-metro,osm-windmills,135,ns,88,45,97
contrasts,osm-distilleries,census-commute-metro,osm-windmills,150,ns,88,45,98
contrasts,osm-distilleries,census-commute-metro,osm-windmills,165,ns,88,45,99
contrasts,osm-distilleries,census-commute-metro,census-heat-oil,ns,ns,164,30,316
contrasts,osm-distilleries,census-commute-metro,census-heat-oil,we,we,29,60,50
contrasts,osm-distilleries,census-commute-metro,census-heat-oil,15,ns,164,45,182
contrasts,osm-distilleries,census-commute-metro,census-heat-oil,30,ns,164,45,83
contrasts,osm-distilleries,census-commute-metro,census-heat-oil,45,we,29,55,35
contrasts,osm-distilleries,census-commute-metro,census-heat-oil,60,we,29,45,61
contrasts,osm-distilleries,census-commute-metro,census-heat-oil,75,we,29,55,68
contrasts,osm-distilleries,census-commute-metro,census-heat-oil,105,we,29,55,158
contrasts,osm-distilleries,census-commute-metro,census-heat-oil,120,we,29,45,236
contrasts,osm-distilleries,census-commute-metro,census-heat-oil,135,ns,164,45,260
contrasts,osm-distilleries,census-commute-metro,census-heat-oil,150,ns,164,45,261
contrasts,osm-distilleries,census-commute-metro,census-heat-oil,165,ns,164,45,229
contrasts,osm-distilleries,census-commute-metro,osm-greggs,ns,ns,123,30,234
contrasts,osm-distilleries,census-commute-metro,osm-greggs,we,we,101,50,101
contrasts,osm-distilleries,census-commute-metro,osm-greggs,15,ns,123,45,131
contrasts,osm-distilleries,census-commute-metro,osm-greggs,30,ns,123,45,87
contrasts,osm-distilleries,census-commute-metro,osm-greggs,45,we,101,45,40
contrasts,osm-distilleries,census-commute-metro,osm-greggs,105,we,101,45,161
contrasts,osm-distilleries,census-commute-metro,osm-greggs,120,we,101,45,181
contrasts,osm-distilleries,census-commute-metro,osm-greggs,135,ns,123,45,190
contrasts,osm-distilleries,census-commute-metro,osm-greggs,150,ns,123,45,190
contrasts,osm-distilleries,census-commute-metro,osm-greggs,165,ns,123,45,171
contrasts,osm-distilleries,repd-wind-onshore,hmrc-additional-rate,ns,ns,53,30,156
contrasts,osm-distilleries,repd-wind-onshore,hmrc-additional-rate,we,we,31,45,35
contrasts,osm-distilleries,repd-wind-onshore,hmrc-additional-rate,15,ns,53,45,75
contrasts,osm-distilleries,repd-wind-onshore,hmrc-additional-rate,30,ns,53,45,62
contrasts,osm-distilleries,repd-wind-onshore,hmrc-additional-rate,45,we,31,45,55
contrasts,osm-distilleries,repd-wind-onshore,hmrc-additional-rate,60,we,31,45,33
contrasts,osm-distilleries,repd-wind-onshore,hmrc-additional-rate,75,we,31,50,44
contrasts,osm-distilleries,repd-wind-onshore,hmrc-additional-rate,120,we,31,45,34
contrasts,osm-distilleries,repd-wind-onshore,hmrc-additional-rate,135,ns,53,45,52
contrasts,osm-distilleries,repd-wind-onshore,hmrc-additional-rate,150,ns,53,45,67
contrasts,osm-distilleries,repd-wind-onshore,hmrc-additional-rate,165,ns,53,50,68
contrasts,osm-distilleries,repd-wind-onshore,osm-lighthouses,ns,ns,43,35,58
contrasts,osm-distilleries,repd-wind-onshore,osm-lighthouses,15,ns,43,55,50
contrasts,osm-distilleries,repd-wind-onshore,osm-lighthouses,30,ns,43,55,38
contrasts,osm-distilleries,repd-wind-onshore,osm-lighthouses,135,ns,43,55,41
contrasts,osm-distilleries,repd-wind-onshore,osm-lighthouses,150,ns,43,55,52
contrasts,osm-distilleries,repd-wind-onshore,osm-lighthouses,165,ns,43,55,57
contrasts,osm-distilleries,repd-wind-onshore,census-heat-solid,ns,ns,53,30,156
contrasts,osm-distilleries,repd-wind-onshore,census-heat-solid,we,we,31,45,35
contrasts,osm-distilleries,repd-wind-onshore,census-heat-solid,15,ns,53,45,75
contrasts,osm-distilleries,repd-wind-onshore,census-heat-solid,30,ns,53,45,62
contrasts,osm-distilleries,repd-wind-onshore,census-heat-solid,45,we,31,45,55
contrasts,osm-distilleries,repd-wind-onshore,census-heat-solid,60,we,31,50,20
contrasts,osm-distilleries,repd-wind-onshore,census-heat-solid,120,we,31,45,34
contrasts,osm-distilleries,repd-wind-onshore,census-heat-solid,135,ns,53,45,52
contrasts,osm-distilleries,repd-wind-onshore,census-heat-solid,150,ns,53,45,67
contrasts,osm-distilleries,repd-wind-onshore,census-heat-solid,165,ns,53,50,68
contrasts,osm-distilleries,repd-wind-onshore,osm-windmills,ns,ns,53,30,156
contrasts,osm-distilleries,repd-wind-onshore,osm-windmills,we,we,31,45,35
contrasts,osm-distilleries,repd-wind-onshore,osm-windmills,15,ns,53,45,75
contrasts,osm-distilleries,repd-wind-onshore,osm-windmills,30,ns,53,45,62
contrasts,osm-distilleries,repd-wind-onshore,osm-windmills,45,we,31,45,55
contrasts,osm-distilleries,repd-wind-onshore,osm-windmills,75,we,31,45,54
contrasts,osm-distilleries,repd-wind-onshore,osm-windmills,120,we,31,45,34
contrasts,osm-distilleries,repd-wind-onshore,osm-windmills,135,ns,53,45,52
contrasts,osm-distilleries,repd-wind-onshore,osm-windmills,150,ns,53,45,67
contrasts,osm-distilleries,repd-wind-onshore,osm-windmills,165,ns,53,50,68
contrasts,osm-distilleries,repd-wind-onshore,census-heat-oil,ns,ns,53,30,156
contrasts,osm-distilleries,repd-wind-onshore,census-heat-oil,we,we,29,50,29
contrasts,osm-distilleries,repd-wind-onshore,census-heat-oil,15,ns,53,45,75
contrasts,osm-distilleries,repd-wind-onshore,census-heat-oil,30,ns,53,45,62
contrasts,osm-distilleries,repd-wind-onshore,census-heat-oil,45,we,29,45,55
contrasts,osm-distilleries,repd-wind-onshore,census-heat-oil,60,we,29,45,40
contrasts,osm-distilleries,repd-wind-onshore,census-heat-oil,75,we,29,55,32
contrasts,osm-distilleries,repd-wind-onshore,census-heat-oil,120,we,29,45,34
contrasts,osm-distilleries,repd-wind-onshore,census-heat-oil,135,ns,53,45,52
contrasts,osm-distilleries,repd-wind-onshore,census-heat-oil,150,ns,53,45,67
contrasts,osm-distilleries,repd-wind-onshore,census-heat-oil,165,ns,53,50,68
contrasts,osm-distilleries,repd-wind-onshore,osm-greggs,ns,ns,53,30,156
contrasts,osm-distilleries,repd-wind-onshore,osm-greggs,we,we,31,45,35
contrasts,osm-distilleries,repd-wind-onshore,osm-greggs,15,ns,53,45,75
contrasts,osm-distilleries,repd-wind-onshore,osm-greggs,30,ns,53,45,62
contrasts,osm-distilleries,repd-wind-onshore,osm-greggs,45,we,31,45,55
contrasts,osm-distilleries,repd-wind-onshore,osm-greggs,60,we,31,45,28
contrasts,osm-distilleries,repd-wind-onshore,osm-greggs,120,we,31,45,34
contrasts,osm-distilleries,repd-wind-onshore,osm-greggs,135,ns,53,45,52
contrasts,osm-distilleries,repd-wind-onshore,osm-greggs,150,ns,53,45,67
contrasts,osm-distilleries,repd-wind-onshore,osm-greggs,165,ns,53,50,68
contrasts,osm-distilleries,hmrc-additional-rate,osm-lighthouses,ns,ns,95,45,65
contrasts,osm-distilleries,hmrc-additional-rate,osm-lighthouses,15,ns,95,55,103
contrasts,osm-distilleries,hmrc-additional-rate,osm-lighthouses,30,ns,95,55,88
contrasts,osm-distilleries,hmrc-additional-rate,osm-lighthouses,135,ns,95,55,138
contrasts,osm-distilleries,hmrc-additional-rate,osm-lighthouses,150,ns,95,55,133
contrasts,osm-distilleries,hmrc-additional-rate,osm-lighthouses,165,ns,95,55,146
contrasts,osm-distilleries,hmrc-additional-rate,census-heat-solid,ns,ns,189,30,244
contrasts,osm-distilleries,hmrc-additional-rate,census-heat-solid,we,we,71,60,93
contrasts,osm-distilleries,hmrc-additional-rate,census-heat-solid,15,ns,189,45,179
contrasts,osm-distilleries,hmrc-additional-rate,census-heat-solid,30,ns,189,45,123
contrasts,osm-distilleries,hmrc-additional-rate,census-heat-solid,45,we,71,45,83
contrasts,osm-distilleries,hmrc-additional-rate,census-heat-solid,60,we,71,45,22
contrasts,osm-distilleries,hmrc-additional-rate,census-heat-solid,105,we,71,45,169
contrasts,osm-distilleries,hmrc-additional-rate,census-heat-solid,120,we,71,50,191
contrasts,osm-distilleries,hmrc-additional-rate,census-heat-solid,135,ns,189,45,205
contrasts,osm-distilleries,hmrc-additional-rate,census-heat-solid,150,ns,189,45,222
contrasts,osm-distilleries,hmrc-additional-rate,census-heat-solid,165,ns,189,45,221
contrasts,osm-distilleries,hmrc-additional-rate,osm-windmills,ns,ns,88,30,120
contrasts,osm-distilleries,hmrc-additional-rate,osm-windmills,15,ns,88,45,94
contrasts,osm-distilleries,hmrc-additional-rate,osm-windmills,30,ns,88,45,76
contrasts,osm-distilleries,hmrc-additional-rate,osm-windmills,135,ns,88,45,75
contrasts,osm-distilleries,hmrc-additional-rate,osm-windmills,150,ns,88,45,82
contrasts,osm-distilleries,hmrc-additional-rate,osm-windmills,165,ns,88,45,90
contrasts,osm-distilleries,hmrc-additional-rate,census-heat-oil,ns,ns,164,35,282
contrasts,osm-distilleries,hmrc-additional-rate,census-heat-oil,we,we,29,60,50
contrasts,osm-distilleries,hmrc-additional-rate,census-heat-oil,15,ns,164,45,179
contrasts,osm-distilleries,hmrc-additional-rate,census-heat-oil,30,ns,164,45,85
contrasts,osm-distilleries,hmrc-additional-rate,census-heat-oil,45,we,29,55,29
contrasts,osm-distilleries,hmrc-additional-rate,census-heat-oil,60,we,29,50,64
contrasts,osm-distilleries,hmrc-additional-rate,census-heat-oil,75,we,29,55,51
contrasts,osm-distilleries,hmrc-additional-rate,census-heat-oil,105,we,29,55,158
contrasts,osm-distilleries,hmrc-additional-rate,census-heat-oil,120,we,29,45,228
contrasts,osm-distilleries,hmrc-additional-rate,census-heat-oil,135,ns,164,45,238
contrasts,osm-distilleries,hmrc-additional-rate,census-heat-oil,150,ns,164,45,246
contrasts,osm-distilleries,hmrc-additional-rate,census-heat-oil,165,ns,164,45,221
contrasts,osm-distilleries,hmrc-additional-rate,osm-greggs,ns,ns,123,30,190
contrasts,osm-distilleries,hmrc-additional-rate,osm-greggs,we,we,83,45,87
contrasts,osm-distilleries,hmrc-additional-rate,osm-greggs,15,ns,123,45,128
contrasts,osm-distilleries,hmrc-additional-rate,osm-greggs,30,ns,123,45,90
contrasts,osm-distilleries,hmrc-additional-rate,osm-greggs,45,we,83,45,44
contrasts,osm-distilleries,hmrc-additional-rate,osm-greggs,105,we,83,50,137
contrasts,osm-distilleries,hmrc-additional-rate,osm-greggs,120,we,83,45,156
contrasts,osm-distilleries,hmrc-additional-rate,osm-greggs,135,ns,123,45,168
contrasts,osm-distilleries,hmrc-additional-rate,osm-greggs,150,ns,123,45,174
contrasts,osm-distilleries,hmrc-additional-rate,osm-greggs,165,ns,123,45,163
contrasts,osm-distilleries,osm-lighthouses,census-heat-solid,ns,ns,95,45,65
contrasts,osm-distilleries,osm-lighthouses,census-heat-solid,15,ns,95,55,103
contrasts,osm-distilleries,osm-lighthouses,census-heat-solid,30,ns,95,55,88
contrasts,osm-distilleries,osm-lighthouses,census-heat-solid,135,ns,95,55,138
contrasts,osm-distilleries,osm-lighthouses,census-heat-solid,150,ns,95,55,133
contrasts,osm-distilleries,osm-lighthouses,census-heat-solid,165,ns,95,55,146
contrasts,osm-distilleries,osm-lighthouses,osm-windmills,ns,ns,95,45,65
contrasts,osm-distilleries,osm-lighthouses,osm-windmills,15,ns,95,55,103
contrasts,osm-distilleries,osm-lighthouses,osm-windmills,30,ns,95,55,88
contrasts,osm-distilleries,osm-lighthouses,osm-windmills,135,ns,95,55,138
contrasts,osm-distilleries,osm-lighthouses,osm-windmills,150,ns,95,55,133
contrasts,osm-distilleries,osm-lighthouses,osm-windmills,165,ns,95,55,146
contrasts,osm-distilleries,osm-lighthouses,census-heat-oil,ns,ns,95,45,65
contrasts,osm-distilleries,osm-lighthouses,census-heat-oil,15,ns,95,55,103
contrasts,osm-distilleries,osm-lighthouses,census-heat-oil,30,ns,95,55,88
contrasts,osm-distilleries,osm-lighthouses,census-heat-oil,135,ns,95,55,138
contrasts,osm-distilleries,osm-lighthouses,census-heat-oil,150,ns,95,55,133
contrasts,osm-distilleries,osm-lighthouses,census-heat-oil,165,ns,95,55,146
contrasts,osm-distilleries,osm-lighthouses,osm-greggs,ns,ns,95,45,65
contrasts,osm-distilleries,osm-lighthouses,osm-greggs,15,ns,95,55,103
contrasts,osm-distilleries,osm-lighthouses,osm-greggs,30,ns,95,55,88
contrasts,osm-distilleries,osm-lighthouses,osm-greggs,135,ns,95,55,138
contrasts,osm-distilleries,osm-lighthouses,osm-greggs,150,ns,95,55,133
contrasts,osm-distilleries,osm-lighthouses,osm-greggs,165,ns,95,55,146
contrasts,osm-distilleries,census-heat-solid,osm-windmills,ns,ns,101,30,124
contrasts,osm-distilleries,census-heat-solid,osm-windmills,we,we,71,60,93
contrasts,osm-distilleries,census-heat-solid,osm-windmills,15,ns,101,45,86
contrasts,osm-distilleries,census-heat-solid,osm-windmills,30,ns,101,50,59
contrasts,osm-distilleries,census-heat-solid,osm-windmills,45,we,71,45,32
contrasts,osm-distilleries,census-heat-solid,osm-windmills,60,we,71,50,28
contrasts,osm-distilleries,census-heat-solid,osm-windmills,105,we,71,50,143
contrasts,osm-distilleries,census-heat-solid,osm-windmills,120,we,71,55,161
contrasts,osm-distilleries,census-heat-solid,osm-windmills,135,ns,101,55,159
contrasts,osm-distilleries,census-heat-solid,osm-windmills,150,ns,101,50,149
contrasts,osm-distilleries,census-heat-solid,osm-windmills,165,ns,101,50,135
contrasts,osm-distilleries,census-heat-solid,census-heat-oil,ns,ns,26,40,66
contrasts,osm-distilleries,census-heat-solid,census-heat-oil,we,we,29,60,44
contrasts,osm-distilleries,census-heat-solid,census-heat-oil,15,ns,26,50,26
contrasts,osm-distilleries,census-heat-solid,census-heat-oil,30,ns,26,50,46
contrasts,osm-distilleries,census-heat-solid,census-heat-oil,45,we,29,45,103
contrasts,osm-distilleries,census-heat-solid,census-heat-oil,60,we,29,50,56
contrasts,osm-distilleries,census-heat-solid,census-heat-oil,105,we,29,45,57
contrasts,osm-distilleries,census-heat-solid,census-heat-oil,120,we,29,45,39
contrasts,osm-distilleries,census-heat-solid,census-heat-oil,135,ns,26,45,32
contrasts,osm-distilleries,census-heat-solid,census-heat-oil,150,ns,26,55,34
contrasts,osm-distilleries,census-heat-solid,census-heat-oil,165,ns,26,55,53
contrasts,osm-distilleries,census-heat-solid,osm-greggs,ns,ns,66,30,55
contrasts,osm-distilleries,census-heat-solid,osm-greggs,we,we,31,45,40
contrasts,osm-distilleries,census-heat-solid,osm-greggs,15,ns,66,55,75
contrasts,osm-distilleries,census-heat-solid,osm-greggs,30,ns,66,55,56
contrasts,osm-distilleries,census-heat-solid,osm-greggs,45,we,31,50,40
contrasts,osm-distilleries,census-heat-solid,osm-greggs,105,we,31,45,35
contrasts,osm-distilleries,census-heat-solid,osm-greggs,120,we,31,55,39
contrasts,osm-distilleries,census-heat-solid,osm-greggs,135,ns,66,55,46
contrasts,osm-distilleries,census-heat-solid,osm-greggs,150,ns,66,50,56
contrasts,osm-distilleries,census-heat-solid,osm-greggs,165,ns,66,50,73
contrasts,osm-distilleries,osm-windmills,census-heat-oil,ns,ns,76,40,172
contrasts,osm-distilleries,osm-windmills,census-heat-oil,we,we,29,60,50
contrasts,osm-distilleries,osm-windmills,census-heat-oil,15,ns,76,45,86
contrasts,osm-distilleries,osm-windmills,census-heat-oil,45,we,29,45,71
contrasts,osm-distilleries,osm-windmills,census-heat-oil,60,we,29,50,28
contrasts,osm-distilleries,osm-windmills,census-heat-oil,75,we,29,55,65
contrasts,osm-distilleries,osm-windmills,census-heat-oil,105,we,29,55,158
contrasts,osm-distilleries,osm-windmills,census-heat-oil,120,we,29,55,182
contrasts,osm-distilleries,osm-windmills,census-heat-oil,135,ns,76,45,162
contrasts,osm-distilleries,osm-windmills,census-heat-oil,150,ns,76,45,163
contrasts,osm-distilleries,osm-windmills,census-heat-oil,165,ns,76,45,130
contrasts,osm-distilleries,osm-windmills,osm-greggs,ns,ns,35,40,77
contrasts,osm-distilleries,osm-windmills,osm-greggs,we,we,76,60,89
contrasts,osm-distilleries,osm-windmills,osm-greggs,15,ns,35,45,35
contrasts,osm-distilleries,osm-windmills,osm-greggs,45,we,76,55,19
contrasts,osm-distilleries,osm-windmills,osm-greggs,60,we,76,50,28
contrasts,osm-distilleries,osm-windmills,osm-greggs,105,we,76,55,117
contrasts,osm-distilleries,osm-windmills,osm-greggs,120,we,76,55,123
contrasts,osm-distilleries,osm-windmills,osm-greggs,135,ns,35,55,113
contrasts,osm-distilleries,osm-windmills,osm-greggs,150,ns,35,50,94
contrasts,osm-distilleries,osm-windmills,osm-greggs,165,ns,35,45,72
contrasts,osm-distilleries,census-heat-oil,osm-greggs,ns,ns,41,40,95
contrasts,osm-distilleries,census-heat-oil,osm-greggs,we,we,29,60,50
contrasts,osm-distilleries,census-heat-oil,osm-greggs,15,ns,41,45,52
contrasts,osm-distilleries,census-heat-oil,osm-greggs,30,ns,41,55,20
contrasts,osm-distilleries,census-heat-oil,osm-greggs,45,we,29,45,64
contrasts,osm-distilleries,census-heat-oil,osm-greggs,60,we,29,50,62
contrasts,osm-distilleries,census-heat-oil,osm-greggs,105,we,29,45,93
contrasts,osm-distilleries,census-heat-oil,osm-greggs,120,we,29,45,71
contrasts,osm-distilleries,census-heat-oil,osm-greggs,135,ns,41,45,70
contrasts,osm-distilleries,census-heat-oil,osm-greggs,150,ns,41,45,72
contrasts,osm-distilleries,census-heat-oil,osm-greggs,165,ns,41,45,58
contrasts,census-commute-metro,repd-wind-onshore,hmrc-additional-rate,we,we,19,45,27
contrasts,census-commute-metro,repd-wind-onshore,hmrc-additional-rate,105,we,19,45,26
contrasts,census-commute-metro,repd-wind-onshore,hmrc-additional-rate,120,we,19,45,25
contrasts,census-commute-metro,repd-wind-onshore,osm-lighthouses,ns,ns,43,30,116
contrasts,census-commute-metro,repd-wind-onshore,osm-lighthouses,we,we,34,50,34
contrasts,census-commute-metro,repd-wind-onshore,osm-lighthouses,15,ns,43,55,50
contrasts,census-commute-metro,repd-wind-onshore,osm-lighthouses,30,ns,43,55,50
contrasts,census-commute-metro,repd-wind-onshore,osm-lighthouses,45,we,34,55,22
contrasts,census-commute-metro,repd-wind-onshore,osm-lighthouses,60,we,34,50,20
contrasts,census-commute-metro,repd-wind-onshore,osm-lighthouses,75,we,34,55,23
contrasts,census-commute-metro,repd-wind-onshore,osm-lighthouses,105,we,34,55,35
contrasts,census-commute-metro,repd-wind-onshore,osm-lighthouses,120,we,34,55,90
contrasts,census-commute-metro,repd-wind-onshore,osm-lighthouses,135,ns,43,55,97
contrasts,census-commute-metro,repd-wind-onshore,osm-lighthouses,150,ns,43,55,82
contrasts,census-commute-metro,repd-wind-onshore,osm-lighthouses,165,ns,43,55,89
contrasts,census-commute-metro,repd-wind-onshore,census-heat-solid,ns,ns,190,40,227
contrasts,census-commute-metro,repd-wind-onshore,census-heat-solid,we,we,103,55,104
contrasts,census-commute-metro,repd-wind-onshore,census-heat-solid,15,ns,190,45,182
contrasts,census-commute-metro,repd-wind-onshore,census-heat-solid,30,ns,190,45,121
contrasts,census-commute-metro,repd-wind-onshore,census-heat-solid,45,we,103,50,64
contrasts,census-commute-metro,repd-wind-onshore,census-heat-solid,75,we,103,45,51
contrasts,census-commute-metro,repd-wind-onshore,census-heat-solid,105,we,103,50,166
contrasts,census-commute-metro,repd-wind-onshore,census-heat-solid,120,we,103,45,212
contrasts,census-commute-metro,repd-wind-onshore,census-heat-solid,135,ns,190,45,227
contrasts,census-commute-metro,repd-wind-onshore,census-heat-solid,150,ns,190,45,238
contrasts,census-commute-metro,repd-wind-onshore,census-heat-solid,165,ns,190,45,230
contrasts,census-commute-metro,repd-wind-onshore,osm-windmills,ns,ns,88,30,164
contrasts,census-commute-metro,repd-wind-onshore,osm-windmills,we,we,26,45,28
contrasts,census-commute-metro,repd-wind-onshore,osm-windmills,15,ns,88,45,97
contrasts,census-commute-metro,repd-wind-onshore,osm-windmills,30,ns,88,45,74
contrasts,census-commute-metro,repd-wind-onshore,osm-windmills,45,we,26,45,48
contrasts,census-commute-metro,repd-wind-onshore,osm-windmills,105,we,26,45,61
contrasts,census-commute-metro,repd-wind-onshore,osm-windmills,120,we,26,45,85
contrasts,census-commute-metro,repd-wind-onshore,osm-windmills,135,ns,88,45,97
contrasts,census-commute-metro,repd-wind-onshore,osm-windmills,150,ns,88,45,98
contrasts,census-commute-metro,repd-wind-onshore,osm-windmills,165,ns,88,45,99
contrasts,census-commute-metro,repd-wind-onshore,census-heat-oil,ns,ns,164,45,197
contrasts,census-commute-metro,repd-wind-onshore,census-heat-oil,we,we,60,60,76
contrasts,census-commute-metro,repd-wind-onshore,census-heat-oil,15,ns,164,45,182
contrasts,census-commute-metro,repd-wind-onshore,census-heat-oil,30,ns,164,45,83
contrasts,census-commute-metro,repd-wind-onshore,census-heat-oil,45,we,60,55,35
contrasts,census-commute-metro,repd-wind-onshore,census-heat-oil,60,we,60,45,28
contrasts,census-commute-metro,repd-wind-onshore,census-heat-oil,75,we,60,55,32
contrasts,census-commute-metro,repd-wind-onshore,census-heat-oil,105,we,60,55,155
contrasts,census-commute-metro,repd-wind-onshore,census-heat-oil,120,we,60,50,218
contrasts,census-commute-metro,repd-wind-onshore,census-heat-oil,135,ns,164,45,244
contrasts,census-commute-metro,repd-wind-onshore,census-heat-oil,150,ns,164,45,260
contrasts,census-commute-metro,repd-wind-onshore,census-heat-oil,165,ns,164,45,229
contrasts,census-commute-metro,repd-wind-onshore,osm-greggs,ns,ns,123,30,234
contrasts,census-commute-metro,repd-wind-onshore,osm-greggs,we,we,102,45,113
contrasts,census-commute-metro,repd-wind-onshore,osm-greggs,15,ns,123,45,131
contrasts,census-commute-metro,repd-wind-onshore,osm-greggs,30,ns,123,45,87
contrasts,census-commute-metro,repd-wind-onshore,osm-greggs,45,we,102,45,40
contrasts,census-commute-metro,repd-wind-onshore,osm-greggs,75,we,102,50,48
contrasts,census-commute-metro,repd-wind-onshore,osm-greggs,105,we,102,45,161
contrasts,census-commute-metro,repd-wind-onshore,osm-greggs,120,we,102,45,181
contrasts,census-commute-metro,repd-wind-onshore,osm-greggs,135,ns,123,45,190
contrasts,census-commute-metro,repd-wind-onshore,osm-greggs,150,ns,123,45,190
contrasts,census-commute-metro,repd-wind-onshore,osm-greggs,165,ns,123,45,171
contrasts,census-commute-metro,hmrc-additional-rate,osm-lighthouses,we,we,19,45,27
contrasts,census-commute-metro,hmrc-additional-rate,osm-lighthouses,105,we,19,45,26
contrasts,census-commute-metro,hmrc-additional-rate,osm-lighthouses,120,we,19,45,25
contrasts,census-commute-metro,hmrc-additional-rate,census-heat-solid,we,we,19,45,27
contrasts,census-commute-metro,hmrc-additional-rate,census-heat-solid,105,we,19,45,26
contrasts,census-commute-metro,hmrc-additional-rate,census-heat-solid,120,we,19,45,25
contrasts,census-commute-metro,hmrc-additional-rate,census-heat-oil,we,we,19,45,27
contrasts,census-commute-metro,hmrc-additional-rate,census-heat-oil,105,we,19,45,26
contrasts,census-commute-metro,hmrc-additional-rate,census-heat-oil,120,we,19,45,25
contrasts,census-commute-metro,hmrc-additional-rate,osm-greggs,we,we,19,45,27
contrasts,census-commute-metro,hmrc-additional-rate,osm-greggs,105,we,19,45,26
contrasts,census-commute-metro,hmrc-additional-rate,osm-greggs,120,we,19,45,25
contrasts,census-commute-metro,osm-lighthouses,census-heat-solid,ns,ns,190,30,289
contrasts,census-commute-metro,osm-lighthouses,census-heat-solid,we,we,70,60,90
contrasts,census-commute-metro,osm-lighthouses,census-heat-solid,15,ns,190,45,182
contrasts,census-commute-metro,osm-lighthouses,census-heat-solid,30,ns,190,45,121
contrasts,census-commute-metro,osm-lighthouses,census-heat-solid,45,we,70,45,79
contrasts,census-commute-metro,osm-lighthouses,census-heat-solid,75,we,70,45,53
contrasts,census-commute-metro,osm-lighthouses,census-heat-solid,105,we,70,55,141
contrasts,census-commute-metro,osm-lighthouses,census-heat-solid,120,we,70,45,212
contrasts,census-commute-metro,osm-lighthouses,census-heat-solid,135,ns,190,45,227
contrasts,census-commute-metro,osm-lighthouses,census-heat-solid,150,ns,190,45,238
contrasts,census-commute-metro,osm-lighthouses,census-heat-solid,165,ns,190,45,230
contrasts,census-commute-metro,osm-lighthouses,osm-windmills,ns,ns,88,30,164
contrasts,census-commute-metro,osm-lighthouses,osm-windmills,we,we,26,45,28
contrasts,census-commute-metro,osm-lighthouses,osm-windmills,15,ns,88,45,97
contrasts,census-commute-metro,osm-lighthouses,osm-windmills,30,ns,88,45,74
contrasts,census-commute-metro,osm-lighthouses,osm-windmills,45,we,26,45,48
contrasts,census-commute-metro,osm-lighthouses,osm-windmills,60,we,26,50,24
contrasts,census-commute-metro,osm-lighthouses,osm-windmills,105,we,26,45,61
contrasts,census-commute-metro,osm-lighthouses,osm-windmills,120,we,26,45,85
contrasts,census-commute-metro,osm-lighthouses,osm-windmills,135,ns,88,45,97
contrasts,census-commute-metro,osm-lighthouses,osm-windmills,150,ns,88,45,98
contrasts,census-commute-metro,osm-lighthouses,osm-windmills,165,ns,88,45,99
contrasts,census-commute-metro,osm-lighthouses,census-heat-oil,ns,ns,164,30,276
contrasts,census-commute-metro,osm-lighthouses,census-heat-oil,we,we,27,60,48
contrasts,census-commute-metro,osm-lighthouses,census-heat-oil,15,ns,164,45,182
contrasts,census-commute-metro,osm-lighthouses,census-heat-oil,30,ns,164,45,83
contrasts,census-commute-metro,osm-lighthouses,census-heat-oil,45,we,27,55,35
contrasts,census-commute-metro,osm-lighthouses,census-heat-oil,60,we,27,50,24
contrasts,census-commute-metro,osm-lighthouses,census-heat-oil,105,we,27,55,121
contrasts,census-commute-metro,osm-lighthouses,census-heat-oil,120,we,27,50,200
contrasts,census-commute-metro,osm-lighthouses,census-heat-oil,135,ns,164,45,249
contrasts,census-commute-metro,osm-lighthouses,census-heat-oil,150,ns,164,45,261
contrasts,census-commute-metro,osm-lighthouses,census-heat-oil,165,ns,164,45,229
contrasts,census-commute-metro,osm-lighthouses,osm-greggs,ns,ns,123,30,234
contrasts,census-commute-metro,osm-lighthouses,osm-greggs,we,we,100,45,103
contrasts,census-commute-metro,osm-lighthouses,osm-greggs,15,ns,123,45,131
contrasts,census-commute-metro,osm-lighthouses,osm-greggs,30,ns,123,45,87
contrasts,census-commute-metro,osm-lighthouses,osm-greggs,45,we,100,45,40
contrasts,census-commute-metro,osm-lighthouses,osm-greggs,75,we,100,55,68
contrasts,census-commute-metro,osm-lighthouses,osm-greggs,105,we,100,45,161
contrasts,census-commute-metro,osm-lighthouses,osm-greggs,120,we,100,45,181
contrasts,census-commute-metro,osm-lighthouses,osm-greggs,135,ns,123,45,190
contrasts,census-commute-metro,osm-lighthouses,osm-greggs,150,ns,123,45,190
contrasts,census-commute-metro,osm-lighthouses,osm-greggs,165,ns,123,45,171
contrasts,census-commute-metro,census-heat-solid,osm-windmills,ns,ns,88,30,124
contrasts,census-commute-metro,census-heat-solid,osm-windmills,we,we,26,45,28
contrasts,census-commute-metro,census-heat-solid,osm-windmills,15,ns,88,45,86
contrasts,census-commute-metro,census-heat-solid,osm-windmills,30,ns,88,50,58
contrasts,census-commute-metro,census-heat-solid,osm-windmills,45,we,26,45,32
contrasts,census-commute-metro,census-heat-solid,osm-windmills,105,we,26,45,61
contrasts,census-commute-metro,census-heat-solid,osm-windmills,120,we,26,45,85
contrasts,census-commute-metro,census-heat-solid,osm-windmills,135,ns,88,45,97
contrasts,census-commute-metro,census-heat-solid,osm-windmills,150,ns,88,45,98
contrasts,census-commute-metro,census-heat-solid,osm-windmills,165,ns,88,45,99
contrasts,census-commute-metro,census-heat-solid,census-heat-oil,ns,ns,26,40,66
contrasts,census-commute-metro,census-heat-solid,census-heat-oil,we,we,45,45,49
contrasts,census-commute-metro,census-heat-solid,census-heat-oil,15,ns,26,50,26
contrasts,census-commute-metro,census-heat-solid,census-heat-oil,30,ns,26,50,46
contrasts,census-commute-metro,census-heat-solid,census-heat-oil,45,we,45,55,35
contrasts,census-commute-metro,census-heat-solid,census-heat-oil,75,we,45,55,62
contrasts,census-commute-metro,census-heat-solid,census-heat-oil,105,we,45,45,57
contrasts,census-commute-metro,census-heat-solid,census-heat-oil,120,we,45,45,39
contrasts,census-commute-metro,census-heat-solid,census-heat-oil,135,ns,26,45,32
contrasts,census-commute-metro,census-heat-solid,census-heat-oil,150,ns,26,55,34
contrasts,census-commute-metro,census-heat-solid,census-heat-oil,165,ns,26,55,53
contrasts,census-commute-metro,census-heat-solid,osm-greggs,ns,ns,66,30,55
contrasts,census-commute-metro,census-heat-solid,osm-greggs,we,we,31,45,40
contrasts,census-commute-metro,census-heat-solid,osm-greggs,15,ns,66,55,75
contrasts,census-commute-metro,census-heat-solid,osm-greggs,30,ns,66,50,46
contrasts,census-commute-metro,census-heat-solid,osm-greggs,45,we,31,45,40
contrasts,census-commute-metro,census-heat-solid,osm-greggs,75,we,31,55,19
contrasts,census-commute-metro,census-heat-solid,osm-greggs,105,we,31,45,35
contrasts,census-commute-metro,census-heat-solid,osm-greggs,120,we,31,55,39
contrasts,census-commute-metro,census-heat-solid,osm-greggs,135,ns,66,55,46
contrasts,census-commute-metro,census-heat-solid,osm-greggs,150,ns,66,50,56
contrasts,census-commute-metro,census-heat-solid,osm-greggs,165,ns,66,50,73
contrasts,census-commute-metro,osm-windmills,census-heat-oil,ns,ns,76,30,158
contrasts,census-commute-metro,osm-windmills,census-heat-oil,we,we,26,45,28
contrasts,census-commute-metro,osm-windmills,census-heat-oil,15,ns,76,45,86
contrasts,census-commute-metro,osm-windmills,census-heat-oil,45,we,26,55,31
contrasts,census-commute-metro,osm-windmills,census-heat-oil,60,we,26,45,44
contrasts,census-commute-metro,osm-windmills,census-heat-oil,105,we,26,45,61
contrasts,census-commute-metro,osm-windmills,census-heat-oil,120,we,26,45,85
contrasts,census-commute-metro,osm-windmills,census-heat-oil,135,ns,76,45,97
contrasts,census-commute-metro,osm-windmills,census-heat-oil,150,ns,76,45,98
contrasts,census-commute-metro,osm-windmills,census-heat-oil,165,ns,76,45,99
contrasts,census-commute-metro,osm-windmills,osm-greggs,ns,ns,35,40,77
contrasts,census-commute-metro,osm-windmills,osm-greggs,we,we,26,45,28
contrasts,census-commute-metro,osm-windmills,osm-greggs,15,ns,35,45,35
contrasts,census-commute-metro,osm-windmills,osm-greggs,105,we,26,45,61
contrasts,census-commute-metro,osm-windmills,osm-greggs,120,we,26,45,85
contrasts,census-commute-metro,osm-windmills,osm-greggs,135,ns,35,45,93
contrasts,census-commute-metro,osm-windmills,osm-greggs,150,ns,35,45,92
contrasts,census-commute-metro,osm-windmills,osm-greggs,165,ns,35,45,72
contrasts,census-commute-metro,census-heat-oil,osm-greggs,ns,ns,41,40,95
contrasts,census-commute-metro,census-heat-oil,osm-greggs,we,we,77,45,90
contrasts,census-commute-metro,census-heat-oil,osm-greggs,15,ns,41,45,52
contrasts,census-commute-metro,census-heat-oil,osm-greggs,30,ns,41,55,20
contrasts,census-commute-metro,census-heat-oil,osm-greggs,45,we,77,50,25
contrasts,census-commute-metro,census-heat-oil,osm-greggs,75,we,77,55,68
contrasts,census-commute-metro,census-heat-oil,osm-greggs,105,we,77,45,93
contrasts,census-commute-metro,census-heat-oil,osm-greggs,120,we,77,45,71
contrasts,census-commute-metro,census-heat-oil,osm-greggs,135,ns,41,45,70
contrasts,census-commute-metro,census-heat-oil,osm-greggs,150,ns,41,45,72
contrasts,census-commute-metro,census-heat-oil,osm-greggs,165,ns,41,45,58
contrasts,repd-wind-onshore,hmrc-additional-rate,osm-lighthouses,ns,ns,43,30,116
contrasts,repd-wind-onshore,hmrc-additional-rate,osm-lighthouses,we,we,34,50,34
contrasts,repd-wind-onshore,hmrc-additional-rate,osm-lighthouses,15,ns,43,55,50
contrasts,repd-wind-onshore,hmrc-additional-rate,osm-lighthouses,30,ns,43,55,50
contrasts,repd-wind-onshore,hmrc-additional-rate,osm-lighthouses,45,we,34,55,22
contrasts,repd-wind-onshore,hmrc-additional-rate,osm-lighthouses,75,we,34,55,23
contrasts,repd-wind-onshore,hmrc-additional-rate,osm-lighthouses,105,we,34,55,35
contrasts,repd-wind-onshore,hmrc-additional-rate,osm-lighthouses,120,we,34,55,90
contrasts,repd-wind-onshore,hmrc-additional-rate,osm-lighthouses,135,ns,43,55,97
contrasts,repd-wind-onshore,hmrc-additional-rate,osm-lighthouses,150,ns,43,55,82
contrasts,repd-wind-onshore,hmrc-additional-rate,osm-lighthouses,165,ns,43,55,89
contrasts,repd-wind-onshore,hmrc-additional-rate,census-heat-solid,ns,ns,189,35,216
contrasts,repd-wind-onshore,hmrc-additional-rate,census-heat-solid,we,we,103,55,104
contrasts,repd-wind-onshore,hmrc-additional-rate,census-heat-solid,15,ns,189,45,179
contrasts,repd-wind-onshore,hmrc-additional-rate,census-heat-solid,30,ns,189,45,123
contrasts,repd-wind-onshore,hmrc-additional-rate,census-heat-solid,45,we,103,50,70
contrasts,repd-wind-onshore,hmrc-additional-rate,census-heat-solid,75,we,103,45,42
contrasts,repd-wind-onshore,hmrc-additional-rate,census-heat-solid,105,we,103,50,166
contrasts,repd-wind-onshore,hmrc-additional-rate,census-heat-solid,120,we,103,50,191
contrasts,repd-wind-onshore,hmrc-additional-rate,census-heat-solid,135,ns,189,45,205
contrasts,repd-wind-onshore,hmrc-additional-rate,census-heat-solid,150,ns,189,45,222
contrasts,repd-wind-onshore,hmrc-additional-rate,census-heat-solid,165,ns,189,45,221
contrasts,repd-wind-onshore,hmrc-additional-rate,osm-windmills,ns,ns,88,30,120
contrasts,repd-wind-onshore,hmrc-additional-rate,osm-windmills,15,ns,88,45,94
contrasts,repd-wind-onshore,hmrc-additional-rate,osm-windmills,30,ns,88,45,76
contrasts,repd-wind-onshore,hmrc-additional-rate,osm-windmills,135,ns,88,45,75
contrasts,repd-wind-onshore,hmrc-additional-rate,osm-windmills,150,ns,88,45,82
contrasts,repd-wind-onshore,hmrc-additional-rate,osm-windmills,165,ns,88,45,90
contrasts,repd-wind-onshore,hmrc-additional-rate,census-heat-oil,ns,ns,164,45,192
contrasts,repd-wind-onshore,hmrc-additional-rate,census-heat-oil,we,we,60,60,76
contrasts,repd-wind-onshore,hmrc-additional-rate,census-heat-oil,15,ns,164,45,179
contrasts,repd-wind-onshore,hmrc-additional-rate,census-heat-oil,30,ns,164,45,85
contrasts,repd-wind-onshore,hmrc-additional-rate,census-heat-oil,45,we,60,55,29
contrasts,repd-wind-onshore,hmrc-additional-rate,census-heat-oil,60,we,60,45,33
contrasts,repd-wind-onshore,hmrc-additional-rate,census-heat-oil,75,we,60,55,32
contrasts,repd-wind-onshore,hmrc-additional-rate,census-heat-oil,105,we,60,55,155
contrasts,repd-wind-onshore,hmrc-additional-rate,census-heat-oil,120,we,60,55,203
contrasts,repd-wind-onshore,hmrc-additional-rate,census-heat-oil,135,ns,164,45,238
contrasts,repd-wind-onshore,hmrc-additional-rate,census-heat-oil,150,ns,164,45,246
contrasts,repd-wind-onshore,hmrc-additional-rate,census-heat-oil,165,ns,164,45,221
contrasts,repd-wind-onshore,hmrc-additional-rate,osm-greggs,ns,ns,123,30,190
contrasts,repd-wind-onshore,hmrc-additional-rate,osm-greggs,we,we,83,45,87
contrasts,repd-wind-onshore,hmrc-additional-rate,osm-greggs,15,ns,123,45,128
contrasts,repd-wind-onshore,hmrc-additional-rate,osm-greggs,30,ns,123,45,90
contrasts,repd-wind-onshore,hmrc-additional-rate,osm-greggs,45,we,83,45,44
contrasts,repd-wind-onshore,hmrc-additional-rate,osm-greggs,75,we,83,50,48
contrasts,repd-wind-onshore,hmrc-additional-rate,osm-greggs,105,we,83,50,137
contrasts,repd-wind-onshore,hmrc-additional-rate,osm-greggs,120,we,83,45,156
contrasts,repd-wind-onshore,hmrc-additional-rate,osm-greggs,135,ns,123,45,168
contrasts,repd-wind-onshore,hmrc-additional-rate,osm-greggs,150,ns,123,45,174
contrasts,repd-wind-onshore,hmrc-additional-rate,osm-greggs,165,ns,123,45,163
contrasts,repd-wind-onshore,osm-lighthouses,census-heat-solid,ns,ns,43,30,116
contrasts,repd-wind-onshore,osm-lighthouses,census-heat-solid,we,we,34,50,34
contrasts,repd-wind-onshore,osm-lighthouses,census-heat-solid,15,ns,43,55,50
contrasts,repd-wind-onshore,osm-lighthouses,census-heat-solid,30,ns,43,55,50
contrasts,repd-wind-onshore,osm-lighthouses,census-heat-solid,45,we,34,55,22
contrasts,repd-wind-onshore,osm-lighthouses,census-heat-solid,60,we,34,50,20
contrasts,repd-wind-onshore,osm-lighthouses,census-heat-solid,75,we,34,55,23
contrasts,repd-wind-onshore,osm-lighthouses,census-heat-solid,105,we,34,55,35
contrasts,repd-wind-onshore,osm-lighthouses,census-heat-solid,120,we,34,55,90
contrasts,repd-wind-onshore,osm-lighthouses,census-heat-solid,135,ns,43,55,97
contrasts,repd-wind-onshore,osm-lighthouses,census-heat-solid,150,ns,43,55,82
contrasts,repd-wind-onshore,osm-lighthouses,census-heat-solid,165,ns,43,55,89
contrasts,repd-wind-onshore,osm-lighthouses,osm-windmills,ns,ns,43,30,116
contrasts,repd-wind-onshore,osm-lighthouses,osm-windmills,we,we,34,50,34
contrasts,repd-wind-onshore,osm-lighthouses,osm-windmills,15,ns,43,55,50
contrasts,repd-wind-onshore,osm-lighthouses,osm-windmills,30,ns,43,55,50
contrasts,repd-wind-onshore,osm-lighthouses,osm-windmills,45,we,34,55,22
contrasts,repd-wind-onshore,osm-lighthouses,osm-windmills,75,we,34,55,23
contrasts,repd-wind-onshore,osm-lighthouses,osm-windmills,105,we,34,55,35
contrasts,repd-wind-onshore,osm-lighthouses,osm-windmills,120,we,34,55,90
contrasts,repd-wind-onshore,osm-lighthouses,osm-windmills,135,ns,43,55,97
contrasts,repd-wind-onshore,osm-lighthouses,osm-windmills,150,ns,43,55,82
contrasts,repd-wind-onshore,osm-lighthouses,osm-windmills,165,ns,43,55,89
contrasts,repd-wind-onshore,osm-lighthouses,census-heat-oil,ns,ns,43,30,116
contrasts,repd-wind-onshore,osm-lighthouses,census-heat-oil,we,we,27,55,30
contrasts,repd-wind-onshore,osm-lighthouses,census-heat-oil,15,ns,43,55,50
contrasts,repd-wind-onshore,osm-lighthouses,census-heat-oil,30,ns,43,55,50
contrasts,repd-wind-onshore,osm-lighthouses,census-heat-oil,45,we,27,55,22
contrasts,repd-wind-onshore,osm-lighthouses,census-heat-oil,60,we,27,50,44
contrasts,repd-wind-onshore,osm-lighthouses,census-heat-oil,105,we,27,55,35
contrasts,repd-wind-onshore,osm-lighthouses,census-heat-oil,120,we,27,55,90
contrasts,repd-wind-onshore,osm-lighthouses,census-heat-oil,135,ns,43,55,97
contrasts,repd-wind-onshore,osm-lighthouses,census-heat-oil,150,ns,43,55,82
contrasts,repd-wind-onshore,osm-lighthouses,census-heat-oil,165,ns,43,55,89
contrasts,repd-wind-onshore,osm-lighthouses,osm-greggs,ns,ns,43,30,116
contrasts,repd-wind-onshore,osm-lighthouses,osm-greggs,we,we,34,50,34
contrasts,repd-wind-onshore,osm-lighthouses,osm-greggs,15,ns,43,55,50
contrasts,repd-wind-onshore,osm-lighthouses,osm-greggs,30,ns,43,55,50
contrasts,repd-wind-onshore,osm-lighthouses,osm-greggs,45,we,34,55,22
contrasts,repd-wind-onshore,osm-lighthouses,osm-greggs,60,we,34,50,19
contrasts,repd-wind-onshore,osm-lighthouses,osm-greggs,75,we,34,55,23
contrasts,repd-wind-onshore,osm-lighthouses,osm-greggs,105,we,34,55,35
contrasts,repd-wind-onshore,osm-lighthouses,osm-greggs,120,we,34,55,90
contrasts,repd-wind-onshore,osm-lighthouses,osm-greggs,135,ns,43,55,97
contrasts,repd-wind-onshore,osm-lighthouses,osm-greggs,150,ns,43,55,82
contrasts,repd-wind-onshore,osm-lighthouses,osm-greggs,165,ns,43,55,89
contrasts,repd-wind-onshore,census-heat-solid,osm-windmills,ns,ns,101,30,124
contrasts,repd-wind-onshore,census-heat-solid,osm-windmills,we,we,103,55,104
contrasts,repd-wind-onshore,census-heat-solid,osm-windmills,15,ns,101,45,86
contrasts,repd-wind-onshore,census-heat-solid,osm-windmills,30,ns,101,50,59
contrasts,repd-wind-onshore,census-heat-solid,osm-windmills,45,we,103,45,32
contrasts,repd-wind-onshore,census-heat-solid,osm-windmills,75,we,103,45,51
contrasts,repd-wind-onshore,census-heat-solid,osm-windmills,105,we,103,50,143
contrasts,repd-wind-onshore,census-heat-solid,osm-windmills,120,we,103,55,161
contrasts,repd-wind-onshore,census-heat-solid,osm-windmills,135,ns,101,55,159
contrasts,repd-wind-onshore,census-heat-solid,osm-windmills,150,ns,101,50,149
contrasts,repd-wind-onshore,census-heat-solid,osm-windmills,165,ns,101,50,135
contrasts,repd-wind-onshore,census-heat-solid,census-heat-oil,ns,ns,26,40,66
contrasts,repd-wind-onshore,census-heat-solid,census-heat-oil,we,we,45,50,45
contrasts,repd-wind-onshore,census-heat-solid,census-heat-oil,15,ns,26,50,26
contrasts,repd-wind-onshore,census-heat-solid,census-heat-oil,30,ns,26,50,46
contrasts,repd-wind-onshore,census-heat-solid,census-heat-oil,45,we,45,55,76
contrasts,repd-wind-onshore,census-heat-solid,census-heat-oil,60,we,45,55,22
contrasts,repd-wind-onshore,census-heat-solid,census-heat-oil,75,we,45,55,27
contrasts,repd-wind-onshore,census-heat-solid,census-heat-oil,105,we,45,45,57
contrasts,repd-wind-onshore,census-heat-solid,census-heat-oil,120,we,45,45,39
contrasts,repd-wind-onshore,census-heat-solid,census-heat-oil,135,ns,26,45,32
contrasts,repd-wind-onshore,census-heat-solid,census-heat-oil,150,ns,26,55,34
contrasts,repd-wind-onshore,census-heat-solid,census-heat-oil,165,ns,26,55,53
contrasts,repd-wind-onshore,census-heat-solid,osm-greggs,ns,ns,66,30,55
contrasts,repd-wind-onshore,census-heat-solid,osm-greggs,we,we,31,45,40
contrasts,repd-wind-onshore,census-heat-solid,osm-greggs,15,ns,66,55,75
contrasts,repd-wind-onshore,census-heat-solid,osm-greggs,30,ns,66,55,56
contrasts,repd-wind-onshore,census-heat-solid,osm-greggs,45,we,31,50,40
contrasts,repd-wind-onshore,census-heat-solid,osm-greggs,75,we,31,55,19
contrasts,repd-wind-onshore,census-heat-solid,osm-greggs,105,we,31,45,35
contrasts,repd-wind-onshore,census-heat-solid,osm-greggs,120,we,31,55,39
contrasts,repd-wind-onshore,census-heat-solid,osm-greggs,135,ns,66,55,46
contrasts,repd-wind-onshore,census-heat-solid,osm-greggs,150,ns,66,50,56
contrasts,repd-wind-onshore,census-heat-solid,osm-greggs,165,ns,66,50,73
contrasts,repd-wind-onshore,osm-windmills,census-heat-oil,ns,ns,76,35,167
contrasts,repd-wind-onshore,osm-windmills,census-heat-oil,we,we,60,60,76
contrasts,repd-wind-onshore,osm-windmills,census-heat-oil,15,ns,76,45,86
contrasts,repd-wind-onshore,osm-windmills,census-heat-oil,45,we,60,45,71
contrasts,repd-wind-onshore,osm-windmills,census-heat-oil,75,we,60,55,32
contrasts,repd-wind-onshore,osm-windmills,census-heat-oil,105,we,60,55,155
contrasts,repd-wind-onshore,osm-windmills,census-heat-oil,120,we,60,55,182
contrasts,repd-wind-onshore,osm-windmills,census-heat-oil,135,ns,76,45,162
contrasts,repd-wind-onshore,osm-windmills,census-heat-oil,150,ns,76,45,163
contrasts,repd-wind-onshore,osm-windmills,census-heat-oil,165,ns,76,45,130
contrasts,repd-wind-onshore,osm-windmills,osm-greggs,ns,ns,35,40,77
contrasts,repd-wind-onshore,osm-windmills,osm-greggs,we,we,76,60,89
contrasts,repd-wind-onshore,osm-windmills,osm-greggs,15,ns,35,45,35
contrasts,repd-wind-onshore,osm-windmills,osm-greggs,45,we,76,55,19
contrasts,repd-wind-onshore,osm-windmills,osm-greggs,75,we,76,45,59
contrasts,repd-wind-onshore,osm-windmills,osm-greggs,105,we,76,55,117
contrasts,repd-wind-onshore,osm-windmills,osm-greggs,120,we,76,55,123
contrasts,repd-wind-onshore,osm-windmills,osm-greggs,135,ns,35,55,113
contrasts,repd-wind-onshore,osm-windmills,osm-greggs,150,ns,35,50,94
contrasts,repd-wind-onshore,osm-windmills,osm-greggs,165,ns,35,45,72
contrasts,repd-wind-onshore,census-heat-oil,osm-greggs,ns,ns,41,40,95
contrasts,repd-wind-onshore,census-heat-oil,osm-greggs,we,we,60,55,65
contrasts,repd-wind-onshore,census-heat-oil,osm-greggs,15,ns,41,45,52
contrasts,repd-wind-onshore,census-heat-oil,osm-greggs,30,ns,41,55,20
contrasts,repd-wind-onshore,census-heat-oil,osm-greggs,45,we,60,45,64
contrasts,repd-wind-onshore,census-heat-oil,osm-greggs,60,we,60,45,28
contrasts,repd-wind-onshore,census-heat-oil,osm-greggs,75,we,60,55,32
contrasts,repd-wind-onshore,census-heat-oil,osm-greggs,105,we,60,45,93
contrasts,repd-wind-onshore,census-heat-oil,osm-greggs,120,we,60,45,71
contrasts,repd-wind-onshore,census-heat-oil,osm-greggs,135,ns,41,45,70
contrasts,repd-wind-onshore,census-heat-oil,osm-greggs,150,ns,41,45,72
contrasts,repd-wind-onshore,census-heat-oil,osm-greggs,165,ns,41,45,58
contrasts,hmrc-additional-rate,osm-lighthouses,census-heat-solid,ns,ns,189,30,244
contrasts,hmrc-additional-rate,osm-lighthouses,census-heat-solid,we,we,70,60,90
contrasts,hmrc-additional-rate,osm-lighthouses,census-heat-solid,15,ns,189,45,179
contrasts,hmrc-additional-rate,osm-lighthouses,census-heat-solid,30,ns,189,45,123
contrasts,hmrc-additional-rate,osm-lighthouses,census-heat-solid,45,we,70,45,80
contrasts,hmrc-additional-rate,osm-lighthouses,census-heat-solid,75,we,70,55,51
contrasts,hmrc-additional-rate,osm-lighthouses,census-heat-solid,105,we,70,55,141
contrasts,hmrc-additional-rate,osm-lighthouses,census-heat-solid,120,we,70,50,191
contrasts,hmrc-additional-rate,osm-lighthouses,census-heat-solid,135,ns,189,45,205
contrasts,hmrc-additional-rate,osm-lighthouses,census-heat-solid,150,ns,189,45,222
contrasts,hmrc-additional-rate,osm-lighthouses,census-heat-solid,165,ns,189,45,221
contrasts,hmrc-additional-rate,osm-lighthouses,osm-windmills,ns,ns,88,30,120
contrasts,hmrc-additional-rate,osm-lighthouses,osm-windmills,15,ns,88,45,94
contrasts,hmrc-additional-rate,osm-lighthouses,osm-windmills,30,ns,88,45,76
contrasts,hmrc-additional-rate,osm-lighthouses,osm-windmills,135,ns,88,45,75
contrasts,hmrc-additional-rate,osm-lighthouses,osm-windmills,150,ns,88,45,82
contrasts,hmrc-additional-rate,osm-lighthouses,osm-windmills,165,ns,88,45,90
contrasts,hmrc-additional-rate,osm-lighthouses,census-heat-oil,ns,ns,164,30,276
contrasts,hmrc-additional-rate,osm-lighthouses,census-heat-oil,we,we,27,60,48
contrasts,hmrc-additional-rate,osm-lighthouses,census-heat-oil,15,ns,164,45,179
contrasts,hmrc-additional-rate,osm-lighthouses,census-heat-oil,30,ns,164,45,85
contrasts,hmrc-additional-rate,osm-lighthouses,census-heat-oil,45,we,27,55,29
contrasts,hmrc-additional-rate,osm-lighthouses,census-heat-oil,60,we,27,45,25
contrasts,hmrc-additional-rate,osm-lighthouses,census-heat-oil,105,we,27,55,121
contrasts,hmrc-additional-rate,osm-lighthouses,census-heat-oil,120,we,27,50,200
contrasts,hmrc-additional-rate,osm-lighthouses,census-heat-oil,135,ns,164,45,238
contrasts,hmrc-additional-rate,osm-lighthouses,census-heat-oil,150,ns,164,45,246
contrasts,hmrc-additional-rate,osm-lighthouses,census-heat-oil,165,ns,164,45,221
contrasts,hmrc-additional-rate,osm-lighthouses,osm-greggs,ns,ns,123,30,190
contrasts,hmrc-additional-rate,osm-lighthouses,osm-greggs,we,we,83,45,87
contrasts,hmrc-additional-rate,osm-lighthouses,osm-greggs,15,ns,123,45,128
contrasts,hmrc-additional-rate,osm-lighthouses,osm-greggs,30,ns,123,45,90
contrasts,hmrc-additional-rate,osm-lighthouses,osm-greggs,45,we,83,45,44
contrasts,hmrc-additional-rate,osm-lighthouses,osm-greggs,75,we,83,55,51
contrasts,hmrc-additional-rate,osm-lighthouses,osm-greggs,105,we,83,50,137
contrasts,hmrc-additional-rate,osm-lighthouses,osm-greggs,120,we,83,45,156
contrasts,hmrc-additional-rate,osm-lighthouses,osm-greggs,135,ns,123,45,168
contrasts,hmrc-additional-rate,osm-lighthouses,osm-greggs,150,ns,123,45,174
contrasts,hmrc-additional-rate,osm-lighthouses,osm-greggs,165,ns,123,45,163
contrasts,hmrc-additional-rate,census-heat-solid,osm-windmills,ns,ns,88,30,120
contrasts,hmrc-additional-rate,census-heat-solid,osm-windmills,15,ns,88,45,86
contrasts,hmrc-additional-rate,census-heat-solid,osm-windmills,30,ns,88,50,59
contrasts,hmrc-additional-rate,census-heat-solid,osm-windmills,135,ns,88,45,75
contrasts,hmrc-additional-rate,census-heat-solid,osm-windmills,150,ns,88,45,82
contrasts,hmrc-additional-rate,census-heat-solid,osm-windmills,165,ns,88,45,90
contrasts,hmrc-additional-rate,census-heat-solid,census-heat-oil,ns,ns,26,40,66
contrasts,hmrc-additional-rate,census-heat-solid,census-heat-oil,we,we,45,45,49
contrasts,hmrc-additional-rate,census-heat-solid,census-heat-oil,15,ns,26,50,26
contrasts,hmrc-additional-rate,census-heat-solid,census-heat-oil,30,ns,26,50,46
contrasts,hmrc-additional-rate,census-heat-solid,census-heat-oil,45,we,45,55,29
contrasts,hmrc-additional-rate,census-heat-solid,census-heat-oil,60,we,45,45,22
contrasts,hmrc-additional-rate,census-heat-solid,census-heat-oil,75,we,45,55,62
contrasts,hmrc-additional-rate,census-heat-solid,census-heat-oil,105,we,45,45,57
contrasts,hmrc-additional-rate,census-heat-solid,census-heat-oil,120,we,45,45,39
contrasts,hmrc-additional-rate,census-heat-solid,census-heat-oil,135,ns,26,45,32
contrasts,hmrc-additional-rate,census-heat-solid,census-heat-oil,150,ns,26,55,34
contrasts,hmrc-additional-rate,census-heat-solid,census-heat-oil,165,ns,26,55,53
contrasts,hmrc-additional-rate,census-heat-solid,osm-greggs,ns,ns,66,30,55
contrasts,hmrc-additional-rate,census-heat-solid,osm-greggs,we,we,31,45,40
contrasts,hmrc-additional-rate,census-heat-solid,osm-greggs,15,ns,66,55,75
contrasts,hmrc-additional-rate,census-heat-solid,osm-greggs,30,ns,66,55,48
contrasts,hmrc-additional-rate,census-heat-solid,osm-greggs,45,we,31,45,40
contrasts,hmrc-additional-rate,census-heat-solid,osm-greggs,75,we,31,55,19
contrasts,hmrc-additional-rate,census-heat-solid,osm-greggs,105,we,31,45,35
contrasts,hmrc-additional-rate,census-heat-solid,osm-greggs,120,we,31,55,39
contrasts,hmrc-additional-rate,census-heat-solid,osm-greggs,135,ns,66,55,46
contrasts,hmrc-additional-rate,census-heat-solid,osm-greggs,150,ns,66,50,56
contrasts,hmrc-additional-rate,census-heat-solid,osm-greggs,165,ns,66,50,73
contrasts,hmrc-additional-rate,osm-windmills,census-heat-oil,ns,ns,76,30,120
contrasts,hmrc-additional-rate,osm-windmills,census-heat-oil,15,ns,76,45,86
contrasts,hmrc-additional-rate,osm-windmills,census-heat-oil,135,ns,76,45,75
contrasts,hmrc-additional-rate,osm-windmills,census-heat-oil,150,ns,76,45,82
contrasts,hmrc-additional-rate,osm-windmills,census-heat-oil,165,ns,76,45,90
contrasts,hmrc-additional-rate,osm-windmills,osm-greggs,ns,ns,35,40,77
contrasts,hmrc-additional-rate,osm-windmills,osm-greggs,15,ns,35,45,35
contrasts,hmrc-additional-rate,osm-windmills,osm-greggs,135,ns,35,45,75
contrasts,hmrc-additional-rate,osm-windmills,osm-greggs,150,ns,35,45,82
contrasts,hmrc-additional-rate,osm-windmills,osm-greggs,165,ns,35,45,72
contrasts,hmrc-additional-rate,census-heat-oil,osm-greggs,ns,ns,41,40,95
contrasts,hmrc-additional-rate,census-heat-oil,osm-greggs,we,we,77,45,87
contrasts,hmrc-additional-rate,census-heat-oil,osm-greggs,15,ns,41,45,52
contrasts,hmrc-additional-rate,census-heat-oil,osm-greggs,30,ns,41,55,20
contrasts,hmrc-additional-rate,census-heat-oil,osm-greggs,45,we,77,50,23
contrasts,hmrc-additional-rate,census-heat-oil,osm-greggs,75,we,77,55,51
contrasts,hmrc-additional-rate,census-heat-oil,osm-greggs,105,we,77,45,93
contrasts,hmrc-additional-rate,census-heat-oil,osm-greggs,120,we,77,45,71
contrasts,hmrc-additional-rate,census-heat-oil,osm-greggs,135,ns,41,45,70
contrasts,hmrc-additional-rate,census-heat-oil,osm-greggs,150,ns,41,45,72
contrasts,hmrc-additional-rate,census-heat-oil,osm-greggs,165,ns,41,45,58
contrasts,osm-lighthouses,census-heat-solid,osm-windmills,ns,ns,101,30,124
contrasts,osm-lighthouses,census-heat-solid,osm-windmills,we,we,70,60,90
contrasts,osm-lighthouses,census-heat-solid,osm-windmills,15,ns,101,45,86
contrasts,osm-lighthouses,census-heat-solid,osm-windmills,30,ns,101,50,59
contrasts,osm-lighthouses,census-heat-solid,osm-windmills,45,we,70,45,32
contrasts,osm-lighthouses,census-heat-solid,osm-windmills,60,we,70,50,24
contrasts,osm-lighthouses,census-heat-solid,osm-windmills,75,we,70,45,55
contrasts,osm-lighthouses,census-heat-solid,osm-windmills,105,we,70,55,139
contrasts,osm-lighthouses,census-heat-solid,osm-windmills,120,we,70,55,154
contrasts,osm-lighthouses,census-heat-solid,osm-windmills,135,ns,101,55,159
contrasts,osm-lighthouses,census-heat-solid,osm-windmills,150,ns,101,50,149
contrasts,osm-lighthouses,census-heat-solid,osm-windmills,165,ns,101,50,135
contrasts,osm-lighthouses,census-heat-solid,census-heat-oil,ns,ns,26,40,66
contrasts,osm-lighthouses,census-heat-solid,census-heat-oil,we,we,27,60,44
contrasts,osm-lighthouses,census-heat-solid,census-heat-oil,15,ns,26,50,26
contrasts,osm-lighthouses,census-heat-solid,census-heat-oil,30,ns,26,50,46
contrasts,osm-lighthouses,census-heat-solid,census-heat-oil,45,we,27,45,80
contrasts,osm-lighthouses,census-heat-solid,census-heat-oil,60,we,27,50,24
contrasts,osm-lighthouses,census-heat-solid,census-heat-oil,105,we,27,45,57
contrasts,osm-lighthouses,census-heat-solid,census-heat-oil,120,we,27,45,39
contrasts,osm-lighthouses,census-heat-solid,census-heat-oil,135,ns,26,45,32
contrasts,osm-lighthouses,census-heat-solid,census-heat-oil,150,ns,26,55,34
contrasts,osm-lighthouses,census-heat-solid,census-heat-oil,165,ns,26,55,53
contrasts,osm-lighthouses,census-heat-solid,osm-greggs,ns,ns,66,30,55
contrasts,osm-lighthouses,census-heat-solid,osm-greggs,we,we,31,45,40
contrasts,osm-lighthouses,census-heat-solid,osm-greggs,15,ns,66,55,75
contrasts,osm-lighthouses,census-heat-solid,osm-greggs,30,ns,66,55,56
contrasts,osm-lighthouses,census-heat-solid,osm-greggs,45,we,31,50,40
contrasts,osm-lighthouses,census-heat-solid,osm-greggs,75,we,31,55,19
contrasts,osm-lighthouses,census-heat-solid,osm-greggs,105,we,31,45,35
contrasts,osm-lighthouses,census-heat-solid,osm-greggs,120,we,31,55,39
contrasts,osm-lighthouses,census-heat-solid,osm-greggs,135,ns,66,55,46
contrasts,osm-lighthouses,census-heat-solid,osm-greggs,150,ns,66,50,56
contrasts,osm-lighthouses,census-heat-solid,osm-greggs,165,ns,66,50,73
contrasts,osm-lighthouses,osm-windmills,census-heat-oil,ns,ns,76,40,172
contrasts,osm-lighthouses,osm-windmills,census-heat-oil,we,we,27,60,48
contrasts,osm-lighthouses,osm-windmills,census-heat-oil,15,ns,76,45,86
contrasts,osm-lighthouses,osm-windmills,census-heat-oil,45,we,27,45,71
contrasts,osm-lighthouses,osm-windmills,census-heat-oil,60,we,27,50,53
contrasts,osm-lighthouses,osm-windmills,census-heat-oil,105,we,27,55,121
contrasts,osm-lighthouses,osm-windmills,census-heat-oil,120,we,27,45,168
contrasts,osm-lighthouses,osm-windmills,census-heat-oil,135,ns,76,45,162
contrasts,osm-lighthouses,osm-windmills,census-heat-oil,150,ns,76,45,163
contrasts,osm-lighthouses,osm-windmills,census-heat-oil,165,ns,76,45,130
contrasts,osm-lighthouses,osm-windmills,osm-greggs,ns,ns,35,40,77
contrasts,osm-lighthouses,osm-windmills,osm-greggs,we,we,76,60,89
contrasts,osm-lighthouses,osm-windmills,osm-greggs,15,ns,35,45,35
contrasts,osm-lighthouses,osm-windmills,osm-greggs,45,we,76,55,19
contrasts,osm-lighthouses,osm-windmills,osm-greggs,60,we,76,45,21
contrasts,osm-lighthouses,osm-windmills,osm-greggs,75,we,76,55,66
contrasts,osm-lighthouses,osm-windmills,osm-greggs,105,we,76,55,117
contrasts,osm-lighthouses,osm-windmills,osm-greggs,120,we,76,55,123
contrasts,osm-lighthouses,osm-windmills,osm-greggs,135,ns,35,55,113
contrasts,osm-lighthouses,osm-windmills,osm-greggs,150,ns,35,50,94
contrasts,osm-lighthouses,osm-windmills,osm-greggs,165,ns,35,45,72
contrasts,osm-lighthouses,census-heat-oil,osm-greggs,ns,ns,41,40,95
contrasts,osm-lighthouses,census-heat-oil,osm-greggs,we,we,27,60,48
contrasts,osm-lighthouses,census-heat-oil,osm-greggs,15,ns,41,45,52
contrasts,osm-lighthouses,census-heat-oil,osm-greggs,30,ns,41,55,20
contrasts,osm-lighthouses,census-heat-oil,osm-greggs,45,we,27,45,64
contrasts,osm-lighthouses,census-heat-oil,osm-greggs,60,we,27,45,21
contrasts,osm-lighthouses,census-heat-oil,osm-greggs,105,we,27,45,79
contrasts,osm-lighthouses,census-heat-oil,osm-greggs,120,we,27,45,71
contrasts,osm-lighthouses,census-heat-oil,osm-greggs,135,ns,41,45,70
contrasts,osm-lighthouses,census-heat-oil,osm-greggs,150,ns,41,45,72
contrasts,osm-lighthouses,census-heat-oil,osm-greggs,165,ns,41,45,58
contrasts,census-heat-solid,osm-windmills,census-heat-oil,ns,ns,26,40,66
contrasts,census-heat-solid,osm-windmills,census-heat-oil,we,we,45,45,49
contrasts,census-heat-solid,osm-windmills,census-heat-oil,15,ns,26,50,26
contrasts,census-heat-solid,osm-windmills,census-heat-oil,45,we,45,45,32
contrasts,census-heat-solid,osm-windmills,census-heat-oil,60,we,45,50,30
contrasts,census-heat-solid,osm-windmills,census-heat-oil,75,we,45,55,62
contrasts,census-heat-solid,osm-windmills,census-heat-oil,105,we,45,45,57
contrasts,census-heat-solid,osm-windmills,census-heat-oil,120,we,45,45,39
contrasts,census-heat-solid,osm-windmills,census-heat-oil,135,ns,26,45,32
contrasts,census-heat-solid,osm-windmills,census-heat-oil,150,ns,26,55,34
contrasts,census-heat-solid,osm-windmills,census-heat-oil,165,ns,26,55,53
contrasts,census-heat-solid,osm-windmills,osm-greggs,ns,ns,35,30,55
contrasts,census-heat-solid,osm-windmills,osm-greggs,we,we,31,45,40
contrasts,census-heat-solid,osm-windmills,osm-greggs,15,ns,35,45,35
contrasts,census-heat-solid,osm-windmills,osm-greggs,75,we,31,55,19
contrasts,census-heat-solid,osm-windmills,osm-greggs,105,we,31,45,35
contrasts,census-heat-solid,osm-windmills,osm-greggs,120,we,31,55,39
contrasts,census-heat-solid,osm-windmills,osm-greggs,135,ns,35,55,46
contrasts,census-heat-solid,osm-windmills,osm-greggs,150,ns,35,50,56
contrasts,census-heat-solid,osm-windmills,osm-greggs,165,ns,35,50,63
contrasts,census-heat-solid,census-heat-oil,osm-greggs,ns,ns,26,35,45
contrasts,census-heat-solid,census-heat-oil,osm-greggs,we,we,31,45,40
contrasts,census-heat-solid,census-heat-oil,osm-greggs,15,ns,26,50,26
contrasts,census-heat-solid,census-heat-oil,osm-greggs,30,ns,26,55,20
contrasts,census-heat-solid,census-heat-oil,osm-greggs,45,we,31,50,40
contrasts,census-heat-solid,census-heat-oil,osm-greggs,75,we,31,55,19
contrasts,census-heat-solid,census-heat-oil,osm-greggs,105,we,31,45,35
contrasts,census-heat-solid,census-heat-oil,osm-greggs,120,we,31,45,32
contrasts,census-heat-solid,census-heat-oil,osm-greggs,135,ns,26,45,32
contrasts,census-heat-solid,census-heat-oil,osm-greggs,150,ns,26,45,24
contrasts,census-heat-solid,census-heat-oil,osm-greggs,165,ns,26,50,33
contrasts,osm-windmills,census-heat-oil,osm-greggs,ns,ns,35,40,77
contrasts,osm-windmills,census-heat-oil,osm-greggs,we,we,76,45,86
contrasts,osm-windmills,census-heat-oil,osm-greggs,15,ns,35,45,35
contrasts,osm-windmills,census-heat-oil,osm-greggs,45,we,76,55,19
contrasts,osm-windmills,census-heat-oil,osm-greggs,60,we,76,45,43
contrasts,osm-windmills,census-heat-oil,osm-greggs,75,we,76,50,67
contrasts,osm-windmills,census-heat-oil,osm-greggs,105,we,76,45,93
contrasts,osm-windmills,census-heat-oil,osm-greggs,120,we,76,45,71
contrasts,osm-windmills,census-heat-oil,osm-greggs,135,ns,35,45,70
contrasts,osm-windmills,census-heat-oil,osm-greggs,150,ns,35,45,72
contrasts,osm-windmills,census-heat-oil,osm-greggs,165,ns,35,45,58
